player_id,player_name,appearances,minutes,base_xgi,base_goal_involvements,avg_team_strength,baseline_xgi_per90,baseline_goal_involvements_per90,primary_team,team_minutes,rain_player_id,rain_player_name,rain_primary_team,rain_off_appearances,rain_on_appearances,rain_off_minutes,rain_on_minutes,rain_off_xgi_per90,rain_on_xgi_per90,rain_off_goal_involvements_per90,rain_on_goal_involvements_per90,rain_off_team_points,rain_on_team_points,rain_sample_balance,cold_player_id,cold_player_name,cold_primary_team,cold_off_appearances,cold_on_appearances,cold_off_minutes,cold_on_minutes,cold_off_xgi_per90,cold_on_xgi_per90,cold_off_goal_involvements_per90,cold_on_goal_involvements_per90,cold_off_team_points,cold_on_team_points,cold_sample_balance,strength_normalizer,rain_xgi_delta,cold_xgi_delta,rain_points_delta,cold_points_delta,rain_relative_xgi_delta,cold_relative_xgi_delta,rain_sensitivity_component,cold_sensitivity_component,player_climate_index,player_climate_label
1032,Kieran Dowell,19,912,2.4921478219330306,2,0.623157894736842,0.24593564032233856,0.19736842105263158,Norwich City,912,1032,Kieran Dowell,Norwich City,7,12,422.0,490.0,0.3772778484211149,0.13282051416380056,0.4265402843601896,0.0,0.42857142857142855,0.5,0.8612244897959184,1032,Kieran Dowell,Norwich City,9,10,537.0,375.0,0.3376264568397452,0.11463439106941216,0.33519553072625696,0.0,0.4444444444444444,0.5,0.6983240223463687,1.0,-0.24445733425731433,-0.22299206577033304,0.07142857142857145,0.05555555555555558,-0.9939890531397293,-0.9067090295577565,59.30817971085516,43.93441097310572,51.62129534198044,highly affected
11716,Pelly Ruddock Mpanzu,27,1068,1.7920998558402057,0,0.7718518518518519,0.15101965077305105,0.0,Luton Town,1068,11716,Pelly Ruddock Mpanzu,Luton Town,8,19,197.0,871.0,0.0973241379115787,0.16316433049028414,0.0,0.0,1.25,0.47368421052631576,0.2261768082663605,11716,Pelly Ruddock Mpanzu,Luton Town,12,15,515.0,553.0,0.2881736636017132,0.023290325986864736,0.0,0.0,0.3333333333333333,1.0,0.9312839059674503,1.0,0.06584019257870544,-0.26488333761484845,-0.7763157894736843,0.6666666666666667,0.435971029211613,-1.753966031963014,-5.146611237158421,108.13226422953583,51.492826496188705,highly affected
882,Glenn Murray,23,761,3.473649106919765,2,1.0831884057971015,0.4108126407658066,0.23653088042049936,Brighton,761,882,Glenn Murray,Brighton,7,16,256.0,505.0,0.6271093132090754,0.3011652186955555,0.703125,0.0,1.1428571428571428,1.0625,0.5069306930693069,882,Glenn Murray,Brighton,14,9,370.0,391.0,0.6598815341555587,0.17512084906706418,0.24324324324324326,0.23017902813299235,1.2142857142857142,0.8888888888888888,0.9462915601023018,1.0831884057971015,-0.32594409451351986,-0.48476068508849457,-0.0803571428571428,-0.32539682539682535,-0.7934130116004194,-1.180004306062344,26.36820466191635,75.00373006260831,50.68596736226233,highly affected
9619,Issa Kabore,24,1748,3.452178463339805,2,0.7008333333333333,0.17774374239163757,0.10297482837528604,Luton Town,1748,9619,Issa Kabore,Luton Town,6,18,498.0,1250.0,0.3074562990566692,0.1260662598162889,0.18072289156626503,0.07200000000000001,0.8333333333333334,0.5,0.3984,9619,Issa Kabore,Luton Town,10,14,760.0,988.0,0.302217482981321,0.08199471116880412,0.11842105263157894,0.09109311740890688,0.7,0.5,0.7692307692307693,1.0,-0.1813900392403803,-0.22022277181251687,-0.33333333333333337,-0.19999999999999996,-1.020514347226405,-1.2389902949566671,29.788104115449983,68.25332357458976,49.02071384501987,highly affected
7891,Renan Lodi,28,2236,2.070236625149845,1,1.0275,0.08332795002839269,0.04025044722719141,Nottingham Forest,2236,7891,Renan Lodi,Nottingham Forest,13,15,1092.0,1144.0,0.13122272191589673,0.0376102132266843,0.08241758241758242,0.0,1.0,1.2,0.9545454545454546,7891,Renan Lodi,Nottingham Forest,15,13,1167.0,1069.0,0.10390909728630034,0.060860037165924766,0.07712082262210797,0.0,1.2,1.0,0.9160239931448158,1.0275,-0.09361250868921243,-0.04304906012037557,0.19999999999999996,-0.19999999999999996,-0.9361250868921243,-0.4304906012037557,59.018087933263544,28.648008129545506,43.83304803140452,highly affected
7724,Wesley,25,1821,8.187060641124845,6,0.981,0.40463232163714224,0.29654036243822074,Aston Villa,1821,7724,Wesley,Aston Villa,7,18,524.0,1297.0,0.7359788318001133,0.27076526587353633,0.8587786259541985,0.06939090208172706,1.5714285714285714,0.7777777777777778,0.40400925212027755,7724,Wesley,Aston Villa,11,14,715.0,1106.0,0.6451576931232755,0.24913897569447913,0.6293706293706294,0.081374321880651,1.0,1.0,0.6464737793851718,1.0,-0.4652135659265769,-0.3960187174287964,-0.7936507936507936,0.0,-1.1497192415186286,-0.9787125156648505,35.721227399871594,44.28983852533975,40.00553296260567,highly affected
10187,Jarell Quansah,17,1182,1.5022110044956207,2,2.027058823529412,0.1143815485656564,0.15228426395939088,Liverpool,1182,10187,Jarell Quansah,Liverpool,5,12,369.0,813.0,0.2669568273534136,0.04513151428191422,0.24390243902439024,0.11070110701107011,3.0,2.0833333333333335,0.45387453874538747,10187,Jarell Quansah,Liverpool,7,10,468.0,714.0,0.25642288741297453,0.02127882226237225,0.38461538461538464,0.0,2.4285714285714284,2.3,0.6554621848739496,2.027058823529412,-0.22182531307149936,-0.23514406515060227,-0.9166666666666665,-0.12857142857142856,-1.9393452515129128,-2.0557866902424977,32.44892355690698,46.94835023219363,39.698636894550305,highly affected
2344,Christian Atsu,19,733,0.9586593955755229,3,1.1544736842105263,0.11770715634624429,0.3683492496589359,Newcastle United,733,2344,Christian Atsu,Newcastle United,6,13,326.0,407.0,0.16649516573621448,0.07862879993069076,0.8282208588957056,0.0,1.1666666666666667,1.0769230769230769,0.800982800982801,2344,Christian Atsu,Newcastle United,9,10,454.0,279.0,0.16717535578994494,0.03721051639126187,0.39647577092511016,0.3225806451612903,1.2222222222222223,1.0,0.6145374449339207,1.1544736842105263,-0.08786636580552372,-0.12996483939868309,-0.08974358974358987,-0.22222222222222232,-0.7464827843352049,-1.1041371096960486,36.87673639066239,42.32490641602419,39.60082140334329,highly affected
1208,Felipe Anderson,27,1533,5.282320881262421,5,1.0706790123456789,0.31011668578840046,0.29354207436399216,West Ham United,1533,1208,Felipe Anderson,West Ham United,9,18,425.0,1108.0,0.4855027566937839,0.24284314776061344,0.6352941176470589,0.1624548736462094,1.0,0.7222222222222222,0.3835740072202166,1208,Felipe Anderson,West Ham United,14,13,804.0,729.0,0.44215934274634755,0.16448939334095256,0.33582089552238803,0.24691358024691357,0.9285714285714286,0.6923076923076923,0.9067164179104478,1.0706790123456789,-0.24265960893317046,-0.277669949405395,-0.2777777777777778,-0.2362637362637363,-0.7824784026575807,-0.8953724908399654,20.617915782220717,55.07875566587662,37.84833572404867,highly affected
682,Branislav Ivanovic,13,761,0.50840001180768,0,0.6007692307692307,0.060126151199331415,0.0,West Bromwich Albion,761,682,Branislav Ivanovic,West Bromwich Albion,2,11,20.0,741.0,0.0,0.06174898928838219,0.0,0.0,3.0,0.5454545454545454,0.02699055330634278,682,Branislav Ivanovic,West Bromwich Albion,4,9,350.0,411.0,0.13073143160768913,0.0,0.0,0.0,0.5,1.1111111111111112,0.851581508515815,1.0,0.06174898928838219,-0.13073143160768913,-2.4545454545454546,0.6111111111111112,0.6174898928838218,-1.3073143160768912,-0.5041521715631034,72.72581959852783,36.110833713482364,highly affected
11720,Jacob Brown,19,1031,3.921229019761085,2,0.7673684210526315,0.34229933247186967,0.17458777885548013,Luton Town,1031,11720,Jacob Brown,Luton Town,7,12,391.0,640.0,0.5135213425549704,0.23769338568672535,0.4603580562659847,0.0,1.5714285714285714,0.4166666666666667,0.6109375,11720,Jacob Brown,Luton Town,8,11,445.0,586.0,0.46036276681704463,0.2526436528070184,0.0,0.30716723549488056,0.5,1.0909090909090908,0.7593856655290102,1.0,-0.275827956868245,-0.20771911401002624,-1.1547619047619047,0.5909090909090908,-0.8058092163849391,-0.6068347037372522,41.51580828136692,27.770231342781486,34.6430198120742,highly affected
767,Jack Colback,11,480,0.2822478041052817,0,1.0372727272727271,0.05292146326974032,0.0,Nottingham Forest,480,767,Jack Colback,Nottingham Forest,6,5,331.0,149.0,0.07023806748433414,0.01445303377289096,0.0,0.0,1.1666666666666667,1.6,0.4501510574018127,767,Jack Colback,Nottingham Forest,6,5,223.0,257.0,0.1042547100328009,0.008379385339146898,0.0,0.0,1.1666666666666667,1.6,0.867704280155642,1.0372727272727271,-0.05578503371144318,-0.09587532469365401,0.43333333333333335,0.43333333333333335,-0.5578503371144318,-0.9587532469365401,15.065979607596407,52.5165150935273,33.791247350561854,highly affected
1801,Pontus Jansson,49,4049,5.350730527192353,5,1.274013605442177,0.11893448936708122,0.1111385527290689,Brentford,4049,1801,Pontus Jansson,Brentford,16,33,1365.0,2684.0,0.1942873224206678,0.0806123518416916,0.13186813186813187,0.10059612518628912,0.6875,1.4545454545454546,0.5085692995529061,1801,Pontus Jansson,Brentford,25,24,2134.0,1915.0,0.16345982350786095,0.06931722406346554,0.12652296157450796,0.09399477806788512,1.36,1.0416666666666667,0.8973758200562324,1.274013605442177,-0.11367497057897619,-0.09414259944439542,0.7670454545454546,-0.31833333333333336,-0.9557780185033462,-0.7915500368764544,23.64542826996899,41.27027888708616,32.457853578527576,highly affected
12509,Daiki Hashioka,10,583,0.6190619673579929,0,0.756,0.09556702755097661,0.0,Luton Town,583,12509,Daiki Hashioka,Luton Town,1,9,90.0,493.0,0.36673659086227406,0.04606345615540505,0.0,0.0,0.0,0.4444444444444444,0.18255578093306288,12509,Daiki Hashioka,Luton Town,5,5,406.0,177.0,0.11748482688821006,0.04529230138760496,0.0,0.0,0.6,0.2,0.43596059113300495,1.0,-0.320673134706869,-0.07219252550060509,0.4444444444444444,-0.39999999999999997,-3.20673134706869,-0.7219252550060509,40.16715514509685,23.775009629371848,31.971082387234347,highly affected
10041,Yasser Larouci,11,531,0.5690794168040153,0,0.7454545454545454,0.09645413844135853,0.0,Sheffield United,531,10041,Yasser Larouci,Sheffield United,6,5,275.0,256.0,0.17132650041444725,0.016024843353079618,0.0,0.0,0.16666666666666666,0.2,0.9309090909090909,10041,Yasser Larouci,Sheffield United,8,3,393.0,138.0,0.05815499128048652,0.20552344883427665,0.0,0.0,0.125,0.3333333333333333,0.3511450381679389,1.0,-0.15530165706136762,0.14736845755379013,0.033333333333333354,0.20833333333333331,-1.553016570613676,1.4736845755379013,100.88990404386816,-36.95494401958301,31.967480012142573,highly affected
8821,Donny van de Beek,42,1189,3.5938360420987,4,1.510952380952381,0.27203132362395543,0.3027754415475189,Manchester United,703,8821,Donny van de Beek,Manchester United,15,27,382.0,807.0,0.7321839743532748,0.05421433158108063,0.9424083769633509,0.0,1.2,1.7407407407407407,0.47335811648079307,8821,Donny van de Beek,Manchester United,13,29,156.0,1033.0,0.6317529461991327,0.21770743870456757,1.1538461538461537,0.17424975798644723,1.0,1.793103448275862,0.1510164569215876,1.510952380952381,-0.6779696427721942,-0.41404550749456515,0.5407407407407407,0.7931034482758621,-2.492248443085145,-1.5220508505370658,52.960756964170265,9.85611084082335,31.408433902496807,highly affected
11709,Milos Kerkez,28,1982,3.088790810666978,1,1.1328571428571428,0.14025790764885368,0.045408678102926335,Bournemouth,1982,11709,Milos Kerkez,Bournemouth,10,18,658.0,1324.0,0.2641861341854042,0.07866819989881572,0.0,0.06797583081570997,1.2,1.1111111111111112,0.49697885196374625,11709,Milos Kerkez,Bournemouth,15,13,1069.0,913.0,0.17391575230294234,0.1008491059673413,0.0,0.09857612267250822,0.7333333333333333,1.6153846153846154,0.8540692235734331,1.1328571428571428,-0.18551793428658847,-0.07306664633560105,-0.0888888888888888,0.8820512820512821,-1.3226914431879784,-0.5209449332334897,41.008026932686136,20.842243029781024,30.92513498123358,highly affected
7278,Imran Louza,20,1443,2.0056261057034126,0,0.7659999999999999,0.12509102530374713,0.0,Watford,1443,7278,Imran Louza,Watford,7,13,472.0,971.0,0.2192177658829585,0.07933631721580921,0.0,0.0,0.5714285714285714,0.46153846153846156,0.486096807415036,7278,Imran Louza,Watford,6,14,408.0,1035.0,0.2088022707304095,0.09209180971526577,0.0,0.0,0.0,0.7142857142857143,0.39420289855072466,1.0,-0.1398814486671493,-0.11671046101514372,-0.10989010989010983,0.7142857142857143,-1.118237286228072,-0.9330042721429963,38.58418254959508,22.929774201080445,30.75697837533776,highly affected
463,Junior Stanislas,19,758,2.9047853844240303,3,0.9421052631578947,0.3448953622667054,0.3562005277044855,Bournemouth,758,463,Junior Stanislas,Bournemouth,6,13,237.0,521.0,0.5672312180122618,0.24375601905807415,0.37974683544303794,0.345489443378119,1.0,0.38461538461538464,0.45489443378119004,463,Junior Stanislas,Bournemouth,12,7,538.0,220.0,0.4269891204727903,0.1441388081081888,0.5018587360594795,0.0,0.8333333333333334,0.14285714285714285,0.40892193308550184,1.0,-0.3234751989541877,-0.2828503123646015,-0.6153846153846154,-0.6904761904761905,-0.9378937334160102,-0.8201047138055604,32.66433507837456,26.29862492872351,29.481480003549038,highly affected
11713,Amari&#039;i Bell,21,1724,0.8442267687059934,0,0.9428571428571428,0.044072163099500815,0.0,Luton Town,1724,11713,Amari&#039;i Bell,Luton Town,7,14,619.0,1105.0,0.10701287147379888,0.008813974426477729,0.0,0.0,1.5714285714285714,0.5,0.5601809954751131,11713,Amari&#039;i Bell,Luton Town,8,13,650.0,1074.0,0.0702060022463019,0.028255593783466645,0.0,0.0,0.5,1.0769230769230769,0.6052141527001862,1.0,-0.09819889704732115,-0.04195040846283525,-1.0714285714285714,0.5769230769230769,-0.9819889704732115,-0.4195040846283525,44.50834836900191,14.280666527551247,29.394507448276578,highly affected
6891,Ryan Fredericks,60,3619,4.844232154078781,5,1.227472222222222,0.12046999001577516,0.12434374136501795,West Ham United,3095,6891,Ryan Fredericks,West Ham United,16,44,1121.0,2498.0,0.21525544927760387,0.07793416141989444,0.2408563782337199,0.07205764611689351,1.0625,1.1590909090909092,0.4487590072057646,6891,Ryan Fredericks,West Ham United,30,30,2002.0,1617.0,0.1554273479207829,0.07718945165719412,0.13486513486513488,0.11131725417439704,1.1333333333333333,1.1333333333333333,0.8076923076923077,1.227472222222222,-0.13732128785770942,-0.07823789626358876,0.09659090909090917,0.0,-1.1398796317632933,-0.6494388872560192,28.818352535231796,29.913732371255406,29.3660424532436,highly affected
887,Erik Pieters,56,3861,4.575693059712647,6,1.1874702380952382,0.10665951188141368,0.13986013986013987,Burnley,3861,887,Erik Pieters,Burnley,15,41,892.0,2969.0,0.048301715243006305,0.12419240329315478,0.0,0.18187942068036375,1.1333333333333333,1.1951219512195121,0.30043785786460087,887,Erik Pieters,Burnley,24,32,1588.0,2273.0,0.2146504190222592,0.03121315880633111,0.28337531486146095,0.03959524857017158,1.2083333333333333,1.15625,0.6986361636603607,1.1874702380952382,0.07589068805014848,-0.1834372602159281,0.06178861788617884,-0.05208333333333326,0.7115229266614811,-1.7198396746825315,-12.757731172970448,71.13595251665383,29.18911067184169,highly affected
5065,Diego Rico,27,2346,2.919571590609847,4,0.8472222222222222,0.11200402521521154,0.1534526854219949,Bournemouth,2346,5065,Diego Rico,Bournemouth,10,17,835.0,1511.0,0.11588333154509876,0.10986026559545253,0.32335329341317365,0.05956320317670417,1.2,1.0,0.5526141628060887,5065,Diego Rico,Bournemouth,15,12,1350.0,996.0,0.15828865909328058,0.0492688286937324,0.26666666666666666,0.0,1.3333333333333333,0.75,0.7377777777777778,1.0,-0.006023065949646231,-0.10901983039954818,-0.19999999999999996,-0.5833333333333333,-0.053775441892138565,-0.9733563609885508,3.1854232816647907,54.57215221342353,28.87878774754416,highly affected
8646,Wout Faes,31,2790,1.6714545292779794,3,1.0458064516129033,0.05391788804122514,0.0967741935483871,Leicester City,2790,8646,Wout Faes,Leicester City,13,18,1170.0,1620.0,0.10319716053513377,0.01832730235118003,0.15384615384615385,0.05555555555555555,1.1538461538461537,0.9444444444444444,0.7222222222222222,8646,Wout Faes,Leicester City,13,18,1170.0,1620.0,0.06439555407716675,0.0463506847930451,0.15384615384615385,0.05555555555555555,1.3846153846153846,0.7777777777777778,0.7222222222222222,1.0458064516129033,-0.08486985818395373,-0.018044869284121655,-0.20940170940170932,-0.6068376068376068,-0.8486985818395373,-0.18044869284121653,42.47322620224524,12.913861780461772,27.693543991353508,highly affected
9738,Patson Daka,53,2328,13.727253157645462,16,1.2158490566037736,0.5306927767130978,0.6185567010309279,Leicester City,2328,9738,Patson Daka,Leicester City,24,29,966.0,1362.0,0.7657818286245839,0.36395560773622876,0.9316770186335404,0.39647577092511016,1.0,0.9655172413793104,0.7092511013215859,9738,Patson Daka,Leicester City,29,24,1225.0,1103.0,0.6392256661337248,0.4101553428597268,0.8081632653061225,0.40797824116047143,1.0689655172413792,0.875,0.9004081632653061,1.2158490566037736,-0.4018262208883551,-0.22907032327399796,-0.03448275862068961,-0.19396551724137923,-0.7571729605537664,-0.4316439441530925,31.11930060005097,23.812480965192513,27.46589078262174,highly affected
1734,Sofiane Boufal,20,746,3.712809546850621,2,1.1145,0.44792608474069157,0.24128686327077747,Southampton,746,1734,Sofiane Boufal,Southampton,6,14,294.0,452.0,0.5559042328968643,0.3776925104975172,0.6122448979591837,0.0,1.6666666666666667,0.6428571428571429,0.6504424778761062,1734,Sofiane Boufal,Southampton,9,11,406.0,340.0,0.5657325601526374,0.30725129351348557,0.4433497536945813,0.0,1.1111111111111112,0.8181818181818182,0.8374384236453202,1.1145,-0.17821172239934713,-0.25848126663915183,-1.0238095238095237,-0.29292929292929293,-0.39785966584758176,-0.5770623222105695,22.229008450837576,32.5535161553175,27.39126230307754,highly affected
6500,Romain Perraud,49,3472,4.6105931475758535,5,0.9395918367346938,0.11951422329545702,0.12960829493087558,Southampton,3472,6500,Romain Perraud,Southampton,13,36,812.0,2660.0,0.09341756090650268,0.12748057286682205,0.0,0.16917293233082706,0.38461538461538464,0.8888888888888888,0.30526315789473685,6500,Romain Perraud,Southampton,27,22,1825.0,1647.0,0.1737201714250322,0.0594499516886114,0.19726027397260273,0.054644808743169404,0.8518518518518519,0.6363636363636364,0.9024657534246575,1.0,0.03406301196031937,-0.11427021973642082,0.5042735042735043,-0.2154882154882155,0.2850122020716355,-0.9561223474960613,-7.629621962576172,62.34544457639003,27.357911306906928,highly affected
7470,Mathias Normann,23,1661,3.1256807297468177,3,0.6017391304347826,0.16936259221987573,0.1625526791089705,Norwich City,1661,7470,Mathias Normann,Norwich City,8,15,630.0,1031.0,0.16983764804899687,0.1690723059227406,0.14285714285714285,0.17458777885548013,0.75,0.6,0.6110572259941804,7470,Mathias Normann,Norwich City,9,14,720.0,941.0,0.26177982357330615,0.09865015165189496,0.25,0.09564293304994687,0.5555555555555556,0.7142857142857143,0.7651434643995749,1.0,-0.0007653421262562576,-0.1631296719214112,-0.15000000000000002,0.15873015873015872,-0.004518956141522969,-0.9631977745689402,1.109879695287258,50.3744003139399,25.742140004613578,highly affected
6050,Davy Pröpper,42,3027,4.982559792697428,3,1.0512698412698414,0.14814350226057763,0.08919722497522299,Brighton,3027,6050,Davy Pröpper,Brighton,13,29,969.0,2058.0,0.15517227040263518,0.14483403854354474,0.09287925696594426,0.08746355685131195,1.1538461538461537,1.1724137931034482,0.4708454810495627,6050,Davy Pröpper,Brighton,19,23,1386.0,1641.0,0.2127465787162254,0.09357929508962835,0.06493506493506493,0.1096892138939671,1.263157894736842,1.0869565217391304,0.8446069469835467,1.0512698412698414,-0.010338231859090441,-0.11916728362659705,0.018567639257294433,-0.17620137299771166,-0.06978525349634279,-0.8044043903929533,2.104730879212091,46.654621537960054,24.379676208586073,highly affected
1217,Moritz Leitner,9,689,0.5817808918654915,0,0.9033333333333332,0.0759946012596433,0.0,Norwich City,689,1217,Moritz Leitner,Norwich City,4,5,300.0,389.0,0.1281989386305213,0.03573418683480168,0.0,0.0,0.0,0.8,0.7712082262210797,1217,Moritz Leitner,Norwich City,8,1,640.0,49.0,0.08181293791858475,0.0,0.0,0.0,0.5,0.0,0.0765625,1.0,-0.09246475179571961,-0.08181293791858475,0.8,-0.5,-0.9246475179571961,-0.8181293791858475,43.747038244475874,4.767474641574152,24.257256443025014,highly affected
1750,Ainsley Maitland-Niles,76,4737,4.526822326704858,2,1.1148026315789472,0.08600675731548178,0.03799873337555415,Arsenal,2106,1750,Ainsley Maitland-Niles,Arsenal,25,51,1737.0,3000.0,0.0912559950733895,0.08296744865365321,0.05181347150259068,0.03,1.32,1.2352941176470589,0.579,1750,Ainsley Maitland-Niles,Arsenal,36,40,1968.0,2769.0,0.14097450134946346,0.04693975830541462,0.09146341463414635,0.0,1.3611111111111112,1.175,0.7107258938244854,1.1148026315789472,-0.008288546419736281,-0.09403474304404884,-0.08470588235294119,-0.18611111111111112,-0.08288546419736281,-0.9403474304404883,3.4533421555437123,43.15184343455741,23.302592795050558,highly affected
5568,Connor Roberts,35,2490,1.6950175426900378,3,0.9011428571428571,0.06126569431409775,0.10843373493975904,Burnley,2490,5568,Connor Roberts,Burnley,11,24,758.0,1732.0,0.1347836843227333,0.02909096196620759,0.11873350923482849,0.10392609699769052,1.5454545454545454,0.6666666666666666,0.4376443418013857,5568,Connor Roberts,Burnley,15,20,1087.0,1403.0,0.07855008178919196,0.04787429788827638,0.0827966881324747,0.12829650748396293,0.4666666666666667,1.3,0.774768353528154,1.0,-0.10569272235652571,-0.030675783900915576,-0.8787878787878788,0.8333333333333334,-1.0569272235652571,-0.30675783900915576,36.225040764194375,10.18023566420052,23.20263821419745,highly affected
11714,Tom Lockyer,14,1185,1.9952233061194418,2,0.6107142857142857,0.15153594730021075,0.1518987341772152,Luton Town,1185,11714,Tom Lockyer,Luton Town,6,8,498.0,687.0,0.11032523789319645,0.18140921263455304,0.0,0.26200873362445415,0.8333333333333334,0.5,0.7248908296943232,11714,Tom Lockyer,Luton Town,7,7,597.0,588.0,0.22646822185073068,0.07545675018004007,0.15075376884422112,0.15306122448979592,0.5714285714285714,0.7142857142857143,0.9849246231155779,1.0,0.07108397474135658,-0.15101147167069062,-0.33333333333333337,0.1428571428571429,0.4690898496878154,-0.9965389358837671,-21.386422358249266,67.29906633329288,22.95632198752181,highly affected
5759,Matteo Guendouzi,24,1744,1.5932030994445079,1,1.4018749999999998,0.08221804985665465,0.051605504587155966,Arsenal,1744,5759,Matteo Guendouzi,Arsenal,8,16,509.0,1235.0,0.13835370902901545,0.059081976562135104,0.1768172888015717,0.0,1.0,1.4375,0.4121457489878543,5759,Matteo Guendouzi,Arsenal,11,13,947.0,797.0,0.11320417703629923,0.04540015470091636,0.09503695881731784,0.0,1.4545454545454546,1.1538461538461537,0.8416050686378036,1.4018749999999998,-0.07927173246688035,-0.06780402233538288,0.4375,-0.30069930069930084,-0.7927173246688035,-0.6780402233538287,15.027671963596747,30.299168446606224,22.663420205101485,highly affected
7184,Tim Ream,58,5043,1.5270489491522308,2,1.1078448275862067,0.027252509503014232,0.03569303985722784,Fulham,5043,7184,Tim Ream,Fulham,24,34,2015.0,3028.0,0.06584195208460757,0.0015729431879843204,0.08933002481389578,0.0,1.4166666666666667,1.0294117647058822,0.6654557463672391,7184,Tim Ream,Fulham,34,24,2959.0,2084.0,0.04117306082655183,0.0074871969471851756,0.03041568097330179,0.04318618042226487,1.1764705882352942,1.2083333333333333,0.7042919905373437,1.1078448275862067,-0.06426900889662325,-0.03368586387936666,-0.3872549019607845,0.0318627450980391,-0.6426900889662325,-0.33685863879366656,29.349540736260142,14.788056700325889,22.068798718293017,highly affected
11710,Simon Adingra,31,2256,8.398755241185425,7,1.3741935483870968,0.3350567250472909,0.27925531914893614,Brighton,2256,11710,Simon Adingra,Brighton,7,24,621.0,1635.0,0.2787640895964442,0.35643759759467675,0.2898550724637681,0.27522935779816515,2.0,0.9583333333333334,0.3798165137614679,11710,Simon Adingra,Brighton,18,13,1221.0,1035.0,0.48139948663313203,0.1624146845677624,0.44226044226044225,0.08695652173913043,1.3888888888888888,0.9230769230769231,0.8476658476658476,1.3741935483870968,0.07767350799823253,-0.3189848020653696,-1.0416666666666665,-0.4658119658119657,0.23182196383991235,-0.9520322328117639,-1.6060799387194835,43.98135451420082,21.187637287740667,highly affected
533,Mark Noble,65,3732,7.7269363803789,8,1.314897435897436,0.18634090949466803,0.19292604501607716,West Ham United,3732,533,Mark Noble,West Ham United,18,47,1243.0,2489.0,0.31752617652838927,0.12082733499771524,0.36202735317779566,0.10847730012053033,1.2777777777777777,1.425531914893617,0.4993973483326637,533,Mark Noble,West Ham United,28,37,1528.0,2204.0,0.22893089932725996,0.15681391109893275,0.17670157068062825,0.20417422867513613,1.4285714285714286,1.3513513513513513,0.6932849364791288,1.314897435897436,-0.19669884153067402,-0.07211698822832721,0.1477541371158393,-0.07722007722007729,-1.0555859261613316,-0.3870164014112573,27.502598790047237,14.691062226412338,21.096830508229786,highly affected
8045,Eric Garcia,19,1158,0.9095168840140102,0,2.1294736842105264,0.07068784072647748,0.0,Manchester City,1158,8045,Eric Garcia,Manchester City,8,11,472.0,686.0,0.1167465864396575,0.038997275162890054,0.0,0.0,2.625,2.0,0.6880466472303207,8045,Eric Garcia,Manchester City,10,9,715.0,443.0,0.11343699370647643,0.001690900815192501,0.0,0.0,2.2,2.3333333333333335,0.6195804195804195,2.1294736842105264,-0.07774931127676746,-0.11174609289128393,-0.625,0.1333333333333333,-0.7774931127676745,-1.1174609289128392,19.60432707792728,22.371197592701034,20.98776233531416,highly affected
111,Jannik Vestergaard,59,4632,4.384666291065512,4,1.1950847457627118,0.08519429322018482,0.07772020725388601,Southampton,4071,111,Jannik Vestergaard,Southampton,17,42,1234.0,3398.0,0.14913711105163902,0.06197315219487157,0.0,0.10594467333725721,1.7058823529411764,1.0,0.3631547969393761,111,Jannik Vestergaard,Southampton,30,29,2263.0,2369.0,0.10169623333218343,0.06943072611446391,0.11931064958020328,0.03799071338117349,1.4,1.0,0.955255382017729,1.1950847457627118,-0.08716395885676745,-0.03226550721771952,-0.7058823529411764,-0.3999999999999999,-0.8716395885676744,-0.3226550721771952,20.685773589236295,21.2506110670367,20.968192328136496,highly affected
5989,Moussa Niakhate,35,2616,2.587842884473502,1,0.8879999999999999,0.08903129189702416,0.034403669724770644,Nottingham Forest,2616,5989,Moussa Niakhate,Nottingham Forest,14,21,1083.0,1533.0,0.12237167491518228,0.06547771407010619,0.0,0.05870841487279843,0.7857142857142857,1.1428571428571428,0.7064579256360078,5989,Moussa Niakhate,Nottingham Forest,16,19,1088.0,1528.0,0.1029584271942868,0.07911458822986334,0.0,0.05890052356020943,1.3125,0.7368421052631579,0.7120418848167539,1.0,-0.056893960845076086,-0.023843838964423464,0.3571428571428571,-0.5756578947368421,-0.5689396084507609,-0.23843838964423464,25.612168671751494,15.983393750027325,20.79778121088941,highly affected
10292,Nathan Patterson,39,2251,3.609148982912301,2,1.1517948717948718,0.14430182517197118,0.07996446023989338,Everton,2251,10292,Nathan Patterson,Everton,12,27,620.0,1631.0,0.26805048577126955,0.09726064211153894,0.14516129032258066,0.0551808706315144,1.0833333333333333,0.8148148148148148,0.3801348865726548,10292,Nathan Patterson,Everton,22,17,1503.0,748.0,0.16429850865088536,0.1041213234757038,0.059880239520958084,0.12032085561497326,0.9090909090909091,0.8823529411764706,0.4976713240186294,1.1517948717948718,-0.1707898436597306,-0.06017718517518156,-0.2685185185185185,-0.0267379679144385,-1.1835598299341843,-0.4170230355954654,28.22950516736311,12.728738421159521,20.479121794261317,highly affected
10945,Santiago Bueno,12,817,0.19090598635375491,0,1.1383333333333334,0.02103003521644791,0.0,Wolverhampton Wanderers,817,10945,Santiago Bueno,Wolverhampton Wanderers,2,10,180.0,637.0,0.0866945832967758,0.0024749038907665574,0.0,0.0,0.0,1.1,0.282574568288854,10945,Santiago Bueno,Wolverhampton Wanderers,6,6,391.0,426.0,0.0439425544036776,0.0,0.0,0.0,1.1666666666666667,0.6666666666666666,0.9178403755868545,1.1383333333333334,-0.08421967940600925,-0.0439425544036776,1.1,-0.5000000000000001,-0.8421967940600924,-0.439425544036776,11.903822049951154,28.833186522356957,20.368504286154057,highly affected
11367,Victor Kristiansen,12,902,0.7848307117819783,1,0.735,0.07830905106472068,0.09977827050997783,Leicester City,902,11367,Victor Kristiansen,Leicester City,5,7,450.0,452.0,0.11139698177576063,0.045367527126738416,0.0,0.19911504424778761,0.8,1.0,0.995575221238938,11367,Victor Kristiansen,Leicester City,2,10,78.0,824.0,0.032496896500770804,0.08264563851130817,0.0,0.10922330097087378,0.5,1.0,0.09466019417475728,1.0,-0.06602945464902221,0.050148742010537366,0.19999999999999996,0.5,-0.6602945464902221,0.5014874201053736,44.02495180186282,-3.796263730309878,20.11434403577647,highly affected
10072,Samuel Edozie,17,540,1.4016516711562867,0,0.7364705882352941,0.23360861185938112,0.0,Southampton,540,10072,Samuel Edozie,Southampton,4,13,185.0,355.0,0.4178776477237005,0.13758108612727105,0.0,0.0,0.0,0.38461538461538464,0.5211267605633803,10072,Samuel Edozie,Southampton,11,6,244.0,296.0,0.2350396682034994,0.23242895730544585,0.0,0.0,0.18181818181818182,0.5,0.8243243243243243,1.0,-0.28029656159642946,-0.0026107108980535365,0.38461538461538464,0.3181818181818182,-1.199855430694275,-0.011175576436475867,41.76504046747155,-1.9779891582048257,19.89352565463336,highly affected
610,Pablo Zabaleta,10,585,0.6028399094939231,0,1.2574999999999998,0.09274460146060355,0.0,West Ham United,585,610,Pablo Zabaleta,West Ham United,2,8,180.0,405.0,0.2632330060005188,0.016971977220641223,0.0,0.0,0.5,0.625,0.4444444444444444,610,Pablo Zabaleta,West Ham United,5,5,196.0,389.0,0.035069646807957634,0.12180447578430176,0.0,0.0,1.0,0.2,0.5038560411311054,1.2574999999999998,-0.24626102877987757,0.08673482897634413,0.125,-0.8,-2.4626102877987757,0.8673482897634412,60.484283683115294,-21.121637344170278,19.681323169472506,highly affected
8272,João Pedro,62,3659,23.93059710692614,16,1.0590322580645162,0.5886181305338487,0.3935501503142935,Brighton,2026,8272,João Pedro,Brighton,19,43,1046.0,2613.0,0.4968460948236756,0.6253550418820467,0.6022944550669217,0.3099885189437428,1.263157894736842,0.6744186046511628,0.4003061615001913,8272,João Pedro,Brighton,34,28,1828.0,1831.0,0.7671003778163481,0.41042831729932727,0.4923413566739606,0.2949208083014746,0.9705882352941176,0.7142857142857143,0.9983615510649918,1.0590322580645162,0.12850894705837113,-0.35667206051702083,-0.5887392900856793,-0.25630252100840334,0.21832312052946723,-0.6059481385555286,-3.551323996212066,42.402578510077326,19.42562725693263,highly affected
11269,Jack Hinshelwood,13,891,3.0018714070320125,3,1.4200000000000002,0.3032193340436376,0.30303030303030304,Brighton,891,11269,Jack Hinshelwood,Brighton,4,9,290.0,601.0,0.2619474342670934,0.323134227446629,0.6206896551724138,0.1497504159733777,2.25,0.7777777777777778,0.4825291181364393,11269,Jack Hinshelwood,Brighton,6,7,377.0,514.0,0.4999442023054673,0.15892891510451349,0.23872679045092837,0.35019455252918286,1.0,1.4285714285714286,0.7334630350194552,1.4200000000000002,0.061186793179535626,-0.34101528720095386,-1.4722222222222223,0.4285714285714286,0.20179054008056746,-1.1246488891499145,0.20282683884713928,38.449840931320146,19.326333885083642,highly affected
6841,Ken Sema,18,835,1.7379043921828266,0,0.671111111111111,0.18731903628317892,0.0,Watford,835,6841,Ken Sema,Watford,4,14,210.0,625.0,0.29531592875719065,0.15103208041191094,0.0,0.0,1.0,0.7857142857142857,0.336,6841,Ken Sema,Watford,11,7,673.0,162.0,0.23240920549250282,0.0,0.0,0.0,0.6363636363636364,1.1428571428571428,0.24071322436849926,1.0,-0.1442838483452797,-0.23240920549250282,-0.2142857142857143,0.5064935064935064,-0.7702572638007762,-1.2407132243684993,18.836450844594257,19.68672880210892,19.26158982335159,highly affected
8204,Neco Williams,70,3975,6.141040503047405,3,1.0663333333333334,0.1390424264840922,0.06792452830188679,Nottingham Forest,3482,8204,Neco Williams,Nottingham Forest,20,50,1296.0,2679.0,0.16489239778214443,0.12653717721112628,0.0,0.10078387458006718,0.8,1.28,0.48376259798432253,8204,Neco Williams,Nottingham Forest,32,38,1730.0,2245.0,0.18315532054709036,0.10504897137095771,0.05202312138728324,0.0801781737193764,1.34375,0.9736842105263158,0.7706013363028953,1.0663333333333334,-0.038355220571018145,-0.07810634917613264,0.48,-0.3700657894736842,-0.2758526411030834,-0.5617447217455512,6.582597235513381,31.091045556948536,18.83682139623096,highly affected
1725,Christian Kabasele,43,3449,2.955970374867319,2,0.7922093023255813,0.07713462851204951,0.05218904030153668,Watford,3449,1725,Christian Kabasele,Watford,16,27,1229.0,2220.0,0.09642687099519734,0.06645437355178432,0.0,0.08108108108108109,0.9375,0.9629629629629629,0.5536036036036036,1725,Christian Kabasele,Watford,23,20,1928.0,1521.0,0.10129779083576994,0.046505715323270407,0.046680497925311204,0.0591715976331361,0.6956521739130435,1.25,0.7889004149377593,1.0,-0.029972497443413015,-0.05479207551249953,0.02546296296296291,0.5543478260869565,-0.29972497443413015,-0.5479207551249953,11.474053935024054,25.88459147477989,18.67932270490197,highly affected
5712,Diego Carlos,30,1987,2.693887232802808,0,1.846,0.12201804275402754,0.0,Aston Villa,1987,5712,Diego Carlos,Aston Villa,7,23,469.0,1518.0,0.15130145338250753,0.11297066489845631,0.0,0.0,1.8571428571428572,1.391304347826087,0.3089591567852437,5712,Diego Carlos,Aston Villa,13,17,883.0,1104.0,0.20139135121835114,0.05853377520511653,0.0,0.0,1.1538461538461537,1.7647058823529411,0.7998188405797102,1.846,-0.03833078848405122,-0.14285757601323462,-0.4658385093167703,0.6108597285067874,-0.314140332191044,-1.17079058792327,4.460025991649368,32.86221817090929,18.661122081279327,highly affected
1760,Arthur Masuaku,42,2568,5.202377583831548,5,1.3249603174603175,0.182326317190358,0.17523364485981308,West Ham United,2568,1760,Arthur Masuaku,West Ham United,16,26,831.0,1737.0,0.2731093371603032,0.13889471696294028,0.10830324909747292,0.2072538860103627,1.4375,1.4230769230769231,0.4784110535405872,1760,Arthur Masuaku,West Ham United,15,27,1115.0,1453.0,0.22687553981060132,0.14814023100895995,0.16143497757847533,0.1858224363386098,1.5333333333333334,1.3703703703703705,0.7673778389538886,1.3249603174603175,-0.13421462019736294,-0.07873530880164137,-0.014423076923076872,-0.16296296296296298,-0.7361231349681462,-0.4318373234042658,18.65781366127654,18.451351925235596,18.554582793256067,highly affected
11998,Hannes Delcroix,12,575,0.43631548807024934,0,0.6283333333333333,0.0682928590022999,0.0,Burnley,575,11998,Hannes Delcroix,Burnley,3,9,165.0,410.0,0.029296539723873107,0.08398649968752042,0.0,0.0,1.0,0.5555555555555556,0.4024390243902439,11998,Hannes Delcroix,Burnley,7,5,317.0,258.0,0.10862607215105166,0.0187361591257328,0.0,0.0,0.5714285714285714,0.8,0.8138801261829653,1.0,0.05468995996364731,-0.08988991302531886,-0.4444444444444444,0.22857142857142865,0.546899599636473,-0.8988991302531886,-13.617944006019341,49.35143219766025,17.866744095820454,highly affected
910,Harrison Reed,95,6463,9.258226338773962,11,1.1343157894736842,0.1289247053210052,0.1531796379390376,Fulham,6463,910,Harrison Reed,Fulham,32,63,2194.0,4269.0,0.13989142353630324,0.12328849549098321,0.1640838650865998,0.14757554462403374,1.34375,1.2063492063492063,0.5139376903256032,910,Harrison Reed,Fulham,42,53,2773.0,3690.0,0.17561022559327955,0.09384097965297897,0.2596465921384782,0.07317073170731707,1.3571428571428572,1.169811320754717,0.7514905149051491,1.1343157894736842,-0.01660292804532003,-0.08176924594030058,-0.13740079365079372,-0.18733153638814026,-0.12878003485818307,-0.6342403167546992,4.706888921214626,30.654223281444683,17.680556101329653,highly affected
11317,Danilo,42,2798,5.664073357358573,9,1.018095238095238,0.1821896362266875,0.2894924946390279,Nottingham Forest,2798,11317,Danilo,Nottingham Forest,15,27,965.0,1833.0,0.18120520464458298,0.18270789944367102,0.18652849740932642,0.3436988543371522,0.8,1.2592592592592593,0.5264593562465902,11317,Danilo,Nottingham Forest,16,26,1244.0,1554.0,0.24106011877938427,0.13506294362980537,0.3617363344051447,0.23166023166023164,1.5625,0.8076923076923077,0.8005148005148005,1.018095238095238,0.0015026947990880446,-0.1059971751495789,0.45925925925925926,-0.7548076923076923,0.00824797079685879,-0.5817958548294869,-2.6733931519168874,37.9570391189413,17.641822983512206,highly affected
9630,Kamaldeen Sulemana,18,950,3.106036766432225,3,0.6933333333333334,0.29425611471463187,0.28421052631578947,Southampton,950,9630,Kamaldeen Sulemana,Southampton,6,12,392.0,558.0,0.27290396808114425,0.3092561890521356,0.4591836734693877,0.16129032258064516,0.6666666666666666,0.5,0.7025089605734767,9630,Kamaldeen Sulemana,Southampton,8,10,315.0,635.0,0.5175737839724335,0.18347648350800574,0.8571428571428572,0.0,0.625,0.5,0.49606299212598426,1.0,0.036352220970991334,-0.33409730046442776,-0.16666666666666663,-0.125,0.12353939018818874,-1.1353962883266968,-4.9042787337465334,40.04604434268293,17.570882804468198,highly affected
9790,Josko Gvardiol,28,2335,5.1973635414615265,5,2.2585714285714285,0.20032664613770337,0.19271948608137046,Manchester City,2335,9790,Josko Gvardiol,Manchester City,6,22,540.0,1795.0,0.3036180554578701,0.16925290740071725,0.33333333333333337,0.15041782729805014,2.1666666666666665,2.590909090909091,0.3008356545961003,9790,Josko Gvardiol,Manchester City,14,14,1135.0,1200.0,0.29492955856714476,0.11084805813152337,0.31718061674008813,0.07500000000000001,2.642857142857143,2.357142857142857,0.9458333333333333,2.2585714285714285,-0.13436514805715283,-0.18408150043562138,0.4242424242424243,-0.2857142857142856,-0.6707302830038446,-0.9189067155304184,5.688683663294578,28.133563664465644,16.91112366388011,highly affected
5136,Estupiñán,54,3946,12.287817287258802,11,1.6896296296296296,0.2802593907382899,0.250886974151039,Brighton,3946,5136,Estupiñán,Brighton,15,39,1055.0,2891.0,0.3469012578622707,0.255940065309096,0.4265402843601896,0.18678657903839502,1.8,1.4871794871794872,0.36492563126945693,5136,Estupiñán,Brighton,30,24,2055.0,1891.0,0.3795047013945605,0.17240687175434705,0.35036496350364965,0.1427815970386039,1.5333333333333334,1.625,0.9201946472019464,1.6896296296296296,-0.0909611925531747,-0.20709782964021345,-0.3128205128205128,0.09166666666666656,-0.3245607303775077,-0.7389505454024349,5.5825247882865145,27.671728152727308,16.627126470506912,highly affected
205,Mahmoud Dahoud,9,462,1.2653843518346544,1,1.6177777777777775,0.246503445162595,0.19480519480519481,Brighton,462,205,Mahmoud Dahoud,Brighton,2,7,157.0,305.0,0.38961487756982727,0.1728362488087082,0.5732484076433121,0.0,3.0,1.8571428571428572,0.5147540983606558,205,Mahmoud Dahoud,Brighton,7,2,371.0,91.0,0.2815236324931411,0.10372883527652231,0.24258760107816713,0.0,2.4285714285714284,1.0,0.24528301886792453,1.6177777777777775,-0.21677862876111906,-0.17779479721661878,-1.1428571428571428,-1.4285714285714284,-0.8794141948731414,-0.7212669871585137,23.22361498907266,9.820916955547373,16.522265972310016,highly affected
825,Adam Smith,89,7220,5.852439768612383,4,1.1627340823970038,0.0729528503012624,0.04986149584487535,Bournemouth,7220,825,Adam Smith,Bournemouth,29,60,2262.0,4958.0,0.06615308091163001,0.07605512508128427,0.03978779840848806,0.054457442517144,1.103448275862069,1.2,0.4562323517547398,825,Adam Smith,Bournemouth,46,43,3642.0,3578.0,0.10429626626853984,0.04104879190192632,0.04942339373970346,0.05030743432084964,1.065217391304348,1.2790697674418605,0.9824272377814388,1.1627340823970038,0.009902044169654262,-0.06324747436661352,0.096551724137931,0.21385237613751262,0.09902044169654262,-0.6324747436661351,-3.098596046447143,35.60081854648837,16.251111250020614,highly affected
1678,Michy Batshuayi,34,900,6.259188538417219,5,1.4270098039215686,0.6259188538417219,0.5,Crystal Palace,706,1678,Michy Batshuayi,Crystal Palace,10,24,290.0,610.0,0.7629518928969728,0.5607719992088978,0.3103448275862069,0.5901639344262295,1.1,1.25,0.47540983606557374,1678,Michy Batshuayi,Crystal Palace,10,24,234.0,666.0,1.2429719317991001,0.40911642104588647,1.1538461538461537,0.2702702702702703,1.9,0.9166666666666666,0.35135135135135137,1.4270098039215686,-0.2021798936880751,-0.8338555107532137,0.1499999999999999,-0.9833333333333333,-0.3230129472009817,-1.3322102467999366,7.03312092014514,25.381833951124655,16.207477435634896,highly affected
6935,Naif Aguerd,39,3471,5.07966137304902,3,1.274871794871795,0.13171118512659516,0.07778738115816768,West Ham United,3471,6935,Naif Aguerd,West Ham United,14,25,1240.0,2231.0,0.16114544799371108,0.11535148725334382,0.07258064516129033,0.08068130883012102,1.4285714285714286,0.96,0.5558045719408337,6935,Naif Aguerd,West Ham United,18,21,1592.0,1879.0,0.16546756054869097,0.10311078615268535,0.11306532663316583,0.04789781798829164,0.8888888888888888,1.3333333333333333,0.8472591804151144,1.274871794871795,-0.04579396074036726,-0.06235677439600562,-0.46857142857142864,0.4444444444444444,-0.3476846761066804,-0.47343567925587304,12.653407791958383,19.0709328823427,15.862170337150541,highly affected
7694,Marco Stiepermann,24,1201,2.2311864327639332,0,0.6377083333333333,0.1671996494161149,0.0,Norwich City,1201,7694,Marco Stiepermann,Norwich City,10,14,563.0,638.0,0.20542071993275812,0.13347165145236864,0.0,0.0,0.5,0.5,0.8824451410658307,7694,Marco Stiepermann,Norwich City,14,10,954.0,247.0,0.1775046729676003,0.12739806047636962,0.0,0.0,0.42857142857142855,0.6,0.2589098532494759,1.0,-0.07194906848038948,-0.05010661249123069,0.0,0.17142857142857143,-0.4303182975062802,-0.29968132508776274,26.581260352229624,4.987485890292292,15.784373121260957,highly affected
7988,Billy Gilmour,79,4979,5.826717124786225,3,1.331814345991561,0.1053232659631975,0.05422775657762603,Brighton,2669,7988,Billy Gilmour,Brighton,18,61,1025.0,3954.0,0.17332544203665923,0.08769498309134661,0.08780487804878048,0.045523520485584223,1.9444444444444444,1.0163934426229508,0.25923115832068794,7988,Billy Gilmour,Brighton,41,38,2333.0,2646.0,0.12548980328856782,0.0875422638543203,0.07715387912558937,0.034013605442176874,1.3658536585365855,1.0789473684210527,0.881708238851096,1.331814345991561,-0.08563045894531261,-0.037947539434247515,-0.9280510018214936,-0.2869062901155328,-0.8130251009803853,-0.36029588607238316,12.88400152802011,18.596425285900878,15.740213406960494,highly affected
12123,Murillo,32,2813,2.882393799722194,2,0.966875,0.09222020688766351,0.06398862424457874,Nottingham Forest,2813,12123,Murillo,Nottingham Forest,10,22,900.0,1913.0,0.1251082820817828,0.07674751076915469,0.0,0.09409304756926293,0.5,1.0909090909090908,0.47046523784631467,12123,Murillo,Nottingham Forest,10,22,900.0,1913.0,0.12442443892359728,0.07706923520322001,0.0,0.09409304756926293,1.3,0.7272727272727273,0.47046523784631467,1.0,-0.0483607713126281,-0.04735520372037727,0.5909090909090908,-0.5727272727272728,-0.483607713126281,-0.4735520372037727,13.146421384617819,18.289766752944658,15.718094068781237,highly affected
6492,Reiss Nelson,46,1087,5.775107958354055,6,1.879021739130435,0.47815981255921336,0.49678012879484823,Arsenal,1087,6492,Reiss Nelson,Arsenal,15,31,245.0,842.0,0.6599488875695635,0.42526394156451525,0.7346938775510204,0.4275534441805226,2.0,1.8387096774193548,0.29097387173396677,6492,Reiss Nelson,Arsenal,26,20,642.0,445.0,0.6590558849623269,0.21718165866528324,0.5607476635514018,0.40449438202247195,2.076923076923077,1.65,0.6931464174454829,1.879021739130435,-0.23468494600504824,-0.44187422629704365,-0.16129032258064524,-0.4269230769230772,-0.4908085954546542,-0.924114103048599,5.570018637555075,25.43741118385813,15.503714910706602,highly affected
8235,Jeremy Ngakia,21,1337,0.9669769937172528,0,0.7780952380952381,0.06509194422928404,0.0,Watford,895,8235,Jeremy Ngakia,Watford,7,14,423.0,914.0,0.018548553294323828,0.08663226629218138,0.0,0.0,0.8571428571428571,0.5,0.462800875273523,8235,Jeremy Ngakia,Watford,12,9,737.0,600.0,0.10422772912402083,0.01702015511691567,0.0,0.0,0.6666666666666666,0.5555555555555556,0.8141112618724559,1.0,0.06808371299785755,-0.08720757400710516,-0.3571428571428571,-0.11111111111111105,0.6808371299785755,-0.8720757400710516,-20.403581108261854,50.60223575257914,15.099327322158643,highly affected
6837,Ryan Sessegnon,38,2216,6.958960199728607,4,1.786315789473684,0.2826292499889777,0.1624548736462094,Tottenham Hotspur,2216,6837,Ryan Sessegnon,Tottenham Hotspur,20,18,1317.0,899.0,0.28256136890084976,0.2827286931403287,0.20501138952164008,0.10011123470522804,1.9,1.7222222222222223,0.6826119969627942,6837,Ryan Sessegnon,Tottenham Hotspur,20,18,1217.0,999.0,0.3942854640639602,0.14660761582556067,0.2218570254724733,0.09009009009009009,1.95,1.6666666666666667,0.8208709942481512,1.786315789473684,0.0001673242394789609,-0.24767784823839953,-0.1777777777777776,-0.2833333333333332,0.0005920273272688033,-0.8763348034503108,0.6635129684799675,29.491341317689162,15.077427143084565,highly affected
702,Tammy Abraham,56,3260,27.906484365463257,25,1.685327380952381,0.7704244149974518,0.6901840490797546,Chelsea,3260,702,Tammy Abraham,Chelsea,18,38,1031.0,2229.0,0.9553718128603831,0.6848789833255443,0.8729388942774007,0.6056527590847914,2.0,1.7105263157894737,0.46253925527142215,702,Tammy Abraham,Chelsea,28,28,1467.0,1793.0,1.028385098703617,0.5593656737833168,0.9815950920245399,0.45175683212493023,2.0,1.6071428571428572,0.8181818181818182,1.685327380952381,-0.2704928295348388,-0.46901942492030013,-0.2894736842105263,-0.3928571428571428,-0.3510958690681336,-0.6087805835201255,7.539557651112802,22.59549715595679,15.067527403534795,highly affected
773,Aleksandar Mitrovic,52,3422,27.306573186069727,21,1.0168269230769231,0.718174046389911,0.5523085914669784,Fulham,3422,773,Aleksandar Mitrovic,Fulham,17,35,1235.0,2187.0,0.813605479737706,0.664283867979062,0.728744939271255,0.4526748971193416,1.5294117647058822,0.8571428571428571,0.5647005029721079,773,Aleksandar Mitrovic,Fulham,25,27,1995.0,1427.0,0.8123382036959318,0.5865289911512903,0.7218045112781954,0.3153468815697267,1.28,0.8888888888888888,0.7152882205513784,1.0168269230769231,-0.149321611758644,-0.22580921254464148,-0.6722689075630252,-0.3911111111111112,-0.20791841825703392,-0.3144212933894372,11.816288598712099,18.233880917099125,15.025084757905612,highly affected
7701,Moussa Djenepo,73,3300,7.838409504853186,7,1.0658904109589042,0.21377480467781418,0.19090909090909092,Southampton,3300,7701,Moussa Djenepo,Southampton,26,47,1233.0,2067.0,0.3193695106319267,0.15078580011012155,0.36496350364963503,0.08708272859216255,1.3076923076923077,0.8085106382978723,0.5965166908563135,7701,Moussa Djenepo,Southampton,32,41,1651.0,1649.0,0.21068507294959724,0.21686828380655052,0.2180496668685645,0.1637355973317162,0.84375,1.0975609756097562,0.9987886129618413,1.0658904109589042,-0.16858371052180515,0.006183210856953281,-0.4991816693944354,0.2538109756097562,-0.7886042079462182,0.028923945767473234,33.68713301369436,-4.275541475179642,14.705795769257357,neutral
8934,Trincão,28,1359,5.0885735377669326,3,1.1649999999999998,0.33699162501767765,0.1986754966887417,Wolverhampton Wanderers,1359,8934,Trincão,Wolverhampton Wanderers,6,22,213.0,1146.0,0.48110142533837896,0.3102068191989085,0.8450704225352113,0.07853403141361257,0.6666666666666666,1.3636363636363635,0.18586387434554974,8934,Trincão,Wolverhampton Wanderers,11,17,679.0,680.0,0.41878111026797094,0.25532241842216424,0.1325478645066274,0.2647058823529412,0.9090909090909091,1.411764705882353,0.9985294117647059,1.1649999999999998,-0.17089460613947044,-0.1634586918458067,0.6969696969696969,0.502673796791444,-0.5071182588899822,-0.48505268294792814,4.551444311248066,24.79348515564393,14.672464733445997,neutral
7395,Carlos Vinicius,50,1665,7.673207834362983,10,1.3672,0.4147679910466477,0.5405405405405406,Fulham,1365,7395,Carlos Vinicius,Fulham,22,28,879.0,786.0,0.4856026617638487,0.33555211883237335,0.40955631399317405,0.6870229007633587,1.6363636363636365,1.1785714285714286,0.89419795221843,7395,Carlos Vinicius,Fulham,20,30,883.0,782.0,0.45336016648926786,0.37119140419775565,0.6115515288788222,0.4603580562659847,1.45,1.3333333333333333,0.8856172140430351,1.3672,-0.15005054293147535,-0.08216876229151221,-0.45779220779220786,-0.1166666666666667,-0.36176982354117976,-0.19810777124860376,19.55685856088331,9.73855745669444,14.647708008788875,neutral
10759,Lewis O&#039;Brien,13,572,0.6022974159568546,1,0.7664102564102564,0.09476707593726733,0.15734265734265734,Nottingham Forest,572,10759,Lewis O&#039;Brien,Nottingham Forest,6,7,326.0,246.0,0.1114749427930526,0.07262575644545433,0.27607361963190186,0.0,1.0,0.8571428571428571,0.754601226993865,10759,Lewis O&#039;Brien,Nottingham Forest,10,3,500.0,72.0,0.10460462674498554,0.026450750883668626,0.18,0.0,0.8,1.3333333333333333,0.144,1.0,-0.03884918634759828,-0.07815387586131692,-0.1428571428571429,0.5333333333333332,-0.38849186347598275,-0.7815387586131691,21.598952332776054,7.1099106868207445,14.354431509798399,neutral
1726,Abdoulaye Doucouré,153,12394,37.64035736443474,32,1.098856209150327,0.27332839783759294,0.23237050185573666,Everton,9205,1726,Abdoulaye Doucouré,Everton,47,106,3835.0,8559.0,0.29878255450488533,0.2619232464391742,0.21121251629726207,0.24185068349106204,1.3191489361702127,1.2264150943396226,0.44806636289286134,1726,Abdoulaye Doucouré,Everton,71,82,5729.0,6665.0,0.3384895363052356,0.21731817093869948,0.26706231454005935,0.20255063765941483,1.2535211267605635,1.2560975609756098,0.8595648912228057,1.098856209150327,-0.03685930806571114,-0.12117136536653611,-0.09273384183059008,0.002576434215046275,-0.13485356207887447,-0.4433178781464708,4.227253092304848,24.254390623207236,14.240821857756043,neutral
9163,Kean Bryan,13,1012,1.3549662027508018,1,0.5984615384615385,0.12050094688495273,0.08893280632411067,Sheffield United,1012,9163,Kean Bryan,Sheffield United,4,9,360.0,652.0,0.12399614788591856,0.11857108130159737,0.0,0.13803680981595093,0.75,0.6666666666666666,0.5521472392638037,9163,Kean Bryan,Sheffield United,1,12,90.0,922.0,0.5502456147223711,0.07855190121752577,0.0,0.09761388286334056,0.0,0.75,0.09761388286334056,1.0,-0.005425066584321195,-0.47169371350484535,-0.08333333333333337,0.75,-0.04502094568186864,-3.914439891955297,2.2001960600967636,26.015153274748776,14.10767466742277,neutral
1653,Michael Keane,119,9749,11.124923053197561,15,1.232002801120448,0.10270213096602529,0.13847574110165145,Everton,9749,1653,Michael Keane,Everton,33,86,2807.0,6942.0,0.13169074669283903,0.09098057459247785,0.28856430352689705,0.07778738115816768,1.2121212121212122,1.2790697674418605,0.40435033131662346,1653,Michael Keane,Everton,53,66,4518.0,5231.0,0.12414167321609904,0.08418485857339802,0.1195219123505976,0.15484610973045307,1.2641509433962264,1.2575757575757576,0.8636971898298604,1.232002801120448,-0.04071017210036118,-0.03995681464270101,0.06694855532064836,-0.006575185820468787,-0.3963907244906967,-0.3890553610413308,8.887109460544403,19.13843963267664,14.012774546610522,neutral
1707,Ben Gibson,28,2496,1.475731402635574,0,0.5685714285714285,0.053211468845032715,0.0,Norwich City,2496,1707,Ben Gibson,Norwich City,8,20,696.0,1800.0,0.00878860322951241,0.07038831021636724,0.0,0.0,1.5,0.5,0.38666666666666666,1707,Ben Gibson,Norwich City,9,19,810.0,1686.0,0.1383156543597579,0.012325116373545528,0.0,0.0,0.5555555555555556,0.8947368421052632,0.4804270462633452,1.0,0.06159970698685483,-0.12599053798621238,-1.0,0.3391812865497076,0.6159970698685483,-1.2599053798621236,-12.806320691108708,40.74096477884328,13.967322043867284,neutral
1691,Robert Snodgrass,35,2055,6.865809451788663,10,0.8843809523809524,0.3006923847498684,0.43795620437956206,West Ham United,1525,1691,Robert Snodgrass,West Ham United,9,26,583.0,1472.0,0.39410574294588374,0.26369511041000643,0.7718696397941681,0.30570652173913043,0.8888888888888888,0.9230769230769231,0.3960597826086957,1691,Robert Snodgrass,West Ham United,6,29,317.0,1738.0,0.5918153380675458,0.24759343411597678,0.5678233438485805,0.4142692750287687,1.3333333333333333,0.8275862068965517,0.18239355581127734,1.0,-0.1304106325358773,-0.34422190395156904,0.03418803418803429,-0.5057471264367815,-0.43370114824942996,-1.1447642887195522,11.88860572061345,15.53828421029428,13.713444965453865,neutral
8859,Mikkel Damsgaard,49,1760,7.570684227161109,2,1.3122448979591836,0.38713726161619305,0.10227272727272728,Brentford,1760,8859,Mikkel Damsgaard,Brentford,12,37,586.0,1174.0,0.38370616978778155,0.3888498849649572,0.0,0.15332197614991483,1.8333333333333333,1.0,0.4991482112436116,8859,Mikkel Damsgaard,Brentford,25,24,1026.0,734.0,0.4810215008298033,0.25590397900970246,0.08771929824561403,0.12261580381471389,1.36,1.0416666666666667,0.7153996101364523,1.3122448979591836,0.005143715177175656,-0.2251175218201008,-0.8333333333333333,-0.31833333333333336,0.013286541201696887,-0.5814927782469097,2.816038152303891,23.926429399177398,13.371233775740645,neutral
10746,Jaidon Anthony,33,1357,2.743415759410708,4,0.9884848484848484,0.18195093466983325,0.26529108327192336,Bournemouth,1357,10746,Jaidon Anthony,Bournemouth,10,23,410.0,947.0,0.25268809620018406,0.15132555322585875,0.43902439024390244,0.1900739176346357,0.8,0.9565217391304348,0.43294614572333684,10746,Jaidon Anthony,Bournemouth,20,13,637.0,720.0,0.1967421786280661,0.16886479244567446,0.42386185243328095,0.125,0.95,0.8461538461538461,0.8847222222222222,1.0,-0.10136254297432531,-0.027877386182391634,0.15652173913043477,-0.10384615384615381,-0.5570872343044403,-0.15321375640624063,16.20555912788031,10.40736305299204,13.306461090436175,neutral
6088,Orel Mangala,47,3180,1.9768203161656848,3,0.9961702127659574,0.05594774479714202,0.08490566037735849,Nottingham Forest,3180,6088,Orel Mangala,Nottingham Forest,19,28,1304.0,1876.0,0.08871045740652667,0.033174515989765924,0.13803680981595093,0.04797441364605544,0.7368421052631579,1.25,0.6950959488272921,6088,Orel Mangala,Nottingham Forest,22,25,1436.0,1744.0,0.054853838118711515,0.056848461534657044,0.06267409470752089,0.10321100917431193,1.3181818181818181,0.8,0.823394495412844,1.0,-0.05553594141676074,0.001994623415945529,0.5131578947368421,-0.5181818181818181,-0.5553594141676074,0.01994623415945529,23.455025787766935,3.117027208361504,13.286026498064219,neutral
9040,Conor Gallagher,136,10153,30.452390100806944,31,1.2168382352941176,0.2699414073744337,0.27479562690830295,Chelsea,4761,9040,Conor Gallagher,Chelsea,36,100,2696.0,7457.0,0.2992032565665638,0.25936209325052556,0.23367952522255192,0.28966072146975996,1.3611111111111112,1.21,0.36153949309373745,9040,Conor Gallagher,Chelsea,65,71,4697.0,5456.0,0.3343132663615743,0.21452450457703634,0.2874175005322546,0.26392961876832843,1.323076923076923,1.1830985915492958,0.8608870967741935,1.2168382352941176,-0.039841163316038264,-0.11978876178453798,-0.1511111111111112,-0.1399783315276273,-0.14759189300948886,-0.4437583805673055,3.518583730993832,22.96678807249394,13.242685901743886,neutral
11700,Vitinho,32,2324,2.7984823025763026,2,0.824375,0.10837496008255905,0.0774526678141136,Burnley,2324,11700,Vitinho,Burnley,11,21,815.0,1509.0,0.1652965667469004,0.07763201148650989,0.22085889570552147,0.0,0.7272727272727273,0.5714285714285714,0.5400927766732936,11700,Vitinho,Burnley,11,21,621.0,1703.0,0.10059123804819753,0.11121329912151297,0.14492753623188406,0.05284791544333529,0.18181818181818182,0.8571428571428571,0.3646506165590135,1.0,-0.08766455526039052,0.01062206107331544,-0.1558441558441559,0.6753246753246753,-0.8089004618189337,0.09801213366282811,31.423393781908572,-4.964388540275613,13.22950262081648,neutral
6352,Valentino Lazaro,13,455,0.6714939866214988,1,1.2184615384615385,0.13282298636469209,0.1978021978021978,Newcastle United,455,6352,Valentino Lazaro,Newcastle United,2,11,3.0,452.0,0.0,0.13370455485826305,0.0,0.19911504424778761,0.5,1.0909090909090908,0.00663716814159292,6352,Valentino Lazaro,Newcastle United,10,3,331.0,124.0,0.17979332265581963,0.007442491910149959,0.2719033232628399,0.0,0.9,1.3333333333333333,0.37462235649546827,1.2184615384615385,0.13370455485826305,-0.17235083074566968,0.5909090909090908,0.43333333333333324,1.0066371681415929,-1.297597919327352,-0.41602055042698743,26.594421534751795,13.089200492162403,neutral
10291,Vitalii Mykolenko,75,6192,5.932019161991772,3,0.9863999999999998,0.08622120874988042,0.0436046511627907,Everton,6192,10291,Vitalii Mykolenko,Everton,23,52,1756.0,4436.0,0.12402958062144336,0.07125468462759353,0.10250569476082004,0.02028854824165915,1.1304347826086956,1.0769230769230769,0.3958521190261497,10291,Vitalii Mykolenko,Everton,32,43,2708.0,3484.0,0.09347961195146157,0.08057948777689483,0.03323485967503693,0.05166475315729047,1.40625,0.8604651162790697,0.7772675086107922,1.0,-0.052774895993849824,-0.012900124174566735,-0.05351170568561869,-0.5457848837209303,-0.5277489599384982,-0.12900124174566735,14.835565308268636,11.261001732626722,13.04828352044768,neutral
7695,Todd Cantwell,45,2971,8.422686587087808,8,0.6165555555555555,0.2551470187943126,0.24234264557388085,Norwich City,2971,7695,Todd Cantwell,Norwich City,13,32,812.0,2159.0,0.38786070649580917,0.20523339470278165,0.33251231527093594,0.20842982862436313,0.8461538461538461,0.40625,0.3761000463177397,7695,Todd Cantwell,Norwich City,26,19,1764.0,1207.0,0.2763900950988184,0.2241007995721517,0.20408163265306123,0.29826014913007454,0.2692307692307692,0.8947368421052632,0.6842403628117913,1.0,-0.18262731179302752,-0.052289295526666696,-0.43990384615384615,0.6255060728744939,-0.7157728616858854,-0.20493790510960208,20.498633019451116,5.535910035779556,13.017271527615335,neutral
7967,Anssumane Fati,19,456,4.474727382883429,2,1.443157894736842,0.8831698782006767,0.39473684210526316,Brighton,456,7967,Anssumane Fati,Brighton,5,14,86.0,370.0,1.2025409172354047,0.8089376907493615,0.0,0.4864864864864865,2.6,0.7857142857142857,0.23243243243243245,7967,Anssumane Fati,Brighton,10,9,165.0,291.0,1.263633532957597,0.6674430636477838,0.5454545454545454,0.30927835051546393,1.2,1.3333333333333333,0.5670103092783505,1.443157894736842,-0.3936032264860432,-0.5961904693098131,-1.8142857142857145,0.1333333333333333,-0.44567102683342125,-0.6750575218036873,7.946584720231366,18.042035833053756,12.994310276642562,neutral
11386,Lewis Miley,18,1233,2.727028500288724,4,1.5244444444444443,0.1990531752035565,0.291970802919708,Newcastle United,1233,11386,Lewis Miley,Newcastle United,6,12,354.0,879.0,0.32952522637985515,0.14650811705064443,0.5084745762711864,0.20477815699658702,1.1666666666666667,1.1666666666666667,0.40273037542662116,11386,Lewis Miley,Newcastle United,2,16,65.0,1168.0,0.8321278439118311,0.16382213627715422,1.3846153846153846,0.23116438356164382,2.0,1.0625,0.05565068493150685,1.5244444444444443,-0.18301710932921073,-0.6683057076346769,0.0,-0.9375,-0.9194382814645036,-3.3574229948919507,17.002915910623784,8.921759969499169,12.962337940061477,neutral
1685,Ahmed Elmohamady,32,1830,3.7474157987162457,2,0.9620312499999999,0.18429913764178257,0.09836065573770492,Aston Villa,1830,1685,Ahmed Elmohamady,Aston Villa,10,22,604.0,1226.0,0.21588304815567189,0.16873903817164462,0.2980132450331126,0.0,1.6,0.6818181818181818,0.4926590538336052,1685,Ahmed Elmohamady,Aston Villa,14,18,632.0,1198.0,0.2222477247838308,0.16427951571041827,0.14240506329113925,0.07512520868113523,1.0,0.9444444444444444,0.5275459098497496,1.0,-0.04714400998402726,-0.05796820907341255,-0.9181818181818183,-0.05555555555555558,-0.25580157665012976,-0.31453326268994186,13.345113248438556,11.908232598091935,12.626672923265247,neutral
7052,Wout Weghorst,37,2257,10.600154916755853,6,1.3935135135135135,0.42269115751352543,0.23925564909171468,Burnley,1459,7052,Wout Weghorst,Burnley,16,21,1034.0,1223.0,0.47591259860662416,0.37769445261551715,0.2611218568665377,0.22076860179885527,1.625,1.1904761904761905,0.8454619787408013,7052,Wout Weghorst,Burnley,10,27,363.0,1894.0,0.9103775652479533,0.3292222208674867,0.24793388429752067,0.23759239704329463,1.1,1.4814814814814814,0.19165786694825765,1.3935135135135135,-0.09821814599110701,-0.5811553443804667,-0.43452380952380953,0.3814814814814813,-0.23236385300528598,-1.3748935459144793,12.504772745721157,12.712113702786043,12.6084432242536,neutral
6144,Sébastien Haller,48,3181,14.517556514590977,11,1.2260069444444444,0.4107450758607947,0.31122288588494185,West Ham United,3181,6144,Sébastien Haller,West Ham United,15,33,994.0,2187.0,0.5625329908335831,0.3417568785663494,0.3621730382293763,0.28806584362139914,1.3333333333333333,1.1818181818181819,0.454503886602652,6144,Sébastien Haller,West Ham United,21,27,1122.0,2059.0,0.496404881833151,0.3640669300128181,0.48128342245989303,0.2185526954832443,1.2857142857142858,1.1851851851851851,0.5449247207382224,1.2260069444444444,-0.2207761122672337,-0.13233795182033292,-0.15151515151515138,-0.10052910052910069,-0.5375015435171201,-0.3221899898446585,14.510032079248361,10.471113801878767,12.490572940563563,neutral
6108,Rodrigo Bentancur,58,3908,8.879018614068626,13,1.889310344827586,0.20448098138847912,0.2993858751279427,Tottenham Hotspur,3908,6108,Rodrigo Bentancur,Tottenham Hotspur,21,37,1601.0,2307.0,0.28294327170317574,0.15003012452075937,0.4497189256714553,0.19505851755526657,2.0,1.5405405405405406,0.693974859124404,6108,Rodrigo Bentancur,Tottenham Hotspur,30,28,2189.0,1719.0,0.22107942996894642,0.183344271706895,0.41114664230242115,0.15706806282722513,1.8333333333333333,1.5714285714285714,0.7852900867976245,1.889310344827586,-0.13291314718241637,-0.03773515826205143,-0.45945945945945943,-0.26190476190476186,-0.6500024905979103,-0.18454116371028678,18.400635083969654,6.45791011425783,12.429272599113741,neutral
611,Nicolás Otamendi,24,1705,2.2324059102684255,2,2.2909722222222224,0.11783960816666177,0.10557184750733138,Manchester City,1705,611,Nicolás Otamendi,Manchester City,6,18,440.0,1265.0,0.20890959758650174,0.08616309010758698,0.20454545454545453,0.07114624505928854,2.0,2.0555555555555554,0.34782608695652173,611,Nicolás Otamendi,Manchester City,12,12,898.0,807.0,0.1445184025357587,0.08815242434578312,0.10022271714922049,0.11152416356877323,2.0833333333333335,2.0,0.8986636971046771,2.2909722222222224,-0.12274650747891476,-0.05636597818997559,0.05555555555555536,-0.08333333333333348,-1.041640492433691,-0.47832794988809374,10.985923179600253,13.461011699035785,12.223467439318018,neutral
8918,Max Lowe,18,1053,1.2270096065476537,0,0.6033333333333333,0.10487261594424391,0.0,Sheffield United,1053,8918,Max Lowe,Sheffield United,8,10,438.0,615.0,0.19781627641250824,0.03867859434245562,0.0,0.0,0.125,1.0,0.7121951219512195,8918,Max Lowe,Sheffield United,5,13,316.0,737.0,0.003701030141143481,0.14825147769971167,0.0,0.0,0.0,0.8461538461538461,0.4287652645861601,1.0,-0.1591376820700526,0.1445504475585682,0.875,0.8461538461538461,-1.5174378996578002,1.3783431094673868,69.41812358294008,-44.99700913875814,12.210557222090973,neutral
12187,Jordan Clark,23,1326,2.7748326677829023,2,0.991304347826087,0.18833705889929203,0.13574660633484162,Luton Town,1326,12187,Jordan Clark,Luton Town,6,17,273.0,1053.0,0.21956804505252572,0.18024013656326845,0.0,0.17094017094017094,0.6666666666666666,0.5294117647058824,0.25925925925925924,12187,Jordan Clark,Luton Town,7,16,504.0,822.0,0.24647539281951525,0.15269019722557847,0.3571428571428571,0.0,0.42857142857142855,0.625,0.6131386861313869,1.0,-0.03932790848925727,-0.09378519559393678,-0.13725490196078427,0.19642857142857145,-0.20881662227871342,-0.4979646392592643,4.145481039030536,20.168117363828276,12.156799201429406,neutral
5360,Weston McKennie,19,1450,1.2955351416021577,1,0.8557894736842104,0.08041252603047874,0.06206896551724138,Leeds United,1450,5360,Weston McKennie,Leeds United,8,11,657.0,793.0,0.10661390265577453,0.05870470201683522,0.136986301369863,0.0,0.75,0.6363636363636364,0.8284993694829761,5360,Weston McKennie,Leeds United,7,12,575.0,875.0,0.08182307608101672,0.07948559314012522,0.1565217391304348,0.0,0.14285714285714285,1.0,0.6571428571428571,1.0,-0.04790920063893931,-0.0023374829408914916,-0.11363636363636365,0.8571428571428572,-0.4790920063893931,-0.023374829408914916,28.72639632148688,-4.557410908414405,12.084492706536238,neutral
10740,Jordan Zemura,19,1465,2.488683604635298,1,0.8726315789473683,0.15288841257145175,0.06143344709897611,Bournemouth,1465,10740,Jordan Zemura,Bournemouth,7,12,607.0,858.0,0.24579038232859515,0.08716405867566385,0.0,0.1048951048951049,1.1428571428571428,0.8333333333333334,0.7074592074592074,10740,Jordan Zemura,Bournemouth,13,6,948.0,517.0,0.10422120905257289,0.24212730799871904,0.09493670886075949,0.0,1.2307692307692308,0.3333333333333333,0.5453586497890295,1.0,-0.1586263236529313,0.13790609894614614,-0.3095238095238094,-0.8974358974358976,-1.0375300585896132,0.9020049108149142,53.57046819729858,-29.539888325578218,12.015289935860181,neutral
631,Ashley Young,96,6537,7.149847901426253,3,1.3371180555555553,0.0984375571559374,0.04130335016062414,Aston Villa,3276,631,Ashley Young,Aston Villa,25,71,1941.0,4596.0,0.07469476700128504,0.10846470156198183,0.0,0.0587467362924282,2.16,1.2253521126760563,0.4223237597911227,631,Ashley Young,Aston Villa,46,50,3167.0,3370.0,0.13093841527119618,0.06789446586483218,0.028418061256709818,0.05341246290801187,1.2826086956521738,1.64,0.9397626112759644,1.3371180555555553,0.033769934560696796,-0.063043949406364,-0.9346478873239439,0.35739130434782607,0.33769934560696796,-0.63043949406364,-4.514225119066897,28.504448467300016,11.99511167411656,neutral
2249,James Rodríguez,23,1802,8.8032481148839,10,1.5,0.4396738792117375,0.49944506104328523,Everton,1802,2249,James Rodríguez,Everton,7,16,612.0,1190.0,0.5022662965690389,0.40748349314226817,0.4411764705882353,0.5294117647058824,2.0,1.0625,0.5142857142857142,2249,James Rodríguez,Everton,6,17,487.0,1315.0,0.6885340122135023,0.3475104687388405,1.108829568788501,0.2737642585551331,2.0,1.1176470588235294,0.3703422053231939,1.5,-0.0947828034267707,-0.3410235434746618,-0.9375,-0.8823529411764706,-0.21557524317046212,-0.7756283909475372,8.388091550376803,15.583386905414931,11.985739227895866,neutral
9681,Frank Onyeka,67,3003,6.984208750538526,5,1.2138308457711442,0.20931694557058522,0.14985014985014986,Brentford,3003,9681,Frank Onyeka,Brentford,17,50,800.0,2203.0,0.1762797206290997,0.22131412212673063,0.225,0.12256014525646845,1.5294117647058822,1.2,0.3631411711302769,9681,Frank Onyeka,Brentford,39,28,1515.0,1488.0,0.2525630382507449,0.16528614556356783,0.1782178217821782,0.12096774193548387,1.4615384615384615,1.0357142857142858,0.9821782178217822,1.2138308457711442,0.04503440149763094,-0.08727689268717706,-0.3294117647058823,-0.42582417582417564,0.21514933430195968,-0.41696047326347885,-3.520128822343064,27.062598576112595,11.771234876884765,neutral
7712,Billy Sharp,41,1768,10.715638113208115,8,1.065121951219512,0.5454793157176077,0.4072398190045249,Sheffield United,1768,7712,Billy Sharp,Sheffield United,13,28,417.0,1351.0,0.71453738689637,0.4932978089214981,0.2158273381294964,0.46632124352331605,0.38461538461538464,1.2142857142857142,0.30866025166543304,7712,Billy Sharp,Sheffield United,14,27,680.0,1088.0,0.7177507197895251,0.43780968817265914,0.39705882352941174,0.4136029411764706,0.5714285714285714,1.1481481481481481,0.625,1.065121951219512,-0.22123957797487193,-0.27994103161686595,0.8296703296703296,0.5767195767195767,-0.40558747435513526,-0.5132019190289339,5.8231348051938925,17.695707596147443,11.759421200670667,neutral
8496,Tommy Doyle,27,1188,1.1669315816834562,0,1.4074074074074074,0.08840390770329214,0.0,Wolverhampton Wanderers,1175,8496,Tommy Doyle,Wolverhampton Wanderers,10,17,302.0,886.0,0.18176986780387677,0.05657939308661431,0.0,0.0,0.7,1.411764705882353,0.34085778781038373,8496,Tommy Doyle,Wolverhampton Wanderers,11,16,296.0,892.0,0.09870753617252441,0.08498476641753792,0.0,0.0,1.5454545454545454,0.875,0.33183856502242154,1.4074074074074074,-0.12519047471726247,-0.013722769754986486,0.7117647058823531,-0.6704545454545454,-1.2519047471726246,-0.13722769754986486,19.49996725298632,3.8456865231892747,11.672826888087798,neutral
10216,Lewis Hall,27,1417,4.16264852695167,1,1.4325925925925926,0.26438840326439683,0.06351446718419196,Newcastle United,748,10216,Lewis Hall,Newcastle United,11,16,623.0,794.0,0.30460473688178796,0.23283326996007098,0.0,0.11335012594458438,0.9090909090909091,1.375,0.7846347607052897,10216,Lewis Hall,Newcastle United,15,12,985.0,432.0,0.3165179076722733,0.14552830640847475,0.09137055837563453,0.0,1.4,0.9166666666666666,0.4385786802030457,1.4325925925925926,-0.07177146692171699,-0.17098960126379853,0.46590909090909094,-0.4833333333333333,-0.27146223524011087,-0.6467363891630431,7.855844569351417,15.339275456139964,11.59756001274569,neutral
6893,Stuart Armstrong,120,7366,19.760390248149626,22,1.0940833333333333,0.24143838207079368,0.2688026065707304,Southampton,7366,6893,Stuart Armstrong,Southampton,35,85,2057.0,5309.0,0.22921382175648908,0.2461748523225407,0.17501215362177927,0.30514221133923525,1.2,1.1176470588235294,0.38745526464494257,6893,Stuart Armstrong,Southampton,57,63,2929.0,4437.0,0.32606088863822447,0.18557646597072505,0.3687265278251963,0.2028397565922921,1.1403508771929824,1.1428571428571428,0.6601307189542484,1.0940833333333333,0.01696103056605161,-0.14048442266749941,-0.08235294117647052,0.0025062656641603454,0.07024993466481382,-0.5818644966992327,-1.4498243756883122,24.56021269091637,11.555194157614029,neutral
875,Ciaran Clark,49,4098,2.820034017786383,4,1.0118367346938775,0.0619333971695399,0.08784773060029283,Newcastle United,4098,875,Ciaran Clark,Newcastle United,17,32,1413.0,2685.0,0.07147686639029507,0.05691107984777934,0.0,0.1340782122905028,1.3529411764705883,0.9375,0.5262569832402234,875,Ciaran Clark,Newcastle United,12,37,1053.0,3045.0,0.11264126620486249,0.04439796659673376,0.17094017094017094,0.05911330049261084,0.8333333333333334,1.162162162162162,0.3458128078817734,1.0118367346938775,-0.014565786542515731,-0.06824329960812874,-0.4154411764705883,0.3288288288288287,-0.1456578654251573,-0.6824329960812873,7.463685358079407,15.202504718489973,11.33309503828469,neutral
7078,Sean Longstaff,137,9461,23.192761792801317,18,1.4485401459854015,0.22062663157722423,0.1712292569495825,Newcastle United,9461,7078,Sean Longstaff,Newcastle United,39,98,2597.0,6864.0,0.25446852966411476,0.207822521826109,0.1039661147477859,0.1966783216783217,1.4102564102564104,1.5612244897959184,0.37835081585081587,7078,Sean Longstaff,Newcastle United,60,77,4155.0,5306.0,0.27855615890063745,0.1752634227515963,0.21660649819494585,0.1356954391255183,1.6333333333333333,1.4285714285714286,0.783075763286845,1.4485401459854015,-0.046646007838005765,-0.10329273614904116,0.15096807953950808,-0.2047619047619047,-0.21142510087989366,-0.46817891117957083,3.4712957124255333,18.823648070836427,11.14747189163098,neutral
10097,Przemyslaw Placheta,12,513,0.9843797069042916,0,0.71,0.17269819419373533,0.0,Norwich City,513,10097,Przemyslaw Placheta,Norwich City,4,8,99.0,414.0,0.547593193636699,0.08304938997911362,0.0,0.0,0.75,0.125,0.2391304347826087,10097,Przemyslaw Placheta,Norwich City,4,8,114.0,399.0,0.01890181514777629,0.21664001677829509,0.0,0.0,0.0,0.5,0.2857142857142857,1.0,-0.4645438036575854,0.1977382016305188,-0.625,0.5,-2.6899169723596152,1.144992873571644,46.52143627645443,-24.328428900004305,11.096503688225063,neutral
11772,Yehor Yarmolyuk,27,619,1.1159606184810393,0,1.1111111111111112,0.16225598653197665,0.0,Brentford,619,11772,Yehor Yarmolyuk,Brentford,7,20,215.0,404.0,0.059661351317583045,0.21685461665844846,0.0,0.0,1.7142857142857142,1.0,0.5321782178217822,11772,Yehor Yarmolyuk,Brentford,9,18,180.0,439.0,0.37642592936754216,0.07444143138299762,0.0,0.0,1.6666666666666667,0.9444444444444444,0.41002277904328016,1.1111111111111112,0.15719326534086542,-0.3019844979845445,-0.7142857142857142,-0.7222222222222223,0.9687979389893667,-1.8611609003716534,-29.05996343185177,50.741605034657276,10.840820801402753,neutral
7277,Ryan John Giles,11,492,0.3732204269617794,0,0.6636363636363636,0.06827202932227672,0.0,Luton Town,492,7277,Ryan John Giles,Luton Town,5,6,141.0,351.0,0.09273972600064372,0.05844312552840279,0.0,0.0,1.4,0.0,0.4017094017094017,7277,Ryan John Giles,Luton Town,4,7,266.0,226.0,0.07711856037770443,0.057859740557923735,0.0,0.0,0.25,0.8571428571428571,0.849624060150376,1.0,-0.03429660047224092,-0.01925881981978069,-1.4,0.6071428571428571,-0.34296600472240923,-0.1925881981978069,15.268018423390822,6.295497888520482,10.781758155955652,neutral
9913,Aaron Ramsey,14,516,0.7935300767421719,0,0.6699999999999999,0.13840640873409976,0.0,Burnley,516,9913,Aaron Ramsey,Burnley,3,11,106.0,410.0,0.09022589280920199,0.15086283480248797,0.0,0.0,0.0,0.45454545454545453,0.25853658536585367,9913,Aaron Ramsey,Burnley,7,7,289.0,227.0,0.16803495611698976,0.10068548277086091,0.0,0.0,0.5714285714285714,0.14285714285714285,0.7854671280276817,1.0,0.06063694199328598,-0.06734947334612885,0.45454545454545453,-0.42857142857142855,0.43810790661998156,-0.48660660992597293,-9.103850851069378,30.12123243799603,10.508690793463327,neutral
11723,Alfie Doughty,37,2980,8.444045649841426,10,0.8529729729729729,0.25502151291467395,0.30201342281879195,Luton Town,2980,11723,Alfie Doughty,Luton Town,10,27,778.0,2202.0,0.21267985987326166,0.2699814611736289,0.4627249357326478,0.24523160762942778,1.2,0.5185185185185185,0.3533151680290645,11723,Alfie Doughty,Luton Town,15,22,1110.0,1870.0,0.3568118559448299,0.19460050715880595,0.32432432432432434,0.2887700534759358,0.4666666666666667,0.8636363636363636,0.5935828877005348,1.0,0.057301601300367266,-0.16221134878602395,-0.6814814814814815,0.396969696969697,0.22469320586118335,-0.6360692748313246,-3.1493488034850676,24.0728443946686,10.461747795591766,neutral
7892,João Félix,16,953,4.93522554822266,4,0.91375,0.4660758649947948,0.3777544596012592,Chelsea,953,7892,João Félix,Chelsea,8,8,519.0,434.0,0.41860876109644846,0.5228395214999599,0.17341040462427745,0.6221198156682028,0.875,0.875,0.8362235067437379,7892,João Félix,Chelsea,7,9,366.0,587.0,0.6910553598990204,0.3257990419369641,0.7377049180327869,0.15332197614991483,0.8571428571428571,0.8888888888888888,0.6235093696763203,1.0,0.10423076040351148,-0.3652563179620564,0.0,0.031746031746031744,0.22363475183310672,-0.7836842569956622,-13.090604548535223,34.006473914886534,10.457934683175655,neutral
200,Andreas Christensen,57,4632,2.836610908620058,0,1.7439473684210527,0.05511549692914621,0.0,Chelsea,4632,200,Andreas Christensen,Chelsea,21,36,1729.0,2903.0,0.07716574991082024,0.04198256981742922,0.0,0.0,1.8095238095238095,1.9722222222222223,0.5955907681708578,200,Andreas Christensen,Chelsea,26,31,2122.0,2510.0,0.0774374974647521,0.036244068587888964,0.0,0.0,1.8076923076923077,2.0,0.8454183266932271,1.7439473684210527,-0.035183180093391025,-0.04119342887686314,0.1626984126984128,0.1923076923076923,-0.35183180093391025,-0.4119342887686314,7.855355960296208,13.04636351753742,10.450859738916815,neutral
8327,Bruno Guimarães,86,7085,25.235994433052834,30,1.7988372093023255,0.320570148055717,0.38108680310515175,Newcastle United,7085,8327,Bruno Guimarães,Newcastle United,23,63,1992.0,5093.0,0.3452490776754826,0.31091759989106493,0.36144578313253006,0.38876889848812096,1.6521739130434783,1.9523809523809523,0.3911250736304732,8327,Bruno Guimarães,Newcastle United,40,46,3517.0,3568.0,0.3935267439417653,0.24865637346736733,0.5117998294000569,0.2522421524663677,2.1,1.673913043478261,0.9857062780269058,1.7988372093023255,-0.03433147778441764,-0.14487037047439796,0.30020703933747406,-0.4260869565217391,-0.10709505545865933,-0.4519147255383824,0.9772670305448024,19.669277711200213,10.323272370872507,neutral
8635,Sven Botman,53,4524,5.5061812615022045,4,1.7467924528301886,0.10953941501662211,0.07957559681697612,Newcastle United,4524,8635,Sven Botman,Newcastle United,15,38,1135.0,3389.0,0.08081939899350311,0.11915795092285995,0.0,0.10622602537621717,1.4666666666666666,1.868421052631579,0.3349070522277958,8635,Sven Botman,Newcastle United,26,27,2152.0,2372.0,0.14595138875864525,0.07650460578692826,0.08364312267657992,0.07588532883642496,2.0384615384615383,1.4814814814814814,0.9072512647554806,1.7467924528301886,0.03833855192935684,-0.06944678297171698,0.4017543859649124,-0.5569800569800569,0.3499977786401282,-0.6339889889057628,-5.467549655885969,25.94259001965062,10.237520181882326,neutral
11003,Ryan Yates,61,3809,6.432583567686377,4,1.0010382513661202,0.15199068550584774,0.09451299553688632,Nottingham Forest,3809,11003,Ryan Yates,Nottingham Forest,21,40,1269.0,2540.0,0.1658746129866187,0.1450541878786436,0.2127659574468085,0.03543307086614173,0.7619047619047619,1.15,0.4996062992125984,11003,Ryan Yates,Nottingham Forest,33,28,2250.0,1559.0,0.17135780863463876,0.1240394173597413,0.12,0.05772931366260423,1.1818181818181819,0.8214285714285714,0.6928888888888889,1.0010382513661202,-0.020820425107975105,-0.04731839127489745,0.38809523809523805,-0.3603896103896105,-0.13698487534733866,-0.31132428357313324,2.848789447423291,17.57876797227588,10.213778709849585,neutral
1660,Andre Gray,23,725,4.455511271953583,2,0.715,0.5530979510011345,0.2482758620689655,Watford,725,1660,Andre Gray,Watford,10,13,205.0,520.0,0.9373166257651842,0.4016271272960763,0.43902439024390244,0.17307692307692307,0.5,0.7692307692307693,0.3942307692307692,1660,Andre Gray,Watford,13,10,540.0,185.0,0.5267472645888724,0.630013468096385,0.16666666666666669,0.4864864864864865,0.5384615384615384,0.8,0.3425925925925926,1.0,-0.5356894984691078,0.10326620350751259,0.2692307692307693,0.2615384615384616,-0.9685255522995223,0.18670509142294903,25.66618961264436,-5.373476088469155,10.146356762087603,neutral
1652,Matthew Lowton,76,6378,7.734827135689554,6,1.0297149122807017,0.10914619664660706,0.08466603951081844,Burnley,6378,1652,Matthew Lowton,Burnley,22,54,1697.0,4681.0,0.1293293440261165,0.1018292128604444,0.15910430170889805,0.05767998290963469,1.2727272727272727,1.0,0.36252937406537067,1652,Matthew Lowton,Burnley,27,49,2321.0,4057.0,0.13403371909776926,0.09490810455660276,0.11632916846186989,0.06655163914222331,0.9629629629629629,1.1428571428571428,0.5720976090707419,1.0297149122807017,-0.027500131165672112,-0.039125614541166504,-0.2727272727272727,0.17989417989417988,-0.2519568433035911,-0.35846979320632855,7.1695955407459895,12.94184375913442,10.055719649940205,neutral
9833,Andrew Omobamidele,16,1151,0.32969897426664796,1,0.915,0.02578011093310019,0.07819287576020852,Nottingham Forest,771,9833,Andrew Omobamidele,Nottingham Forest,3,13,200.0,951.0,0.009265271108597505,0.02925326336727531,0.0,0.0946372239747634,0.3333333333333333,0.7692307692307693,0.2103049421661409,9833,Andrew Omobamidele,Nottingham Forest,7,9,541.0,610.0,0.03988887698091769,0.013267254487412863,0.16635859519408502,0.0,1.1428571428571428,0.3333333333333333,0.8868852459016393,1.0,0.019987992258677804,-0.02662162249350483,0.43589743589743596,-0.8095238095238095,0.19987992258677803,-0.26621622493504826,-3.859215339652749,23.7067741767444,9.923779418545825,neutral
885,Kyle Walker-Peters,106,8891,10.42009556572884,6,1.1412264150943396,0.10547841647909072,0.06073557530086605,Southampton,8646,885,Kyle Walker-Peters,Southampton,32,74,2728.0,6163.0,0.10438304848537457,0.1059632718882839,0.09897360703812318,0.04380983287360052,0.96875,1.162162162162162,0.44264157066363785,885,Kyle Walker-Peters,Southampton,55,51,4598.0,4293.0,0.1246237172491981,0.08497292080218559,0.078294910830796,0.041928721174004195,1.0727272727272728,1.1372549019607843,0.9336668116572423,1.1412264150943396,0.0015802234029093365,-0.03965079644701251,0.19341216216216206,0.06452762923351152,0.014981485840021012,-0.37591383877925966,-1.1569331068779094,21.000220373690638,9.921643633406365,neutral
10743,Kieffer Moore,35,1349,7.08284273929894,5,1.1622857142857144,0.4725395452460375,0.3335804299481097,Bournemouth,1349,10743,Kieffer Moore,Bournemouth,10,25,449.0,900.0,0.6300214694642808,0.39397356305271386,0.6013363028953229,0.2,1.3,0.68,0.4988888888888889,10743,Kieffer Moore,Bournemouth,26,9,933.0,416.0,0.47927056687773234,0.45744328759610653,0.3858520900321543,0.21634615384615385,0.8846153846153846,0.7777777777777778,0.44587352625937837,1.1622857142857144,-0.23604790641156698,-0.02182727928162581,-0.62,-0.10683760683760679,-0.4995304811762659,-0.046191434137561944,17.67020391723892,1.6502381599770324,9.660221038607975,neutral
6062,Isaac Hayden,67,5178,5.130656986497341,4,0.9870895522388058,0.08917712027515656,0.06952491309385864,Newcastle United,5178,6062,Isaac Hayden,Newcastle United,18,49,1546.0,3632.0,0.07025444334948776,0.09723176194010257,0.05821474773609315,0.07433920704845816,1.0555555555555556,1.0,0.42566079295154186,6062,Isaac Hayden,Newcastle United,28,39,2112.0,3066.0,0.12212987587025219,0.06647776612745859,0.1278409090909091,0.029354207436399216,1.0357142857142858,1.0,0.6888454011741683,1.0,0.026977318590614807,-0.055652109742793596,-0.05555555555555558,-0.03571428571428581,0.26977318590614807,-0.5565210974279359,-7.801752557784816,27.081006118079497,9.63962678014734,neutral
10527,Carlos Baleba,27,1303,1.2193906768225125,0,1.2866666666666668,0.08422498918958259,0.0,Brighton,1303,10527,Carlos Baleba,Brighton,6,21,204.0,1099.0,0.042241092442589605,0.09201817839466592,0.0,0.0,2.3333333333333335,0.7142857142857143,0.18562329390354868,10527,Carlos Baleba,Brighton,14,13,677.0,626.0,0.10415684015653812,0.06266929732915305,0.0,0.0,1.1428571428571428,1.0,0.9246676514032496,1.2866666666666668,0.04977708595207631,-0.041487542827385065,-1.619047619047619,-0.1428571428571428,0.4977708595207631,-0.41487542827385065,-2.691078604972504,21.89726886513096,9.603095130079229,neutral
1689,Jake Livermore,18,1247,0.4572602994740005,0,0.6057407407407407,0.03300194623308744,0.0,West Bromwich Albion,1247,1689,Jake Livermore,West Bromwich Albion,4,14,262.0,985.0,0.0727896647570469,0.0224188170419429,0.0,0.0,1.0,0.5714285714285714,0.265989847715736,1689,Jake Livermore,West Bromwich Albion,7,11,564.0,683.0,0.045894319587882496,0.022355828265145414,0.0,0.0,0.2857142857142857,0.9090909090909091,0.8257686676427526,1.0,-0.050370847715104,-0.023538491322737082,-0.4285714285714286,0.6233766233766234,-0.50370847715104,-0.23538491322737082,10.518650369347425,8.458495195274443,9.488572782310934,neutral
574,Troy Deeney,29,2272,15.467489461414514,12,1.0255172413793103,0.6127086494398355,0.4753521126760563,Watford,2272,574,Troy Deeney,Watford,12,17,958.0,1314.0,0.8269244282348918,0.4565300222817961,0.5636743215031316,0.410958904109589,1.1666666666666667,0.8823529411764706,0.7290715372907154,574,Troy Deeney,Watford,13,16,939.0,1333.0,0.5341944205887115,0.6680161219763737,0.3833865814696486,0.5401350337584396,0.7692307692307693,1.1875,0.7044261065266316,1.0255172413793103,-0.37039440595309564,0.13382170138766225,-0.2843137254901962,0.4182692307692307,-0.6045196298301421,0.2184100085905557,32.105276273916225,-13.374867766348833,9.365204253783695,neutral
12408,Daniel Muñoz,16,1440,4.8404082246124736,4,1.45625,0.3025255140382796,0.25,Crystal Palace,1440,12408,Daniel Muñoz,Crystal Palace,3,13,270.0,1170.0,0.3688986549774805,0.2872086353600025,0.0,0.3076923076923077,1.0,1.6923076923076923,0.23076923076923078,12408,Daniel Muñoz,Crystal Palace,5,11,450.0,990.0,0.4521705135703087,0.23450505970553914,0.6000000000000001,0.09090909090909091,1.8,1.4545454545454546,0.45454545454545453,1.45625,-0.08169001961747796,-0.21766545386476954,0.6923076923076923,-0.34545454545454546,-0.27002687650054347,-0.719494534392321,1.8982588733381767,16.798802297934582,9.348530585636379,neutral
456,Simon Francis,15,956,0.5760588925331829,0,0.8306666666666666,0.054231485698730604,0.0,Bournemouth,956,456,Simon Francis,Bournemouth,5,10,351.0,605.0,0.08769771609550867,0.03481554046026929,0.0,0.0,0.6,0.7,0.5801652892561984,456,Simon Francis,Bournemouth,3,12,46.0,910.0,0.0,0.05697285750328183,0.0,0.0,0.3333333333333333,0.75,0.05054945054945055,1.0,-0.05288217563523938,0.05697285750328183,0.09999999999999998,0.4166666666666667,-0.5288217563523937,0.5697285750328183,20.896116617484815,-2.2265853607388366,9.334765628372988,neutral
6827,Bobby Reid,102,6336,18.353080457542088,20,1.0946078431372548,0.2606971655900865,0.2840909090909091,Fulham,6336,6827,Bobby Reid,Fulham,39,63,2285.0,4051.0,0.27166977547378124,0.25450797438192985,0.2363238512035011,0.3110343125154283,1.2307692307692308,1.1428571428571428,0.5640582572204395,6827,Bobby Reid,Fulham,47,55,2878.0,3458.0,0.3002864672074934,0.2277480591543152,0.3127171646977067,0.26026604973973394,1.2340425531914894,1.1272727272727272,0.832272990167727,1.0946078431372548,-0.017161801091851392,-0.07253840805317821,-0.08791208791208804,-0.10676982591876216,-0.06583040921448362,-0.27824778182374155,2.827613946786804,15.62119663858983,9.224405292688317,neutral
522,Wilfried Zaha,128,10961,46.819339077919714,44,1.1149479166666667,0.3844302998825631,0.3612809050269136,Crystal Palace,10961,522,Wilfried Zaha,Crystal Palace,45,83,3725.0,7236.0,0.3673605973738552,0.39321756381912165,0.36241610738255037,0.36069651741293535,1.2222222222222223,1.2409638554216869,0.5147871752349364,522,Wilfried Zaha,Crystal Palace,59,69,5109.0,5852.0,0.45314211775704605,0.3244424875926223,0.4227833235466823,0.30758714969241285,1.3898305084745763,1.1014492753623188,0.8730348598769652,1.1149479166666667,0.02585696644526647,-0.12869963016442376,0.018741633199464536,-0.2883812331122575,0.06726047986635116,-0.33478014142938084,-2.260390603849207,20.608047892922084,9.173828644536439,neutral
10806,Kaoru Mitoma,52,3788,24.34922081418335,19,1.776923076923077,0.5785189739378304,0.4514255543822598,Brighton,3788,10806,Kaoru Mitoma,Brighton,17,35,1123.0,2665.0,0.6594078397695124,0.5444333467975007,0.4808548530721282,0.43902439024390244,1.7058823529411764,1.5142857142857142,0.4213883677298311,10806,Kaoru Mitoma,Brighton,29,23,1855.0,1933.0,0.69096297625141,0.4706122878065888,0.4366576819407008,0.46559751681324363,1.5862068965517242,1.565217391304348,0.9596482152095189,1.776923076923077,-0.11497449297201179,-0.2203506884448212,-0.19159663865546217,-0.020989505247376306,-0.19873936405129444,-0.3808875739112765,3.7534646098982347,14.51255340332603,9.133009006612133,neutral
6615,Trevoh Chalobah,58,4001,2.8722991710528722,5,1.6027586206896551,0.06461057870401363,0.11247188202949263,Chelsea,4001,6615,Trevoh Chalobah,Chelsea,21,37,1550.0,2451.0,0.09402628265201082,0.046008236346039066,0.17419354838709677,0.07343941248470012,1.7619047619047619,1.8108108108108107,0.6323949408404733,6615,Trevoh Chalobah,Chelsea,35,23,2525.0,1476.0,0.07346105971696351,0.04947002006058648,0.10693069306930693,0.12195121951219512,1.6857142857142857,1.9565217391304348,0.5845544554455445,1.6027586206896551,-0.04801804630597176,-0.023991039656377035,0.04890604890604888,0.2708074534161491,-0.48018046305971757,-0.23991039656377033,13.069453526943342,5.1372872024662595,9.103370364704801,neutral
6253,Gianluca Scamacca,16,940,3.6684089051559567,3,0.9662499999999999,0.3512306398553576,0.2872340425531915,West Ham United,940,6253,Gianluca Scamacca,West Ham United,5,11,246.0,694.0,0.49222584086947335,0.3012525138474721,0.3658536585365854,0.25936599423631124,0.6,1.0,0.35446685878962536,6253,Gianluca Scamacca,West Ham United,14,2,837.0,103.0,0.37260190383481084,0.17756318402232457,0.3225806451612903,0.0,1.0,0.0,0.12305854241338113,1.0,-0.19097332702200126,-0.19503871981248627,0.4,-1.0,-0.5437262737119039,-0.5553009836864072,12.07343866472476,6.014002499855431,9.043720582290096,neutral
581,Craig Cathcart,60,4885,1.8433214146643873,1,0.8046666666666666,0.033960885838238454,0.01842374616171955,Watford,4885,581,Craig Cathcart,Watford,22,38,1842.0,3043.0,0.05129153197115521,0.023470235106449865,0.048859934853420196,0.0,0.9090909090909091,0.7631578947368421,0.6053236937232994,581,Craig Cathcart,Watford,27,33,2006.0,2879.0,0.04449874524803366,0.026618424575282854,0.044865403788634094,0.0,0.5555555555555556,1.0303030303030303,0.6967697117054533,1.0,-0.027821296864705348,-0.017880320672750808,-0.14593301435406691,0.4747474747474747,-0.27821296864705347,-0.17880320672750807,12.671990240470912,5.413029505120645,9.042509872795778,neutral
1245,Emerson,76,5604,7.7368727773427945,4,1.3541228070175437,0.12425384546053739,0.06423982869379015,West Ham United,4494,1245,Emerson,West Ham United,24,52,1749.0,3855.0,0.18866279601769623,0.09503173014939062,0.10291595197255575,0.04669260700389105,1.6666666666666667,1.1730769230769231,0.4536964980544747,1245,Emerson,West Ham United,43,33,2892.0,2712.0,0.12088331453795871,0.12784808418771199,0.03112033195020747,0.09955752212389381,1.4186046511627908,1.2121212121212122,0.9377593360995851,1.3541228070175437,-0.09363106586830561,0.006964769649753275,-0.4935897435897436,-0.20648343904157862,-0.7535466248249236,0.05605274930477112,19.326978160373194,-1.2872994178048887,9.019839371284153,neutral
3491,Romain Saiss,91,7832,12.260844367090609,8,1.312142857142857,0.1408932575380688,0.09193054136874361,Wolverhampton Wanderers,7832,3491,Romain Saiss,Wolverhampton Wanderers,27,64,2357.0,5475.0,0.14551880751650714,0.13890194771173472,0.03818413237165889,0.11506849315068493,1.1851851851851851,1.421875,0.4305022831050228,3491,Romain Saiss,Wolverhampton Wanderers,35,56,2886.0,4946.0,0.18756805050231345,0.11365843091154029,0.12474012474012475,0.07278608976951072,1.542857142857143,1.2321428571428572,0.5835018196522442,1.312142857142857,-0.006616859804772418,-0.07390961959077316,0.23668981481481488,-0.3107142857142857,-0.046963637014245115,-0.5245788257170722,0.302026298597143,17.71111456312916,9.006570430863151,neutral
771,Georginio Wijnaldum,75,5941,7.939976470544931,6,2.1096,0.12028242422976666,0.0908937889244235,Liverpool,5941,771,Georginio Wijnaldum,Liverpool,20,55,1502.0,4439.0,0.1685958135049646,0.10393488859305856,0.0,0.1216490200495607,2.2,2.2,0.3383644965082226,771,Georginio Wijnaldum,Liverpool,28,47,2258.0,3683.0,0.1606776176698578,0.09551664991868175,0.07971656333038087,0.0977464023893565,2.392857142857143,2.0851063829787235,0.6130871572087971,2.1096,-0.06466092491190605,-0.06516096775117605,0.0,-0.30775075987841927,-0.537575837251077,-0.5417330767020778,6.035627808803224,11.914984747020629,8.975306277911926,neutral
568,José Holebas,14,1019,0.7814888050779696,0,0.5889285714285714,0.06902256374584619,0.0,Watford,1019,568,José Holebas,Watford,5,9,376.0,643.0,0.10625639360675464,0.04724974877274887,0.0,0.0,0.8,0.6666666666666666,0.5847589424572317,568,José Holebas,Watford,10,4,723.0,296.0,0.06643290905846101,0.07534797029645253,0.0,0.0,0.4,1.5,0.4094052558782849,1.0,-0.059006644834005764,0.008915061237991517,-0.13333333333333341,1.1,-0.5900664483400576,0.08915061237991517,24.932942851700854,-7.058368863778481,8.937286993961187,neutral
468,Callum Wilson,130,9270,70.88397969584912,67,1.3270641025641023,0.6881939776296031,0.6504854368932039,Newcastle United,6354,468,Callum Wilson,Newcastle United,37,93,2542.0,6728.0,0.5695569290860867,0.7330179041155751,0.5310778914240756,0.6956004756242569,1.2972972972972974,1.3655913978494623,0.37782401902497026,468,Callum Wilson,Newcastle United,62,68,4498.0,4772.0,0.8290648277726383,0.555411688454546,0.7403290351267231,0.5658005029337804,1.564516129032258,1.1470588235294117,0.9425817267393126,1.3270641025641023,0.16346097502948842,-0.2736531393180923,0.0682941005521649,-0.4174573055028463,0.23752165863541705,-0.39763954381097005,-4.92811812165265,22.735465429344707,8.903673653846027,neutral
7382,Dan Burn,161,13296,18.98546640295535,8,1.478592132505176,0.12851173106693603,0.05415162454873646,Newcastle United,7333,7382,Dan Burn,Newcastle United,42,119,3611.0,9685.0,0.1555638558924305,0.11842549227035774,0.04984768762115757,0.055756324212700055,1.2619047619047619,1.6218487394957983,0.37284460505937017,7382,Dan Burn,Newcastle United,77,84,6364.0,6932.0,0.14628986821297407,0.11219031375629178,0.07071024512884978,0.038949798038084245,1.7012987012987013,1.369047619047619,0.9180611656087709,1.478592132505176,-0.03713836362207275,-0.03409955445668229,0.35994397759103647,-0.33225108225108224,-0.2889881204909537,-0.26534195885137796,4.193384015510415,13.595553552935199,8.894468784222807,neutral
6104,Will Hughes,103,6091,8.970061846077439,6,1.0421844660194175,0.13254072666999991,0.08865539320308652,Crystal Palace,3791,6104,Will Hughes,Crystal Palace,42,61,2408.0,3683.0,0.1300628538950473,0.13416079662440825,0.07475083056478406,0.0977464023893565,0.9523809523809523,1.278688524590164,0.653814824871029,6104,Will Hughes,Crystal Palace,49,54,2871.0,3220.0,0.15777829873921537,0.11003853120083297,0.12539184952978058,0.055900621118012424,1.1020408163265305,1.1851851851851851,0.8916149068322982,1.0421844660194175,0.004097942729360954,-0.0477397675383824,0.3263075722092117,0.08314436885865462,0.030918366243486935,-0.3601894205487868,-3.4048572323177497,20.859253891221012,8.727198329451632,neutral
10405,Josh Dasilva,48,1632,4.083252348005771,6,1.4258333333333333,0.22517935742678885,0.33088235294117646,Brentford,1632,10405,Josh Dasilva,Brentford,18,30,533.0,1099.0,0.25616884629956777,0.210149878291947,0.6754221388367729,0.1637852593266606,1.3333333333333333,1.4333333333333333,0.48498635122838946,10405,Josh Dasilva,Brentford,27,21,882.0,750.0,0.2518138460510847,0.1938571988046169,0.40816326530612246,0.24,1.5555555555555556,1.1904761904761905,0.8503401360544217,1.4258333333333333,-0.04601896800762076,-0.05795664724646779,0.10000000000000009,-0.3650793650793651,-0.20436583767489708,-0.2573799299756456,4.525801461495728,12.922022417424376,8.723911939460052,neutral
7295,Joshua Sargent,26,1578,2.607637418434023,3,0.5907692307692307,0.14872456759129407,0.17110266159695817,Norwich City,1578,7295,Joshua Sargent,Norwich City,6,20,466.0,1112.0,0.18463973163790967,0.13367378841348573,0.38626609442060084,0.08093525179856116,1.5,0.35,0.41906474820143885,7295,Joshua Sargent,Norwich City,8,18,364.0,1214.0,0.16531403156017854,0.1437504614259943,0.0,0.22240527182866554,0.5,0.6666666666666666,0.29983525535420097,1.0,-0.05096594322442394,-0.02156357013418425,-1.15,0.16666666666666663,-0.3426867803339799,-0.14498996691281368,14.871801056200024,2.5433918371267095,8.707596446663366,neutral
2266,Saúl Ñíguez,10,477,0.334276597946882,0,1.8079999999999998,0.06307105621639283,0.0,Chelsea,477,2266,Saúl Ñíguez,Chelsea,5,5,311.0,166.0,0.07849038904981975,0.03418302904051468,0.0,0.0,2.6,2.2,0.5337620578778135,2266,Saúl Ñíguez,Chelsea,3,7,179.0,298.0,0.08280598459630038,0.05121685427007252,0.0,0.0,2.3333333333333335,2.4285714285714284,0.6006711409395973,1.8079999999999998,-0.044307360009305075,-0.031589130326227864,-0.3999999999999999,0.0952380952380949,-0.44307360009305075,-0.3158913032622786,10.337256411449737,7.02998203250312,8.683619221976429,neutral
687,Pedro,11,661,3.5432296525686975,2,1.3109090909090908,0.48243671517576814,0.2723146747352496,Chelsea,661,687,Pedro,Chelsea,4,7,143.0,518.0,0.43489749146091355,0.49556047770708905,0.0,0.3474903474903475,1.75,1.1428571428571428,0.27606177606177607,687,Pedro,Chelsea,5,6,246.0,415.0,0.6016980995219655,0.4117420150572995,0.0,0.4337349397590362,2.0,0.8333333333333334,0.5927710843373494,1.3109090909090908,0.0606629862461755,-0.189956084464666,-0.6071428571428572,-1.1666666666666665,0.12574288883480583,-0.3937430102007442,-0.5750261523762212,17.738549369554494,8.581761608589137,neutral
730,Patrick van Aanholt,51,4292,7.642689052969215,6,1.1300653594771242,0.16026142002964336,0.12581547064305684,Crystal Palace,4292,730,Patrick van Aanholt,Crystal Palace,17,34,1466.0,2826.0,0.09338977097407854,0.19495138376476653,0.061391541609822645,0.1592356687898089,1.0,1.2352941176470589,0.5187544232130219,730,Patrick van Aanholt,Crystal Palace,19,32,1631.0,2661.0,0.2598909845154282,0.09919572304493271,0.27590435315757206,0.033821871476888386,1.2105263157894737,1.125,0.6129274708756107,1.1300653594771242,0.101561612790688,-0.16069526147049548,0.23529411764705888,-0.08552631578947367,0.633724652957039,-1.0027070859647436,-21.443822799336765,38.53342127088063,8.544799235771933,neutral
6903,Matz Sels,16,1440,0.0696526691317558,0,1.03375,0.004353291820734738,0.0,Nottingham Forest,1440,6903,Matz Sels,Nottingham Forest,4,12,360.0,1080.0,0.01741316728293895,0.0,0.0,0.0,1.0,1.0,0.3333333333333333,6903,Matz Sels,Nottingham Forest,7,9,630.0,810.0,0.009950381304536543,0.0,0.0,0.0,1.5714285714285714,0.5555555555555556,0.7777777777777778,1.03375,-0.01741316728293895,-0.009950381304536543,0.0,-1.0158730158730158,-0.1741316728293895,-0.09950381304536543,3.9304206684586096,12.883834959380913,8.407127813919761,neutral
3278,Maxwel Cornet,47,2107,10.350377660244702,11,1.0748936170212766,0.4421139010071301,0.4698623635500712,Burnley,1790,3278,Maxwel Cornet,Burnley,15,32,519.0,1588.0,0.5808363183040839,0.39677578099634986,0.0,0.6234256926952141,0.6666666666666666,0.78125,0.32682619647355166,3278,Maxwel Cornet,Burnley,23,24,874.0,1233.0,0.5101806821527483,0.3938654284026935,0.5148741418764302,0.43795620437956206,0.43478260869565216,1.0416666666666667,0.7088402270884022,1.0748936170212766,-0.18406053730773403,-0.11631525375005475,0.11458333333333337,0.6068840579710146,-0.41631927177237893,-0.26308888611077375,8.51246541315476,8.142499435277045,8.327482424215903,neutral
10697,Ryan Gravenberch,26,1116,2.805297093465923,1,2.1792307692307693,0.2262336365698325,0.08064516129032258,Liverpool,1116,10697,Ryan Gravenberch,Liverpool,8,18,257.0,859.0,0.4490769920501031,0.15956222520961183,0.35019455252918286,0.0,1.875,2.388888888888889,0.2991850989522701,10697,Ryan Gravenberch,Liverpool,14,12,441.0,675.0,0.26785019100928786,0.19904415433605505,0.0,0.13333333333333333,2.0,2.5,0.6533333333333333,2.1792307692307693,-0.28951476684049127,-0.06880603667323282,0.5138888888888888,0.5,-1.2797158337289314,-0.3041370757968352,11.592877156529434,4.88362028934269,8.238248722936062,neutral
10177,Evan Ferguson,47,2334,10.971572481095789,14,1.687659574468085,0.4230683476000947,0.5398457583547558,Brighton,2334,10177,Evan Ferguson,Brighton,13,34,543.0,1791.0,0.3252832364105716,0.45271508985353465,0.49723756906077343,0.5527638190954774,1.9230769230769231,1.3529411764705883,0.30318257956448913,10177,Evan Ferguson,Brighton,20,27,968.0,1366.0,0.5789136927582569,0.31263035776619935,0.743801652892562,0.3953147877013177,1.6,1.4444444444444444,0.7086383601756955,1.687659574468085,0.12743185344296304,-0.26628333499205753,-0.5701357466063348,-0.15555555555555567,0.3012086679748918,-0.6294097313178385,-2.763550939446084,19.153150563446896,8.194799812000406,neutral
1723,Roberto Pereyra,28,1656,4.5069107012823215,3,0.8808928571428571,0.24494079898273488,0.16304347826086957,Watford,1656,1723,Roberto Pereyra,Watford,9,19,499.0,1157.0,0.2921547174812079,0.22457801131571836,0.3607214428857715,0.07778738115816768,0.6666666666666666,1.0,0.4312878133102852,1723,Roberto Pereyra,Watford,15,13,1036.0,620.0,0.27959134230124094,0.18704085885697302,0.08687258687258688,0.2903225806451613,0.4,1.4615384615384615,0.5984555984555985,1.0,-0.06757670616548955,-0.09255048344426792,0.33333333333333337,1.0615384615384613,-0.2758899556388433,-0.3778483773574672,6.891532253354764,9.475947022949436,8.1837396381521,neutral
1822,Antonio Rüdiger,73,6456,6.965909133665262,6,1.7310273972602739,0.09710839870351202,0.08364312267657993,Chelsea,6456,1822,Antonio Rüdiger,Chelsea,24,49,2046.0,4410.0,0.12215477673888554,0.08548824236329108,0.13196480938416422,0.061224489795918366,2.0833333333333335,1.7755102040816326,0.4639455782312925,1822,Antonio Rüdiger,Chelsea,27,46,2316.0,4140.0,0.12070240983691236,0.08390943015642137,0.07772020725388601,0.08695652173913043,1.9259259259259258,1.8478260869565217,0.5594202898550724,1.7310273972602739,-0.03666653437559446,-0.036792979680490986,-0.30782312925170086,-0.07809983896940409,-0.36666534375594456,-0.36792979680490984,7.704109919276568,8.575730181554942,8.139920050415755,neutral
7083,Christian Nørgaard,88,7418,19.617584869265553,14,1.3448484848484847,0.23801329714665675,0.16985710434079265,Brentford,7418,7083,Christian Nørgaard,Brentford,22,66,1860.0,5558.0,0.251409605445881,0.23353018569711426,0.24193548387096775,0.14573587621446563,1.0909090909090908,1.2727272727272727,0.33465275278877293,7083,Christian Nørgaard,Brentford,37,51,3120.0,4298.0,0.2890305592445656,0.2009788956237448,0.2019230769230769,0.1465798045602606,1.3783783783783783,1.1176470588235294,0.7259190321079572,1.3448484848484847,-0.017879419748766723,-0.08805166362082081,0.18181818181818188,-0.26073131955484885,-0.07511941544068419,-0.36994430427374814,0.8560553876537643,15.385503493431498,8.12077944054263,neutral
624,Willy Caballero,8,720,0.0,0,1.2850000000000001,0.0,0.0,Chelsea,540,624,Willy Caballero,Chelsea,3,5,270.0,450.0,0.0,0.0,0.0,0.0,2.3333333333333335,0.6,0.6,624,Willy Caballero,Chelsea,3,5,270.0,450.0,0.0,0.0,0.0,0.0,2.3333333333333335,0.6,0.6,1.2850000000000001,0.0,0.0,-1.7333333333333334,-1.7333333333333334,0.0,0.0,8.093385214007782,8.093385214007782,8.093385214007782,neutral
8066,Arnaut Danjuma Groeneveld,37,1337,6.140186281874775,2,1.1783783783783783,0.4133259277253027,0.13462976813762154,Bournemouth,614,8066,Arnaut Danjuma Groeneveld,Bournemouth,13,24,619.0,718.0,0.4199439312161362,0.4076204344650994,0.14539579967689822,0.12534818941504178,0.8461538461538461,0.3333333333333333,0.862116991643454,8066,Arnaut Danjuma Groeneveld,Bournemouth,22,15,799.0,538.0,0.4540604155729798,0.3528299132452024,0.11264080100125157,0.16728624535315983,0.5909090909090909,0.4,0.6733416770963705,1.1783783783783783,-0.012323496751036833,-0.10123050232777742,-0.5128205128205128,-0.19090909090909092,-0.029815445691631172,-0.24491689375715966,5.278797588183346,10.887303559939175,8.08305057406126,neutral
204,Granit Xhaka,126,10512,17.90247960761189,23,1.7913095238095236,0.15327465417475936,0.1969178082191781,Arsenal,10512,204,Granit Xhaka,Arsenal,46,80,3769.0,6743.0,0.18006484561176503,0.13830027607508938,0.26266914300875566,0.16016609817588612,1.8043478260869565,1.875,0.5589500222452914,204,Granit Xhaka,Arsenal,59,67,4800.0,5712.0,0.17760037231491874,0.13283287422504556,0.24375000000000002,0.15756302521008403,1.9322033898305084,1.7761194029850746,0.8403361344537815,1.7913095238095236,-0.04176456953667565,-0.04476749808987318,0.07065217391304346,-0.1560839868454338,-0.2724819035576286,-0.29207371780353564,5.731200077701496,10.323418049969781,8.027309063835638,neutral
3696,Morgan Sanson,21,642,0.17482609953731282,0,1.2866666666666666,0.024508331710838247,0.0,Aston Villa,642,3696,Morgan Sanson,Aston Villa,7,14,312.0,330.0,0.034620374835167916,0.014947854575108372,0.0,0.0,1.7142857142857142,1.1428571428571428,0.9454545454545454,3696,Morgan Sanson,Aston Villa,2,19,37.0,605.0,0.06860991889560528,0.021811209849951666,0.0,0.0,1.5,1.3157894736842106,0.06115702479338843,1.2866666666666666,-0.019672520260059542,-0.046798709045653614,-0.5714285714285714,-0.18421052631578938,-0.19672520260059542,-0.46798709045653614,14.317794554060637,1.6446423915804445,7.98121847282054,neutral
2958,Oleksandr Zinchenko,108,7685,13.840390623081472,10,2.321327160493827,0.16208655251494242,0.11711125569290826,Arsenal,3921,2958,Oleksandr Zinchenko,Arsenal,37,71,2704.0,4981.0,0.18820216966560102,0.14790935340324177,0.16642011834319526,0.09034330455731782,2.4864864864864864,2.1549295774647885,0.5428628789399719,2958,Oleksandr Zinchenko,Arsenal,54,54,3684.0,4001.0,0.1969333984153436,0.13000062892157127,0.12214983713355049,0.11247188202949263,2.2037037037037037,2.3333333333333335,0.920769807548113,2.321327160493827,-0.040292816262359255,-0.06693276949377233,-0.3315569090216979,0.12962962962962976,-0.24858827359317637,-0.41294461789235687,4.844794729577334,10.951620902699442,7.898207816138388,neutral
6274,Andriy Yarmolenko,57,1600,8.124080986715851,8,1.4219005847953217,0.4569795555027667,0.45,West Ham United,1600,6274,Andriy Yarmolenko,West Ham United,14,43,322.0,1278.0,0.30140139093125073,0.49617843577821896,0.0,0.5633802816901409,1.3571428571428572,1.3255813953488371,0.2519561815336463,6274,Andriy Yarmolenko,West Ham United,34,23,994.0,606.0,0.5805564548827752,0.2542808129553599,0.6338028169014085,0.1485148514851485,1.2941176470588236,1.391304347826087,0.6096579476861167,1.4219005847953217,0.19477704484696823,-0.32627564192741526,-0.031561461794020085,0.09718670076726332,0.4262270434235848,-0.7139830173987727,-5.230897791644824,21.012350194570455,7.890726201462815,neutral
7696,Teemu Pukki,73,6186,30.655679156072434,28,0.615958904109589,0.4460089110970771,0.4073714839961203,Norwich City,6186,7696,Teemu Pukki,Norwich City,24,49,2055.0,4131.0,0.5540069557291312,0.3922843936149006,0.5693430656934306,0.32679738562091504,0.8333333333333334,0.46938775510204084,0.4974582425562818,7696,Teemu Pukki,Norwich City,34,39,2700.0,3486.0,0.46800751890987147,0.4289704024641038,0.4666666666666667,0.36144578313253006,0.35294117647058826,0.7948717948717948,0.774526678141136,1.0,-0.16172256211423058,-0.03903711644576768,-0.36394557823129253,0.44193061840120657,-0.36259939676189673,-0.08752541815755553,14.43694138389056,1.3224834581025298,7.879712420996545,neutral
7390,Karlan Grant,21,1140,1.8434261791408058,1,0.7252380952380951,0.14553364572164257,0.07894736842105263,West Bromwich Albion,1140,7390,Karlan Grant,West Bromwich Albion,3,18,92.0,1048.0,0.07980622837077014,0.1513036098402306,0.0,0.08587786259541984,0.6666666666666666,0.3888888888888889,0.08778625954198473,7390,Karlan Grant,West Bromwich Albion,5,16,398.0,742.0,0.1925642917578543,0.12030696496367453,0.22613065326633167,0.0,0.4,0.4375,0.5363881401617251,1.0,0.07149738146946047,-0.07225732679417977,-0.27777777777777773,0.03749999999999998,0.49127733394524564,-0.4964991183714589,-2.7750672471868567,18.440991156103564,7.832961954458353,neutral
6030,Zanka,40,2678,2.4103369731456032,2,1.277,0.08100460327972528,0.06721433905899925,Brentford,2678,6030,Zanka,Brentford,12,28,894.0,1784.0,0.06867893727733783,0.08718125429213244,0.10067114093959731,0.05044843049327354,1.6666666666666667,1.1071428571428572,0.5011210762331838,6030,Zanka,Brentford,21,19,1329.0,1349.0,0.09665462589963562,0.06558660471644814,0.13544018058690743,0.0,1.380952380952381,1.1578947368421053,0.9851742031134173,1.277,0.018502317014794614,-0.03106802118318748,-0.5595238095238095,-0.22305764411027562,0.18502317014794614,-0.3106802118318748,-2.8867963779298154,18.498586903576516,7.80589526282335,neutral
8970,Sékou Mara,22,510,2.109030083753168,3,0.7627272727272728,0.37218177948585324,0.5294117647058824,Southampton,510,8970,Sékou Mara,Southampton,8,14,190.0,320.0,0.33560165086467003,0.3939012308546806,0.9473684210526315,0.28125,0.5,0.8571428571428571,0.59375,8970,Sékou Mara,Southampton,14,8,329.0,181.0,0.45867969194217645,0.21495629220336496,0.547112462006079,0.49723756906077343,0.6428571428571429,0.875,0.5501519756838906,1.0,0.058299579990010564,-0.2437233997388115,0.3571428571428571,0.2321428571428571,0.1566427568553945,-0.6548504337732511,-8.631000296088047,23.941569679266024,7.655284691588989,neutral
9683,Mads Bech Sørensen,15,854,0.4136955030262468,0,1.5306666666666664,0.043597886735787135,0.0,Brentford,854,9683,Mads Bech Sørensen,Brentford,6,9,334.0,520.0,0.08078502468809393,0.019712301974113156,0.0,0.0,1.3333333333333333,1.7777777777777777,0.6423076923076924,9683,Mads Bech Sørensen,Brentford,12,3,673.0,181.0,0.039521099897143024,0.05875632619660198,0.0,0.0,1.75,1.0,0.2689450222882615,1.5306666666666664,-0.06107272271398077,0.01923522629945896,0.4444444444444444,-0.75,-0.6107272271398076,0.19235226299458957,16.074391239887422,-1.0480173272544373,7.513186956316493,neutral
545,Kieran Gibbs,10,808,0.46814790368080117,0,0.5459999999999999,0.05214518729117835,0.0,West Bromwich Albion,808,545,Kieran Gibbs,West Bromwich Albion,3,7,225.0,583.0,0.0074465200304984795,0.06939595939006853,0.0,0.0,0.3333333333333333,0.7142857142857143,0.38593481989708406,545,Kieran Gibbs,West Bromwich Albion,3,7,225.0,583.0,0.1497253224253654,0.01448561541263275,0.0,0.0,0.0,0.8571428571428571,0.38593481989708406,1.0,0.06194943935957005,-0.13523970701273266,0.380952380952381,0.8571428571428571,0.6194943935957005,-1.3523970701273265,-18.20613989069492,33.22758563625036,7.51072287277772,neutral
7438,James Garner,54,3798,8.78581991419196,4,1.1533333333333333,0.20819478469649194,0.0947867298578199,Everton,3793,7438,James Garner,Everton,18,36,1307.0,2491.0,0.17422089356766593,0.22602050758102651,0.20657995409334354,0.03613006824568447,1.7777777777777777,0.8333333333333334,0.5246888799678844,7438,James Garner,Everton,23,31,1589.0,2209.0,0.25760250098656334,0.17265433146655826,0.11327879169288861,0.08148483476686283,1.2173913043478262,1.096774193548387,0.7193300135808058,1.1533333333333333,0.051799614013360584,-0.08494816952000508,-0.9444444444444443,-0.12061711079943915,0.2488036099889557,-0.40802256235113293,-3.626635096405094,18.566043079514287,7.469703991554597,neutral
1374,José Reina,12,1080,0.039028100669384,0,0.9016666666666667,0.003252341722448667,0.0,Aston Villa,1080,1374,José Reina,Aston Villa,4,8,360.0,720.0,0.0,0.004878512583673,0.0,0.0,2.5,0.25,0.5,1374,José Reina,Aston Villa,7,5,630.0,450.0,0.005575442952769144,0.0,0.0,0.0,1.1428571428571428,0.8,0.7142857142857143,1.0,0.004878512583673,-0.005575442952769144,-2.25,-0.34285714285714275,0.04878512583673,-0.05575442952769143,9.542520595714448,5.236701068221306,7.389610831967877,neutral
512,Scott Dann,31,2613,1.393580089323222,2,0.9432258064516128,0.04799931421319938,0.06888633754305395,Crystal Palace,2613,512,Scott Dann,Crystal Palace,11,20,962.0,1651.0,0.028705415006130594,0.0592414287118064,0.18711018711018712,0.0,1.0909090909090908,1.1,0.5826771653543307,512,Scott Dann,Crystal Palace,15,16,1265.0,1348.0,0.07165704638855493,0.025798252490777444,0.0,0.13353115727002968,0.9333333333333333,1.25,0.9384272997032641,1.0,0.030536013705675803,-0.045858793897777486,0.00909090909090926,0.31666666666666665,0.305360137056758,-0.45858793897777483,-12.507817186466767,27.152914438537557,7.322548626035395,neutral
596,Tom Cleverley,46,2596,4.634894348680971,3,0.7031521739130434,0.16068585954595047,0.10400616332819723,Watford,2596,596,Tom Cleverley,Watford,17,29,1115.0,1481.0,0.15202973453921048,0.16720279363272636,0.16143497757847533,0.06076975016880486,0.7647058823529411,0.5172413793103449,0.7528696826468603,596,Tom Cleverley,Watford,31,15,1743.0,853.0,0.1874896342162421,0.10591566112822685,0.10327022375215145,0.10550996483001171,0.6129032258064516,0.6,0.48938611589214,1.0,0.015173059093515878,-0.08157397308801524,-0.24746450304259626,-0.012903225806451646,0.09442684711890856,-0.5076611801344472,-3.113292510942515,17.454109915064183,7.1704087020608345,neutral
3697,Odsonne Edouard,93,4932,24.420747510157522,24,1.232258064516129,0.4456340786525095,0.43795620437956206,Crystal Palace,4932,3697,Odsonne Edouard,Crystal Palace,33,60,1965.0,2967.0,0.35263312070538066,0.5072272307812956,0.366412213740458,0.4853387259858443,1.0909090909090908,1.35,0.6622851365015167,3697,Odsonne Edouard,Crystal Palace,46,47,2575.0,2357.0,0.552874124581808,0.3284753521917783,0.5941747572815533,0.26728892660161224,1.434782608695652,1.0851063829787233,0.9153398058252428,1.232258064516129,0.15459411007591495,-0.22439877239002964,0.25909090909090926,-0.3496762257169288,0.3469081865178948,-0.5035493987994762,-14.44386576948843,28.780531717483676,7.168332973997623,neutral
9983,Beto,30,898,8.361188208218664,3,1.15,0.8379810008236969,0.30066815144766146,Everton,898,9983,Beto,Everton,10,20,296.0,602.0,1.1185941659543361,0.7000050923873691,0.0,0.4485049833887043,2.0,0.8,0.49169435215946844,9983,Beto,Everton,8,22,287.0,611.0,0.7162873156024759,0.8951431737508496,0.0,0.44189852700491,1.25,1.1818181818181819,0.469721767594108,1.15,-0.41858907356696706,0.17885585814837368,-1.2,-0.06818181818181812,-0.49952095949134073,0.21343665067891346,20.080997083143984,-5.824038275040992,7.128479404051497,neutral
6859,Kortney Hause,32,2564,4.682310351170599,3,1.059375,0.16435566755279013,0.10530421216848673,Aston Villa,2564,6859,Kortney Hause,Aston Villa,8,24,491.0,2073.0,0.12996128644574195,0.17250214180438717,0.0,0.13024602026049203,1.625,0.9166666666666666,0.23685479980704294,6859,Kortney Hause,Aston Villa,14,18,1084.0,1480.0,0.20606609642148233,0.13380559667869393,0.16605166051660517,0.060810810810810814,0.7142857142857143,1.3888888888888888,0.7324324324324324,1.059375,0.04254085535864521,-0.07226049974278839,-0.7083333333333334,0.6746031746031745,0.2588341247494938,-0.4396593121413274,-2.4672149497777998,16.61398401823201,7.073384534227105,neutral
537,Andy Carroll,37,951,3.07057481445372,5,1.107027027027027,0.2905906764467243,0.47318611987381703,Newcastle United,951,537,Andy Carroll,Newcastle United,6,31,133.0,818.0,0.29095592271340504,0.290531290440039,0.6766917293233082,0.4400977995110024,1.5,1.1612903225806452,0.1625916870415648,537,Andy Carroll,Newcastle United,16,21,342.0,609.0,0.3501086569342173,0.2571667859266543,0.2631578947368421,0.5911330049261083,1.4375,1.0476190476190477,0.5615763546798029,1.107027027027027,-0.0004246322733660324,-0.09294187100756296,-0.33870967741935476,-0.38988095238095233,-0.0014612728755042583,-0.3198377599172647,0.5124943857574507,13.335186504748131,6.923840445252791,neutral
9788,Dominik Szoboszlai,33,2135,9.176705741323529,5,2.121212121212121,0.38684005466937593,0.2107728337236534,Liverpool,2135,9788,Dominik Szoboszlai,Liverpool,9,24,595.0,1540.0,0.3877086944627661,0.3865044438401115,0.3025210084033614,0.17532467532467533,2.0,2.1666666666666665,0.38636363636363635,9788,Dominik Szoboszlai,Liverpool,16,17,1138.0,997.0,0.4777466152796295,0.2830770998303903,0.23725834797891038,0.18054162487462388,2.0625,2.176470588235294,0.8760984182776801,2.121212121212121,-0.0012042506226546124,-0.19466951544923922,0.16666666666666652,0.11397058823529393,-0.003113045322268554,-0.5032299863973992,-0.2638801007125042,14.07828799318308,6.907203946235288,neutral
502,Olivier Giroud,35,1765,15.035481402650476,12,1.7154285714285713,0.7666817712399676,0.6118980169971672,Chelsea,1765,502,Olivier Giroud,Chelsea,12,23,569.0,1196.0,0.9824956136776922,0.6640077943611504,0.632688927943761,0.6020066889632107,1.75,1.7826086956521738,0.47575250836120403,502,Olivier Giroud,Chelsea,17,18,784.0,981.0,0.8147542355629634,0.7282630026067068,0.8035714285714285,0.45871559633027525,2.0,1.5555555555555556,0.799184505606524,1.7154285714285713,-0.3184878193165418,-0.0864912329562566,0.032608695652173836,-0.4444444444444444,-0.4154107104978458,-0.11281242909476359,7.974188880077601,5.7495762145789575,6.861882547328279,neutral
973,Paulo Gazzaniga,18,1612,0.4000610113143921,0,1.5522222222222224,0.022335912542366804,0.0,Tottenham Hotspur,1612,973,Paulo Gazzaniga,Tottenham Hotspur,8,10,720.0,892.0,0.05000762641429901,0.0,0.0,0.0,1.0,1.2,0.8071748878923767,973,Paulo Gazzaniga,Tottenham Hotspur,3,15,262.0,1350.0,0.0,0.02667073408762614,0.0,0.0,0.3333333333333333,1.2666666666666666,0.19407407407407407,1.5522222222222224,-0.05000762641429901,0.02667073408762614,0.19999999999999996,0.9333333333333333,-0.5000762641429901,0.2667073408762614,17.16318708373005,-3.5011911071362283,6.830997988296911,neutral
3288,Thiago Silva,113,9458,7.152418026700613,11,1.5980530973451326,0.06806064943995085,0.10467329245083527,Chelsea,9458,3288,Thiago Silva,Chelsea,38,75,3129.0,6329.0,0.08166662546826572,0.06133397871904752,0.05752636625119847,0.12798230368146626,1.6578947368421053,1.5333333333333334,0.49439089903618266,3288,Thiago Silva,Chelsea,56,57,4751.0,4707.0,0.07947879079498003,0.05653577381264181,0.1326036623868659,0.07648183556405354,1.4821428571428572,1.6666666666666667,0.9907387918332983,1.5980530973451326,-0.020332646749218204,-0.02294301698233822,-0.12456140350877187,0.18452380952380953,-0.20332646749218203,-0.2294301698233822,4.788585003629689,8.812740271609574,6.800662637619631,neutral
847,Cédric Soares,63,4053,4.77905306778848,5,1.658095238095238,0.10612256997309726,0.11102886750555144,Arsenal,2552,847,Cédric Soares,Arsenal,26,37,1677.0,2376.0,0.12728895330618334,0.09118316557512361,0.16100178890876565,0.07575757575757576,1.6538461538461537,1.8108108108108107,0.7058080808080808,847,Cédric Soares,Arsenal,23,40,1342.0,2711.0,0.12010839411741792,0.09919930328122033,0.20119225037257824,0.06639616377720399,1.7391304347826086,1.75,0.4950202877167097,1.658095238095238,-0.03610578773105973,-0.02090909083619759,0.156964656964657,0.010869565217391353,-0.34022722725441695,-0.19702774670362935,9.469654847248002,4.085099891527853,6.777377369387928,neutral
641,Danny Rose,31,2458,1.7572281891480082,0,1.2272043010752687,0.06434114606318989,0.0,Tottenham Hotspur,895,641,Danny Rose,Tottenham Hotspur,10,21,862.0,1596.0,0.09458536356730758,0.04800623660921153,0.0,0.0,0.6,1.0952380952380953,0.5401002506265664,641,Danny Rose,Tottenham Hotspur,20,11,1750.0,708.0,0.06449340860226323,0.06396479091717527,0.0,0.0,1.05,0.7272727272727273,0.4045714285714286,1.2272043010752687,-0.04657912695809605,-0.0005286176850879537,0.49523809523809537,-0.32272727272727275,-0.4657912695809605,-0.005286176850879537,12.17026088823071,1.1859206040950663,6.678090746162888,neutral
8716,Luke Ayling,93,7706,12.357170647010204,7,1.2266666666666666,0.14432200340396034,0.08175447703088502,Leeds United,7706,8716,Luke Ayling,Leeds United,28,65,2286.0,5420.0,0.18746387345467022,0.12612600433829194,0.11811023622047244,0.06642066420664207,0.8928571428571429,1.2153846153846153,0.4217712177121771,8716,Luke Ayling,Leeds United,26,67,1870.0,5836.0,0.17944871103341242,0.13306652991748408,0.1443850267379679,0.061686086360520906,0.6153846153846154,1.3134328358208955,0.32042494859492804,1.2266666666666666,-0.061337869116378285,-0.046382181115928345,0.3225274725274724,0.6980482204362801,-0.4250070513828185,-0.3213798313629533,9.120304780046819,4.053054998293782,6.5866798891703,neutral
508,Calum Chambers,56,3308,5.25767532084137,6,1.5114285714285713,0.14304437088141575,0.16324062877871826,Arsenal,2024,508,Calum Chambers,Arsenal,12,44,680.0,2628.0,0.13999440477174868,0.14383355541511955,0.1323529411764706,0.17123287671232876,1.25,1.6136363636363635,0.258751902587519,508,Calum Chambers,Arsenal,24,32,1340.0,1968.0,0.17896708716819085,0.11858479779997336,0.26865671641791045,0.09146341463414635,1.625,1.46875,0.6808943089430894,1.5114285714285713,0.00383915064337087,-0.06038228936821749,0.36363636363636354,-0.15625,0.026838879570825883,-0.4221227930617039,-0.9441655510846577,14.01546079062326,6.535647619769302,neutral
530,James Tomkins,44,3026,3.1780230924487105,4,1.1577272727272727,0.09452150638479312,0.11896893588896233,Crystal Palace,3026,530,James Tomkins,Crystal Palace,14,30,1103.0,1923.0,0.09895255166027399,0.09197993439370865,0.16319129646418856,0.093603744149766,1.0714285714285714,1.0,0.5735829433177327,530,James Tomkins,Crystal Palace,9,35,417.0,2609.0,0.17812894751056488,0.08115841594805612,0.2158273381294964,0.10348792640858566,1.5555555555555556,0.8857142857142857,0.15983135300881565,1.1577272727272727,-0.00697261726656534,-0.09697053156250876,-0.0714285714285714,-0.6698412698412699,-0.0697261726656534,-0.9697053156250875,2.772038123347409,10.295920747943372,6.53397943564539,neutral
503,Theo Walcott,76,4506,16.819338005967435,15,1.187828947368421,0.335938841663797,0.2996005326231691,Southampton,3186,503,Theo Walcott,Southampton,20,56,1227.0,3279.0,0.4378044027334174,0.2978208046304257,0.3667481662591687,0.2744739249771272,0.95,1.2142857142857142,0.37419945105215,503,Theo Walcott,Southampton,34,42,1702.0,2804.0,0.37411828220030674,0.31276430250789844,0.3701527614571093,0.25677603423680456,0.9411764705882353,1.3095238095238095,0.6069900142653353,1.187828947368421,-0.1399835981029917,-0.0613539796924083,0.26428571428571423,0.36834733893557425,-0.4166936976078681,-0.1826343729368768,8.356340391473717,4.6506488088947515,6.503494600184235,neutral
3358,Ibrahim Amadou,11,757,0.6430365107953546,0,0.8849999999999999,0.07645084012098007,0.0,Norwich City,757,3358,Ibrahim Amadou,Norwich City,5,6,407.0,350.0,0.08275024721019097,0.06912552959152625,0.0,0.0,0.6,0.8333333333333334,0.85995085995086,3358,Ibrahim Amadou,Norwich City,7,4,529.0,228.0,0.08495062730488118,0.05672984266359549,0.0,0.0,0.5714285714285714,1.0,0.43100189035916825,1.0,-0.013624717618664725,-0.02822078464128569,0.2333333333333334,0.4285714285714286,-0.13624717618664725,-0.2822078464128569,6.195059336378848,6.667097110787029,6.431078223582938,neutral
592,Ross Barkley,85,5470,25.05481594149023,19,1.3600980392156863,0.4122364597320147,0.3126142595978062,Luton Town,2627,592,Ross Barkley,Luton Town,27,58,1524.0,3946.0,0.4280221611114702,0.40613980263564115,0.23622047244094488,0.3421186011150532,1.7037037037037037,1.0689655172413792,0.3862138874809934,592,Ross Barkley,Luton Town,34,51,1963.0,3507.0,0.48925531757649143,0.3691261038869313,0.32093734080489045,0.30795551753635586,1.5,1.1176470588235294,0.5597376675220986,1.3600980392156863,-0.021882358475829033,-0.12012921368956014,-0.6347381864623245,-0.38235294117647056,-0.05308205511481018,-0.2914085128900373,2.8575284968425376,9.968425462580912,6.412976979711725,neutral
7690,Grant Hanley,48,4160,2.5340755842626086,1,0.6331249999999999,0.05482375062106605,0.021634615384615384,Norwich City,4160,7690,Grant Hanley,Norwich City,17,31,1450.0,2710.0,0.06150413126010317,0.05124937721641518,0.06206896551724137,0.0,1.0,0.45161290322580644,0.5350553505535055,7690,Grant Hanley,Norwich City,18,30,1610.0,2550.0,0.06824703881320374,0.04634865493897128,0.0,0.03529411764705882,0.2777777777777778,0.8666666666666667,0.6313725490196078,1.0,-0.010254754043687989,-0.021898383874232458,-0.5483870967741935,0.5888888888888889,-0.10254754043687989,-0.21898383874232458,6.77497721681517,5.960144123587792,6.367560670201481,neutral
6033,Aaron Mooy,31,2095,6.267293162643908,4,1.0412903225806451,0.26923932440952353,0.1718377088305489,Brighton,2095,6033,Aaron Mooy,Brighton,11,20,799.0,1296.0,0.3532824539422093,0.2174256974831223,0.3379224030037547,0.06944444444444445,1.0909090909090908,1.0,0.6165123456790124,6033,Aaron Mooy,Brighton,15,16,759.0,1336.0,0.2220587006111154,0.2960432865824215,0.11857707509881424,0.20209580838323352,1.2,0.875,0.5681137724550899,1.0412903225806451,-0.135856756459087,0.07398458597130611,-0.09090909090909083,-0.32499999999999996,-0.5045947755107407,0.27479115888276656,21.450971829035012,-8.721405525720932,6.36478315165704,neutral
10766,Joe Ayodele-Aribo,21,1224,3.0421272106468673,2,0.7095238095238094,0.22368582431226963,0.14705882352941177,Southampton,1224,10766,Joe Ayodele-Aribo,Southampton,6,15,254.0,970.0,0.29116778832486295,0.20601528940587926,0.3543307086614173,0.09278350515463918,0.16666666666666666,0.7333333333333333,0.2618556701030928,10766,Joe Ayodele-Aribo,Southampton,18,3,1109.0,115.0,0.24221920027885482,0.04495961607798279,0.1623083859332732,0.0,0.6666666666666666,0.0,0.1036970243462579,1.0,-0.08515249891898369,-0.19725958420087203,0.5666666666666667,-0.6666666666666666,-0.3806790134367621,-0.8818600141844212,5.493958273785872,7.092551650902847,6.29325496234436,neutral
7700,Che Adams,124,7839,46.368232724256806,38,1.1344354838709676,0.5323562884530058,0.4362801377726751,Southampton,7839,7700,Che Adams,Southampton,34,90,2284.0,5555.0,0.47824883586833095,0.5546031690476769,0.3152364273204904,0.48604860486048607,1.1764705882352942,1.0555555555555556,0.41116111611161116,7700,Che Adams,Southampton,58,66,3762.0,4077.0,0.6088691791207596,0.4617549897794494,0.4545454545454546,0.4194260485651214,1.0862068965517242,1.0909090909090908,0.9227373068432672,1.1344354838709676,0.07635433317934598,-0.14711418934131015,-0.12091503267973858,0.004702194357366629,0.14342712734966825,-0.2763453584230494,-3.2005878668586076,15.69609147182154,6.247751802481465,neutral
8706,Eberechi Eze,112,7921,35.33170399209484,41,1.1769642857142857,0.40144594865402544,0.46585027143037494,Crystal Palace,7921,8706,Eberechi Eze,Crystal Palace,42,70,2983.0,4938.0,0.3647335646396169,0.42362355932939616,0.45256453234998323,0.4738760631834751,1.1666666666666667,1.3285714285714285,0.6040907249898745,8706,Eberechi Eze,Crystal Palace,48,64,3547.0,4374.0,0.4738017619034254,0.3427705783761056,0.45672399210600506,0.4732510288065843,1.5,1.09375,0.8109282121627801,1.1769642857142857,0.058889994689779235,-0.1310311835273198,0.16190476190476177,-0.40625,0.14669470419922426,-0.3263980716872179,-6.101489613558935,18.541237366039674,6.219873876240369,neutral
10050,Micky van de Ven,27,2345,1.0063121542334554,3,1.8844444444444446,0.038621788435399144,0.11513859275053305,Tottenham Hotspur,2345,10050,Micky van de Ven,Tottenham Hotspur,5,22,405.0,1940.0,0.06341219610638088,0.033446471370065324,0.2222222222222222,0.09278350515463918,2.4,1.7272727272727273,0.20876288659793815,10050,Micky van de Ven,Tottenham Hotspur,18,9,1620.0,725.0,0.053939092697368726,0.0043955361534809174,0.16666666666666669,0.0,2.0,1.5555555555555556,0.44753086419753085,1.8844444444444446,-0.029965724736315556,-0.04954355654388781,-0.6727272727272726,-0.4444444444444444,-0.2996572473631555,-0.4954355654388781,3.0690300937201607,9.291659187711375,6.180344640715767,neutral
594,Romelu Lukaku,26,1571,10.38319014199078,8,1.8853846153846152,0.594835845180885,0.4583068109484405,Chelsea,1571,594,Romelu Lukaku,Chelsea,7,19,345.0,1226.0,0.3633172931554524,0.6599858455469325,0.0,0.5872756933115824,1.7142857142857142,1.9473684210526316,0.2814029363784666,594,Romelu Lukaku,Chelsea,13,13,1042.0,529.0,0.7827257887494254,0.2247388296829279,0.6046065259117083,0.17013232514177695,1.9230769230769231,1.8461538461538463,0.5076775431861804,1.8853846153846152,0.2966685523914801,-0.5579869590664975,0.23308270676691745,-0.07692307692307687,0.49874020672252106,-0.9380520081079143,-5.558647610591135,17.888380244464006,6.164866316936436,neutral
6894,Mohamed Elyounoussi,63,4260,13.702424684539436,8,0.9022222222222221,0.2894878454480162,0.16901408450704225,Southampton,4260,6894,Mohamed Elyounoussi,Southampton,21,42,1313.0,2947.0,0.3693208834390465,0.25391920653311195,0.1370906321401371,0.18323719036308111,0.8095238095238095,0.9523809523809523,0.44553783508652867,6894,Mohamed Elyounoussi,Southampton,36,27,2559.0,1701.0,0.2934094661779063,0.2835881232564884,0.1406799531066823,0.21164021164021163,0.8333333333333334,1.0,0.6647127784290738,1.0,-0.11540167690593456,-0.009821342921417897,0.1428571428571428,0.16666666666666663,-0.39864083663801847,-0.033926615835004136,11.796187651742784,0.47074722449157597,6.13346743811718,neutral
7706,George Baldock,83,7172,7.233048544265328,8,0.8894377510040159,0.09076608602675398,0.1003904071388734,Sheffield United,7172,7706,George Baldock,Sheffield United,26,57,2294.0,4878.0,0.13206989117902104,0.07134195133645044,0.11769834350479512,0.09225092250922509,0.6153846153846154,1.1403508771929824,0.4702747027470275,7706,George Baldock,Sheffield United,29,54,2522.0,4650.0,0.0833208232225878,0.09480414039064798,0.035685963521015066,0.13548387096774195,0.8620689655172413,1.037037037037037,0.5423655913978495,1.0,-0.060727939842570605,0.011483317168060184,0.524966261808367,0.17496807151979565,-0.607279398425706,0.11483317168060184,17.522386173291498,-5.308675890800578,6.106855141245459,neutral
1545,Emil Krafth,71,4870,4.106111727654932,3,1.4142957746478872,0.07588296827288375,0.055441478439425054,Newcastle United,4870,1545,Emil Krafth,Newcastle United,20,51,1262.0,3608.0,0.07045113059460356,0.07778290706168355,0.07131537242472266,0.04988913525498891,1.4,1.4705882352941178,0.34977827050997784,1545,Emil Krafth,Newcastle United,30,41,2287.0,2583.0,0.09120406927870747,0.06231759545046067,0.03935286401399213,0.06968641114982578,1.5333333333333334,1.3902439024390243,0.8854045683313976,1.4142957746478872,0.007331776467079984,-0.0288864738282468,0.07058823529411784,-0.14308943089430914,0.07331776467079984,-0.288864738282468,-1.44386316490154,13.55464099160653,6.055388913352495,neutral
591,Gerard Deulofeu,28,2137,10.999571118503807,9,0.82875,0.4632481987203288,0.37903603182030887,Watford,2137,591,Gerard Deulofeu,Watford,11,17,919.0,1218.0,0.5181515462680336,0.421822766539425,0.4896626768226333,0.29556650246305416,0.8181818181818182,1.0588235294117647,0.7545155993431856,591,Gerard Deulofeu,Watford,11,17,730.0,1407.0,0.5243263638335957,0.4315587456054143,0.24657534246575344,0.44776119402985076,0.45454545454545453,1.2941176470588236,0.5188343994314144,1.0,-0.0963287797286086,-0.09276761822818136,0.2406417112299465,0.839572192513369,-0.20794204919675036,-0.20025467661707375,9.16700714172721,2.9169416984967134,6.041974420111961,neutral
5956,Youri Tielemans,170,12791,34.8595537059009,42,1.5765098039215686,0.24527869857955448,0.29552028770229066,Leicester City,11211,5956,Youri Tielemans,Leicester City,51,119,3920.0,8871.0,0.23063672429226256,0.2517488303804996,0.2755102040816326,0.30436252959080146,1.607843137254902,1.5210084033613445,0.4418893022207192,5956,Youri Tielemans,Leicester City,77,93,5898.0,6893.0,0.29283582977097883,0.204586407883628,0.3662258392675483,0.23502103583345424,1.5064935064935066,1.5806451612903225,0.8556506600899463,1.5765098039215686,0.021112106088237048,-0.08824942188735083,-0.08683473389355756,0.07415165479681596,0.08607394857564234,-0.3597924418158462,-1.4454382649110338,13.26695568127348,5.910758708181223,neutral
8300,Steven Bergwijn,60,2434,9.440785501152275,12,1.7333333333333334,0.34908409823488284,0.4437140509449466,Tottenham Hotspur,2434,8300,Steven Bergwijn,Tottenham Hotspur,19,41,577.0,1857.0,0.508297407609028,0.29961394233349253,0.3119584055459272,0.48465266558966075,2.0,1.7317073170731707,0.31071620893914914,8300,Steven Bergwijn,Tottenham Hotspur,26,34,978.0,1456.0,0.3849003597682604,0.3250261972873256,0.4601226993865031,0.4326923076923077,1.6923076923076923,1.911764705882353,0.6717032967032966,1.7333333333333334,-0.20868346527553544,-0.0598741624809348,-0.2682926829268293,0.21945701357466074,-0.5978028398621635,-0.17151787429929907,7.9822621730211845,3.802233760210996,5.8922479666160905,neutral
465,Joshua King,69,4399,23.742119671776887,18,0.9289613526570047,0.485744662527829,0.3682655148897477,Watford,2247,465,Joshua King,Watford,16,53,1118.0,3281.0,0.5721099006281982,0.4563157273872583,0.4830053667262969,0.32916793660469373,1.1875,0.7358490566037735,0.34074977141115514,465,Joshua King,Watford,34,35,2515.0,1884.0,0.5012051708270493,0.4651060328184134,0.5009940357852883,0.19108280254777069,0.8823529411764706,0.8,0.7491053677932406,1.0,-0.11579417324093993,-0.0360991380086359,-0.45165094339622647,-0.08235294117647052,-0.23838485972927376,-0.07431710689475199,7.225070609443089,4.513904361449144,5.8694874854461165,neutral
10822,Wilson Odobert,29,2150,6.971671070903538,5,0.8744827586206896,0.2918373936657295,0.20930232558139536,Burnley,2150,10822,Wilson Odobert,Burnley,10,19,786.0,1364.0,0.28434590422299516,0.2961543369956336,0.22900763358778628,0.19794721407624635,0.8,0.47368421052631576,0.5762463343108505,10822,Wilson Odobert,Burnley,10,19,763.0,1387.0,0.363337297827435,0.25250471387093404,0.23591087811271297,0.1946647440519106,0.2,0.7894736842105263,0.5501081470800289,1.0,0.011808432772638433,-0.11083258395650097,-0.3263157894736843,0.5894736842105264,0.04046237058354424,-0.37977512944570974,0.248242284278999,11.381474731917116,5.814858508098058,neutral
8384,Armando Broja,66,2756,11.527050130069254,9,1.3436363636363635,0.37642761672940234,0.29390420899854863,Southampton,1986,8384,Armando Broja,Southampton,20,46,695.0,2061.0,0.4947754296092249,0.33651896561272276,0.12949640287769784,0.34934497816593885,1.3,1.391304347826087,0.3372149442018438,8384,Armando Broja,Southampton,32,34,1134.0,1622.0,0.405987776845457,0.35576101896639006,0.3968253968253968,0.2219482120838471,1.3125,1.411764705882353,0.6991368680641183,1.3436363636363635,-0.15825646399650212,-0.05022675787906694,0.09130434782608687,0.09926470588235303,-0.42041672014268255,-0.13343005573146563,7.15674598602739,4.343448116636957,5.750097051332174,neutral
2361,Willian José,17,1123,2.7003769557923074,1,1.0611764705882352,0.21641489405281183,0.08014247551202137,Wolverhampton Wanderers,1123,2361,Willian José,Wolverhampton Wanderers,4,13,330.0,793.0,0.2968111017888242,0.18295871681083944,0.2727272727272727,0.0,1.25,1.3076923076923077,0.416141235813367,2361,Willian José,Wolverhampton Wanderers,3,14,67.0,1056.0,0.09435357776150771,0.22415931468871841,0.0,0.08522727272727273,1.0,1.3571428571428572,0.0634469696969697,1.0611764705882352,-0.11385238497798475,0.1298057369272107,0.05769230769230771,0.3571428571428572,-0.5260838699493635,0.5998003857143683,14.215055045644442,-2.7238471481652584,5.745603948739592,neutral
593,Aaron Lennon,44,2004,1.6454287604428819,2,1.0790530303030303,0.07389650121749469,0.08982035928143713,Burnley,2004,593,Aaron Lennon,Burnley,18,26,889.0,1115.0,0.09100378093941403,0.060256705995264837,0.0,0.16143497757847533,1.1666666666666667,1.0769230769230769,0.7973094170403587,593,Aaron Lennon,Burnley,16,28,414.0,1590.0,0.05248766139392615,0.07947087837910312,0.21739130434782608,0.056603773584905655,0.9375,1.2142857142857142,0.26037735849056604,1.0790530303030303,-0.03074707494414919,0.026983216985176972,-0.08974358974358987,0.2767857142857142,-0.3074707494414919,0.2698321698517697,16.566365386867655,-5.22565648462853,5.670354451119563,neutral
510,Joel Ward,137,11358,4.324947440065441,3,1.1421411192214113,0.03427058193395754,0.02377179080824089,Crystal Palace,11358,510,Joel Ward,Crystal Palace,45,92,3677.0,7681.0,0.029737755341157964,0.0364405081651415,0.024476475387544192,0.023434448639500064,1.1333333333333333,1.2282608695652173,0.4787137091524541,510,Joel Ward,Crystal Palace,70,67,6088.0,5270.0,0.04446576594658997,0.022492919643842493,0.01478318002628121,0.03415559772296015,1.3285714285714285,1.0597014925373134,0.8656373193166885,1.1421411192214113,0.006702752823983537,-0.021972846302747477,0.09492753623188399,-0.26886993603411513,0.06702752823983536,-0.21972846302747476,-2.3644371526300416,13.695154901072696,5.665358874221328,neutral
3303,Ricardo Pereira,67,4924,8.888551477342842,12,1.5529353233830845,0.16246336981333384,0.21933387489845654,Leicester City,4924,3303,Ricardo Pereira,Leicester City,24,43,1663.0,3261.0,0.2196271520195348,0.13331176913596116,0.2164762477450391,0.22079116835326587,1.625,1.3953488372093024,0.509966268015946,3303,Ricardo Pereira,Leicester City,23,44,1703.0,3221.0,0.14763275478024274,0.17030457981064961,0.26423957721667646,0.19559143123253647,1.7826086956521738,1.3181818181818181,0.5287177895063645,1.5529353233830845,-0.08631538288357365,0.022671825030406878,-0.22965116279069764,-0.4644268774703557,-0.5312913488298794,0.139550380226978,12.967050081587134,-1.7446227398252043,5.611213670880964,neutral
782,Ben Chilwell,97,7408,18.678474700078365,23,1.62553264604811,0.22692531358086568,0.27942764578833695,Chelsea,5026,782,Ben Chilwell,Chelsea,27,70,1963.0,5445.0,0.27392106973796215,0.20998267458428527,0.32093734080489045,0.2644628099173554,1.7407407407407407,1.542857142857143,0.36051423324150594,782,Ben Chilwell,Chelsea,45,52,3231.0,4177.0,0.2499416456778318,0.20912168202585069,0.362116991643454,0.21546564519990424,1.6444444444444444,1.5576923076923077,0.7735216662676562,1.62553264604811,-0.06393839515367689,-0.04081996365198112,-0.19788359788359777,-0.08675213675213667,-0.28175964216919414,-0.17988281257760508,4.813120086818094,6.404715588637709,5.608917837727901,neutral
6490,Manuel Akanji,59,4789,4.077131060883401,3,2.390847457627119,0.07662179901430488,0.05637920233869284,Manchester City,4789,6490,Manuel Akanji,Manchester City,19,40,1470.0,3319.0,0.08403574188753048,0.07333813043230984,0.061224489795918366,0.05423320277191925,2.473684210526316,2.45,0.4429044893040072,6490,Manuel Akanji,Manchester City,26,33,2102.0,2687.0,0.09882712984842187,0.059250900088620516,0.0428163653663178,0.06698920729438035,2.576923076923077,2.3636363636363638,0.7822850762932638,2.390847457627119,-0.010697611455220635,-0.03957622975980136,-0.023684210526315752,-0.21328671328671334,-0.10697611455220635,-0.39576229759801357,1.4310877582780213,9.762411146403945,5.596749452340983,neutral
9154,Elliot Anderson,44,1353,5.55428884923458,3,1.814090909090909,0.3694648901929876,0.19955654101995565,Newcastle United,1353,9154,Elliot Anderson,Newcastle United,9,35,352.0,1001.0,0.42627487918997004,0.3494877512050377,0.5113636363636364,0.0899100899100899,1.3333333333333333,1.9142857142857144,0.3516483516483517,9154,Elliot Anderson,Newcastle United,28,16,1024.0,329.0,0.4357478149904636,0.16316180510905,0.263671875,0.0,1.8571428571428572,1.6875,0.3212890625,1.814090909090909,-0.07678712798493231,-0.27258600988141357,0.5809523809523811,-0.1696428571428572,-0.2078333558158207,-0.7377859632048664,1.6939550837458124,9.447168876979495,5.570561980362654,neutral
5619,Pierre Lees-Melou,33,2293,3.2157114082947356,1,0.549090909090909,0.12621632217467343,0.03924989097252508,Norwich City,2293,5619,Pierre Lees-Melou,Norwich City,11,22,791.0,1502.0,0.11402995413929856,0.13263404329050668,0.11378002528445007,0.0,0.8181818181818182,0.4090909090909091,0.5266311584553928,5619,Pierre Lees-Melou,Norwich City,12,21,1045.0,1248.0,0.14499473685853212,0.11049240923826935,0.0,0.07211538461538461,0.4166666666666667,0.6190476190476191,0.8373397435897436,1.0,0.01860408915120812,-0.03450232762026277,-0.4090909090909091,0.20238095238095238,0.14739844126864612,-0.27335868313857437,-3.279322637906687,14.32797012756872,5.524323744831017,neutral
10290,Edo Kayembe,13,793,0.5576800862327214,0,0.41384615384615375,0.06329282189274264,0.0,Watford,793,10290,Edo Kayembe,Watford,6,7,410.0,383.0,0.10036031447532698,0.023612216256033602,0.0,0.0,0.16666666666666666,0.2857142857142857,0.9341463414634147,10290,Edo Kayembe,Watford,6,7,441.0,352.0,0.03373255097896463,0.10032713857733387,0.0,0.0,0.16666666666666666,0.2857142857142857,0.7981859410430839,1.0,-0.07674809821929338,0.06659458759836924,0.11904761904761904,0.11904761904761904,-0.7674809821929337,0.6659458759836924,49.07368963814677,-38.15862585779093,5.457531890177918,neutral
7752,Gabriel Martinelli,128,8008,52.63333534449338,48,1.96984375,0.5915334891364141,0.5394605394605395,Arsenal,8008,7752,Gabriel Martinelli,Arsenal,44,84,2918.0,5090.0,0.6906353508270995,0.5347202804107913,0.67854694996573,0.45972495088408644,2.1136363636363638,1.9523809523809523,0.5732809430255402,7752,Gabriel Martinelli,Arsenal,57,71,3590.0,4418.0,0.6297603243790711,0.5604709408065955,0.5515320334261838,0.5296514259846085,2.2280701754385963,1.8309859154929577,0.8125848800362154,1.96984375,-0.15591507041630814,-0.0692893835724756,-0.16125541125541143,-0.39708425994563856,-0.2635777572693816,-0.11713518312146941,5.83890672023154,5.020401322722432,5.429654021476986,neutral
11717,Carlton Morris,38,2879,15.998692055232823,15,0.8584210526315789,0.5001327839426725,0.46891281695033,Luton Town,2879,11717,Carlton Morris,Luton Town,11,27,689.0,2190.0,0.53074154410787,0.4905029046030281,0.5224963715529753,0.4520547945205479,1.0909090909090908,0.5185185185185185,0.31461187214611874,11717,Carlton Morris,Luton Town,15,23,1329.0,1550.0,0.5464319134673469,0.4604350141760322,0.47404063205417607,0.4645161290322581,0.4666666666666667,0.8260869565217391,0.8574193548387097,1.0,-0.04023863950484191,-0.08599689929131465,-0.5723905723905723,0.35942028985507246,-0.08045591250313687,-0.1719481346801133,3.5726756638343993,7.238476978785179,5.405576321309789,neutral
5248,Marcel Sabitzer,11,635,2.0620669983327384,1,1.7545454545454546,0.2922614643306244,0.14173228346456693,Manchester United,635,5248,Marcel Sabitzer,Manchester United,3,8,257.0,378.0,0.37277228695409304,0.23752262461043533,0.0,0.23809523809523808,2.3333333333333335,1.5,0.6798941798941799,5248,Marcel Sabitzer,Manchester United,3,8,113.0,522.0,0.1876627742848563,0.31490447577731356,0.0,0.17241379310344826,1.0,2.0,0.2164750957854406,1.7545454545454546,-0.1352496623436577,0.12724170149245725,-0.8333333333333335,1.0,-0.46276939949447066,0.43536941068807317,15.781968061969753,-4.993894787283786,5.3940366373429836,neutral
4419,Adam Armstrong,53,2745,10.030622311867772,7,0.8679245283018868,0.32887286268418925,0.22950819672131148,Southampton,2745,4419,Adam Armstrong,Southampton,15,38,840.0,1905.0,0.3737896200535552,0.309067048411083,0.4285714285714286,0.14173228346456693,0.6666666666666666,0.8947368421052632,0.4409448818897638,4419,Adam Armstrong,Southampton,34,19,1952.0,793.0,0.35266132843031806,0.270316639309103,0.2305327868852459,0.22698612862547288,0.7058823529411765,1.0526315789473684,0.40625,1.0,-0.0647225716424722,-0.08234468912121506,0.22807017543859653,0.34674922600619185,-0.19680119275947716,-0.2503845663918132,5.068829743082963,5.711642376117034,5.3902360595999985,neutral
8905,Conor Townsend,25,2237,3.4713294310495253,2,0.8449333333333332,0.1396601022773613,0.08046490835940992,West Bromwich Albion,2237,8905,Conor Townsend,West Bromwich Albion,5,20,450.0,1787.0,0.22078280188143254,0.11923189028976641,0.0,0.10072747621712368,1.6,0.6,0.2518186905428092,8905,Conor Townsend,West Bromwich Albion,7,18,630.0,1607.0,0.1303352879892502,0.14331575442515843,0.14285714285714285,0.056004978220286245,0.42857142857142855,0.9444444444444444,0.39203484754200374,1.0,-0.10155091159166613,0.012980466435908222,-1.0,0.5158730158730158,-0.7271290077533287,0.09294326886664708,15.335514126597568,-4.572992008101516,5.3812610592480254,neutral
749,Christian Fuchs,20,1463,0.3709058966487642,0,1.5628333333333333,0.02281717751086041,0.0,Leicester City,1463,749,Christian Fuchs,Leicester City,7,13,550.0,913.0,0.027484674413095787,0.020005432389031866,0.0,0.0,2.142857142857143,1.7692307692307692,0.6024096385542169,749,Christian Fuchs,Leicester City,9,11,580.0,883.0,0.03267060499638316,0.016344937486394723,0.0,0.0,2.2222222222222223,1.6363636363636365,0.6568516421291053,1.5628333333333333,-0.0074792420240639215,-0.01632566750998844,-0.37362637362637363,-0.5858585858585859,-0.07479242024063922,-0.16325667509988437,3.458243697964572,7.2654585479700895,5.36185112296733,neutral
10716,Manor Solomon,24,730,2.69090365897864,6,1.4833333333333334,0.3317552456275036,0.7397260273972602,Fulham,536,10716,Manor Solomon,Fulham,12,12,339.0,391.0,0.28081332168550077,0.3759222845439715,0.5309734513274336,0.9207161125319694,1.25,1.6666666666666667,0.8670076726342711,10716,Manor Solomon,Fulham,14,10,362.0,368.0,0.40622570901820987,0.25849897457468923,0.49723756906077343,0.9782608695652174,1.7142857142857142,1.1,0.9836956521739131,1.4833333333333334,0.0951089628584707,-0.14772673444352064,0.41666666666666674,-0.6142857142857141,0.28668412666264065,-0.4452883153787082,-14.165086914631678,24.74472434796791,5.289818716668116,neutral
9301,Emmanuel Dennis,52,3317,13.050982666201888,20,0.7839102564102564,0.35411167921560743,0.5426590292432921,Watford,2612,9301,Emmanuel Dennis,Watford,20,32,1240.0,2077.0,0.4857678858022535,0.2755109588653709,0.7258064516129032,0.4333172845450169,0.7,0.375,0.5970149253731343,9301,Emmanuel Dennis,Watford,25,27,1513.0,1804.0,0.3015645393782885,0.3981825343008977,0.5948446794448117,0.4988913525498892,0.48,0.5185185185185185,0.8386917960088692,1.0,-0.21025692693688258,0.0966179949226092,-0.32499999999999996,0.03851851851851851,-0.5937588034447849,0.2728461120983856,26.754099248438767,-16.34141736004723,5.206340944195768,neutral
770,Ayoze Pérez,80,4187,21.566861927509304,21,1.62025,0.4635819377778451,0.45139718175304516,Leicester City,4187,770,Ayoze Pérez,Leicester City,27,53,1405.0,2782.0,0.5550516641357404,0.4173867668458384,0.704626334519573,0.3235082674335011,1.7777777777777777,1.2452830188679245,0.5050323508267434,770,Ayoze Pérez,Leicester City,36,44,1790.0,2397.0,0.4826849360934682,0.449316453011485,0.6033519553072626,0.3379224030037547,1.4166666666666667,1.4318181818181819,0.7467667918231122,1.62025,-0.13766489728990194,-0.0333684830819832,-0.5324947589098532,0.015151515151515138,-0.29695914804142537,-0.0719796876511911,8.139144677298187,2.2524279253510966,5.195786301324642,neutral
6252,Lyanco,36,2058,1.5407375944778319,2,0.8055555555555555,0.06737919509378273,0.08746355685131195,Southampton,2058,6252,Lyanco,Southampton,11,25,634.0,1424.0,0.051150877169724114,0.07460444338300547,0.14195583596214512,0.06320224719101124,0.7272727272727273,1.04,0.4452247191011236,6252,Lyanco,Southampton,21,15,1201.0,857.0,0.08245587135687606,0.04625073746020621,0.1498751040799334,0.0,1.0,0.8666666666666667,0.7135720233139051,1.0,0.023453566213281353,-0.03620513389666985,0.31272727272727274,-0.1333333333333333,0.23453566213281352,-0.3620513389666985,-8.70181432201206,19.035908818716827,5.167047248352383,neutral
10751,Brenden Aaronson,36,2415,7.306347334757445,4,1.017777777777778,0.2722862360779172,0.14906832298136646,Leeds United,2415,10751,Brenden Aaronson,Leeds United,12,24,649.0,1766.0,0.26004854460549637,0.27678355304598123,0.27734976887519264,0.10192525481313704,0.9166666666666666,0.8333333333333334,0.3674971687429219,10751,Brenden Aaronson,Leeds United,20,16,1356.0,1059.0,0.30405734463767925,0.2316048166189585,0.19911504424778761,0.08498583569405099,0.7,1.0625,0.7809734513274337,1.017777777777778,0.016735008440484866,-0.07245252801872076,-0.08333333333333326,0.36250000000000004,0.061461088454342554,-0.26608957199727057,-1.252558964101579,11.510954447113509,5.129197741505965,neutral
1537,Sasa Lukic,36,1508,1.9992183893918982,1,1.3533333333333333,0.11931674737750056,0.05968169761273209,Fulham,1508,1537,Sasa Lukic,Fulham,12,24,398.0,1110.0,0.11523262248959516,0.12078114531028104,0.0,0.08108108108108109,1.4166666666666667,1.0416666666666667,0.35855855855855856,1537,Sasa Lukic,Fulham,17,19,801.0,707.0,0.13598981083192843,0.10042689755147968,0.0,0.1272984441301273,0.8823529411764706,1.4210526315789473,0.8826466916354557,1.3533333333333333,0.0055485228206858805,-0.03556291328044875,-0.375,0.5386996904024768,0.04650246459645077,-0.2980546659383275,0.1311019413812286,10.094019119704727,5.112560530542978,neutral
509,Wayne Hennessey,9,721,0.1527590006589889,0,1.4844444444444445,0.01906839120569903,0.0,Nottingham Forest,271,509,Wayne Hennessey,Nottingham Forest,5,4,361.0,360.0,0.0,0.038189750164747224,0.0,0.0,1.2,0.0,0.997229916897507,509,Wayne Hennessey,Nottingham Forest,5,4,361.0,360.0,0.038083961383127425,0.0,0.0,0.0,0.8,0.5,0.997229916897507,1.4844444444444445,0.038189750164747224,-0.038083961383127425,-1.2,-0.30000000000000004,0.3818975016474722,-0.38083961383127424,-9.897314797063775,19.92436686535509,5.013526034145658,neutral
8291,Daniel Podence,91,5262,19.09521138295531,17,1.136043956043956,0.3265999666411969,0.29076396807297605,Wolverhampton Wanderers,5262,8291,Daniel Podence,Wolverhampton Wanderers,32,59,1968.0,3294.0,0.3137258552412343,0.3342916033245989,0.3658536585365854,0.2459016393442623,1.21875,1.4067796610169492,0.5974499089253188,8291,Daniel Podence,Wolverhampton Wanderers,41,50,2314.0,2948.0,0.3780994093320883,0.28617604859956763,0.3500432152117545,0.24423337856173674,1.3170731707317074,1.36,0.7849389416553596,1.136043956043956,0.020565748083364588,-0.09192336073252066,0.18802966101694918,0.04292682926829272,0.06296922897716686,-0.28145551170097877,-3.306958526328712,13.316234749198655,5.004638111434971,neutral
5603,Aaron Ramsdale,153,13770,0.6090949997305869,1,1.3879629629629628,0.003981013070134555,0.006535947712418301,Arsenal,7020,5603,Aaron Ramsdale,Arsenal,54,99,4860.0,8910.0,0.010166609245869849,0.0006070515197334859,0.018518518518518517,0.0,1.6481481481481481,1.3535353535353536,0.5454545454545454,5603,Aaron Ramsdale,Arsenal,71,82,6390.0,7380.0,0.007484835218375838,0.0009472158442183232,0.01408450704225352,0.0,1.7464788732394365,1.2073170731707317,0.8658536585365854,1.3879629629629628,-0.009559557726136363,-0.006537619374157515,-0.29461279461279455,-0.5391618000687048,-0.09559557726136363,-0.06537619374157515,3.7875591568114273,6.218312418197185,5.002935787504306,neutral
7921,Felipe,23,1796,2.958346402272581,1,0.9243478260869564,0.14824675735218948,0.05011135857461024,Nottingham Forest,1796,7921,Felipe,Nottingham Forest,10,13,826.0,970.0,0.1538471772942069,0.14347773995826535,0.0,0.09278350515463918,0.5,1.0769230769230769,0.8515463917525773,7921,Felipe,Nottingham Forest,7,16,623.0,1173.0,0.16115331780135533,0.14139186633784134,0.0,0.07672634271099744,1.5714285714285714,0.5,0.5311167945439045,1.0,-0.010369437335941561,-0.01976145146351399,0.5769230769230769,-1.0714285714285714,-0.06994714435005761,-0.13330107056956905,-0.7433409577982305,10.6464276961116,4.951543369156685,neutral
5681,Giovani Lo Celso,77,3121,9.708663559518751,8,1.6873160173160175,0.27996786938695534,0.2306952899711631,Tottenham Hotspur,3121,5681,Giovani Lo Celso,Tottenham Hotspur,22,55,848.0,2273.0,0.21577918368286253,0.30391507813181706,0.1061320754716981,0.27716673999120106,1.5909090909090908,1.5272727272727273,0.37307523097228334,5681,Giovani Lo Celso,Tottenham Hotspur,37,40,1302.0,1819.0,0.3542298214801925,0.22681280527184,0.2073732718894009,0.2473886750962067,1.6756756756756757,1.425,0.7157778999450247,1.6873160173160175,0.08813589444895453,-0.1274170162083525,-0.06363636363636349,-0.2506756756756756,0.31480717641615585,-0.4551129973855825,-4.731693180868592,14.57786722821178,4.923087023671593,neutral
617,David Silva,27,1846,14.583359532058239,15,2.217901234567901,0.7109980270234244,0.7313109425785482,Manchester City,1846,617,David Silva,Manchester City,8,19,462.0,1384.0,0.7252656353952048,0.7062352849224399,0.7792207792207793,0.7153179190751444,2.0,2.3157894736842106,0.3338150289017341,617,David Silva,Manchester City,17,10,1143.0,703.0,0.8542888655554591,0.47802302212710057,0.9448818897637795,0.38406827880512096,2.176470588235294,2.3,0.6150481189851269,2.217901234567901,-0.019030350472764912,-0.37626584342835856,0.3157894736842106,0.12352941176470589,-0.02676568675223334,-0.5292079993577284,-0.19329874630648214,9.930298631994033,4.868499942843775,neutral
531,Michail Antonio,145,10376,69.50772621110082,62,1.2924137931034483,0.6029004779297488,0.5377794911333847,West Ham United,10376,531,Michail Antonio,West Ham United,44,101,3174.0,7202.0,0.672034367087996,0.5724324184756697,0.5671077504725898,0.5248542071646765,1.2272727272727273,1.4356435643564356,0.44071091363510134,531,Michail Antonio,West Ham United,73,72,5230.0,5146.0,0.6439731170282651,0.5611573954413617,0.5850860420650096,0.4897007384376214,1.3150684931506849,1.4305555555555556,0.9839388145315487,1.2924137931034483,-0.0996019486123263,-0.08281572158690342,0.2083708370837083,0.11548706240487072,-0.16520462706273079,-0.1373621760448385,3.2328738299639954,6.441123096789901,4.836998463376948,neutral
2662,Christian Pulisic,98,5532,32.455494271591306,29,1.6797278911564626,0.5280178026831557,0.4718004338394794,Chelsea,5532,2662,Christian Pulisic,Chelsea,27,71,1431.0,4101.0,0.6567814270233583,0.483087115916311,0.6289308176100629,0.4169714703730798,1.6296296296296295,1.5211267605633803,0.34893928310168254,2662,Christian Pulisic,Chelsea,49,49,2534.0,2998.0,0.5636528428738029,0.4978979921951302,0.5682715074980268,0.39026017344896596,1.5714285714285714,1.530612244897959,0.8452301534356238,1.6797278911564626,-0.1736943111070473,-0.0657548506786727,-0.10850286906624929,-0.04081632653061229,-0.32895540685258856,-0.12453150318897449,5.008901528950287,4.591836956645517,4.800369242797903,neutral
11296,Cody Gakpo,56,3123,22.53428165614605,22,2.0678571428571426,0.6494029295719322,0.6340057636887608,Liverpool,3123,11296,Cody Gakpo,Liverpool,17,39,929.0,2194.0,0.774213520667653,0.5965546893130786,0.581270182992465,0.6563354603463992,2.0,2.128205128205128,0.4234275296262534,11296,Cody Gakpo,Liverpool,25,31,1438.0,1685.0,0.7184580746929321,0.5904704080977496,0.7510431154381085,0.5341246290801187,2.12,2.064516129032258,0.8534124629080119,2.0678571428571426,-0.1776588313545744,-0.12798766659518246,0.1282051282051282,-0.0554838709677421,-0.27357257453655465,-0.1970851389283819,3.6587708089925117,5.922628784646787,4.790699796819649,neutral
7814,Taiwo Awoniyi,47,2492,15.76935987174511,20,0.9668794326241134,0.5695194175188844,0.7223113964686998,Nottingham Forest,2492,7814,Taiwo Awoniyi,Nottingham Forest,15,32,733.0,1759.0,0.5190684813319986,0.5905430310635047,0.7366984993178717,0.7163160886867539,0.8666666666666667,1.03125,0.4167140420693576,7814,Taiwo Awoniyi,Nottingham Forest,31,16,1664.0,828.0,0.6280867732801617,0.45181883782472304,0.8653846153846154,0.43478260869565216,1.1935483870967742,0.5625,0.49759615384615385,1.0,0.07147454973150613,-0.17626793545543867,0.1645833333333333,-0.6310483870967742,0.12549975915287587,-0.30950294236384646,-4.3466676949786205,13.920595663803983,4.786963984412681,neutral
6850,Willy Boly,84,6908,6.124642287380992,7,1.1872619047619046,0.07979412360513742,0.09119861030689057,Wolverhampton Wanderers,4760,6850,Willy Boly,Wolverhampton Wanderers,27,57,2154.0,4754.0,0.0702691328268197,0.08410982199312571,0.04178272980501393,0.11358855700462768,1.4074074074074074,1.2456140350877194,0.4530921329406815,6850,Willy Boly,Wolverhampton Wanderers,46,38,3885.0,3023.0,0.08852859779933472,0.068569038509386,0.09266409266409266,0.08931524975190208,1.5217391304347827,1.0263157894736843,0.7781209781209781,1.1872619047619046,0.013840689166306014,-0.01995955928994872,-0.16179337231968804,-0.4954233409610984,0.13840689166306014,-0.1995955928994872,-3.079945635200677,12.403884219438861,4.6619692921190925,neutral
2381,Rodrigo,88,5520,29.083713694475588,30,1.1827272727272726,0.47419098414905847,0.4891304347826087,Leeds United,5520,2381,Rodrigo,Leeds United,25,63,1624.0,3896.0,0.5190334059848574,0.4554989684762306,0.4433497536945813,0.5082135523613963,1.28,1.1587301587301588,0.41683778234086244,2381,Rodrigo,Leeds United,38,50,2599.0,2921.0,0.5194169131873397,0.4339505905953121,0.5540592535590612,0.4313591235878124,0.8947368421052632,1.42,0.889763779527559,1.1827272727272726,-0.06353443750862675,-0.08546632259202763,-0.1212698412698412,0.5252631578947368,-0.13398491247706887,-0.18023607670524988,3.7328949654658614,5.53984517148663,4.636370068476245,neutral
708,Federico Fernández,63,5223,4.630332992412148,4,1.2024603174603175,0.07978747258607952,0.06892590465249857,Newcastle United,5223,708,Federico Fernández,Newcastle United,17,46,1362.0,3861.0,0.11582178697564394,0.06707606719924017,0.13215859030837004,0.046620046620046623,1.3529411764705883,1.1956521739130435,0.35275835275835277,708,Federico Fernández,Newcastle United,27,36,2166.0,3057.0,0.0802875462909154,0.07943315147234889,0.08310249307479224,0.058881256133464184,1.0740740740740742,1.3611111111111112,0.7085377821393523,1.2024603174603175,-0.04874571977640377,-0.0008543948185665146,-0.15728900255754485,0.287037037037037,-0.4874571977640377,-0.008543948185665146,10.471590438616445,-1.3389266372367705,4.566331900689837,neutral
5973,Kenny Tete,67,4952,5.517450818791984,8,1.1246268656716416,0.10027677174702716,0.14539579967689822,Fulham,4952,5973,Kenny Tete,Fulham,25,42,1956.0,2996.0,0.09317678060851119,0.10491214646896883,0.13803680981595093,0.15020026702269693,1.44,0.9523809523809523,0.6528704939919893,5973,Kenny Tete,Fulham,29,38,2175.0,2777.0,0.10988772708023413,0.09274928602512397,0.2896551724137931,0.03240907454087145,1.3448275862068966,0.9736842105263158,0.7832193014043932,1.1246268656716416,0.011735365860457647,-0.017138441055110157,-0.4876190476190476,-0.37114337568058076,0.11702975331179384,-0.17091137614946453,-1.924947981451447,10.916636560137086,4.495844289342819,neutral
10809,Keane Lewis-Potter,40,1739,12.303229654207824,5,1.313,0.6367398900970122,0.25876940770557794,Brentford,1739,10809,Keane Lewis-Potter,Brentford,11,29,503.0,1236.0,0.5707140309480621,0.6636096369836804,0.17892644135188865,0.29126213592233013,1.2727272727272727,1.0,0.406957928802589,10809,Keane Lewis-Potter,Brentford,20,20,786.0,953.0,0.7181654190146969,0.5695830530253437,0.11450381679389314,0.3777544596012592,1.15,1.0,0.8247639034627492,1.313,0.0928956060356183,-0.14858236598935315,-0.2727272727272727,-0.1499999999999999,0.14589254965864468,-0.2333486063936021,-2.32000291561772,11.202720014142205,4.441358549262242,neutral
535,Manuel Lanzini,81,3951,13.14432559907436,13,1.360349794238683,0.2994151617101221,0.296127562642369,West Ham United,3951,535,Manuel Lanzini,West Ham United,30,51,1280.0,2671.0,0.3364149995541083,0.28168405259731705,0.28125,0.30325720703856235,1.2333333333333334,1.0588235294117647,0.47922126544365407,535,Manuel Lanzini,West Ham United,38,43,1737.0,2214.0,0.3205501106254022,0.28283367739854054,0.36269430051813467,0.24390243902439024,1.0,1.2325581395348837,0.7845528455284553,1.360349794238683,-0.05473094695679126,-0.037716433226861634,-0.17450980392156867,0.2325581395348837,-0.18279283735731078,-0.1259670118622005,5.122331887324873,3.744186202906711,4.433259045115792,neutral
2383,André Gomes,73,4128,4.514885208569464,4,1.2411415525114153,0.09843499727985751,0.0872093023255814,Everton,4128,2383,André Gomes,Everton,16,57,1089.0,3039.0,0.0472028327967263,0.11679361100875843,0.08264462809917356,0.08884501480750247,2.125,1.087719298245614,0.3583415597235933,2383,André Gomes,Everton,29,44,1780.0,2348.0,0.1208330844999866,0.08145518669560291,0.050561797752808994,0.11499148211243611,1.6206896551724137,1.1136363636363635,0.75809199318569,1.2411415525114153,0.06959077821203213,-0.039377897804383694,-1.037280701754386,-0.5070532915360502,0.6959077821203213,-0.39377897804383694,-11.069712178788652,19.933567350193997,4.431927585702672,neutral
10720,Darwin Núñez,65,3739,45.16000044345856,31,1.988923076923077,1.0870286279516637,0.7461888205402514,Liverpool,3739,10720,Darwin Núñez,Liverpool,18,47,1010.0,2729.0,1.2403323250997922,1.0302910925468962,0.8910891089108911,0.6925613777940638,2.0555555555555554,2.0638297872340425,0.37009893733968485,10720,Darwin Núñez,Liverpool,33,32,1599.0,2140.0,1.235854938385159,0.9758261651557948,1.0694183864915574,0.5046728971962616,2.0606060606060606,2.0625,0.747196261682243,1.988923076923077,-0.21004123255289597,-0.26002877322936413,0.008274231678487176,0.0018939393939394478,-0.1932251158358966,-0.23921060268610211,2.501477265202205,6.283529748526384,4.392503506864294,neutral
7365,Lucas Paquetá,59,4885,18.354141968302425,17,1.2315254237288136,0.3381520526401675,0.3132036847492323,West Ham United,4885,7365,Lucas Paquetá,West Ham United,21,38,1769.0,3116.0,0.31184296951818213,0.3530881142713588,0.3561334087054833,0.28883183568677795,1.5714285714285714,1.236842105263158,0.5677150192554558,7365,Lucas Paquetá,West Ham United,32,27,2635.0,2250.0,0.37761072481521163,0.29194156322628256,0.23908918406072105,0.4,1.28125,1.4444444444444444,0.8538899430740038,1.2315254237288136,0.041245144753176644,-0.08566916158892907,-0.33458646616541343,0.16319444444444442,0.12197218508996069,-0.2533450881639061,-2.393522066922719,11.164622662297573,4.385550297687427,neutral
343,Pierre-Emile Højbjerg,178,13711,19.52319958433508,20,1.66938202247191,0.12815170028372527,0.13128145284807818,Tottenham Hotspur,10971,343,Pierre-Emile Højbjerg,Tottenham Hotspur,58,120,4680.0,9031.0,0.14410534175112838,0.11988428337890339,0.11538461538461539,0.13951943306389103,1.9310344827586208,1.5333333333333334,0.5182150370944525,343,Pierre-Emile Højbjerg,Tottenham Hotspur,83,95,6211.0,7500.0,0.13424407717454084,0.12310639990121122,0.15939462244405087,0.10799999999999998,1.6987951807228916,1.631578947368421,0.8281333333333334,1.66938202247191,-0.02422105837222499,-0.011137677273329621,-0.39770114942528734,-0.06721623335447058,-0.18900302000363675,-0.08691010145531451,5.3415225098482395,3.351396265087415,4.346459387467827,neutral
2498,Aymeric Laporte,77,6294,8.462253269739447,5,2.3977056277056277,0.12100457487711318,0.07149666348903717,Manchester City,6294,2498,Aymeric Laporte,Manchester City,21,56,1763.0,4531.0,0.14792889263639378,0.11052839473815669,0.15314804310833807,0.03972632972853675,2.3333333333333335,2.5,0.38909732950783493,2498,Aymeric Laporte,Manchester City,41,36,3279.0,3015.0,0.13477583666317577,0.10602747126301722,0.08234217749313816,0.05970149253731343,2.341463414634146,2.5833333333333335,0.9194876486733761,2.3977056277056277,-0.03740049789823709,-0.028748365400158557,0.16666666666666652,0.24186991869918728,-0.3090833378508156,-0.23758081402586728,3.2405769314449926,5.450093416308062,4.345335173876527,neutral
9678,Ethan Pinnock,91,7922,11.64161290321499,7,1.2978754578754579,0.132257657320039,0.07952537238071195,Brentford,7922,9678,Ethan Pinnock,Brentford,27,64,2229.0,5693.0,0.08988490471087425,0.14884800784978225,0.040376850605652756,0.09485332864921833,1.4074074074074074,1.28125,0.3915334621464957,9678,Ethan Pinnock,Brentford,41,50,3441.0,4481.0,0.1612487008004289,0.10999517559363382,0.10462074978204011,0.060254407498326265,1.4634146341463414,1.2,0.7679089488953359,1.2978754578754579,0.058963103138908,-0.05125352520679509,-0.12615740740740744,-0.2634146341463415,0.4458199572991697,-0.38752784712321847,-9.033834225119374,17.60863227074527,4.287399022812949,neutral
6326,Ibrahima Konaté,51,4090,3.0908349249511944,0,2.250196078431373,0.06801348245613875,0.0,Liverpool,4090,6326,Ibrahima Konaté,Liverpool,13,38,854.0,3236.0,0.12388899454528537,0.053267596385640846,0.0,0.0,1.4615384615384615,2.1315789473684212,0.26390605686032137,6326,Ibrahima Konaté,Liverpool,27,24,2093.0,1997.0,0.07195835535285917,0.06387897120284089,0.0,0.0,2.074074074074074,1.8333333333333333,0.9541328236980411,2.250196078431373,-0.07062139815964452,-0.008079384150018284,0.6700404858299598,-0.2407407407407407,-0.7062139815964452,-0.08079384150018284,5.0119689503380975,3.4188799945571224,4.21542447244761,neutral
11007,Fábio Vieira,33,745,5.450585883110761,6,2.24,0.6584600395704275,0.7248322147651006,Arsenal,745,11007,Fábio Vieira,Arsenal,15,18,344.0,401.0,0.5444020973951664,0.7563052567980828,0.7848837209302325,0.6733167082294265,2.3333333333333335,2.0555555555555554,0.85785536159601,11007,Fábio Vieira,Arsenal,19,14,481.0,264.0,0.8603767561968297,0.2905739005655049,1.1226611226611227,0.0,2.3684210526315788,1.9285714285714286,0.5488565488565489,2.24,0.21190315940291637,-0.5698028556313248,-0.2777777777777781,-0.43984962406015016,0.3218162783897407,-0.865356773970761,-7.563435638659375,15.92014050944689,4.178352435393757,neutral
1025,Daniel Bachmann,12,1080,0.0,0,0.8933333333333332,0.0,0.0,Watford,1080,1025,Daniel Bachmann,Watford,3,9,270.0,810.0,0.0,0.0,0.0,0.0,1.0,0.0,0.3333333333333333,1025,Daniel Bachmann,Watford,6,6,540.0,540.0,0.0,0.0,0.0,0.0,0.5,0.0,1.0,1.0,0.0,0.0,-1.0,-0.5,0.0,0.0,3.3333333333333326,5.0,4.166666666666666,neutral
1142,Samir,19,1682,0.5285437963902945,0,0.5189473684210526,0.028281178165949168,0.0,Watford,1682,1142,Samir,Watford,9,10,810.0,872.0,0.03658257755968302,0.02057001588507254,0.0,0.0,0.2222222222222222,0.8,0.9288990825688074,1142,Samir,Watford,7,12,602.0,1080.0,0.03926040589240102,0.022161275303612123,0.0,0.0,0.14285714285714285,0.75,0.5574074074074075,1.0,-0.01601256167461048,-0.017099130588788897,0.5777777777777778,0.6071428571428572,-0.1601256167461048,-0.17099130588788897,5.044865217321262,3.2875681760330004,4.1662166966771315,neutral
6047,Shane Duffy,42,2674,2.423274483531712,2,1.1738095238095236,0.08156122046292225,0.06731488406881077,Brighton,2658,6047,Shane Duffy,Brighton,9,33,342.0,2332.0,0.0,0.09352260013630107,0.0,0.07718696397941681,1.6666666666666667,1.2727272727272727,0.14665523156089194,6047,Shane Duffy,Brighton,25,17,1580.0,1094.0,0.0944151378979411,0.06299706182733744,0.11392405063291139,0.0,1.56,1.0588235294117647,0.6924050632911393,1.1738095238095236,0.09352260013630107,-0.031418076070603665,-0.39393939393939403,-0.5011764705882353,0.9352260013630106,-0.3141807607060366,-7.687083885416635,15.929326985523282,4.121121550053324,neutral
10012,Jakub Kiwior,27,1379,2.2300189733505245,5,2.1644444444444444,0.1455414848452119,0.3263234227701233,Arsenal,1379,10012,Jakub Kiwior,Arsenal,10,17,322.0,1057.0,0.05796300640665226,0.1722210213231837,0.2795031055900621,0.34058656575212864,2.3,2.5294117647058822,0.304635761589404,10012,Jakub Kiwior,Arsenal,12,15,737.0,642.0,0.1888773543317897,0.09579298669629005,0.36635006784260515,0.2803738317757009,2.1666666666666665,2.6666666666666665,0.8710990502035278,2.1644444444444444,0.11425801491653145,-0.09308436763549965,0.22941176470588243,0.5,0.7850546188809917,-0.6395727495462747,-8.057388648249688,16.005811497962373,3.9742114248563425,neutral
7704,Chris Basham,77,6175,3.8798774583265168,2,0.9431601731601732,0.05654882125496138,0.029149797570850202,Sheffield United,6175,7704,Chris Basham,Sheffield United,23,54,1733.0,4442.0,0.08606284688051144,0.04503423178871233,0.0,0.040522287257991896,0.5652173913043478,1.0925925925925926,0.390139576767222,7704,Chris Basham,Sheffield United,33,44,2371.0,3804.0,0.05751145541281423,0.05594881978591061,0.03795866722901729,0.02365930599369085,0.7575757575757576,1.0681818181818181,0.6232912723449001,1.0,-0.04102861509179911,-0.001562635626903619,0.5273752012882448,0.31060606060606055,-0.41028615091799103,-0.01562635626903619,9.147321190800586,-1.2541964634589273,3.946562363670829,neutral
9487,Maxime Estève,16,1314,0.25315599888563123,0,0.895,0.017339451978467892,0.0,Burnley,1314,9487,Maxime Estève,Burnley,6,10,533.0,781.0,0.040670168755565485,0.0014172086465946297,0.0,0.0,0.6666666666666666,0.8,0.6824583866837388,9487,Maxime Estève,Burnley,6,10,470.0,844.0,0.009466857253078428,0.021723479846871976,0.0,0.0,0.16666666666666666,1.1,0.556872037914692,1.0,-0.03925296010897086,0.012256622593793547,0.13333333333333341,0.9333333333333335,-0.3925296010897085,0.12256622593793547,17.842013764392263,-9.975231635100409,3.933391064645927,neutral
762,Demarai Gray,89,5483,23.75885433796793,19,1.2033333333333334,0.38998666613480093,0.31187306219223054,Everton,4886,762,Demarai Gray,Everton,31,58,2035.0,3448.0,0.40409100689085453,0.38166232349020435,0.22113022113022113,0.3654292343387471,1.032258064516129,1.1551724137931034,0.5901972157772621,762,Demarai Gray,Everton,50,39,3239.0,2244.0,0.40446795900123705,0.3690843008966608,0.3056498919419574,0.32085561497326204,1.32,0.8461538461538461,0.6928064217351034,1.2033333333333334,-0.022428683400650185,-0.03538365810457628,0.12291434927697442,-0.4738461538461539,-0.05751141089756539,-0.09073043049206644,1.3716715960205987,6.384714951863882,3.87819327394224,neutral
489,James Milner,118,4397,10.556125665083526,9,2.0198305084745765,0.21606807137992207,0.18421651125767569,Liverpool,3609,489,James Milner,Liverpool,30,88,1153.0,3244.0,0.07499300224540133,0.26620973436145795,0.0,0.24969173859432797,2.033333333333333,2.159090909090909,0.35542540073982737,489,James Milner,Liverpool,54,64,2172.0,2225.0,0.2720551937561255,0.16141457484009555,0.24861878453038672,0.12134831460674157,2.2962962962962963,1.984375,0.9761797752808988,2.0198305084745765,0.1912167321160566,-0.11064061891602997,0.12575757575757596,-0.3119212962962963,0.8849837502359696,-0.5120637131132886,-11.1223063314719,18.8310599713211,3.8543768199245996,neutral
2245,Raphael Varane,68,5115,3.255090681836008,3,1.7135294117647057,0.0572743228475544,0.05278592375366569,Manchester United,5115,2245,Raphael Varane,Manchester United,14,54,1093.0,4022.0,0.04830751564670676,0.059711100637342175,0.08234217749313816,0.04475385380407757,1.8571428571428572,1.8703703703703705,0.2717553455992044,2245,Raphael Varane,Manchester United,33,35,2372.0,2743.0,0.0684287583040824,0.04762856240173433,0.11382799325463742,0.0,2.0303030303030303,1.7142857142857142,0.8647466277798032,1.7135294117647057,0.011403584990635415,-0.020800195902348072,0.013227513227513255,-0.3160173160173161,0.11403584990635415,-0.2080019590234807,-1.2869554997334598,8.942699473293017,3.8278719867797784,neutral
6482,Eddie Nketiah,108,3890,30.50534512940794,23,1.9322222222222223,0.7057791932253764,0.532133676092545,Arsenal,3890,6482,Eddie Nketiah,Arsenal,40,68,1669.0,2221.0,0.8315769422167679,0.6112468010296844,0.701018573996405,0.4052228725799189,2.225,1.6323529411764706,0.7514633048176497,6482,Eddie Nketiah,Arsenal,57,51,2233.0,1657.0,0.6495393736207039,0.7815688837366824,0.5239587998208688,0.5431502715751357,2.0526315789473686,1.6274509803921569,0.74205105239588,1.9322222222222223,-0.2203301411870835,0.13202951011597852,-0.5926470588235295,-0.42518059855521173,-0.31217998958029003,0.18706914483070847,10.803597743994473,-3.396080804702069,3.703758469646202,neutral
101,Allan Saint-Maximin,111,7400,31.373605950735506,30,1.2824324324324323,0.381570883184621,0.36486486486486486,Newcastle United,7400,101,Allan Saint-Maximin,Newcastle United,36,75,2477.0,4923.0,0.38664335994817667,0.3790186741772419,0.3270084779975777,0.38391224862888484,1.3611111111111112,1.4533333333333334,0.5031484866951046,101,Allan Saint-Maximin,Newcastle United,50,61,3382.0,4018.0,0.41631243331825973,0.35232849330110527,0.452395032525133,0.29118964659034346,1.38,1.459016393442623,0.8417122946739671,1.2824324324324323,-0.00762468577093478,-0.06398394001715446,0.0922222222222222,0.07901639344262312,-0.01998235742543704,-0.1676855935210239,0.1869664095925605,7.1855022284110035,3.686234319001782,neutral
934,Axel Tuanzebe,23,1094,0.1548680998384951,0,1.6330434782608696,0.012740520096402705,0.0,Manchester United,587,934,Axel Tuanzebe,Manchester United,5,18,252.0,842.0,0.021009821710841963,0.010265622226047962,0.0,0.0,1.4,1.6111111111111112,0.2992874109263658,934,Axel Tuanzebe,Manchester United,10,13,633.0,461.0,0.02201916111447797,0.0,0.0,0.0,1.5,1.6153846153846154,0.7282780410742496,1.6330434782608696,-0.010744199484794001,-0.02201916111447797,0.21111111111111125,0.11538461538461542,-0.10744199484794001,-0.2201916111447797,0.9914577262194015,6.359248475258382,3.6753531007388918,neutral
5609,Yves Bissouma,135,9633,6.734962374903256,5,1.3456296296296295,0.06292397111401361,0.04671441918405481,Brighton,6525,5609,Yves Bissouma,Brighton,40,95,2487.0,7146.0,0.07715268229079326,0.057971997324949655,0.03618817852834741,0.05037783375314862,1.45,1.3789473684210527,0.34802686817800166,5609,Yves Bissouma,Brighton,67,68,4536.0,5097.0,0.06333997380727571,0.06255375565067499,0.07936507936507936,0.017657445556209534,1.6417910447761195,1.161764705882353,0.8899352560329605,1.3456296296296295,-0.01918068496584361,-0.0007862181566007237,-0.07105263157894726,-0.48002633889376645,-0.19180684965843608,-0.007862181566007237,3.65632395632999,3.5386422851844124,3.597483120757201,neutral
6456,Callum Hudson-Odoi,89,4679,20.718783212825652,23,1.5341573033707865,0.3985232932580271,0.4424022226971575,Chelsea,2835,6456,Callum Hudson-Odoi,Chelsea,27,62,1524.0,3155.0,0.3817513414409275,0.40662486364448025,0.41338582677165353,0.45641838351822506,1.2962962962962963,1.6290322580645162,0.48304278922345484,6456,Callum Hudson-Odoi,Chelsea,31,58,1640.0,3039.0,0.48085053095298746,0.3540953005565677,0.5487804878048781,0.384995064165844,1.8387096774193548,1.3620689655172413,0.5396512010529779,1.5341573033707865,0.024873522203552767,-0.12675523039641978,0.33273596176821996,-0.47664071190211343,0.06241422427333051,-0.31806228780296436,-2.423264505485154,9.508272709723963,3.5425041021194046,neutral
7384,Chris Mepham,48,3716,2.394862842746078,2,1.0066319444444445,0.05800259845186949,0.04843918191603875,Bournemouth,3716,7384,Chris Mepham,Bournemouth,15,33,1195.0,2521.0,0.03760985428444011,0.0676691312880766,0.0,0.07140023800079334,1.0666666666666667,1.0303030303030303,0.4740182467274891,7384,Chris Mepham,Bournemouth,26,22,1931.0,1785.0,0.06828672349537855,0.04687730687819106,0.0932159502848265,0.0,1.1923076923076923,0.8636363636363636,0.9243915069911963,1.0066319444444445,0.03005927700363649,-0.02140941661718749,-0.036363636363636376,-0.32867132867132864,0.30059277003636486,-0.21409416617187488,-9.737105831748687,16.78040118314578,3.5216476756985466,neutral
633,James McArthur,80,6102,8.181950723286715,8,1.0732916666666665,0.12067773928151496,0.11799410029498525,Crystal Palace,6102,633,James McArthur,Crystal Palace,34,46,2511.0,3591.0,0.14220514217905666,0.10562474327045197,0.17921146953405015,0.07518796992481203,1.2941176470588236,1.2173913043478262,0.6992481203007519,633,James McArthur,Crystal Palace,33,47,2551.0,3551.0,0.10779843373959408,0.12993009310788506,0.03528028224225794,0.1774148127288088,1.3636363636363635,1.1702127659574468,0.718389186144748,1.0732916666666665,-0.03658039890860469,0.02213165936829098,-0.07672634271099743,-0.1934235976789167,-0.30312466181745884,0.18339471306023247,14.323843635546385,-7.2979978697221215,3.512922882912132,neutral
8777,Vitinha,19,500,1.385045805014669,1,1.1157894736842104,0.24930824490264042,0.18,Wolverhampton Wanderers,500,8777,Vitinha,Wolverhampton Wanderers,5,14,44.0,456.0,0.27852094986221987,0.24648947512583894,2.0454545454545454,0.0,2.0,0.6428571428571429,0.09649122807017543,8777,Vitinha,Wolverhampton Wanderers,5,14,170.0,330.0,0.2686524871627196,0.23934302919290265,0.0,0.2727272727272727,1.2,0.9285714285714286,0.5151515151515151,1.1157894736842104,-0.03203147473638093,-0.02930945796981696,-1.3571428571428572,-0.27142857142857135,-0.1284814096256216,-0.11756313146106682,1.9513867900742368,5.052625340264446,3.502006065169341,neutral
4381,Mateusz Klich,82,4745,11.727039822842922,12,1.2751219512195122,0.2224306815713094,0.22760800842992623,Leeds United,4745,4381,Mateusz Klich,Leeds United,23,59,1235.0,3510.0,0.2770297026585953,0.20321991489244953,0.21862348178137653,0.23076923076923078,1.173913043478261,1.11864406779661,0.35185185185185186,4381,Mateusz Klich,Leeds United,29,53,1361.0,3384.0,0.23624812937796677,0.21687348698949477,0.33063923585598826,0.18617021276595744,0.8275862068965517,1.3018867924528301,0.4021867612293144,1.2751219512195122,-0.07380978776614575,-0.019374642388472002,-0.0552689756816509,0.4743005855562784,-0.33183276355911784,-0.08710418118401825,6.562025672815451,0.42715618873459626,3.4945909307750234,neutral
10723,Stefan Bajcetic,12,557,1.7094898242503402,1,1.485,0.27621918165624887,0.1615798922800718,Liverpool,557,10723,Stefan Bajcetic,Liverpool,3,9,180.0,377.0,0.38105059834197164,0.2261670463686359,0.0,0.23872679045092837,1.6666666666666667,2.3333333333333335,0.47745358090185674,10723,Stefan Bajcetic,Liverpool,2,10,41.0,516.0,0.0,0.29816682981110587,0.0,0.1744186046511628,3.0,2.0,0.07945736434108527,1.485,-0.15488355197333573,0.29816682981110587,0.6666666666666667,-1.0,-0.5607269960204512,1.0794573643410854,10.476399985456124,-3.508003335237276,3.484198325109424,neutral
7697,Onel Hernández,26,1377,2.8283825824037176,3,0.5115384615384615,0.18486160669305343,0.19607843137254902,Norwich City,1377,7697,Onel Hernández,Norwich City,7,19,394.0,983.0,0.22466160775384467,0.16890921562697844,0.22842639593908629,0.18311291963377416,0.2857142857142857,0.3684210526315789,0.4008138351983723,7697,Onel Hernández,Norwich City,13,13,778.0,599.0,0.18921292220555944,0.17920998153657652,0.11568123393316194,0.3005008347245409,0.07692307692307693,0.6153846153846154,0.7699228791773779,1.0,-0.055752392126866224,-0.010002940668982913,0.08270676691729323,0.5384615384615385,-0.30158989269977626,-0.054110428054387316,8.130197944054622,-1.2294786209050845,3.450359661574769,neutral
11815,Ben Brereton Díaz,14,1134,7.703188914805651,7,0.6328571428571428,0.61136419958775,0.5555555555555556,Sheffield United,1134,11815,Ben Brereton Díaz,Sheffield United,7,7,575.0,559.0,0.6312669219530147,0.5908918107504921,0.782608695652174,0.3220035778175313,0.14285714285714285,0.42857142857142855,0.9721739130434782,11815,Ben Brereton Díaz,Sheffield United,5,9,435.0,699.0,0.6627232732957807,0.5794025442758854,0.20689655172413793,0.7725321888412017,0.2,0.3333333333333333,0.6223175965665236,1.0,-0.04037511120252257,-0.08332072901989529,0.2857142857142857,0.1333333333333333,-0.06604101324504769,-0.13628656875243828,1.7165947671927984,5.107190298300065,3.411892532746432,neutral
1746,Jeff Hendrick,49,3445,6.062616452574728,8,1.0711224489795919,0.15838475492938334,0.20899854862119013,Burnley,1944,1746,Jeff Hendrick,Burnley,15,34,974.0,2471.0,0.18329242205159313,0.1485668400054528,0.3696098562628337,0.14569000404694457,1.0,1.5,0.39417239983812224,1746,Jeff Hendrick,Burnley,14,35,975.0,2470.0,0.16581872449471396,0.15545029325885806,0.5538461538461539,0.0728744939271255,1.5714285714285714,1.2571428571428571,0.39473684210526316,1.0711224489795919,-0.03472558204614032,-0.010368431235855902,0.5,-0.3142857142857143,-0.2192482607408958,-0.06546356838749234,3.807828807486068,2.8469791336554713,3.32740397057077,neutral
7703,John Egan,73,6312,4.486514636315404,3,0.9288127853881277,0.06397121629727286,0.04277566539923954,Sheffield United,6312,7703,John Egan,Sheffield United,22,51,1771.0,4541.0,0.062144871081742485,0.06468349495323067,0.0,0.059458269103721643,0.7272727272727273,1.0784313725490196,0.39000220215811493,7703,John Egan,Sheffield United,29,44,2443.0,3869.0,0.0776623310486935,0.05532624515803261,0.07367990176013099,0.023261824760920133,0.8620689655172413,1.0454545454545454,0.6314293098991988,1.0,0.002538623871488184,-0.022336085890660884,0.35115864527629226,0.1833855799373041,0.02538623871488184,-0.22336085890660884,-2.062574679878229,8.714611207999699,3.326018264060735,neutral
2446,Dani Ceballos,49,3335,5.284447671845553,5,1.521734693877551,0.1426087827484557,0.13493253373313344,Arsenal,3335,2446,Dani Ceballos,Arsenal,15,34,1033.0,2302.0,0.11850336748684705,0.15342585223813499,0.08712487899322362,0.15638575152041703,1.1333333333333333,1.6764705882352942,0.44874022589053,2446,Dani Ceballos,Arsenal,26,23,1676.0,1659.0,0.1618503126802549,0.12317008222663808,0.16109785202863963,0.10849909584086799,1.5769230769230769,1.434782608695652,0.9898568019093079,1.521734693877551,0.03492248475128794,-0.03868023045361682,0.5431372549019609,-0.14214046822742477,0.24488312766042533,-0.27123315765091394,-6.656547351463674,13.2748015765008,3.3091271125185626,neutral
5549,Luka Milivojevic,95,6158,9.543339471798387,6,1.1409824561403508,0.13947719266999914,0.08769080870412471,Crystal Palace,6158,5549,Luka Milivojevic,Crystal Palace,33,62,1813.0,4345.0,0.12273315163570675,0.1464638316562298,0.14892443463872035,0.06214039125431531,1.1818181818181819,1.2419354838709677,0.41726121979286535,5549,Luka Milivojevic,Crystal Palace,39,56,2214.0,3944.0,0.1676594266077367,0.12365684126580269,0.08130081300813008,0.09127789046653144,1.2564102564102564,1.1964285714285714,0.5613590263691683,1.1409824561403508,0.02373068002052306,-0.044002585341934006,0.06011730205278587,-0.05998168498168499,0.17014021838444568,-0.31548229857223636,-4.57531157808981,11.16023392972478,3.2924611758174853,neutral
7691,Jamal Lewis,59,4400,2.496678112074732,2,0.8248305084745763,0.05106841592880133,0.04090909090909091,Norwich City,2311,7691,Jamal Lewis,Norwich City,15,44,1076.0,3324.0,0.05560618316318462,0.04959951173379639,0.0,0.05415162454873646,0.8666666666666667,0.7045454545454546,0.3237063778580024,7691,Jamal Lewis,Norwich City,32,27,2411.0,1989.0,0.05599447992278398,0.04509720411910188,0.0,0.09049773755656107,0.65625,0.8518518518518519,0.8249688925756947,1.0,-0.0060066714293882315,-0.010897275803682098,-0.1621212121212121,0.19560185185185186,-0.060066714293882315,-0.10897275803682098,1.8858751994703544,4.6792850552191005,3.2825801273447275,neutral
619,Sergio Agüero,36,2018,23.509886177256703,24,2.2217592592592594,1.0485083032473257,1.070366699702676,Manchester City,2018,619,Sergio Agüero,Manchester City,8,28,471.0,1547.0,1.1659572692291371,1.0127497622147252,0.9554140127388534,1.105365223012282,2.375,2.142857142857143,0.3044602456367162,619,Sergio Agüero,Manchester City,11,25,658.0,1360.0,1.2869810866118383,0.9331295595312601,1.3677811550151977,0.9264705882352942,2.090909090909091,2.24,0.4838235294117647,2.2217592592592594,-0.15320750701441188,-0.3538515270805782,-0.2321428571428572,0.14909090909090938,-0.14611949809068206,-0.33748090118568236,1.719769221994524,4.819760335161091,3.269764778577808,neutral
6722,Konstantinos Mavropanos,19,1490,0.9761042799800629,1,1.5073684210526317,0.058959318924970236,0.06040268456375839,West Ham United,1490,6722,Konstantinos Mavropanos,West Ham United,5,14,333.0,1157.0,0.02832162672200716,0.06777725453740473,0.0,0.07778738115816768,1.4,1.2857142857142858,0.2878133102852204,6722,Konstantinos Mavropanos,West Ham United,8,11,603.0,887.0,0.07795272506217454,0.04604722884522481,0.1492537313432836,0.0,1.5,1.1818181818181819,0.6798196166854565,1.5073684210526317,0.03945562781539756,-0.031905496216949734,-0.1142857142857141,-0.3181818181818181,0.3945562781539756,-0.3190549621694973,-5.0552796461409635,11.507505212607228,3.226112783233132,neutral
2199,Pablo Sarabia,43,2551,15.358432326465843,12,1.263720930232558,0.5418498272763331,0.42336338690709524,Wolverhampton Wanderers,2551,2199,Pablo Sarabia,Wolverhampton Wanderers,14,29,697.0,1854.0,0.46138984561394064,0.5720982669843632,0.6456241032998565,0.33980582524271846,1.2142857142857142,1.4137931034482758,0.37594390507011866,2199,Pablo Sarabia,Wolverhampton Wanderers,14,29,775.0,1776.0,0.7280116055280931,0.46061369093336363,0.4645161290322581,0.40540540540540543,1.2142857142857142,1.4137931034482758,0.4363738738738739,1.263720930232558,0.11070842137042253,-0.26739791459472945,0.1995073891625616,0.1995073891625616,0.2043156900628914,-0.4934908181826578,-4.848240153660694,11.239551819594878,3.195655832967092,neutral
2251,Gareth Bale,20,909,7.640098216012119,13,1.6620000000000001,0.756445367921992,1.2871287128712872,Tottenham Hotspur,909,2251,Gareth Bale,Tottenham Hotspur,2,18,144.0,765.0,1.29066351801157,0.655886657316895,3.125,0.9411764705882353,3.0,1.2777777777777777,0.18823529411764706,2251,Gareth Bale,Tottenham Hotspur,6,14,245.0,664.0,0.6701990314284147,0.7882681878631463,0.7346938775510204,1.4909638554216869,1.5,1.4285714285714286,0.3689759036144578,1.6620000000000001,-0.634776860694675,0.11806915643473159,-1.7222222222222223,-0.0714285714285714,-0.8391575751708958,0.15608418194042983,8.60346881678317,-2.2670498965884938,3.168209460097338,neutral
10804,Deniz Undav,22,594,6.715375944972037,5,1.7727272727272727,1.017481203783642,0.7575757575757576,Brighton,594,10804,Deniz Undav,Brighton,10,12,282.0,312.0,1.246129074629317,0.8108187051346668,0.6382978723404256,0.8653846153846154,1.8,1.0833333333333333,0.9038461538461539,10804,Deniz Undav,Brighton,15,7,425.0,169.0,0.7946620502892661,1.577825228843463,1.0588235294117647,0.0,1.3333333333333333,1.5714285714285714,0.3976470588235294,1.7727272727272727,-0.4353103694946502,0.783163178554197,-0.7166666666666668,0.23809523809523814,-0.4278313622658477,0.7697077603418111,18.923455292966164,-12.620001367055245,3.1517269629554594,neutral
239,Pascal Groß,165,12693,58.17394170910119,54,1.317050505050505,0.412483633011826,0.3828882060978492,Brighton,12693,239,Pascal Groß,Brighton,52,113,3924.0,8769.0,0.4466325948826557,0.3972024690956284,0.38990825688073394,0.37974683544303794,1.3076923076923077,1.2566371681415929,0.447485460143688,239,Pascal Groß,Brighton,78,87,6106.0,6587.0,0.420158253929279,0.4053694330236723,0.4127088110055683,0.35524517989980264,1.3846153846153846,1.1724137931034482,0.9269773796872628,1.317050505050505,-0.049430125787027324,-0.014788820905606737,-0.051055139550714834,-0.2122015915119364,-0.11983536274179914,-0.03585310960733983,3.0235629397164203,3.2599450423573706,3.1417539910368957,neutral
647,Harry Kane,139,12335,107.2812378318049,116,1.7161390887290167,0.7827573088660268,0.8463721118767734,Tottenham Hotspur,12335,647,Harry Kane,Tottenham Hotspur,52,87,4652.0,7683.0,0.8995049937627408,0.7120674442116582,1.0447119518486674,0.7262787973447871,1.7692307692307692,1.632183908045977,0.6054926461017831,647,Harry Kane,Tottenham Hotspur,70,69,6171.0,6164.0,0.7812537492841923,0.7842625759295409,0.8167233835683033,0.8760545100584036,1.6857142857142857,1.681159420289855,0.9988656619672662,1.7161390887290167,-0.1874375495510826,0.003008826645348517,-0.13704686118479215,-0.004554865424430732,-0.23945806372938458,0.0038438818919587937,6.397567366740915,-0.13009990211770958,3.133733732311603,neutral
6912,Pedro Porro,50,4255,14.0498725133948,16,1.7144,0.29717709194019554,0.3384253819036428,Tottenham Hotspur,4255,6912,Pedro Porro,Tottenham Hotspur,15,35,1156.0,3099.0,0.27605075874143503,0.3050577118749381,0.23356401384083045,0.37754114230396907,1.6666666666666667,1.5714285714285714,0.3730235559858019,6912,Pedro Porro,Tottenham Hotspur,24,26,2025.0,2230.0,0.3221186047419905,0.2745284087905835,0.4,0.2825112107623318,1.75,1.4615384615384615,0.9080717488789237,1.7144,0.029006953133503044,-0.04759019595140701,-0.09523809523809534,-0.28846153846153855,0.09760830804327426,-0.16014086294708121,-1.2794291540445006,7.465466216159745,3.0930185310576226,neutral
5544,Angus Gunn,19,1710,0.0,0,0.7847368421052632,0.0,0.0,Southampton,900,5544,Angus Gunn,Southampton,5,14,450.0,1260.0,0.0,0.0,0.0,0.0,1.8,0.2857142857142857,0.35714285714285715,5544,Angus Gunn,Southampton,11,8,990.0,720.0,0.0,0.0,0.0,0.0,0.7272727272727273,0.625,0.7272727272727273,1.0,0.0,0.0,-1.5142857142857142,-0.10227272727272729,0.0,0.0,5.408163265306122,0.7438016528925622,3.0759824590993423,neutral
1441,Adam Masina,41,2891,2.3530427031218992,2,0.9863414634146341,0.07325279947456621,0.06226219301279834,Watford,2891,1441,Adam Masina,Watford,16,25,1108.0,1783.0,0.07174151755418853,0.0741919471850421,0.1624548736462094,0.0,1.25,0.64,0.6214245653393158,1441,Adam Masina,Watford,22,19,1559.0,1332.0,0.07867207794287136,0.06690996529131721,0.05772931366260423,0.06756756756756757,0.6818181818181818,1.105263157894737,0.8543938422065427,1.0,0.002450429630853568,-0.011762112651554149,-0.61,0.4234449760765552,0.024504296308535678,-0.11762112651554149,2.7247598307963954,3.41674583384822,3.0707528323223077,neutral
458,Steve Cook,41,3389,2.2751400470733634,1,0.8841869918699187,0.060419771093715754,0.026556506344054293,Bournemouth,2431,458,Steve Cook,Bournemouth,12,29,873.0,2516.0,0.02359249485061337,0.07319807481399732,0.0,0.03577106518282989,1.0833333333333333,0.7241379310344828,0.3469793322734499,458,Steve Cook,Bournemouth,30,11,2531.0,858.0,0.07566143350520418,0.01545864339735538,0.03555906756222837,0.0,1.0333333333333334,0.2727272727272727,0.33899644409324375,1.0,0.049605579963383946,-0.060202790107848805,-0.3591954022988505,-0.7606060606060607,0.49605579963383944,-0.602027901078488,-10.802143900459047,16.864399738749107,3.03112791914503,neutral
10866,Luis Sinisterra,39,1561,8.369059504941104,9,1.3117948717948718,0.4825210476903904,0.5188981422165279,Leeds United,891,10866,Luis Sinisterra,Leeds United,14,25,554.0,1007.0,0.8221903421482346,0.2956523395179518,0.8122743682310469,0.3574975173783515,1.3571428571428572,0.84,0.5501489572989077,10866,Luis Sinisterra,Leeds United,17,22,837.0,724.0,0.36241821063462115,0.6213692170490628,0.4301075268817204,0.6215469613259669,0.7058823529411765,1.2727272727272727,0.8649940262843488,1.3117948717948718,-0.5265380026302828,0.25895100641444163,-0.5171428571428572,0.5668449197860962,-1.0912228702780566,0.5366626132765042,34.20391076344059,-28.508932548485138,2.8474891074777258,neutral
775,Andros Townsend,106,6201,16.71815830096602,17,1.030691823899371,0.24264380698063892,0.2467343976777939,Crystal Palace,3527,775,Andros Townsend,Crystal Palace,36,70,2345.0,3856.0,0.18818763915949785,0.2757609526083815,0.15351812366737738,0.30342323651452285,1.1111111111111112,0.9571428571428572,0.6081431535269709,775,Andros Townsend,Crystal Palace,41,65,2529.0,3672.0,0.29852952357394835,0.20415388942495272,0.32028469750889677,0.19607843137254904,1.146341463414634,0.9230769230769231,0.6887254901960784,1.030691823899371,0.08757331344888367,-0.09437563414899564,-0.15396825396825398,-0.22326454033771093,0.3609130376687147,-0.3889472198914439,-13.998100859753402,19.684962912314088,2.843431026280343,neutral
644,Erik Lamela,48,1873,5.416530562564729,4,1.5171527777777778,0.26027108949857214,0.19220501868659903,Tottenham Hotspur,1873,644,Erik Lamela,Tottenham Hotspur,16,32,636.0,1237.0,0.307319295452029,0.23608138942872692,0.14150943396226415,0.2182700080840744,1.5625,1.5,0.5141471301535974,644,Erik Lamela,Tottenham Hotspur,24,24,1143.0,730.0,0.2537108915234644,0.2705427419445285,0.23622047244094488,0.12328767123287672,1.625,1.4166666666666667,0.6386701662292213,1.5171527777777778,-0.0712379060233021,0.01683185042106411,-0.0625,-0.20833333333333326,-0.2737065655680245,0.06467045745838187,6.704745407786312,-1.0286726581548233,2.8380363748157444,neutral
3635,Bernardo Silva,162,11758,55.29248682595789,57,2.372366255144033,0.423228764614408,0.4362986902534445,Manchester City,11758,3635,Bernardo Silva,Manchester City,45,117,3174.0,8584.0,0.5297037079535947,0.3838588356583761,0.7088846880907372,0.33550792171481825,2.2888888888888888,2.3504273504273505,0.36975768872320597,3635,Bernardo Silva,Manchester City,74,88,5065.0,6693.0,0.44719154081010387,0.4050946750534938,0.5330700888450148,0.3630658897355446,2.2837837837837838,2.375,0.7567607948603018,2.372366255144033,-0.14584487229521859,-0.04209686575661009,0.061538461538461764,0.09121621621621623,-0.34460056709069337,-0.09946598453666868,3.6637540402981,1.9300343922696341,2.7968942162838673,neutral
553,Anthony Martial,96,5785,39.470891796052456,40,1.7898958333333332,0.6140674609584652,0.6222990492653414,Manchester United,5785,553,Anthony Martial,Manchester United,23,73,1541.0,4244.0,0.8293928302483636,0.5358826367181886,0.6424399740428294,0.614985862393968,1.9130434782608696,1.917808219178082,0.3631008482563619,553,Anthony Martial,Manchester United,40,56,2279.0,3506.0,0.607144882446445,0.6185673344407508,0.7898200965335674,0.513405590416429,1.8,2.0,0.650028522532801,1.7898958333333332,-0.29351019353017505,0.011422451994305804,0.004764740917212462,0.19999999999999996,-0.4779771152049819,0.01860129826204617,6.777753027774757,-1.19920568278051,2.7892736724971234,neutral
8351,Ki-Jana Hoever,20,872,0.3618532046675681,0,1.2129999999999999,0.037347234426698545,0.0,Wolverhampton Wanderers,872,8351,Ki-Jana Hoever,Wolverhampton Wanderers,6,14,282.0,590.0,0.0,0.05519794647471378,0.0,0.0,1.0,0.6428571428571429,0.47796610169491527,8351,Ki-Jana Hoever,Wolverhampton Wanderers,7,13,306.0,566.0,0.06777085363864897,0.020899129340379054,0.0,0.0,1.4285714285714286,0.38461538461538464,0.5406360424028268,1.2129999999999999,0.05519794647471378,-0.04687172429826992,-0.3571428571428571,-1.043956043956044,0.5519794647471378,-0.4687172429826992,-13.817725735276934,19.276490608506364,2.7293824366147152,neutral
6892,Fabián Balbuena,31,2371,2.898176871240139,2,1.1953225806451613,0.11001093142623894,0.07591733445803459,West Ham United,2371,6892,Fabián Balbuena,West Ham United,9,22,713.0,1658.0,0.09855415227954885,0.11493776105928478,0.0,0.10856453558504221,1.6666666666666667,1.3181818181818181,0.43003618817852834,6892,Fabián Balbuena,West Ham United,13,18,814.0,1557.0,0.1293401280074799,0.09990562248781237,0.11056511056511056,0.057803468208092484,1.3846153846153846,1.4444444444444444,0.5228002569043031,1.1953225806451613,0.016383608779735936,-0.02943450551966753,-0.3484848484848486,0.05982905982905984,0.14892709812861604,-0.26755982462891,-2.496792080415298,7.92994111273516,2.7165745161599313,neutral
710,Neil Taylor,15,1098,0.5974879898130893,0,0.7003333333333333,0.04897442539451551,0.0,Aston Villa,1098,710,Neil Taylor,Aston Villa,3,12,216.0,882.0,0.0,0.060968162225825434,0.0,0.0,3.0,0.16666666666666666,0.24489795918367346,710,Neil Taylor,Aston Villa,11,4,862.0,236.0,0.05907137353154732,0.012094894487221359,0.0,0.0,0.7272727272727273,0.75,0.2737819025522042,1.0,0.060968162225825434,-0.04697647904432596,-2.8333333333333335,0.022727272727272707,0.6096816222582543,-0.4697647904432596,-3.5129094427945624,8.940693705900562,2.713892131553,neutral
10808,Daniel Iversen,12,1080,0.0,0,0.69,0.0,0.0,Leicester City,1080,10808,Daniel Iversen,Leicester City,5,7,450.0,630.0,0.0,0.0,0.0,0.0,1.0,0.7142857142857143,0.7142857142857143,10808,Daniel Iversen,Leicester City,6,6,540.0,540.0,0.0,0.0,0.0,0.0,1.0,0.6666666666666666,1.0,1.0,0.0,0.0,-0.2857142857142857,-0.33333333333333337,0.0,0.0,2.0408163265306123,3.3333333333333335,2.687074829931973,neutral
8380,Pablo Marí,14,1193,0.5528256902471183,0,1.5999999999999999,0.041705207143537835,0.0,Arsenal,1193,8380,Pablo Marí,Arsenal,4,10,360.0,833.0,0.003559124888852225,0.05819090895828792,0.0,0.0,1.75,1.6,0.43217286914765907,8380,Pablo Marí,Arsenal,5,9,383.0,810.0,0.10763790652972907,0.010529622125128889,0.0,0.0,0.6,2.2222222222222223,0.4728395061728395,1.5999999999999999,0.054631784069435696,-0.09710828440460018,-0.1499999999999999,1.6222222222222222,0.546317840694357,-0.9710828440460018,-9.924376939899307,15.294459828520216,2.685041444310454,neutral
8150,Anthony Gordon,116,7333,35.01094456296414,32,1.3812068965517241,0.42969930596846756,0.392745124778399,Everton,3908,8150,Anthony Gordon,Everton,32,84,2062.0,5271.0,0.39901942953243336,0.44170118515858364,0.2618816682832202,0.443938531587934,1.03125,1.3452380952380953,0.3911971162967179,8150,Anthony Gordon,Everton,58,58,3535.0,3798.0,0.4614253167479261,0.4001702253719994,0.38189533239038187,0.40284360189573454,1.3620689655172413,1.1551724137931034,0.930753027909426,1.3812068965517241,0.042681755626150286,-0.06125509137592666,0.31398809523809534,-0.2068965517241379,0.09932935667641592,-0.14255338681050073,-2.8586068000552483,8.118577815308411,2.6299855076265812,neutral
4120,Álex Moreno,40,2379,5.701001161709427,5,1.8544999999999998,0.21567469716429105,0.18915510718789408,Aston Villa,2379,4120,Álex Moreno,Aston Villa,10,30,659.0,1720.0,0.26714341228825,0.19595499759063464,0.13657056145675267,0.20930232558139533,2.7,1.4666666666666666,0.38313953488372093,4120,Álex Moreno,Aston Villa,11,29,576.0,1803.0,0.20649189187679434,0.21860830550904872,0.3125,0.1497504159733777,1.1818181818181819,2.0,0.3194675540765391,1.8544999999999998,-0.07118841469761536,0.01211641363225438,-1.2333333333333336,0.8181818181818181,-0.3300730944965107,0.0561791150819359,7.321580603996159,-2.086893370948042,2.6173436165240584,neutral
371,Sokratis,19,1698,2.2034817300736904,2,1.4076315789473683,0.11679231784842882,0.10600706713780919,Arsenal,1698,371,Sokratis,Arsenal,8,11,720.0,978.0,0.1546180909499526,0.08894512292706162,0.25,0.0,1.25,1.7272727272727273,0.7361963190184049,371,Sokratis,Arsenal,9,10,810.0,888.0,0.09530977780620256,0.13638787802208113,0.0,0.20270270270270271,1.7777777777777777,1.3,0.9121621621621622,1.4076315789473683,-0.06567296802289098,0.04107810021587857,0.4772727272727273,-0.47777777777777763,-0.5623055457133772,0.35171919671282714,18.08999260547223,-12.858220978356178,2.615885813558026,neutral
8961,Rúben Dias,117,9809,12.510108720511196,7,2.3794871794871795,0.11478334028402565,0.06422673055357325,Manchester City,9809,8961,Rúben Dias,Manchester City,35,82,2958.0,6851.0,0.1319291195822747,0.10738044798155583,0.060851926977687626,0.06568384177492337,2.4,2.4390243902439024,0.4317617866004963,8961,Rúben Dias,Manchester City,53,64,4489.0,5320.0,0.12357036207401555,0.10736887772476536,0.020049008687903765,0.10150375939849625,2.2830188679245285,2.546875,0.843796992481203,2.3794871794871795,-0.024548671600718885,-0.016201484349250186,0.039024390243902474,0.26385613207547154,-0.21386963944396828,-0.14114839583131508,2.645678986446548,2.5680454925197744,2.6068622394831613,neutral
7298,Ben White,143,12206,15.352727680467066,15,1.867132867132867,0.11320215396051417,0.11060134360150746,Arsenal,8998,7298,Ben White,Arsenal,49,94,3999.0,8207.0,0.09791305784027063,0.12065202545860775,0.09002250562640661,0.12062873157061045,2.0408163265306123,1.8191489361702127,0.48726696722310225,7298,Ben White,Arsenal,66,77,5732.0,6474.0,0.1255405284704826,0.10227790887383836,0.0471039776692254,0.16682113067655235,2.0606060606060606,1.7532467532467533,0.8853877046648131,1.867132867132867,0.022738967618337116,-0.023262619596644246,-0.22166739036039962,-0.3073593073593073,0.20087045009999238,-0.20549626294883433,-3.0910041716945402,8.278678131835834,2.593836980070647,neutral
7698,Leandro Trossard,170,11407,60.2849471932277,62,1.5359607843137255,0.47564173291755,0.4891733146313667,Brighton,8845,7698,Leandro Trossard,Brighton,55,115,3680.0,7727.0,0.4419617426591803,0.49168189910763677,0.4157608695652174,0.5241361459816228,1.4545454545454546,1.4869565217391305,0.47625210301540055,7698,Leandro Trossard,Brighton,76,94,5437.0,5970.0,0.516035728501209,0.4388541024337386,0.5793636196431855,0.40703517587939697,1.5526315789473684,1.4148936170212767,0.9107202680067001,1.5359607843137255,0.049720156448456454,-0.07718162606747042,0.032411067193675924,-0.13773796192609167,0.10453278803665275,-0.162268406504291,-2.3693545016528343,7.551681345448776,2.5911634218979707,neutral
8719,Kalvin Phillips,73,4666,6.130255781114099,4,1.5934246575342466,0.11824325338625566,0.07715387912558937,Leeds United,4033,8719,Kalvin Phillips,Leeds United,24,49,1436.0,3230.0,0.21953935012439246,0.07320882771567844,0.06267409470752089,0.08359133126934984,1.7916666666666667,1.6122448979591837,0.44458204334365325,8719,Kalvin Phillips,Leeds United,28,45,1735.0,2931.0,0.06550703611579163,0.14946035914001035,0.1037463976945245,0.061412487205731836,1.5,1.7777777777777777,0.5919481405663596,1.5934246575342466,-0.14633052240871403,0.08395332302421872,-0.17942176870748305,0.2777777777777777,-1.2375380262137068,0.710005185242791,24.670623545529924,-19.495328936555335,2.5876473044872945,neutral
501,Danny Welbeck,127,7397,46.49143951851874,31,1.3251968503937006,0.5656657505294966,0.37717993781262676,Brighton,6606,501,Danny Welbeck,Brighton,43,84,2488.0,4909.0,0.6354667802440105,0.5302888994539802,0.3255627009646302,0.40334080260745575,1.2790697674418605,1.2142857142857142,0.5068242004481565,501,Danny Welbeck,Brighton,67,60,4262.0,3135.0,0.5568881412108827,0.5775988194022024,0.4012200844673862,0.3444976076555024,1.3432835820895523,1.1166666666666667,0.7355701548568747,1.3251968503937006,-0.10517788079003032,0.020710678191319665,-0.06478405315614633,-0.22661691542288565,-0.18593644867411116,0.036612925869974,5.225591724511761,-0.16470752466923327,2.530442099921264,neutral
2517,Martin Odegaard,122,9988,50.99549959879368,54,2.051311475409836,0.4595109094805197,0.48658390068081697,Arsenal,9988,2517,Martin Odegaard,Arsenal,45,77,3702.0,6286.0,0.4907494510117935,0.4411136646907049,0.4862236628849271,0.4867960547247852,2.2,2.051948051948052,0.5889277760101813,2517,Martin Odegaard,Arsenal,62,60,5137.0,4851.0,0.47291648042066814,0.4453149874191834,0.508078645123613,0.46382189239332094,2.161290322580645,2.05,0.9443254817987152,2.051311475409836,-0.049635786321088615,-0.027601493001484734,-0.1480519480519482,-0.1112903225806452,-0.10801873317262961,-0.06006711142655659,2.59589310032684,2.4479686341010534,2.5219308672139467,neutral
3422,João Moutinho,137,10411,16.821477320045226,14,1.1983576642335765,0.1454166707140592,0.1210258380559024,Wolverhampton Wanderers,10411,3422,João Moutinho,Wolverhampton Wanderers,40,97,2991.0,7420.0,0.13459050150750687,0.14978069660311552,0.15045135406218657,0.1091644204851752,1.275,1.3711340206185567,0.403099730458221,3422,João Moutinho,Wolverhampton Wanderers,59,78,4527.0,5884.0,0.1597628195142414,0.1343791085763256,0.07952286282306163,0.15295717199184228,1.3389830508474576,1.3461538461538463,0.7693745751189667,1.1983576642335765,0.01519019509560865,-0.025383710937915804,0.0961340206185568,0.007170795306388644,0.10445979144631888,-0.17455846577473358,-2.7830221659460452,7.798914450783687,2.5079461424188207,neutral
7366,Maximilian Wöber,16,1263,1.2067055357620113,0,0.72,0.08598851798779178,0.0,Leeds United,1263,7366,Maximilian Wöber,Leeds United,6,10,540.0,723.0,0.12596116711695984,0.05613342735189863,0.0,0.0,0.3333333333333333,0.8,0.7468879668049793,7366,Maximilian Wöber,Leeds United,6,10,437.0,826.0,0.0432566223448692,0.10859607052527019,0.0,0.0,0.16666666666666666,0.9,0.5290556900726392,1.0,-0.06982773976506121,0.065339448180401,0.46666666666666673,0.7333333333333334,-0.698277397650612,0.6533944818040099,33.02197182737639,-28.077486519432597,2.4722426539718967,neutral
1654,Ben Mee,136,11982,15.955049280077215,13,1.2224877450980391,0.11984263355090548,0.09764646970455683,Burnley,7414,1654,Ben Mee,Burnley,44,92,3836.0,8146.0,0.09321664705216041,0.1323809694469509,0.07038581856100104,0.11048367296832802,1.2045454545454546,1.3043478260869565,0.4709059661183403,1654,Ben Mee,Burnley,46,90,4074.0,7908.0,0.1563828436668759,0.10101804882499964,0.11045655375552282,0.09104704097116845,1.3478260869565217,1.2333333333333334,0.5151745068285281,1.2224877450980391,0.03916432239479049,-0.05536479484187627,0.09980237154150196,-0.11449275362318834,0.3267979118479125,-0.46197912380120554,-9.196289627679457,14.11043035552442,2.4570703639224813,neutral
790,Nathan Redmond,101,6429,22.053364513441917,19,1.0553465346534652,0.30872652142009216,0.26598226784881007,Southampton,6329,790,Nathan Redmond,Southampton,25,76,1514.0,4915.0,0.3648300824903414,0.2914445699530815,0.41611624834874505,0.21973550356052898,1.4,0.9605263157894737,0.3080366225839268,790,Nathan Redmond,Southampton,46,55,3173.0,3256.0,0.30682111485942537,0.310583356499022,0.2836432398361172,0.24877149877149876,1.0434782608695652,1.0909090909090908,0.9745085995085995,1.0553465346534652,-0.07338551253725989,0.003762241639596653,-0.43947368421052624,0.04743083003952564,-0.23770394652101276,0.012186324719661105,6.139449120756348,-1.225677966032459,2.4568855773619447,neutral
5555,Dominic Calvert-Lewin,135,10245,70.06688955193385,49,1.218432098765432,0.6155217237358758,0.43045387994143486,Everton,10245,5555,Dominic Calvert-Lewin,Everton,35,100,2825.0,7420.0,0.575529276830169,0.6307479585753126,0.44601769911504424,0.4245283018867924,1.542857142857143,1.21,0.3807277628032345,5555,Dominic Calvert-Lewin,Everton,54,81,3876.0,6369.0,0.6686335070607982,0.5831993384057769,0.5572755417956656,0.3532736693358455,1.4074074074074074,1.2222222222222223,0.6085727743758832,1.218432098765432,0.05521868174514366,-0.08543416865502129,-0.33285714285714296,-0.18518518518518512,0.08971037026930075,-0.1387995993650447,-0.9221576220040056,5.77780463523321,2.427823506614602,neutral
10552,Alejandro Garnacho,57,3167,20.8019625749439,16,1.6582456140350876,0.5911514467145409,0.45468898010735714,Manchester United,3167,10552,Alejandro Garnacho,Manchester United,16,41,560.0,2607.0,0.7771777449774423,0.5511918276016813,0.6428571428571428,0.4142692750287687,1.5,1.7073170731707317,0.21480629075565785,10552,Alejandro Garnacho,Manchester United,24,33,1177.0,1990.0,0.6271595605977429,0.569854185387642,0.5352591333899746,0.40703517587939697,1.5,1.7575757575757576,0.5914572864321608,1.6582456140350876,-0.22598591737576101,-0.05730537521010093,0.20731707317073167,0.25757575757575757,-0.38228091740573306,-0.09693856883644392,3.197845996249528,1.501587577789354,2.3497167870194406,neutral
9679,Rico Henry,76,6457,9.615576866082845,6,1.3890350877192983,0.13402538608447517,0.08363016880904445,Brentford,6457,9679,Rico Henry,Brentford,26,50,2141.0,4316.0,0.14247990070221464,0.12983142969045747,0.08407286314806164,0.08341056533827618,1.2307692307692308,1.46,0.49606116774791476,9679,Rico Henry,Brentford,42,34,3620.0,2837.0,0.1377007413259321,0.12933564834246802,0.0994475138121547,0.06344730348960169,1.4285714285714286,1.3235294117647058,0.7837016574585636,1.3890350877192983,-0.012648471011757173,-0.008365092983464079,0.22923076923076913,-0.10504201680672276,-0.0943736957697323,-0.06241424276287199,1.540590291210955,3.0576666129260204,2.2991284520684876,neutral
447,Kevin De Bruyne,140,10721,102.51465191319585,112,2.3918809523809523,0.8605837769039852,0.9402108012312285,Manchester City,10721,447,Kevin De Bruyne,Manchester City,45,95,3418.0,7303.0,0.8750351872502223,0.8538201290108677,0.8425980105324752,0.9858962070382035,2.2222222222222223,2.3684210526315788,0.468026838285636,447,Kevin De Bruyne,Manchester City,66,74,4977.0,5744.0,0.9434952375699663,0.7887435366994958,0.9584086799276672,0.9244428969359331,2.3181818181818183,2.324324324324324,0.8664693593314763,2.3918809523809523,-0.021215058239354656,-0.15475170087047052,0.14619883040935644,0.006142506142505777,-0.024651938380336916,-0.17982177333995464,0.05158870918930078,4.537634294615153,2.294611501902227,neutral
888,Xherdan Shaqiri,21,709,3.6544796805828805,3,1.980952380952381,0.46389727962265054,0.38081805359661497,Liverpool,709,888,Xherdan Shaqiri,Liverpool,6,15,116.0,593.0,0.3807070565506302,0.4801705778964353,0.0,0.4553119730185497,1.6666666666666667,1.5333333333333334,0.19561551433389546,888,Xherdan Shaqiri,Liverpool,6,15,81.0,628.0,0.9886587845782439,0.39621307277328266,1.1111111111111112,0.28662420382165604,1.6666666666666667,1.5333333333333334,0.12898089171974522,1.980952380952381,0.0994635213458051,-0.5924457118049612,-0.1333333333333333,-0.1333333333333333,0.2144085031641316,-1.277105380499054,-1.3504077198545417,5.907526092296298,2.2785591862208783,neutral
9512,Valentino Livramento,56,3496,6.147504160180686,3,1.3689285714285713,0.1582595464577408,0.07723112128146453,Southampton,2221,9512,Valentino Livramento,Southampton,15,41,944.0,2552.0,0.15898662702164656,0.15799059502657814,0.0,0.10579937304075236,1.2666666666666666,1.4390243902439024,0.36990595611285265,9512,Valentino Livramento,Southampton,23,33,1431.0,2065.0,0.17014945956802213,0.15002009577453854,0.06289308176100629,0.08716707021791767,1.434782608695652,1.3636363636363635,0.6929782082324455,1.3689285714285713,-0.0009960319950684249,-0.020129363793483596,0.17235772357723578,-0.07114624505928857,-0.006293661376910302,-0.12719209832222433,-0.3466923674491571,4.86725369100121,2.2602806617760263,neutral
1719,Javier Manquillo,57,3719,1.4685167027637356,4,1.1414912280701754,0.0355381831806228,0.09680021511158914,Newcastle United,3719,1719,Javier Manquillo,Newcastle United,15,42,1074.0,2645.0,0.010847497585765467,0.04556381506299587,0.0,0.13610586011342155,1.0,1.4285714285714286,0.40604914933837427,1719,Javier Manquillo,Newcastle United,26,31,1727.0,1992.0,0.0531497160560593,0.02026955001000089,0.1563404748118124,0.04518072289156626,1.1153846153846154,1.4838709677419355,0.8669678714859438,1.1414912280701754,0.034716317477230405,-0.03288016604605841,0.4285714285714286,0.3684863523573201,0.347163174772304,-0.32880166046058407,-10.168963352875831,14.682175913278394,2.2566062802012814,neutral
741,Jordan Pickford,179,16062,0.6486322218552224,1,1.15256052141527,0.003634472666353506,0.0056032872618602915,Everton,16062,741,Jordan Pickford,Everton,54,125,4860.0,11202.0,0.002973152048609871,0.0039213873425036645,0.0,0.008034279592929834,1.2407407407407407,1.192,0.43385109801821103,741,Jordan Pickford,Everton,78,101,7020.0,9042.0,0.0069241057364986406,0.0010804775156767923,0.01282051282051282,0.0,1.358974358974359,1.0891089108910892,0.7763769077637691,1.15256052141527,0.0009482352938937934,-0.005843628220821849,-0.04874074074074075,-0.26986544808326984,0.009482352938937934,-0.05843628220821848,-0.0663850670721779,4.5732727511968285,2.2534438420623255,neutral
8260,Erling Haaland,66,5384,75.0162616353482,76,2.4584848484848485,1.2539865429385844,1.2704309063893016,Manchester City,5384,8260,Erling Haaland,Manchester City,25,41,2026.0,3358.0,1.1936747277686914,1.290374791161992,1.1994076999012833,1.3132817153067302,2.32,2.3658536585365852,0.6033353186420488,8260,Erling Haaland,Manchester City,36,30,3088.0,2296.0,1.3887151082376876,1.0727836641739366,1.2823834196891193,1.254355400696864,2.388888888888889,2.3,0.7435233160621761,2.4584848484848485,0.09670006339330062,-0.31593144406375107,0.04585365853658541,-0.08888888888888902,0.07711411572782455,-0.2519416542727797,-1.4372462738298633,5.602484888000114,2.0826193070851255,neutral
8020,Steven Alzate,43,2490,3.8578153830021606,1,1.1195348837209302,0.13943911022899377,0.03614457831325301,Brighton,2490,8020,Steven Alzate,Brighton,12,31,796.0,1694.0,0.16548309844904505,0.12720120313149622,0.0,0.053128689492325853,0.9166666666666666,1.096774193548387,0.46989374262101535,8020,Steven Alzate,Brighton,15,28,976.0,1514.0,0.12369387020685202,0.1495892781692912,0.0,0.059445178335535004,1.5333333333333334,0.7857142857142857,0.6446499339498019,1.1195348837209302,-0.03828189531754883,0.025895407962439193,0.18010752688172038,-0.7476190476190477,-0.2745420223542765,0.18571122492041492,7.310246967336967,-3.180593455918643,2.064826755709162,neutral
7420,Miguel Almirón,167,11768,39.90651340456679,29,1.4041616766467067,0.3051993717208541,0.2217878993881713,Newcastle United,11768,7420,Miguel Almirón,Newcastle United,49,118,3540.0,8228.0,0.2744947405752994,0.3184096772939294,0.22881355932203387,0.2187651920272241,1.3061224489795917,1.3983050847457628,0.4302382109868741,7420,Miguel Almirón,Newcastle United,75,92,5378.0,6390.0,0.3308463041038886,0.2836142070329105,0.2844923763480848,0.16901408450704225,1.4533333333333334,1.3043478260869565,0.8416275430359937,1.4041616766467067,0.043914936718630004,-0.047232097070978085,0.09218263576617103,-0.14898550724637682,0.14388934181291868,-0.15475817268122752,-3.3686102617283256,7.386125886568952,2.0087578124203134,neutral
4456,Chris Wood,155,10566,62.414169248193495,53,1.2512150537634408,0.5316368760493483,0.4514480408858603,Burnley,6630,4456,Chris Wood,Burnley,48,107,3457.0,7109.0,0.5611771481886985,0.5172718850821614,0.44258027191206245,0.4557603038402025,1.0416666666666667,1.3177570093457944,0.48628499085666055,4456,Chris Wood,Burnley,63,92,3477.0,7089.0,0.557062064921861,0.5191663750323182,0.4141501294219154,0.46974185357596276,1.3650793650793651,1.141304347826087,0.4904782056707575,1.2512150537634408,-0.043905263106537085,-0.03789568988954284,0.2760903426791277,-0.2237750172532782,-0.08258505962340666,-0.07128115372874405,1.1737433508331943,2.8331639275214666,2.0034536391773305,neutral
6026,Richarlison,155,11008,61.81820388603955,60,1.403795698924731,0.5054177279926925,0.49055232558139533,Everton,8515,6026,Richarlison,Everton,46,109,3132.0,7876.0,0.5148632320757398,0.5016615930526082,0.4885057471264368,0.4913661757237176,1.5434782608695652,1.4678899082568808,0.3976637887252412,6026,Richarlison,Everton,71,84,4712.0,6296.0,0.5155491803718195,0.49783523059586177,0.5348047538200339,0.457433290978399,1.6901408450704225,1.3214285714285714,0.7484116899618806,1.403795698924731,-0.01320163902313165,-0.01771394977595775,-0.07558835261268437,-0.3687122736418511,-0.02612025319246919,-0.03504813700601706,0.7320744941093378,3.2737073087260344,2.002890901417686,neutral
9098,Robert Sánchez,103,9268,0.661861816421151,0,1.3147572815533979,0.006427229550917522,0.0,Brighton,7830,9098,Robert Sánchez,Brighton,30,73,2700.0,6568.0,0.0,0.009069361065454262,0.0,0.0,1.3,1.36986301369863,0.4110840438489647,9098,Robert Sánchez,Brighton,46,57,4140.0,5128.0,0.014388300356981545,0.0,0.0,0.0,1.3478260869565217,1.3508771929824561,0.8073322932917316,1.3147572815533979,0.009069361065454262,-0.014388300356981545,0.06986301369863002,0.0030511060259343914,0.09069361065454261,-0.14388300356981543,-2.2034366934888356,6.165902418743379,1.9812328626272715,neutral
1250,Mohamed Salah,176,14609,156.65748136118054,151,2.13625,0.9651018770967382,0.9302484769662537,Liverpool,14609,1250,Mohamed Salah,Liverpool,47,129,3903.0,10706.0,0.9442497293345292,0.9727037762855951,0.7609531129900077,0.991967121240426,2.021276595744681,2.1627906976744184,0.3645619278909023,1250,Mohamed Salah,Liverpool,81,95,6977.0,7632.0,1.0326789946252473,0.9033244204672299,1.0061631073527304,0.8608490566037736,2.185185185185185,2.0736842105263156,0.9141771488469602,2.13625,0.028454046951065903,-0.12935457415801732,0.14151410192973746,-0.11150097465886954,0.029482946439460478,-0.13403204079049916,-0.5937000462510109,4.492146731118963,1.9492233424339758,neutral
9740,José Sá,108,9572,0.3950190022587776,1,1.1672222222222222,0.0037141360429680304,0.009402423735896365,Wolverhampton Wanderers,9572,9740,José Sá,Wolverhampton Wanderers,35,73,3082.0,6490.0,0.01153527261625243,0.0,0.029201817001946784,0.0,0.9428571428571428,1.36986301369863,0.474884437596302,9740,José Sá,Wolverhampton Wanderers,50,58,4461.0,5111.0,0.00796944859970634,0.0,0.020174848688634835,0.0,1.1,1.3448275862068966,0.8728233222461358,1.1672222222222222,-0.01153527261625243,-0.00796944859970634,0.4270058708414872,0.24482758620689649,-0.1153527261625243,-0.0796944859970634,1.5479148285351712,2.340798605922718,1.9443567172289447,neutral
8021,Adam Idah,29,808,3.2317332355305544,2,0.39241379310344826,0.3599702861358291,0.22277227722772278,Norwich City,808,8021,Adam Idah,Norwich City,6,23,285.0,523.0,0.33472898327990575,0.3737251070037796,0.3157894736842105,0.17208413001912046,1.1666666666666667,0.30434782608695654,0.5449330783938815,8021,Adam Idah,Norwich City,18,11,261.0,547.0,0.40801258532908435,0.3370469952959029,0.0,0.3290676416819013,0.2222222222222222,0.9090909090909091,0.47714808043875684,1.0,0.03899612372387384,-0.07096559003318148,-0.8623188405797102,0.6868686868686869,0.10833150742102994,-0.19714291086349203,0.5667210757220393,3.3072645498148563,1.9369928127684477,neutral
9017,Malo Gusto,27,1754,7.207767341285943,6,1.5555555555555556,0.36983982937043036,0.30786773090079816,Chelsea,1754,9017,Malo Gusto,Chelsea,7,20,356.0,1398.0,0.5005897943642033,0.3365444162532751,0.25280898876404495,0.3218884120171674,2.2857142857142856,1.65,0.25464949928469244,9017,Malo Gusto,Chelsea,16,11,1066.0,688.0,0.37121502500845155,0.36770907566384514,0.33771106941838647,0.2616279069767442,1.5625,2.1818181818181817,0.6454033771106942,1.5555555555555556,-0.16404537811092818,-0.003505949344606407,-0.6357142857142857,0.6193181818181817,-0.44355790015958735,-0.009479642445689265,6.123515816578682,-2.294245885588465,1.9146349654951087,neutral
6504,Michael Obafemi,27,715,3.5514499433338638,5,1.1837037037037037,0.4470356572028639,0.6293706293706294,Southampton,706,6504,Michael Obafemi,Southampton,7,20,268.0,447.0,0.22621176733788265,0.5794311884865664,0.0,1.0067114093959733,1.8571428571428572,1.3,0.5995525727069351,6504,Michael Obafemi,Southampton,12,15,262.0,453.0,0.6892233307807498,0.3069624331909299,1.0305343511450382,0.3973509933774834,1.4166666666666667,1.4666666666666666,0.5783664459161147,1.1837037037037037,0.35321942114868377,-0.3822608975898199,-0.5571428571428572,0.04999999999999982,0.7901370180598222,-0.8551015817880286,-25.192658695629323,29.002326395148735,1.9048338497597062,neutral
5786,Yoane Wissa,102,5369,26.918463558889922,33,1.3523529411764705,0.45123146215311843,0.5531756379214007,Brentford,5369,5786,Yoane Wissa,Brentford,31,71,1586.0,3783.0,0.36938419035890735,0.4855454386441622,0.45397225725094575,0.5947660586835845,1.2903225806451613,1.2816901408450705,0.41924398625429554,5786,Yoane Wissa,Brentford,51,51,2840.0,2529.0,0.48519512311830904,0.41309117067777595,0.6971830985915493,0.3914590747330961,1.4313725490196079,1.1372549019607843,0.8904929577464789,1.3523529411764705,0.11616124828525487,-0.07210395244053308,-0.008632439800090763,-0.2941176470588236,0.2574316244061841,-0.1597937167246235,-5.559698962171797,9.302127508284705,1.871214273056454,neutral
8717,Pascal Struijk,85,6342,8.378325133584438,5,1.2378823529411764,0.1188977076667612,0.07095553453169347,Leeds United,6342,8717,Pascal Struijk,Leeds United,25,60,1826.0,4516.0,0.12699113379927252,0.11562521074072805,0.09857612267250822,0.059787422497785646,0.96,1.2166666666666666,0.40434012400354297,8717,Pascal Struijk,Leeds United,34,51,2459.0,3883.0,0.12823787842047385,0.11298282744956327,0.10980073200488003,0.04635591037857327,0.8823529411764706,1.3137254901960784,0.6332732423383981,1.2378823529411764,-0.011365923058544461,-0.01525505097091058,0.2566666666666666,0.43137254901960786,-0.09559413113665854,-0.12830399568061018,1.3473587990069833,2.387817533481246,1.8675881662441145,neutral
5087,Roberto Jiménez,8,687,0.0,0,1.2325,0.0,0.0,West Ham United,687,5087,Roberto Jiménez,West Ham United,0,8,0.0,687.0,0.0,0.0,0.0,0.0,0.0,0.25,0.0,5087,Roberto Jiménez,West Ham United,4,4,327.0,360.0,0.0,0.0,0.0,0.0,0.5,0.0,0.9083333333333333,1.2325,0.0,0.0,0.25,-0.5,0.0,0.0,-0.0,3.684922244759973,1.8424611223799865,neutral
743,Dwight Gayle,46,1359,9.356679486110806,8,1.2130434782608694,0.6196476480868084,0.5298013245033113,Newcastle United,1359,743,Dwight Gayle,Newcastle United,9,37,163.0,1196.0,0.8814712933784613,0.5839643251917085,1.6564417177914113,0.37625418060200666,1.3333333333333333,0.8918918918918919,0.1362876254180602,743,Dwight Gayle,Newcastle United,17,29,528.0,831.0,0.6060722125270827,0.6282731955904608,1.0227272727272727,0.21660649819494585,1.0588235294117647,0.9310344827586207,0.6353790613718412,1.2130434782608694,-0.2975069681867528,0.022200983063378144,-0.4414414414414414,-0.12778904665314406,-0.4801228070586885,0.03582839881975625,4.271953941335252,-0.6443117478678184,1.813821096733717,neutral
10004,Romeo Lavia,30,2290,0.7809434980154031,1,0.672,0.03069210254209008,0.039301310043668124,Southampton,2261,10004,Romeo Lavia,Southampton,10,20,835.0,1455.0,0.03788224918890496,0.026565798452680853,0.0,0.061855670103092786,0.5,0.9,0.5738831615120275,10004,Romeo Lavia,Southampton,18,12,1354.0,936.0,0.030862395658516784,0.03044575972195999,0.06646971935007386,0.0,0.8333333333333334,0.6666666666666666,0.691285081240768,1.0,-0.011316450736224108,-0.00041663593655679246,0.4,-0.16666666666666674,-0.11316450736224108,-0.004166359365567925,2.250491721871471,1.3537517471432872,1.802121734507379,neutral
745,Kasper Schmeichel,113,10170,0.3988605984486637,0,1.5800589970501473,0.0035297398092802093,0.0,Leicester City,10170,745,Kasper Schmeichel,Leicester City,34,79,3060.0,7110.0,0.005463588325416338,0.0026974505744874456,0.0,0.0,1.7352941176470589,1.4936708860759493,0.43037974683544306,745,Kasper Schmeichel,Leicester City,45,68,4050.0,6120.0,0.008510919960422645,0.00023337059161242205,0.0,0.0,1.5555555555555556,1.5735294117647058,0.6617647058823529,1.5800589970501473,-0.0027661377509288925,-0.008277549368810222,-0.24162323157110954,0.017973856209150263,-0.027661377509288924,-0.08277549368810222,1.1855508062029803,2.351499777345355,1.7685252917741678,neutral
780,Karl Darlow,33,2970,0.0,0,0.8909090909090909,0.0,0.0,Newcastle United,2970,780,Karl Darlow,Newcastle United,8,25,720.0,2250.0,0.0,0.0,0.0,0.0,1.375,0.76,0.32,780,Karl Darlow,Newcastle United,12,21,1080.0,1890.0,0.0,0.0,0.0,0.0,1.0833333333333333,0.8095238095238095,0.5714285714285714,1.0,0.0,0.0,-0.615,-0.2738095238095237,0.0,0.0,1.968,1.5646258503401356,1.7663129251700678,neutral
6818,James Maddison,155,11926,61.878059072419994,74,1.5386236559139783,0.46696506091881596,0.5584437363743082,Leicester City,9720,6818,James Maddison,Leicester City,50,105,3500.0,8426.0,0.4777391950307147,0.4624896907085566,0.54,0.566104913363399,1.62,1.5047619047619047,0.41538096368383576,6818,James Maddison,Leicester City,72,83,5500.0,6426.0,0.47891827235337003,0.4567343321777566,0.6218181818181818,0.5042016806722689,1.6111111111111112,1.4819277108433735,0.8558979147214442,1.5386236559139783,-0.015249504322158103,-0.022183940175613426,-0.11523809523809536,-0.12918340026773767,-0.032656628082950515,-0.047506638145396934,0.9282471513449733,2.568487940863799,1.7483675461043862,neutral
1791,Trent Alexander-Arnold,171,14223,66.508762688376,58,2.122923976608187,0.4208527485026956,0.3670111790761443,Liverpool,14223,1791,Trent Alexander-Arnold,Liverpool,46,125,3691.0,10532.0,0.43062104670463597,0.41742939219208397,0.4389054456786779,0.34181541967337636,2.0869565217391304,2.128,0.35045575389289785,1791,Trent Alexander-Arnold,Liverpool,77,94,6297.0,7926.0,0.4477948423167987,0.3994479586026947,0.35731300619342543,0.37471612414837246,2.1298701298701297,2.106382978723404,0.7944738834216503,2.122923976608187,-0.013191654512551998,-0.048346883714104005,0.04104347826086974,-0.023487151146725616,-0.03134505966632057,-0.11487838415244267,0.29445930794386194,3.0973085578135797,1.6958839328787207,neutral
688,Ruben Loftus-Cheek,87,5111,11.75346042681485,5,1.4393678160919539,0.20696760681145307,0.08804539229113677,Chelsea,3188,688,Ruben Loftus-Cheek,Chelsea,27,60,1499.0,3612.0,0.1983309454291442,0.21055186910715654,0.1200800533689126,0.07475083056478406,1.5555555555555556,1.3333333333333333,0.41500553709856036,688,Ruben Loftus-Cheek,Chelsea,42,45,2271.0,2840.0,0.21468035499054733,0.20080012402457875,0.11889035667107001,0.06338028169014084,1.5238095238095237,1.288888888888889,0.7996478873239437,1.4393678160919539,0.012220923678012335,-0.013880230965968576,-0.22222222222222232,-0.23492063492063475,0.05904751891510039,-0.06706475075886358,-0.5510188399144714,3.91318387776656,1.6810825189260443,neutral
8286,Jack Robinson,51,4271,4.114956156816333,3,0.6701960784313725,0.08671178977135799,0.06321704518848045,Sheffield United,4271,8286,Jack Robinson,Sheffield United,16,35,1319.0,2952.0,0.07588840090091407,0.09154785004239982,0.06823351023502654,0.06097560975609756,0.1875,0.7428571428571429,0.4468157181571816,8286,Jack Robinson,Sheffield United,21,30,1814.0,2457.0,0.0999478746078243,0.07693960503657984,0.09922822491730982,0.03663003663003663,0.47619047619047616,0.6333333333333333,0.7382987382987383,1.0,0.015659449141485746,-0.023008269571244452,0.5553571428571429,0.15714285714285714,0.15659449141485746,-0.23008269571244452,-7.379244616063517,10.730699744808618,1.6757275643725507,neutral
12032,Djordje Petrovic,23,1982,0.0,0,1.8156521739130433,0.0,0.0,Chelsea,1982,12032,Djordje Petrovic,Chelsea,5,18,450.0,1532.0,0.0,0.0,0.0,0.0,2.6,1.7222222222222223,0.293733681462141,12032,Djordje Petrovic,Chelsea,11,12,990.0,992.0,0.0,0.0,0.0,0.0,2.090909090909091,1.75,0.9979838709677419,1.8156521739130433,0.0,0.0,-0.8777777777777778,-0.34090909090909083,0.0,0.0,1.4200566709682583,1.8738268214682978,1.646941746218278,neutral
1651,Tom Heaton,20,1797,0.0,0,0.89925,0.0,0.0,Aston Villa,1797,1651,Tom Heaton,Aston Villa,6,14,537.0,1260.0,0.0,0.0,0.0,0.0,1.6666666666666667,0.7857142857142857,0.4261904761904762,1651,Tom Heaton,Aston Villa,8,12,720.0,1077.0,0.0,0.0,0.0,0.0,1.0,1.0833333333333333,0.6685236768802229,1.0,0.0,0.0,-0.880952380952381,0.08333333333333326,0.0,0.0,3.7545351473922906,-0.5571030640668517,1.5987160416627195,neutral
5962,Tanguy NDombele Alvaro,63,3633,5.972593909129499,11,1.5923809523809522,0.14795856091980591,0.27250206440957886,Tottenham Hotspur,3633,5962,Tanguy NDombele Alvaro,Tottenham Hotspur,18,45,1057.0,2576.0,0.1243250981209378,0.157655987231298,0.17029328287606432,0.3144409937888199,1.4444444444444444,1.2666666666666666,0.41032608695652173,5962,Tanguy NDombele Alvaro,Tottenham Hotspur,28,35,1520.0,2113.0,0.16530148357177443,0.13548281911621285,0.35526315789473684,0.2129673450070989,1.3571428571428572,1.2857142857142858,0.7193563653573118,1.5923809523809522,0.03333088911036021,-0.029818664455561583,-0.1777777777777778,-0.0714285714285714,0.2252717849048672,-0.20153389077448117,-3.605276546735233,6.695667930957434,1.5451956921111005,neutral
6249,Davinson Sánchez,89,6461,4.464260227046906,2,1.6694756554307117,0.06218594961062089,0.027859464479182788,Tottenham Hotspur,6461,6249,Davinson Sánchez,Tottenham Hotspur,31,58,2052.0,4409.0,0.0369008437305558,0.07395393266026785,0.0,0.04082558403266047,1.7741935483870968,1.6551724137931034,0.4654116579723293,6249,Davinson Sánchez,Tottenham Hotspur,41,48,2940.0,3521.0,0.07648762425749883,0.050244193444241685,0.030612244897959183,0.025560920193126953,1.7804878048780488,1.625,0.8349900596421471,1.6694756554307117,0.037053088929712055,-0.026243430813257147,-0.11902113459399333,-0.1554878048780488,0.3705308892971205,-0.26243430813257146,-6.898884337081632,9.965650210322153,1.5333829366202605,neutral
11174,Kobbie Mainoo,25,1987,1.6187752373516553,4,1.5656,0.07332147527008001,0.18117765475591344,Manchester United,1987,11174,Kobbie Mainoo,Manchester United,4,21,357.0,1630.0,0.05333120895533995,0.07769971151202,0.5042016806722689,0.11042944785276074,1.75,1.5238095238095237,0.21901840490797547,11174,Kobbie Mainoo,Manchester United,10,15,845.0,1142.0,0.08304010313996193,0.06613037146092919,0.21301775147928995,0.1576182136602452,1.5,1.6,0.7399299474605955,1.5656,0.02436850255668005,-0.016909731679032744,-0.22619047619047628,0.10000000000000009,0.2436850255668005,-0.16909731679032744,-2.0698815910614816,5.121667005318745,1.5258927071286317,neutral
769,Jonjo Shelvey,91,7305,13.911687145940954,15,1.1448901098901099,0.1713965562128249,0.18480492813141683,Newcastle United,6763,769,Jonjo Shelvey,Newcastle United,27,64,2125.0,5180.0,0.16849597532083,0.1725864663277842,0.12705882352941178,0.2084942084942085,1.2592592592592593,1.359375,0.41023166023166024,769,Jonjo Shelvey,Newcastle United,31,60,2348.0,4957.0,0.19010462375354567,0.16253503864461583,0.22998296422487222,0.16340528545491226,1.2258064516129032,1.3833333333333333,0.4736735928989308,1.1448901098901099,0.004090491006954217,-0.027569585108929845,0.1001157407407407,0.15752688172043006,0.023865654581034935,-0.1608526199015131,-0.9573300992089945,4.006717682040587,1.524693791415796,neutral
2496,Rodri,172,14045,31.199125278741114,43,2.336647286821705,0.1999231950933927,0.2755428978284087,Manchester City,14045,2496,Rodri,Manchester City,53,119,4347.0,9698.0,0.2227833430527653,0.18967643667110018,0.2484472049689441,0.28768818313054234,2.339622641509434,2.3949579831932772,0.4482367498453289,2496,Rodri,Manchester City,75,97,6114.0,7931.0,0.20373299837174572,0.1969862215410222,0.27968596663395484,0.2723490102130879,2.4,2.3608247422680413,0.7708990039087127,2.336647286821705,-0.03310690638166511,-0.006746776830723528,0.05533534168384335,-0.039175257731958624,-0.16559812565120047,-0.03374684376953769,2.1175075435611297,0.9086010802306883,1.513054311895909,neutral
6329,Harry Souttar,12,991,1.4564354903995989,1,0.955,0.1322696207224661,0.09081735620585267,Leicester City,991,6329,Harry Souttar,Leicester City,5,7,450.0,541.0,0.14722311943769456,0.11983140552495627,0.2,0.0,0.8,0.5714285714285714,0.8317929759704251,6329,Harry Souttar,Leicester City,3,9,181.0,810.0,0.056273371228197006,0.14925149869587684,0.0,0.1111111111111111,0.6666666666666666,0.6666666666666666,0.2234567901234568,1.0,-0.027391713912738286,0.09297812746767983,-0.22857142857142865,0.0,-0.20708998606877976,0.7029439334582399,13.959160794340091,-10.995431650513456,1.4818645719133174,neutral
2385,Mat Ryan,52,4680,0.060327298939228,0,1.101025641025641,0.001160140364215923,0.0,Brighton,4410,2385,Mat Ryan,Brighton,18,34,1620.0,3060.0,0.003351516607734889,0.0,0.0,0.0,0.8888888888888888,1.1470588235294117,0.5294117647058824,2385,Mat Ryan,Brighton,26,26,2340.0,2340.0,0.0,0.002320280728431846,0.0,0.0,1.3076923076923077,0.8076923076923077,1.0,1.101025641025641,-0.003351516607734889,0.002320280728431846,0.25816993464052285,-0.5,-0.03351516607734889,0.02320280728431846,-0.11330288510339036,3.0660534726085378,1.4763752937525738,neutral
6143,Jetro Willems,19,1501,1.5680451355874532,4,1.143421052631579,0.09402002811650285,0.23984010659560293,Newcastle United,1501,6143,Jetro Willems,Newcastle United,6,13,408.0,1093.0,0.0575981935595764,0.10761573580106461,0.4411764705882353,0.16468435498627632,1.0,1.3076923076923077,0.37328453796889294,6143,Jetro Willems,Newcastle United,7,12,566.0,935.0,0.120560396396861,0.07795388004518444,0.4770318021201414,0.0962566844919786,1.1428571428571428,1.25,0.6053475935828877,1.143421052631579,0.05001754224148821,-0.04260651635167656,0.3076923076923077,0.1071428571428572,0.5001754224148821,-0.4260651635167656,-12.434711061668482,15.222423755131064,1.3938563467312912,neutral
8214,Tyrick Mitchell,132,11120,11.92226603347808,11,1.1534848484848483,0.09649316034289812,0.08902877697841727,Crystal Palace,11120,8214,Tyrick Mitchell,Crystal Palace,47,85,3828.0,7292.0,0.08250128795308143,0.10383831770825992,0.07053291536050156,0.09873834339001646,1.0212765957446808,1.3176470588235294,0.5249588590235875,8214,Tyrick Mitchell,Crystal Palace,64,68,5184.0,5936.0,0.10551326626834148,0.08861576325437077,0.10416666666666666,0.07580862533692723,1.34375,1.088235294117647,0.8733153638814016,1.1534848484848483,0.021337029755178497,-0.016897503013970708,0.2963704630788486,-0.25551470588235303,0.21337029755178497,-0.16897503013970708,-8.146242207226239,10.88982095887929,1.3717893758265252,neutral
9677,Kristoffer Ajer,61,4638,7.384736454114317,7,1.2702732240437158,0.14330018992459864,0.13583441138421734,Brentford,4638,9677,Kristoffer Ajer,Brentford,16,45,1173.0,3465.0,0.10840601942804462,0.15511284850828058,0.07672634271099744,0.15584415584415584,0.9375,1.288888888888889,0.3385281385281385,9677,Kristoffer Ajer,Brentford,31,30,2358.0,2280.0,0.15361017874577118,0.1326374909595439,0.11450381679389314,0.15789473684210525,1.3225806451612903,1.0666666666666667,0.9669211195928753,1.2702732240437158,0.04670682908023596,-0.020972687786227268,0.351388888888889,-0.2559139784946236,0.3259369656440236,-0.14635491967779407,-7.016812205302533,9.746283293398992,1.3647355440482296,neutral
845,Maya Yoshida,8,555,1.0103492485359309,0,0.915,0.16384041868150231,0.0,Southampton,555,845,Maya Yoshida,Southampton,2,6,94.0,461.0,0.0,0.19724822639530104,0.0,0.0,3.0,0.3333333333333333,0.2039045553145336,845,Maya Yoshida,Southampton,6,2,461.0,94.0,0.19724822639530104,0.0,0.0,0.0,0.6666666666666666,2.0,0.2039045553145336,1.0,0.19724822639530104,-0.19724822639530104,-2.6666666666666665,1.3333333333333335,1.2039045553145336,-1.2039045553145336,-11.746258801091027,14.464986205284807,1.35936370209689,neutral
8858,Guglielmo Vicario,38,3420,0.0,0,1.8,0.0,0.0,Tottenham Hotspur,3420,8858,Guglielmo Vicario,Tottenham Hotspur,8,30,720.0,2700.0,0.0,0.0,0.0,0.0,2.25,1.6,0.26666666666666666,8858,Guglielmo Vicario,Tottenham Hotspur,19,19,1710.0,1710.0,0.0,0.0,0.0,0.0,1.894736842105263,1.5789473684210527,1.0,1.8,0.0,0.0,-0.6499999999999999,-0.3157894736842104,0.0,0.0,0.9629629629629627,1.75438596491228,1.3586744639376214,neutral
922,Andreas Pereira,95,7022,29.33124547079205,24,1.3515087719298244,0.37593450475239026,0.3076046710338935,Fulham,5521,922,Andreas Pereira,Fulham,36,59,2873.0,4149.0,0.42854864812876503,0.33950152477641415,0.3132613992342499,0.3036876355748373,1.3888888888888888,1.3898305084745763,0.6924560134972283,922,Andreas Pereira,Fulham,45,50,3281.0,3741.0,0.3542902879445327,0.39491731024465987,0.3017372752209692,0.31275060144346434,1.3111111111111111,1.46,0.8770382250735097,1.3515087719298244,-0.08904712335235088,0.04062702230012716,0.0009416195856875031,0.14888888888888885,-0.2368687157647364,0.10806941577998061,8.490482342201537,-5.8752730543753025,1.307604643913117,neutral
11094,Antony,54,3170,15.217560647055505,8,1.732962962962963,0.4320443085914812,0.22712933753943218,Manchester United,3170,11094,Antony,Manchester United,11,43,727.0,2443.0,0.5216038948824266,0.40539272478733984,0.12379642365887208,0.25787965616045844,1.8181818181818181,1.5813953488372092,0.29758493655341794,11094,Antony,Manchester United,24,30,1497.0,1673.0,0.43056688187475906,0.43336630966436407,0.30060120240480964,0.16138673042438734,1.5416666666666667,1.7,0.8947997609085475,1.732962962962963,-0.1162111700950868,0.0027994277896050135,-0.2367864693446089,0.15833333333333321,-0.2689797499565492,0.00647949234357814,3.6398604742998284,-1.0517337652605827,1.294063354519623,neutral
6377,Joe Rodon,15,816,0.0183294005692005,0,1.9026666666666665,0.002021625062779467,0.0,Tottenham Hotspur,816,6377,Joe Rodon,Tottenham Hotspur,5,10,283.0,533.0,0.005829137990205105,0.0,0.0,0.0,2.2,1.6,0.5309568480300187,6377,Joe Rodon,Tottenham Hotspur,5,10,183.0,633.0,0.0,0.002606075910312867,0.0,0.0,1.8,1.8,0.2890995260663507,1.9026666666666665,-0.005829137990205105,0.002606075910312867,-0.6000000000000001,0.0,-0.05829137990205105,0.026060759103128668,2.8130285224183873,-0.277185030165593,1.2679217461263972,neutral
2379,João Cancelo,98,8029,22.58471555076539,16,2.3725510204081632,0.25316034370019747,0.1793498567692116,Manchester City,8029,2379,João Cancelo,Manchester City,25,73,2130.0,5899.0,0.2560669166416349,0.25211084372303827,0.29577464788732394,0.13731140871334124,2.32,2.26027397260274,0.36107814883878625,2379,João Cancelo,Manchester City,49,49,3959.0,4070.0,0.2629673352616058,0.24362081554500925,0.15913109371053297,0.19901719901719903,2.2857142857142856,2.2653061224489797,0.9727272727272728,2.3725510204081632,-0.00395607291859662,-0.019346519716596566,-0.05972602739725996,-0.020408163265305923,-0.015626748094802554,-0.07642002469196946,0.2573731979035865,2.27688453377956,1.2671288658415731,neutral
8288,Tomas Soucek,159,13248,37.23345225583761,34,1.399748427672956,0.2529446484771577,0.23097826086956522,West Ham United,13248,8288,Tomas Soucek,West Ham United,46,113,3847.0,9401.0,0.2755181348396255,0.24370731180697222,0.16376397192617625,0.25848314009147966,1.326086956521739,1.3805309734513274,0.40921178598021485,8288,Tomas Soucek,West Ham United,78,81,6495.0,6753.0,0.2576245118242282,0.2484435804423254,0.20785219399538105,0.25322079075966236,1.2435897435897436,1.4814814814814814,0.9617947578853843,1.399748427672956,-0.031810823032653285,-0.00918093138190279,0.054444016929588335,0.2378917378917378,-0.12576199268958235,-0.03629620724208316,2.414461680208529,0.11118774088038372,1.2628247105444563,neutral
9453,Moisés Caicedo,80,6705,7.547175978776064,8,1.6800000000000002,0.10130437555404112,0.10738255033557047,Brighton,3808,9453,Moisés Caicedo,Brighton,27,53,2169.0,4536.0,0.09358085266843866,0.10499756804497408,0.08298755186721991,0.11904761904761904,1.7777777777777777,1.7358490566037736,0.4781746031746032,9453,Moisés Caicedo,Brighton,45,35,3721.0,2984.0,0.10876220943432752,0.09200457667048027,0.14512227895726953,0.06032171581769437,1.6666666666666667,1.8571428571428572,0.8019349637194303,1.6800000000000002,0.011416715376535422,-0.016757632763847244,-0.041928721174004036,0.19047619047619047,0.11269715956587818,-0.165418647242022,-2.126030876614483,4.618068221564867,1.246018672475192,neutral
5232,Alexander Isak,52,3835,36.28189049009234,34,1.7349999999999999,0.8514654873815672,0.7979139504563233,Newcastle United,3835,5232,Alexander Isak,Newcastle United,13,39,950.0,2885.0,0.5070160127784076,0.9648890578748087,0.5684210526315789,0.8734835355285961,1.0,1.7692307692307692,0.3292894280762565,5232,Alexander Isak,Newcastle United,23,29,1882.0,1953.0,0.9714049936839311,0.7358863010727865,0.7651434643995749,0.8294930875576036,1.608695652173913,1.5517241379310345,0.9636456733230927,1.7349999999999999,0.45787304509640114,-0.23551869261114455,0.7692307692307692,-0.05697151424287861,0.5377470395241216,-0.276603921241028,-8.604152540177784,11.070533468009463,1.2331904639158395,neutral
672,Jordan Ayew,174,12630,36.29484278522431,39,1.1412260536398466,0.2586330839802208,0.27790973871733965,Crystal Palace,12630,672,Jordan Ayew,Crystal Palace,62,112,4829.0,7801.0,0.19540223523474518,0.2977744464455331,0.13046179333195276,0.3691834380207666,1.0,1.2678571428571428,0.6190232021535701,672,Jordan Ayew,Crystal Palace,74,100,5494.0,7136.0,0.3146795225900967,0.2154829811603415,0.2948671277757554,0.2648542600896861,1.2432432432432432,1.12,0.7698991031390134,1.1412260536398466,0.1023722112107879,-0.09919654142975518,0.2678571428571428,-0.1232432432432431,0.39582024710580693,-0.3835415790709178,-16.48195112770634,18.943688498420165,1.2308686853569135,neutral
1379,Allan,52,4247,1.9064960153773411,2,1.1926923076923077,0.040401375414165455,0.042382858488344714,Everton,4247,1379,Allan,Everton,17,35,1418.0,2829.0,0.03696787499458813,0.04212237350358244,0.0,0.06362672322375398,1.2941176470588236,1.3428571428571427,0.5012371862849063,1379,Allan,Everton,22,30,1760.0,2487.0,0.043766657567836986,0.03801983275615907,0.05113636363636363,0.03618817852834741,1.5,1.2,0.7076799356654604,1.1926923076923077,0.0051544985089943055,-0.005746824811677917,0.048739495798319155,-0.30000000000000004,0.051544985089943055,-0.05746824811677917,-1.7211806386774942,4.166941133139888,1.2228802472311968,neutral
6080,Victor Lindelöf,131,10726,3.6346659222617728,7,1.7291857506361323,0.03049784943162032,0.05873578221144882,Manchester United,10726,6080,Victor Lindelöf,Manchester United,36,95,3087.0,7639.0,0.04751492785860079,0.023621069603882563,0.11661807580174927,0.03534494043723,1.7222222222222223,1.831578947368421,0.40411048566566304,6080,Victor Lindelöf,Manchester United,60,71,4915.0,5811.0,0.030978171891956324,0.03009158804931926,0.03662258392675483,0.07743933918430562,1.6333333333333333,1.943661971830986,0.845809671313027,1.7291857506361323,-0.02389385825471823,-0.0008865838426370641,0.10935672514619865,0.3103286384976527,-0.23893858254718228,-0.008865838426370641,3.6532275778921868,-1.2143708705221983,1.2194283536849944,neutral
8040,Marvelous Nakamba,71,4638,1.279329983517526,0,1.0011971830985915,0.02482529075389766,0.0,Aston Villa,3498,8040,Marvelous Nakamba,Aston Villa,16,55,1104.0,3534.0,0.015503377881427475,0.027737399359219417,0.0,0.0,1.4375,0.9636363636363636,0.31239388794567063,8040,Marvelous Nakamba,Aston Villa,32,39,1770.0,2868.0,0.03213244684482527,0.020315644212425602,0.0,0.0,0.9375,1.1794871794871795,0.6171548117154811,1.0011971830985915,0.012234021477791943,-0.011816802632399665,-0.4738636363636364,0.24198717948717952,0.12234021477791943,-0.11816802632399664,-1.193533558859418,3.6072036174306596,1.206835029285621,neutral
2243,Keylor Navas,17,1530,0.0,0,0.9623529411764705,0.0,0.0,Nottingham Forest,1530,2243,Keylor Navas,Nottingham Forest,9,8,810.0,720.0,0.0,0.0,0.0,0.0,0.8888888888888888,1.0,0.8888888888888888,2243,Keylor Navas,Nottingham Forest,6,11,540.0,990.0,0.0,0.0,0.0,0.0,1.3333333333333333,0.7272727272727273,0.5454545454545454,1.0,0.0,0.0,0.11111111111111116,-0.606060606060606,0.0,0.0,-0.9876543209876548,3.3057851239669414,1.1590654014896433,neutral
605,Jordan Henderson,121,8664,17.932088799774643,20,2.1963636363636363,0.18627516066247898,0.2077562326869806,Liverpool,8664,605,Jordan Henderson,Liverpool,31,90,2358.0,6306.0,0.23727071460848315,0.16720641403947267,0.15267175572519084,0.22835394862036157,2.096774193548387,2.2222222222222223,0.37392959086584204,605,Jordan Henderson,Liverpool,55,66,3514.0,5150.0,0.17599101475979034,0.19329234293472122,0.12805919180421171,0.2621359223300971,2.2,2.1818181818181817,0.6823300970873787,2.1963636363636363,-0.07006430056901047,0.01730132817493088,0.1254480286738353,-0.01818181818181852,-0.3761333519715137,0.09288048988066636,4.268978903745482,-1.963336429541803,1.1528212371018394,neutral
700,Willian,119,8276,39.829697102308266,38,1.4499019607843138,0.4331407369753195,0.41324311261478974,Fulham,4254,700,Willian,Fulham,39,80,2803.0,5473.0,0.38290789379441564,0.4588675156042385,0.38530146271851584,0.4275534441805226,1.6666666666666667,1.55,0.5121505572811986,700,Willian,Fulham,52,67,3766.0,4510.0,0.462069026549632,0.4089846530425343,0.45406266595857675,0.3791574279379158,1.7115384615384615,1.492537313432836,0.8350332594235034,1.4499019607843138,0.07595962180982285,-0.053084373507097715,-0.1166666666666667,-0.21900114810562554,0.1753693784155681,-0.12255687118647184,-3.9241120519754826,6.2021206407279506,1.139004294376234,neutral
11712,Thomas Kaminski,38,3410,0.0386374369263649,0,0.8584210526315789,0.0010197563998160823,0.0,Luton Town,3410,11712,Thomas Kaminski,Luton Town,11,27,980.0,2430.0,0.0035483360442580005,0.0,0.0,0.0,1.0909090909090908,0.5185185185185185,0.40329218106995884,11712,Thomas Kaminski,Luton Town,15,23,1340.0,2070.0,0.002595051733860329,0.0,0.0,0.0,0.4666666666666667,0.8260869565217391,0.6473429951690821,1.0,-0.0035483360442580005,-0.002595051733860329,-0.5723905723905723,0.35942028985507246,-0.035483360442580006,-0.025950517338603287,3.3101177513533324,-1.1507600761821173,1.0796788375856075,neutral
527,Adrián,14,1143,0.0,0,2.487142857142857,0.0,0.0,Liverpool,1143,527,Adrián,Liverpool,5,9,371.0,772.0,0.0,0.0,0.0,0.0,2.6,2.6666666666666665,0.4805699481865285,527,Adrián,Liverpool,8,6,682.0,461.0,0.0,0.0,0.0,0.0,3.0,2.1666666666666665,0.6759530791788856,2.487142857142857,0.0,0.0,0.06666666666666643,-0.8333333333333335,0.0,0.0,-0.12881446055162502,2.2648245999675476,1.0680050697079613,neutral
618,Raheem Sterling,153,11242,92.30239569861442,77,1.9768845315904138,0.7389446373310175,0.6164383561643836,Manchester City,7336,618,Raheem Sterling,Manchester City,43,110,3001.0,8241.0,0.8038016061662576,0.7153266585087197,0.6597800733088971,0.6006552602839461,1.7209302325581395,1.9181818181818182,0.36415483557820655,618,Raheem Sterling,Manchester City,74,79,5264.0,5978.0,0.7595024951489495,0.7208421676833768,0.6838905775075989,0.5570424891267982,1.7837837837837838,1.9367088607594938,0.8805620608899297,1.9768845315904138,-0.08847494765753794,-0.038660327465572686,0.19725158562367873,0.15292507697571,-0.11973149704029143,-0.052318300333309566,1.1805216888899215,0.9501139221910535,1.0653178055404875,neutral
1785,Nampalys Mendy,63,3542,0.5330313229933373,2,1.3852380952380952,0.013543991832128842,0.050818746470920384,Leicester City,3542,1785,Nampalys Mendy,Leicester City,21,42,1323.0,2219.0,0.021418341669906537,0.00884919019383236,0.1360544217687075,0.0,1.619047619047619,1.5238095238095237,0.5962145110410094,1785,Nampalys Mendy,Leicester City,25,38,1482.0,2060.0,0.006698143577979869,0.018469014702346697,0.0,0.08737864077669903,1.8,1.394736842105263,0.7194174757281553,1.3852380952380952,-0.012569151476074177,0.011770871124366828,-0.09523809523809534,-0.405263157894737,-0.12569151476074175,0.11770871124366827,4.196795276486318,-2.1744892114659393,1.0111530325101894,neutral
556,Marcus Rashford,161,12042,76.5224479129538,81,1.7433747412008282,0.571916651068414,0.6053811659192825,Manchester United,12042,556,Marcus Rashford,Manchester United,41,120,3120.0,8922.0,0.6116046674030189,0.5580378558471669,0.6634615384615384,0.5850706119704102,1.6829268292682926,1.75,0.3496973772696705,556,Marcus Rashford,Manchester United,69,92,5129.0,6913.0,0.5900402569467502,0.5584701047715839,0.5088711249756288,0.6769853898452192,1.6231884057971016,1.815217391304348,0.7419354838709677,1.7433747412008282,-0.05356681155585197,-0.031570152175166344,0.06707317073170738,0.19202898550724634,-0.09366191988951932,-0.055200617286083956,1.1805722395406673,0.8272114720096488,1.0038918557751582,neutral
11711,Bart Verbruggen,21,1890,0.0,0,1.301904761904762,0.0,0.0,Brighton,1890,11711,Bart Verbruggen,Brighton,6,15,540.0,1350.0,0.0,0.0,0.0,0.0,1.8333333333333333,1.2,0.4,11711,Bart Verbruggen,Brighton,13,8,1170.0,720.0,0.0,0.0,0.0,0.0,1.3846153846153846,1.375,0.6153846153846154,1.301904761904762,0.0,0.0,-0.6333333333333333,-0.009615384615384581,0.0,0.0,1.9458668617410388,0.0454500201278659,0.9956584409344523,neutral
5543,Gabriel Jesus,144,9563,85.82639090809971,76,2.308333333333333,0.8077355622429127,0.7152567186029488,Manchester City,5960,5543,Gabriel Jesus,Manchester City,46,98,3103.0,6460.0,0.88300078579345,0.7715826228191793,0.8991298743151789,0.6269349845201239,2.3043478260869565,2.2142857142857144,0.4803405572755418,5543,Gabriel Jesus,Manchester City,72,72,4956.0,4607.0,0.8094921561869056,0.8058458987772238,0.7445520581113801,0.6837421315389625,2.1944444444444446,2.2916666666666665,0.9295803066989508,2.308333333333333,-0.11141816297427065,-0.00364625740968183,-0.09006211180124213,0.09722222222222188,-0.13793890993840327,-0.004514172187190739,2.1966673865440054,-0.26426800370019676,0.9661996914219043,neutral
7708,John Lundstram,62,4482,13.086798283271488,10,0.9803763440860215,0.26278711412191746,0.20080321285140562,Sheffield United,4482,7708,John Lundstram,Sheffield United,21,41,1338.0,3144.0,0.195348990325202,0.2914869263483822,0.06726457399103139,0.25763358778625955,0.7142857142857143,1.1951219512195121,0.4255725190839695,7708,John Lundstram,Sheffield United,21,41,1531.0,2951.0,0.34707984827449123,0.219055438084103,0.17635532331809275,0.2134869535750593,0.6666666666666666,1.2195121951219512,0.5188071840054219,1.0,0.09613793602318019,-0.12802441019038824,0.48083623693379784,0.5528455284552846,0.36583961258685593,-0.4871791777849221,-12.944696871838149,14.824441695208298,0.9398724116850747,neutral
9501,Fabio Carvalho,17,585,2.7601799145340915,3,1.6317647058823528,0.42464306377447564,0.46153846153846156,Liverpool,330,9501,Fabio Carvalho,Liverpool,3,14,26.0,559.0,0.9267078569302192,0.4012912129300224,3.4615384615384617,0.3220035778175313,2.3333333333333335,1.1428571428571428,0.046511627906976744,9501,Fabio Carvalho,Liverpool,14,3,483.0,102.0,0.3996566275817266,0.5429611880989635,0.5590062111801242,0.0,1.6428571428571428,0.0,0.2111801242236025,1.6317647058823528,-0.5254166440001968,0.14330456051723695,-1.1904761904761907,-1.6428571428571428,-1.237313614238713,0.33747062590275767,2.8081087730336867,-0.9310830467274402,0.9385128631531232,neutral
6849,Rui Patrício,75,6750,0.0,0,1.3026,0.0,0.0,Wolverhampton Wanderers,6750,6849,Rui Patrício,Wolverhampton Wanderers,23,52,2070.0,4680.0,0.0,0.0,0.0,0.0,1.434782608695652,1.3653846153846154,0.4423076923076923,6849,Rui Patrício,Wolverhampton Wanderers,28,47,2520.0,4230.0,0.0,0.0,0.0,0.0,1.6071428571428572,1.2553191489361701,0.5957446808510638,1.3026,0.0,0.0,-0.06939799331103669,-0.35182370820668707,0.0,0.0,0.23564614058183098,1.6090672713145289,0.9223567059481799,neutral
637,Hugo Lloris,122,10856,0.206324504688382,0,1.736912568306011,0.0017105016048226216,0.0,Tottenham Hotspur,10856,637,Hugo Lloris,Tottenham Hotspur,41,81,3690.0,7166.0,0.0,0.002591292969851295,0.0,0.0,1.975609756097561,1.6419753086419753,0.5149316215461903,637,Hugo Lloris,Tottenham Hotspur,64,58,5678.0,5178.0,0.003270377848177947,0.0,0.0,0.0,1.765625,1.7413793103448276,0.9119408242338851,1.736912568306011,0.002591292969851295,-0.003270377848177947,-0.3336344474555857,-0.024245689655172376,0.02591292969851295,-0.032703778481779466,0.45134809950598653,1.3292437014436707,0.8902959004748285,neutral
1014,Tyler Roberts,50,2272,8.321971103549002,5,1.3503999999999998,0.3296555454750925,0.19806338028169015,Leeds United,2272,1014,Tyler Roberts,Leeds United,13,37,621.0,1651.0,0.2927413771765819,0.34354028109797263,0.0,0.27256208358570566,1.1538461538461537,1.1891891891891893,0.37613567534827375,1014,Tyler Roberts,Leeds United,15,35,429.0,1843.0,0.4359376352358529,0.30491598144505117,0.2097902097902098,0.19533369506239825,1.1333333333333333,1.2,0.23277265328269126,1.3503999999999998,0.05079890392139075,-0.13102165379080172,0.03534303534303551,0.06666666666666665,0.1540969190983287,-0.39745017364102314,-3.102956291517904,4.6807652797474715,0.7889044941147838,neutral
8942,Aaron Hickey,35,2707,1.1797872986644498,1,1.52,0.03922455001100867,0.033247137052087185,Brentford,2707,8942,Aaron Hickey,Brentford,12,23,891.0,1816.0,0.040180585488225465,0.03875548194371784,0.10101010101010102,0.0,1.4166666666666667,1.3478260869565217,0.4906387665198238,8942,Aaron Hickey,Brentford,25,10,2038.0,669.0,0.04105165595292925,0.03365856808330442,0.04416094210009813,0.0,1.36,1.4,0.3282630029440628,1.52,-0.0014251035445076235,-0.00739308786962483,-0.06884057971014501,0.039999999999999813,-0.014251035445076235,-0.0739308786962483,0.5442146729099514,1.031255826579628,0.7877352497447898,neutral
978,Sam Johnstone,66,5940,0.1101170033216476,1,0.9906565656565656,0.001668439444267388,0.015151515151515152,West Bromwich Albion,3330,978,Sam Johnstone,West Bromwich Albion,20,46,1800.0,4140.0,0.00550585016608238,0.0,0.05,0.0,0.95,0.8695652173913043,0.43478260869565216,978,Sam Johnstone,West Bromwich Albion,24,42,2160.0,3780.0,0.0,0.002621833412420181,0.0,0.02380952380952381,0.9583333333333334,0.8571428571428571,0.5714285714285714,1.0,-0.00550585016608238,0.002621833412420181,-0.08043478260869563,-0.10119047619047628,-0.0550585016608238,0.026218334124201808,2.0254099749324443,-0.4705020724510651,0.7774539512406896,neutral
8075,Brandon Williams,47,3310,4.042566981166599,2,1.1153191489361702,0.10991873966918246,0.054380664652567974,Norwich City,2120,8075,Brandon Williams,Norwich City,14,33,919.0,2391.0,0.09091075833063972,0.11722460953539778,0.09793253536452666,0.037641154328732745,1.5714285714285714,1.0606060606060606,0.3843580092011711,8075,Brandon Williams,Norwich City,13,34,871.0,2439.0,0.12845975107349772,0.1032974928741195,0.0,0.07380073800738007,1.3076923076923077,1.1764705882352942,0.35711357113571135,1.1153191489361702,0.026313851204758057,-0.025162258199378215,-0.5108225108225108,-0.13122171945701355,0.23939367649186738,-0.22891690966533954,-4.01455866237516,5.550934933413191,0.7681881355190154,neutral
6996,William Troost-Ekong,17,1381,0.174752996303141,0,0.9294117647058823,0.011388681873484931,0.0,Watford,1381,6996,William Troost-Ekong,Watford,4,13,293.0,1088.0,0.003806416472935024,0.013430597096243316,0.0,0.0,2.5,0.23076923076923078,0.2693014705882353,6996,William Troost-Ekong,Watford,12,5,998.0,383.0,0.007480605102269221,0.02157212996140472,0.0,0.0,0.8333333333333334,0.6,0.3837675350701403,1.0,0.009624180623308292,0.014091524859135496,-2.269230769230769,-0.2333333333333334,0.09624180623308291,0.14091524859135496,4.296807636034579,-2.8900512505686966,0.7033781927329412,neutral
2310,Alphonse Areola,73,6350,0.0,0,1.0793835616438356,0.0,0.0,Fulham,3240,2310,Alphonse Areola,Fulham,17,56,1432.0,4918.0,0.0,0.0,0.0,0.0,1.3529411764705883,0.9107142857142857,0.29117527450183,2310,Alphonse Areola,Fulham,29,44,2492.0,3858.0,0.0,0.0,0.0,0.0,1.0344827586206897,1.0,0.6459305339554173,1.0793835616438356,0.0,0.0,-0.4422268907563026,-0.034482758620689724,0.0,0.0,1.1929543943763152,0.20635358439401044,0.6996539893851629,neutral
1789,Lewis Cook,88,5824,7.370421620085833,5,1.128806818181818,0.11389731212357915,0.07726648351648352,Bournemouth,5824,1789,Lewis Cook,Bournemouth,32,56,1866.0,3958.0,0.128379234433222,0.10706980655768891,0.14469453376205788,0.045477513895907026,1.21875,0.875,0.4714502273875695,1789,Lewis Cook,Bournemouth,48,40,3248.0,2576.0,0.1098601743200417,0.11898761631064807,0.05541871921182266,0.1048136645962733,0.8958333333333334,1.125,0.7931034482758621,1.128806818181818,-0.021309427875533082,0.00912744199060636,-0.34375,0.22916666666666663,-0.18709333414657098,0.0801374661124842,6.905498510389209,-5.551472301893834,0.6770131042476875,neutral
482,Roberto Firmino,119,8099,61.65984378103167,57,2.1245378151260503,0.6851939671925978,0.6334115322879368,Liverpool,8099,482,Roberto Firmino,Liverpool,33,86,2312.0,5787.0,0.5548311389578268,0.7372760233320123,0.3892733564013841,0.7309486780715396,2.090909090909091,2.116279069767442,0.3995161569034042,482,Roberto Firmino,Liverpool,54,65,3612.0,4487.0,0.7529364995646021,0.6306617570460235,0.7973421926910299,0.5014486293737465,2.1296296296296298,2.0923076923076924,0.8049921996879875,2.1245378151260503,0.1824448843741855,-0.12227474251857862,0.02536997885835124,-0.03732193732193734,0.26626749958366597,-0.1784527423958025,-3.5526922047421508,4.87454410337627,0.6609259493170598,neutral
5061,Kepa,73,6479,0.0,0,1.4701141552511414,0.0,0.0,Chelsea,6479,5061,Kepa,Chelsea,28,45,2520.0,3959.0,0.0,0.0,0.0,0.0,1.5,1.4222222222222223,0.6365243748421319,5061,Kepa,Chelsea,38,35,3377.0,3102.0,0.0,0.0,0.0,0.0,1.5263157894736843,1.3714285714285714,0.9185667752442996,1.4701141552511414,0.0,0.0,-0.07777777777777772,-0.15488721804511285,0.0,0.0,0.33675923192612756,0.967776902889253,0.6522680674076903,neutral
2190,Vicente Guaita,129,11569,0.0,0,1.1018087855297156,0.0,0.0,Crystal Palace,11569,2190,Vicente Guaita,Crystal Palace,47,82,4230.0,7339.0,0.0,0.0,0.0,0.0,1.127659574468085,1.1951219512195121,0.5763728028341736,2190,Vicente Guaita,Crystal Palace,53,76,4770.0,6799.0,0.0,0.0,0.0,0.0,1.320754716981132,1.0657894736842106,0.7015737608471834,1.1018087855297156,0.0,0.0,0.06746237675142708,-0.2549652432969214,0.0,0.0,-0.35290587336695667,1.6234842830658656,0.6352892048494545,neutral
856,Jack Butland,10,851,0.0,0,1.05,0.0,0.0,Crystal Palace,851,856,Jack Butland,Crystal Palace,3,7,270.0,581.0,0.0,0.0,0.0,0.0,0.6666666666666666,1.5714285714285714,0.46471600688468157,856,Jack Butland,Crystal Palace,5,5,450.0,401.0,0.0,0.0,0.0,0.0,1.6,1.0,0.8911111111111111,1.05,0.0,0.0,0.9047619047619048,-0.6000000000000001,0.0,0.0,-4.004355614879342,5.092063492063493,0.5438539385920751,neutral
755,Jamie Vardy,131,9521,70.28121436201036,76,1.4602035623409668,0.6643534599916955,0.7184119315197983,Leicester City,9521,755,Jamie Vardy,Leicester City,43,88,2841.0,6680.0,0.5688031829122568,0.7049909356178459,0.5702217529039071,0.781437125748503,1.4883720930232558,1.4431818181818181,0.4252994011976048,755,Jamie Vardy,Leicester City,63,68,4615.0,4906.0,0.7075130097115995,0.6237539243297799,0.7995666305525461,0.6420709335507542,1.4126984126984128,1.5,0.9406848756624542,1.4602035623409668,0.13618775270558903,-0.08375908538181953,-0.04519027484143767,0.08730158730158721,0.20499291552916935,-0.12607608814570867,-4.047820235368748,5.122996694476466,0.537588229553859,neutral
787,Ryan Bennett,16,941,0.1144577972590921,0,1.2506249999999999,0.010947079440295738,0.0,Wolverhampton Wanderers,606,787,Ryan Bennett,Wolverhampton Wanderers,6,10,404.0,537.0,0.01456730123056042,0.008223486138122682,0.0,0.0,1.1666666666666667,1.6,0.7523277467411545,787,Ryan Bennett,Wolverhampton Wanderers,10,6,773.0,168.0,0.013326263587733879,0.0,0.0,0.0,1.3,1.6666666666666667,0.21733505821474774,1.2506249999999999,-0.006343815092437737,-0.013326263587733879,0.43333333333333335,0.3666666666666667,-0.06343815092437737,-0.13326263587733878,0.0645699369677916,0.983899871970875,0.5242349044693333,neutral
5560,Scott McTominay,145,9296,21.296683782711618,20,1.7019540229885057,0.2061856218205729,0.193631669535284,Manchester United,9296,5560,Scott McTominay,Manchester United,33,112,2148.0,7148.0,0.27143892573255146,0.18657676664388995,0.25139664804469275,0.17627308337996642,1.696969696969697,1.8392857142857142,0.3005036373810856,5560,Scott McTominay,Manchester United,67,78,4093.0,5203.0,0.19633028195702645,0.21393843866883272,0.13193256779868068,0.2421679800115318,1.6865671641791045,1.9102564102564104,0.7866615414184125,1.7019540229885057,-0.08486215908866152,0.017608156711806267,0.14231601731601717,0.2236892460773059,-0.411581362169426,0.08539953735052029,4.8356499816900556,-3.796997099858305,0.5193264409158753,neutral
6691,Dejan Kulusevski,84,6183,29.714481171220537,33,1.7745238095238096,0.43252519899884334,0.48034934497816595,Tottenham Hotspur,6183,6691,Dejan Kulusevski,Tottenham Hotspur,33,51,2743.0,3440.0,0.42169785171861285,0.44115874946095734,0.5249726576740794,0.44476744186046513,1.9696969696969697,1.5686274509803921,0.7973837209302326,6691,Dejan Kulusevski,Tottenham Hotspur,41,43,2788.0,3395.0,0.4266865528556097,0.4373199399258935,0.5164992826398852,0.4506627393225332,1.8780487804878048,1.5813953488372092,0.8212076583210604,1.7745238095238096,0.019460897742344496,0.010633387070283828,-0.4010695187165776,-0.29665343165059554,0.04499367386545388,0.02458443368131313,0.38695307000839657,0.5764453138787591,0.4816991919435778,neutral
473,Danny Ward,27,2430,0.0,0,1.3155555555555554,0.0,0.0,Leicester City,2430,473,Danny Ward,Leicester City,12,15,1080.0,1350.0,0.0,0.0,0.0,0.0,0.9166666666666666,1.0666666666666667,0.8,473,Danny Ward,Leicester City,15,12,1350.0,1080.0,0.0,0.0,0.0,0.0,1.1333333333333333,0.8333333333333334,0.8,1.3155555555555554,0.0,0.0,0.15000000000000002,-0.29999999999999993,0.0,0.0,-0.9121621621621625,1.8243243243243241,0.4560810810810808,neutral
6681,Harvey Barnes,148,9632,51.63810489512979,65,1.4868018018018017,0.48249890371279913,0.6073504983388704,Leicester City,8894,6681,Harvey Barnes,Leicester City,43,105,2852.0,6780.0,0.4575151479561378,0.4930082947774006,0.5680224403927069,0.6238938053097345,1.3255813953488371,1.4952380952380953,0.4206489675516224,6681,Harvey Barnes,Leicester City,71,77,4237.0,5395.0,0.49820585276580703,0.4701633442804368,0.6160018881283927,0.6005560704355885,1.5070422535211268,1.3896103896103895,0.785356811862836,1.4868018018018017,0.03549314682126281,-0.02804250848537021,0.16965669988925813,-0.11743186391073723,0.0735610931924306,-0.05811932062349748,-1.9368398707965244,2.7692779509723873,0.4162190400879314,neutral
6382,Pedro Neto,111,6449,31.20211828593164,30,1.2604504504504503,0.43544590568054703,0.4186695611722748,Wolverhampton Wanderers,6449,6382,Pedro Neto,Wolverhampton Wanderers,37,74,2281.0,4168.0,0.3949932013472957,0.4575842498706013,0.5918456817185445,0.32389635316698656,1.1081081081081081,1.4054054054054055,0.5472648752399232,6382,Pedro Neto,Wolverhampton Wanderers,48,63,2879.0,3570.0,0.4696368906690961,0.4078728396351597,0.5001736714136853,0.3529411764705882,1.3125,1.3015873015873016,0.8064425770308123,1.2604504504504503,0.0625910485233056,-0.061764051033936396,0.29729729729729737,-0.010912698412698374,0.143740124104471,-0.1418409272614631,-5.659467340859544,6.4223580126074875,0.38144533587397156,neutral
8981,Jéremy Doku,29,1616,9.24590443074703,11,2.4613793103448276,0.514932796266852,0.6126237623762376,Manchester City,1616,8981,Jéremy Doku,Manchester City,8,21,503.0,1113.0,0.521610884169935,0.5119147565406608,0.3578528827037773,0.7277628032345014,2.125,2.4761904761904763,0.4519317160826595,8981,Jéremy Doku,Manchester City,12,17,648.0,968.0,0.5357767765720685,0.5009793879633601,0.5555555555555556,0.6508264462809917,2.3333333333333335,2.411764705882353,0.6694214876033058,2.4613793103448276,-0.009696127629274187,-0.0347973886087084,0.3511904761904763,0.07843137254901933,-0.018829889452699367,-0.0675765631184918,-0.4028040066068571,1.0732062980807113,0.3352011457369271,neutral
6314,Joachim Andersen,135,11855,12.282217280473557,11,1.130074074074074,0.09324331971679631,0.08350906790383804,Crystal Palace,9123,6314,Joachim Andersen,Crystal Palace,43,92,3718.0,8137.0,0.09034113240948784,0.09456940210693675,0.024206562668101127,0.11060587440088483,1.0,1.3043478260869565,0.4569251566916554,6314,Joachim Andersen,Crystal Palace,58,77,5048.0,6807.0,0.09461303894841973,0.09222755026164205,0.07131537242472266,0.09255178492728075,1.3793103448275863,1.077922077922078,0.7415895401792273,1.130074074074074,0.004228269697448911,-0.0023854886867776814,0.30434782608695654,-0.30138826690550835,0.04228269697448911,-0.023854886867776814,-2.4273132177746675,3.0736049637947658,0.32314587301004916,neutral
6552,Bryan Mbeumo,98,7879,45.819809409789734,43,1.3714965986394558,0.5233891162433146,0.49117908364005586,Brentford,7879,6552,Bryan Mbeumo,Brentford,32,66,2524.0,5355.0,0.5178924596450761,0.5259798839844826,0.49920760697305866,0.48739495798319327,1.28125,1.4090909090909092,0.47133520074696544,6552,Bryan Mbeumo,Brentford,53,45,4443.0,3436.0,0.5270807710800075,0.5186155357894654,0.44564483457123566,0.550058207217695,1.4339622641509433,1.288888888888889,0.7733513391852352,1.3714965986394558,0.008087424339406457,-0.008465235290542106,0.12784090909090917,-0.14507337526205433,0.015452030025872284,-0.016173884836013216,-0.8110666871484478,1.4564334882164216,0.3226834005339869,neutral
6756,Dwight McNeil,183,14991,48.79771480523049,35,1.0819581056466303,0.29296206607102554,0.21012607564538724,Burnley,9565,6756,Dwight McNeil,Burnley,58,125,4927.0,10064.0,0.30821037182732974,0.2854970022334549,0.21920032474122184,0.20568362480127186,1.1551724137931034,1.128,0.489566772655008,6756,Dwight McNeil,Burnley,71,112,5623.0,9368.0,0.28170669960494393,0.2997179291836191,0.16005690912324383,0.2401793339026473,1.1830985915492958,1.1071428571428572,0.6002348420153715,1.0819581056466303,-0.02271336959387482,0.01801122957867518,-0.027172413793103534,-0.07595573440643855,-0.07753007035514355,0.06147973292319883,2.5786186522589816,-1.966108161640692,0.30625524530914483,neutral
7235,Jason Steele,33,2970,0.1888159960508346,1,1.5836363636363635,0.0057216968500252915,0.030303030303030304,Brighton,2970,7235,Jason Steele,Brighton,6,27,540.0,2430.0,0.0,0.0069931850389197995,0.0,0.037037037037037035,2.1666666666666665,1.1111111111111112,0.2222222222222222,7235,Jason Steele,Brighton,16,17,1440.0,1530.0,0.0,0.011106823297107918,0.0,0.058823529411764705,1.6875,0.9411764705882353,0.9411764705882353,1.5836363636363635,0.0069931850389197995,0.011106823297107918,-1.0555555555555554,-0.7463235294117647,0.069931850389198,0.11106823297107918,0.794279708016694,-0.1851530304551549,0.3045633387807696,neutral
3621,Neal Maupay,160,10061,60.200439367443316,43,1.0824583333333333,0.5385189884772784,0.38465361296093825,Brighton,7579,3621,Neal Maupay,Brighton,43,117,2759.0,7302.0,0.5597834431793474,0.5304843910350696,0.39144617615077926,0.38208709942481506,0.8604651162790697,1.1452991452991452,0.37784168720898387,3621,Neal Maupay,Brighton,67,93,4243.0,5818.0,0.5227394179238439,0.5500268464797231,0.4030167334433184,0.37126160192506014,1.2985074626865671,0.9032258064516129,0.7292884152629769,1.0824583333333333,-0.02929905214427775,0.02728742855587918,0.2848340290200755,-0.39528165623495426,-0.05440672060074248,0.05067124677077289,0.3351419498970851,0.27342077702871853,0.3042813634629018,neutral
857,Phil Bardsley,25,2162,1.9339592903852452,1,1.3488,0.0805070934942979,0.041628122109158186,Burnley,2162,857,Phil Bardsley,Burnley,8,17,632.0,1530.0,0.025817525552444213,0.10309781698400479,0.0,0.058823529411764705,0.75,1.8823529411764706,0.4130718954248366,857,Phil Bardsley,Burnley,10,15,900.0,1262.0,0.11327610965818162,0.057137747577106664,0.0,0.07131537242472266,1.5,1.5333333333333334,0.7131537242472267,1.3488,0.07728029143156058,-0.056138362081074956,1.1323529411764706,0.03333333333333344,0.7728029143156058,-0.5613836208107496,-20.03488529022054,20.60125999836752,0.2831873540734904,neutral
876,Fabian Delph,35,2106,0.7084135971963397,0,1.2348095238095238,0.030274085350270926,0.0,Everton,2106,876,Fabian Delph,Everton,11,24,855.0,1251.0,0.03787486274775703,0.025079309431125747,0.0,0.0,1.1818181818181819,1.2083333333333333,0.6834532374100719,876,Fabian Delph,Everton,18,17,1090.0,1016.0,0.026060523960841853,0.03479453999050488,0.0,0.0,1.2222222222222223,1.1764705882352942,0.9321100917431193,1.2348095238095238,-0.012795553316631285,0.008734016029663026,0.02651515151515138,-0.045751633986928164,-0.12795553316631283,0.08734016029663026,4.810778392226941,-4.269718882707858,0.27052975475954133,neutral
6556,Moussa Diaby,38,2233,15.078970544040201,14,1.9242105263157896,0.6077507160607336,0.5642633228840125,Aston Villa,2233,6556,Moussa Diaby,Aston Villa,7,31,551.0,1682.0,0.5497916196954661,0.6267373165941834,0.32667876588021777,0.6420927467300832,2.2857142857142856,1.6774193548387097,0.3275862068965517,6556,Moussa Diaby,Aston Villa,15,23,1018.0,1215.0,0.6276521253562395,0.591076119630425,0.618860510805501,0.5185185185185186,1.6666666666666667,1.8695652173913044,0.8378600823045268,1.9242105263157896,0.07694569689871733,-0.03657600572581454,-0.6082949308755758,0.2028985507246377,0.12660733235734767,-0.0601825794017813,-0.4732054007627267,0.9508911192625088,0.23884285924989104,neutral
8067,Reece James,108,7397,25.858126011677083,23,1.785925925925926,0.31461826971082024,0.2798431796674327,Chelsea,7397,8067,Reece James,Chelsea,38,70,2864.0,4533.0,0.29481487618251984,0.32713027479907353,0.4085195530726257,0.19854401058901391,1.631578947368421,1.7,0.6318111625854842,8067,Reece James,Chelsea,45,63,2865.0,4532.0,0.33060345644648154,0.30451289460100783,0.3769633507853404,0.21844660194174756,1.8666666666666667,1.5396825396825398,0.632171226831421,1.785925925925926,0.03231539861655369,-0.026090561845473703,0.06842105263157894,-0.32698412698412693,0.10271303903062026,-0.0829276757177983,-2.7856468726099095,3.212235075707964,0.21329410154902728,neutral
5191,Álvaro Fernández,12,1080,0.0,0,1.07,0.0,0.0,Brentford,1080,5191,Álvaro Fernández,Brentford,1,11,90.0,990.0,0.0,0.0,0.0,0.0,1.0,0.9090909090909091,0.09090909090909091,5191,Álvaro Fernández,Brentford,3,9,270.0,810.0,0.0,0.0,0.0,0.0,1.0,0.8888888888888888,0.3333333333333333,1.07,0.0,0.0,-0.09090909090909094,-0.11111111111111116,0.0,0.0,0.07723797018614353,0.34614053305642106,0.2116892516212823,neutral
7582,Mark Travers,17,1480,0.0,0,1.1411764705882352,0.0,0.0,Bournemouth,1480,7582,Mark Travers,Bournemouth,5,12,450.0,1030.0,0.0,0.0,0.0,0.0,1.2,0.5,0.4368932038834951,7582,Mark Travers,Bournemouth,11,6,940.0,540.0,0.0,0.0,0.0,0.0,0.5454545454545454,1.0,0.574468085106383,1.1411764705882352,0.0,0.0,-0.7,0.4545454545454546,0.0,0.0,2.6799119207286557,-2.2881812199645064,0.19586535038207464,neutral
8786,Stefan Ortega Moreno,12,896,0.0,0,2.515,0.0,0.0,Manchester City,896,8786,Stefan Ortega Moreno,Manchester City,6,6,533.0,363.0,0.0,0.0,0.0,0.0,2.3333333333333335,2.6666666666666665,0.6810506566604128,8786,Stefan Ortega Moreno,Manchester City,6,6,471.0,425.0,0.0,0.0,0.0,0.0,2.6666666666666665,2.3333333333333335,0.9023354564755839,2.515,0.0,0.0,0.33333333333333304,-0.33333333333333304,0.0,0.0,-0.9026516324193665,1.1959383120948746,0.14664333983775402,neutral
1828,Alex Telles,30,2355,3.5487292809411866,6,1.5853333333333335,0.1356202272971154,0.22929936305732485,Manchester United,2355,1828,Alex Telles,Manchester United,9,21,716.0,1639.0,0.1602805187332563,0.1248473361023156,0.25139664804469275,0.21964612568639413,1.6666666666666667,1.8571428571428572,0.4368517388651617,1828,Alex Telles,Manchester United,7,23,543.0,1812.0,0.11224778204415381,0.14262422165272148,0.3314917127071823,0.1986754966887417,1.2857142857142858,1.9565217391304348,0.2996688741721854,1.5853333333333335,-0.035433182630940696,0.030376439608567674,0.19047619047619047,0.670807453416149,-0.26126768356842556,0.22398163027716567,4.514740358143658,-4.231680247357382,0.141530055393138,neutral
833,Virgil van Dijk,145,12866,17.82289341697469,19,2.2684137931034485,0.12467436713257594,0.1329084408518576,Liverpool,12866,833,Virgil van Dijk,Liverpool,33,112,2890.0,9976.0,0.10368723152882084,0.1307542410193895,0.18685121107266436,0.11728147554129911,2.272727272727273,2.2589285714285716,0.2896952686447474,833,Virgil van Dijk,Liverpool,73,72,6507.0,6359.0,0.1311127862662468,0.11808609959006978,0.11065006915629322,0.15568485610945118,2.1506849315068495,2.375,0.9772552635623175,2.2684137931034485,0.027067009490568672,-0.013026686676177027,-0.01379870129870131,0.22431506849315053,0.2171016393593257,-0.10448568519561634,-1.9231755996571545,2.1845715314183307,0.13069796588058813,neutral
8016,Matthew Longstaff,14,940,1.199787487275898,2,1.117142857142857,0.11487327005833066,0.19148936170212766,Newcastle United,940,8016,Matthew Longstaff,Newcastle United,5,9,299.0,641.0,0.11424311103430076,0.11516721319122449,0.0,0.28081123244929795,1.2,0.4444444444444444,0.4664586583463339,8016,Matthew Longstaff,Newcastle United,4,10,203.0,737.0,0.10032495125907978,0.11888047320113655,0.4433497536945813,0.12211668928086837,0.75,0.7,0.27544097693351427,1.117142857142857,0.0009241021569237201,0.01855552194205677,-0.7555555555555555,-0.050000000000000044,0.008044536004367917,0.161530371100558,2.919665326272056,-2.66458789753381,0.12753871436912312,neutral
8720,Jack Harrison,136,10553,40.90228700730949,43,1.2055882352941176,0.34883026918012455,0.36672036387757034,Leeds United,8324,8720,Jack Harrison,Leeds United,39,97,3090.0,7463.0,0.4408601206248101,0.3107259892706942,0.4368932038834951,0.3376658180356425,1.2820512820512822,1.1030927835051547,0.41404261021037114,8720,Jack Harrison,Leeds United,43,93,3143.0,7410.0,0.26857786842408804,0.3828698502295473,0.3436207445116131,0.3765182186234818,0.9069767441860465,1.2688172043010753,0.4241565452091768,1.2055882352941176,-0.1301341313541159,0.11429198180545924,-0.17895849854612744,0.3618404601150288,-0.37305859855561696,0.32764353298263404,9.583135446964985,-9.342178445153959,0.12047850090551293,neutral
1735,Jack Stephens,74,6021,4.183760797604918,4,1.1416216216216217,0.06253753060694944,0.059790732436472344,Southampton,4849,1735,Jack Stephens,Southampton,22,52,1705.0,4316.0,0.0818442588677504,0.054910567751373526,0.10557184750733138,0.04170528266913809,1.3636363636363635,1.1153846153846154,0.39504170528266913,1735,Jack Stephens,Southampton,30,44,2220.0,3801.0,0.04870744865085626,0.07061508439346006,0.0,0.09471191791633782,1.2666666666666666,1.1363636363636365,0.5840568271507498,1.1416216216216217,-0.026933691116376876,0.021907635742603807,-0.24825174825174812,-0.13030303030303014,-0.26933691116376873,0.21907635742603807,7.383050274953944,-7.178971610075975,0.10203933243898433,neutral
3585,Said Benrahma,110,6278,33.16287221293896,31,1.462,0.47541549843333963,0.4444090474673463,West Ham United,6278,3585,Said Benrahma,West Ham United,33,77,1806.0,4472.0,0.4707562868201801,0.4772971031232695,0.49833887043189373,0.42262969588550986,1.1515151515151516,1.5064935064935066,0.40384615384615385,3585,Said Benrahma,West Ham United,52,58,2955.0,3323.0,0.4966932995821618,0.4564940712907668,0.3959390862944162,0.48751128498344865,1.2115384615384615,1.5689655172413792,0.8892566957568462,1.462,0.006540816303089392,-0.040199228291394995,0.35497835497835495,0.3574270557029178,0.013758104909586812,-0.08455599033659086,-1.2465783010963267,1.4261249075490927,0.089773303226383,neutral
838,Sadio Mané,104,8399,66.52825946360826,61,2.2473076923076922,0.71288764754432,0.653649243957614,Liverpool,8399,838,Sadio Mané,Liverpool,24,80,1899.0,6500.0,0.6235397871036382,0.7389909686176823,0.4265402843601896,0.72,2.0833333333333335,2.325,0.29215384615384615,838,Sadio Mané,Liverpool,43,61,3367.0,5032.0,0.7423159200725797,0.693196671073205,0.7217107217107217,0.6081081081081081,2.372093023255814,2.19672131147541,0.6691176470588235,2.2473076923076922,0.1154511815140441,-0.0491192489993747,0.2416666666666667,-0.17537171178040412,0.1619486351204683,-0.06890180965903323,-1.7879227839509741,1.958201922921022,0.08513956948502388,neutral
635,Alex McCarthy,81,7290,0.047102600336074704,0,1.2237037037037035,0.0005815135843959839,0.0,Southampton,7290,635,Alex McCarthy,Southampton,21,60,1890.0,5400.0,0.0,0.0007850433389345783,0.0,0.0,1.2857142857142858,1.0833333333333333,0.35,635,Alex McCarthy,Southampton,38,43,3420.0,3870.0,0.0,0.0010954093101412721,0.0,0.0,1.1578947368421053,1.1162790697674418,0.8837209302325582,1.2237037037037035,0.0007850433389345783,0.0010954093101412721,-0.20238095238095255,-0.041615667074663465,0.007850433389345783,0.01095409310141272,0.4216688351376447,-0.2532140199035802,0.08422740761703223,neutral
6063,Jacob Murphy,116,5460,24.402297429274764,24,1.5605172413793105,0.40223567191112247,0.3956043956043956,Newcastle United,5460,6063,Jacob Murphy,Newcastle United,33,83,1226.0,4234.0,0.3650805276938597,0.41299434144592745,0.22022838499184338,0.44638639584317436,1.303030303030303,1.6144578313253013,0.28956069910250354,6063,Jacob Murphy,Newcastle United,49,67,2153.0,3307.0,0.41239843162661693,0.3956192758822566,0.4180213655364608,0.38100997883277893,1.6734693877551021,1.4179104477611941,0.6510432416087087,1.5605172413793105,0.04791381375206777,-0.01677915574436034,0.3114275282949983,-0.255558939993908,0.11911875822553786,-0.04171473818977409,-2.1250771242733095,2.2844131412359894,0.07966800848133992,neutral
8285,Sander Berge,66,5093,9.615940317511557,7,0.7948484848484848,0.16992629659847638,0.12369919497349303,Burnley,3020,8285,Sander Berge,Burnley,21,45,1675.0,3418.0,0.14007262667613238,0.18455616702560515,0.16119402985074627,0.1053247513165594,0.6666666666666666,0.6888888888888889,0.49005266237565825,8285,Sander Berge,Burnley,31,35,2270.0,2823.0,0.18855333558000653,0.15494812497677127,0.19823788546255508,0.06376195536663125,0.5483870967741935,0.8,0.804109103790294,1.0,0.04448354034947277,-0.033605210603235264,0.022222222222222254,0.25161290322580654,0.2617813795741349,-0.1977634496598367,-9.088966933086464,9.1083950576416,0.00971406227756777,neutral
646,Christian Eriksen,81,5234,21.61876880796626,21,1.5760905349794239,0.37174038836778056,0.3611004967520061,Manchester United,3224,646,Christian Eriksen,Manchester United,30,51,2078.0,3156.0,0.31690241531419616,0.4078472666964713,0.30317613089509143,0.39923954372623577,1.3,1.9803921568627452,0.6584283903675539,646,Christian Eriksen,Manchester United,44,37,2993.0,2241.0,0.41948718798769685,0.3079714587549248,0.420982292014701,0.28112449799196787,1.7272727272727273,1.7297297297297298,0.748747076511861,1.5760905349794239,0.09094485138227515,-0.11151572923277203,0.6803921568627451,0.002457002457002533,0.24464614076934535,-0.29998281790797554,-9.996654573001248,9.96414290376121,-0.01625583462001856,neutral
843,James Ward-Prowse,187,16465,59.03632356785237,65,1.1518181818181819,0.3227008272764478,0.35529911934406316,Southampton,13440,843,James Ward-Prowse,Southampton,53,134,4750.0,11715.0,0.32914586310912114,0.320087603187229,0.28421052631578947,0.38412291933418696,1.2641509433962264,1.044776119402985,0.40546308151941957,843,James Ward-Prowse,Southampton,89,98,7783.0,8682.0,0.3192528952322359,0.3257917343370446,0.35847359629962744,0.3524533517622668,1.0786516853932584,1.1326530612244898,0.8964524303155955,1.1518181818181819,-0.009058259921892131,0.006538839104808736,-0.21937482399324137,0.054001375831231435,-0.028070147815680065,0.020262852004426735,1.4639311588420085,-1.5242201229938688,-0.030144482075930124,neutral
8845,Hee-Chan Hwang,86,5075,20.66712956409901,25,1.122093023255814,0.36651067207269183,0.4433497536945813,Wolverhampton Wanderers,5075,8845,Hee-Chan Hwang,Wolverhampton Wanderers,31,55,1931.0,3144.0,0.23649598167970937,0.44636384228543013,0.2796478508544795,0.5438931297709924,0.7419354838709677,1.5818181818181818,0.6141857506361323,8845,Hee-Chan Hwang,Wolverhampton Wanderers,44,42,2250.0,2825.0,0.4810265234857797,0.27530335678793155,0.64,0.2867256637168142,1.1818181818181819,1.380952380952381,0.7964601769911505,1.122093023255814,0.20986786060572077,-0.20572316669784813,0.839882697947214,0.19913419913419905,0.5726105038602987,-0.5613019821072115,-26.536734553380814,26.475347507240148,-0.03069352307033313,neutral
1018,Josh Cullen,25,2072,2.458974137902259,5,0.74,0.1068087222061792,0.2171814671814672,Burnley,2072,1018,Josh Cullen,Burnley,7,18,541.0,1531.0,0.17714884999774516,0.081953066337311,0.6654343807763401,0.05878510777269758,0.7142857142857143,0.6111111111111112,0.35336381450032656,1018,Josh Cullen,Burnley,15,10,1294.0,778.0,0.0897332427410014,0.13520932686934123,0.1391035548686244,0.34704370179948585,0.3333333333333333,1.1,0.6012364760432767,1.0,-0.09519578366043416,0.045476084128339825,-0.10317460317460314,0.7666666666666668,-0.8912734998989325,0.4257712590227851,22.410647971487375,-22.528724445940913,-0.05903823722676904,neutral
789,Robbie Brady,36,1497,3.0057295979931937,5,1.16,0.1807051862520958,0.30060120240480964,Burnley,1497,789,Robbie Brady,Burnley,11,25,401.0,1096.0,0.17982078365461338,0.1810287678593864,0.22443890274314213,0.3284671532846715,1.0,1.44,0.3658759124087591,789,Robbie Brady,Burnley,8,28,119.0,1378.0,0.22759805143881237,0.17665565725556517,0.0,0.3265602322206096,1.125,1.3571428571428572,0.08635703918722787,1.16,0.0012079842047730271,-0.0509423941832472,0.43999999999999995,0.2321428571428572,0.006684834175637928,-0.28190886625787903,-1.5353977593365813,1.2962632350283596,-0.11956726215411084,neutral
4401,Emiliano Martinez,153,13596,0.2812429238110779,0,1.5309803921568628,0.0018617139705058114,0.0,Aston Villa,12825,4401,Emiliano Martinez,Aston Villa,39,114,3510.0,10086.0,0.0013402410042591564,0.002043190285350721,0.0,0.0,1.794871794871795,1.4824561403508771,0.34800713860797144,4401,Emiliano Martinez,Aston Villa,67,86,5935.0,7661.0,0.0021209519202707175,0.001660881542382235,0.0,0.0,1.4477611940298507,1.6511627906976745,0.7747030413784102,1.5309803921568628,0.0007029492810915648,-0.0004600703778884826,-0.3124156545209178,0.20340159666782376,0.007029492810915647,-0.004600703778884826,0.5983008188901195,-0.8662853016886738,-0.13399224139927712,neutral
10765,Gavin Bazunu,32,2880,0.0428376011550426,0,0.74125,0.0013386750360950812,0.0,Southampton,2880,10765,Gavin Bazunu,Southampton,10,22,900.0,1980.0,0.0,0.0019471636888655727,0.0,0.0,0.4,0.9090909090909091,0.45454545454545453,10765,Gavin Bazunu,Southampton,19,13,1710.0,1170.0,0.002254610587107505,0.0,0.0,0.0,0.8421052631578947,0.6153846153846154,0.6842105263157895,1.0,0.0019471636888655727,-0.002254610587107505,0.509090909090909,-0.22672064777327927,0.019471636888655726,-0.02254610587107505,-2.9336016695977234,2.631086344905505,-0.15125766234610927,neutral
532,Cheikhou Kouyaté,131,8747,7.101843927986918,5,1.0781424936386768,0.07307259100478138,0.05144621012918715,Crystal Palace,7677,532,Cheikhou Kouyaté,Crystal Palace,45,86,2786.0,5961.0,0.0896066308859936,0.06534505617689051,0.06460875807609476,0.04529441368897836,1.0888888888888888,1.2906976744186047,0.46737124643516187,532,Cheikhou Kouyaté,Crystal Palace,59,72,3546.0,5201.0,0.0623329822919544,0.08039476991185393,0.02538071065989848,0.06921745818111902,1.3220338983050848,1.1388888888888888,0.6817919630840223,1.0781424936386768,-0.02426157470910309,0.01806178761989953,0.20180878552971593,-0.18314500941619594,-0.2426157470910309,0.1806178761989953,6.487284838055393,-6.837128890873591,-0.17492202640909893,neutral
181,Bernd Leno,143,12805,0.0308126993477344,0,1.3977972027972028,0.00021656719572792625,0.0,Fulham,6660,181,Bernd Leno,Fulham,50,93,4500.0,8305.0,0.000616253986954688,0.0,0.0,0.0,1.32,1.4086021505376345,0.5418422636965683,181,Bernd Leno,Fulham,62,81,5529.0,7276.0,0.0005015632015366424,0.0,0.0,0.0,1.3387096774193548,1.4074074074074074,0.7598955470038483,1.3977972027972028,-0.000616253986954688,-0.0005015632015366424,0.08860215053763443,0.06869772998805268,-0.00616253986954688,-0.005015632015366424,-0.17623814023342674,-0.18259876338934727,-0.179418451811387,neutral
11058,Julio Enciso,32,1274,10.138163549825547,8,1.5162499999999999,0.7161967970834374,0.565149136577708,Brighton,1274,11058,Julio Enciso,Brighton,7,25,281.0,993.0,0.9251863085184233,0.6570567641395997,1.281138790035587,0.36253776435045315,1.5714285714285714,1.56,0.28298086606243705,11058,Julio Enciso,Brighton,19,13,965.0,309.0,0.6628775747174426,0.8827115206536158,0.5595854922279793,0.5825242718446603,1.4210526315789473,1.7692307692307692,0.32020725388601035,1.5162499999999999,-0.26812954437882364,0.21983394593617323,-0.011428571428571344,0.3481781376518218,-0.3743797032753085,0.30694628464048046,4.9123173337116475,-5.272838605687246,-0.1802606359877994,neutral
546,David de Gea,140,12558,0.0185502003878355,0,1.7178809523809524,0.0001329445799414871,0.0,Manchester United,12558,546,David de Gea,Manchester United,37,103,3288.0,9270.0,0.0,0.00018009903289160678,0.0,0.0,1.6756756756756757,1.766990291262136,0.3546925566343042,546,David de Gea,Manchester United,63,77,5670.0,6888.0,0.0002944476252037381,0.0,0.0,0.0,1.7142857142857142,1.7662337662337662,0.823170731707317,1.7178809523809524,0.00018009903289160678,-0.0002944476252037381,0.09131461558646037,0.051948051948051965,0.0018009903289160677,-0.0029444762520373807,-0.21456783404584004,-0.15015865448012908,-0.18236324426298456,neutral
750,Riyad Mahrez,118,7308,58.10692950431257,66,2.342401129943503,0.7156025801023714,0.812807881773399,Manchester City,7308,750,Riyad Mahrez,Manchester City,41,77,2688.0,4620.0,0.6615788772199136,0.7470345526885289,0.8370535714285714,0.7987012987012988,2.341463414634146,2.311688311688312,0.5818181818181818,750,Riyad Mahrez,Manchester City,55,63,3141.0,4167.0,0.7461910231311119,0.692545632765373,0.7163323782234957,0.8855291576673866,2.309090909090909,2.3333333333333335,0.7537796976241901,2.342401129943503,0.08545567546861532,-0.0536453903657389,-0.02977510294583441,0.0242424242424244,0.11941778557644434,-0.07496533950180083,-2.0023571962578437,1.6106464625369392,-0.19585536686045224,neutral
8721,Jamie Shackleton,27,1138,0.3015131996944546,0,1.2133333333333332,0.0238455078844472,0.0,Leeds United,1138,8721,Jamie Shackleton,Leeds United,6,21,191.0,947.0,0.06778983643073683,0.014982396213548235,0.0,0.0,0.5,1.2857142857142858,0.2016895459345301,8721,Jamie Shackleton,Leeds United,11,16,554.0,584.0,0.02027275983835923,0.027234724352825177,0.0,0.0,1.0,1.1875,0.9486301369863014,1.2133333333333332,-0.05280744021718859,0.006961964514465947,0.7857142857142858,0.1875,-0.5280744021718858,0.06961964514465946,4.838565224471577,-5.276136307075909,-0.21878554130216576,neutral
831,Fraser Forster,41,3642,0.0,0,1.2434146341463415,0.0,0.0,Southampton,2430,831,Fraser Forster,Southampton,16,25,1440.0,2202.0,0.0,0.0,0.0,0.0,1.25,1.32,0.6539509536784741,831,Fraser Forster,Southampton,11,30,990.0,2652.0,0.0,0.0,0.0,0.0,1.2727272727272727,1.3,0.3733031674208145,1.2434146341463415,0.0,0.0,0.07000000000000006,0.027272727272727337,0.0,0.0,-0.3681520669002005,-0.08187932806583739,-0.22501569748301897,neutral
668,Idrissa Gueye,58,4568,4.135637843050061,5,1.0458620689655171,0.0814814811459075,0.09851138353765324,Everton,4568,668,Idrissa Gueye,Everton,19,39,1537.0,3031.0,0.10910572031501946,0.06747341265269566,0.17566688353936238,0.059386341141537444,1.2105263157894737,1.1282051282051282,0.5070933685252392,668,Idrissa Gueye,Everton,25,33,2026.0,2542.0,0.06511579215276508,0.09452510266443878,0.044422507403751234,0.14162077104642015,1.2,1.121212121212121,0.7970102281667978,1.0458620689655171,-0.0416323076623238,0.029409310511673697,-0.08232118758434548,-0.07878787878787885,-0.416323076623238,0.294093105116737,14.529136036588849,-15.087761486473125,-0.2793127249421383,neutral
7490,Mason Greenwood,80,4434,20.01283302158117,26,1.8700416666666666,0.40621447269785865,0.5277401894451962,Manchester United,4434,7490,Mason Greenwood,Manchester United,19,61,1117.0,3317.0,0.5460268053607207,0.3591326591360809,0.4834377797672337,0.5426590292432921,1.7894736842105263,1.6721311475409837,0.3367500753693096,7490,Mason Greenwood,Manchester United,35,45,2049.0,2385.0,0.3727606170992114,0.4349553322876399,0.527086383601757,0.5283018867924528,1.4857142857142858,1.8666666666666667,0.8591194968553459,1.8700416666666666,-0.1868941462246398,0.06219471518842851,-0.11734253666954264,0.38095238095238093,-0.46008736464604305,0.15310807312049857,6.01086227730032,-6.673918315845414,-0.33152801927254716,neutral
486,Adam Lallana,110,5119,11.934007978066798,9,1.5096363636363637,0.20981846415823638,0.15823403008400078,Brighton,4757,486,Adam Lallana,Brighton,32,78,1620.0,3499.0,0.23300874843779532,0.19908160776129852,0.16666666666666669,0.15432980851671907,1.59375,1.4743589743589745,0.4629894255501572,486,Adam Lallana,Brighton,48,62,2143.0,2976.0,0.19427559658801555,0.22101079117536782,0.041997200186654225,0.24193548387096775,1.4791666666666667,1.532258064516129,0.7200940860215054,1.5096363636363637,-0.0339271406764968,0.026735194587352268,-0.11939102564102555,0.05309139784946226,-0.16169759326286154,0.1274205999677402,3.8375248970899554,-4.507804404561262,-0.3351397537356533,neutral
2674,Thilo Kehrer,31,2240,1.3664673306047912,2,1.1174193548387097,0.05490270524751393,0.08035714285714286,West Ham United,2240,2674,Thilo Kehrer,West Ham United,13,18,942.0,1298.0,0.06534456649118925,0.04732471349748144,0.19108280254777069,0.0,1.0769230769230769,1.3333333333333333,0.7257318952234206,2674,Thilo Kehrer,West Ham United,22,9,1671.0,569.0,0.04685508572167082,0.07853639984801276,0.0,0.3163444639718805,1.1818181818181819,1.3333333333333333,0.3405146618791143,1.1174193548387097,-0.018019852993707806,0.031681314126341946,0.2564102564102564,0.15151515151515138,-0.18019852993707805,0.3168131412634194,6.527053966233709,-7.219758319269543,-0.34635217651791717,neutral
8497,Cole Palmer,52,3099,31.975724435411394,34,1.943076923076923,0.9286270407186271,0.9874152952565344,Chelsea,2635,8497,Cole Palmer,Chelsea,18,34,1024.0,2075.0,1.0523794777236617,0.8675559585532511,0.966796875,0.9975903614457832,2.2777777777777777,1.9705882352941178,0.49349397590361443,8497,Cole Palmer,Chelsea,30,22,1612.0,1487.0,0.8627445321407623,1.0000477561372676,0.7258064516129032,1.2710154673839946,2.066666666666667,2.090909090909091,0.9224565756823822,1.943076923076923,-0.18482351917041062,0.1373032239965053,-0.3071895424836599,0.024242424242423954,-0.19902879311739957,0.14785615535193963,4.318577158495119,-5.028615961442368,-0.35501940147362454,neutral
1304,Moise Kean,32,794,6.499962277710437,4,1.2671354166666666,0.7367715428135255,0.4534005037783375,Everton,794,1304,Moise Kean,Everton,12,20,376.0,418.0,0.7485453687370456,0.7261807328918903,0.4787234042553191,0.43062200956937796,1.1666666666666667,1.15,0.8995215311004785,1304,Moise Kean,Everton,18,14,427.0,367.0,0.7247884990756488,0.7507136672714911,0.4215456674473068,0.49046321525885556,1.1111111111111112,1.2142857142857142,0.8594847775175644,1.2671354166666666,-0.022364635845155245,0.02592516819584234,-0.01666666666666683,0.10317460317460303,-0.030354912677206455,0.03518752651173434,1.626710969497901,-2.3705359401324686,-0.3719124853172838,neutral
6851,Conor Coady,137,12190,5.654673997312782,7,1.2056569343065693,0.04174902869221907,0.051681706316652996,Wolverhampton Wanderers,10094,6851,Conor Coady,Wolverhampton Wanderers,39,98,3502.0,8688.0,0.046582223838466455,0.039800841606335284,0.02569960022844089,0.06215469613259668,1.205128205128205,1.336734693877551,0.40308471454880296,6851,Conor Coady,Wolverhampton Wanderers,61,76,5381.0,6809.0,0.03783886207524139,0.044839145679435526,0.06690206281360342,0.03965339991188133,1.4098360655737705,1.2105263157894737,0.7902775737993831,1.2056569343065693,-0.006781382232131171,0.007000283604194135,0.131606488749346,-0.19930974978429683,-0.06781382232131171,0.07000283604194135,1.1470463828019497,-1.9055310673607921,-0.3792423422794212,neutral
9077,James Trafford,28,2520,0.0,0,0.6535714285714285,0.0,0.0,Burnley,2520,9077,James Trafford,Burnley,7,21,630.0,1890.0,0.0,0.0,0.0,0.0,0.5714285714285714,0.47619047619047616,0.3333333333333333,9077,James Trafford,Burnley,12,16,1080.0,1440.0,0.0,0.0,0.0,0.0,0.4166666666666667,0.5625,0.75,1.0,0.0,0.0,-0.09523809523809523,0.14583333333333331,0.0,0.0,0.31746031746031744,-1.0937499999999998,-0.38814484126984117,neutral
1257,Alisson,163,14605,0.6672909781336784,4,2.094723926380368,0.00411202930722568,0.024649092776446422,Liverpool,14605,1257,Alisson,Liverpool,42,121,3767.0,10838.0,0.0062814835910933835,0.003357984807564337,0.02389169100079639,0.024912345451190258,2.0,2.1487603305785123,0.34757335301716186,1257,Alisson,Liverpool,73,90,6518.0,8087.0,0.0023283736723703485,0.0055496288407964785,0.013807916538815588,0.03338691727463831,2.1095890410958904,2.111111111111111,0.8059849140596018,2.094723926380368,-0.0029234987835290464,0.00322125516842613,0.14876033057851235,0.0015220700152207556,-0.029234987835290462,0.0322125516842613,0.0927281733480943,-0.8734639351388465,-0.3903678808953761,neutral
6054,Ederson,176,15585,0.6637165769934653,2,2.3595643939393938,0.0038328195014059596,0.011549566891241578,Manchester City,15585,6054,Ederson,Manchester City,49,127,4327.0,11258.0,0.0,0.005305959489199847,0.0,0.015988630307337003,2.204081632653061,2.338582677165354,0.3843489074435957,6054,Ederson,Manchester City,79,97,7089.0,8496.0,0.0045750138179962265,0.003213538014787739,0.012695725772323318,0.01059322033898305,2.240506329113924,2.350515463917526,0.8343926553672316,2.3595643939393938,0.005305959489199847,-0.0013614758032084876,0.13450104451229317,0.11000913480360186,0.05305959489199847,-0.013614758032084876,-0.8240890195272738,-0.052002968806151385,-0.4380459941667126,neutral
6880,Edouard Mendy,75,6661,0.0,0,1.7970666666666666,0.0,0.0,Chelsea,6661,6880,Edouard Mendy,Chelsea,22,53,1980.0,4681.0,0.0,0.0,0.0,0.0,1.8181818181818181,1.8113207547169812,0.4229865413373211,6880,Edouard Mendy,Chelsea,34,41,3013.0,3648.0,0.0,0.0,0.0,0.0,1.7058823529411764,1.9024390243902438,0.8259320175438597,1.7970666666666666,0.0,0.0,-0.006861063464836947,0.1965566714490674,0.0,0.0,0.0161493035217794,-0.9033746561709849,-0.4436126763246028,neutral
844,Jay Rodriguez,117,5361,25.463126232847568,19,1.019985754985755,0.4274727403387952,0.318970341354225,Burnley,5361,844,Jay Rodriguez,Burnley,36,81,1749.0,3612.0,0.3800516307839602,0.4504349553474902,0.2058319039451115,0.37375415282392027,0.9722222222222222,1.0740740740740742,0.48421926910299,844,Jay Rodriguez,Burnley,41,76,1673.0,3688.0,0.47685762642433516,0.4050701062766725,0.37656903765690375,0.2928416485900217,1.0,1.0657894736842106,0.4536334056399132,1.019985754985755,0.07038332456352997,-0.07178752014766265,0.10185185185185197,0.06578947368421062,0.16464985464978982,-0.1679347321440127,-5.955034687754204,4.93557214706798,-0.5097312703431123,neutral
9284,Jakub Moder,57,2938,8.458504615351556,3,1.1403508771929824,0.2591100801162832,0.09189925119128659,Brighton,2938,9284,Jakub Moder,Brighton,13,44,701.0,2237.0,0.2677774330476211,0.25639402539796946,0.0,0.1206973625391149,1.3076923076923077,1.2272727272727273,0.3133661153330353,9284,Jakub Moder,Brighton,24,33,1164.0,1774.0,0.24438849751136651,0.26876956272740105,0.07731958762886598,0.10146561443066515,1.4166666666666667,1.121212121212121,0.6561443066516347,1.1403508771929824,-0.011383407649651622,0.02438106521603453,-0.08041958041958042,-0.29545454545454564,-0.043932708617677035,0.09409539453306029,1.0660747458808721,-2.089885567039996,-0.511905410579562,neutral
6962,Robin Olsen,17,1395,0.0,0,1.708235294117647,0.0,0.0,Aston Villa,765,6962,Robin Olsen,Aston Villa,0,17,0.0,1395.0,0.0,0.0,0.0,0.0,0.0,1.0,0.0,6962,Robin Olsen,Aston Villa,7,10,596.0,799.0,0.0,0.0,0.0,0.0,0.8571428571428571,1.1,0.7459324155193993,1.708235294117647,0.0,0.0,1.0,0.242857142857143,0.0,0.0,-0.0,-1.0604804608673086,-0.5302402304336543,neutral
6532,Martin Dubravka,102,9070,0.1534441020339726,0,1.3232843137254902,0.0015225985868861668,0.0,Newcastle United,9070,6532,Martin Dubravka,Newcastle United,30,72,2700.0,6370.0,0.0,0.0021679700444360334,0.0,0.0,1.2666666666666666,1.4444444444444444,0.423861852433281,6532,Martin Dubravka,Newcastle United,35,67,3150.0,5920.0,0.0009547914245298915,0.0018247257087480365,0.0,0.0,1.4285714285714286,1.373134328358209,0.5320945945945946,1.3232843137254902,0.0021679700444360334,0.0008699342842181451,0.1777777777777778,-0.05543710021321968,0.021679700444360333,0.00869934284218145,-1.055537367861167,-0.021947904364707373,-0.5387426361129372,neutral
5656,Nicolas Pepe,80,4269,21.76548073906451,24,1.5958124999999999,0.4588646677244802,0.5059732958538299,Arsenal,4269,5656,Nicolas Pepe,Arsenal,27,53,1468.0,2801.0,0.4939181174402828,0.44049320603836883,0.24523160762942778,0.6426276329882186,1.5185185185185186,1.6603773584905661,0.5240985362370582,5656,Nicolas Pepe,Arsenal,34,46,1888.0,2381.0,0.4313744429471286,0.4806628803996755,0.4290254237288136,0.5669886602267955,1.6470588235294117,1.5869565217391304,0.7929441411171777,1.5958124999999999,-0.053424911401913966,0.04928843745254685,0.1418588399720475,-0.06010230179028131,-0.11642847043955085,0.10741388675002866,2.2107354476430046,-3.437463468541291,-0.6133640104491431,neutral
803,Ben Foster,64,5760,0.45009930804371817,1,0.769765625,0.007032801688183096,0.015625,Watford,5760,803,Ben Foster,Watford,26,38,2340.0,3420.0,0.004011357776247534,0.009100105417402166,0.038461538461538464,0.0,0.8076923076923077,0.868421052631579,0.6842105263157895,803,Ben Foster,Watford,33,31,2970.0,2790.0,0.011591230490894024,0.0021802807046521094,0.0,0.03225806451612903,0.6060606060606061,1.096774193548387,0.9393939393939394,1.0,0.005088747641154631,-0.009410949786241915,0.06072874493927127,0.49071358748778093,0.05088747641154631,-0.09410949786241915,-2.8527547566638107,1.5786787345526507,-0.63703801105558,neutral
8992,Hakim Ziyech,64,3116,16.571876131929454,15,1.6359375,0.4786485403959085,0.43324775353016687,Chelsea,3116,8992,Hakim Ziyech,Chelsea,25,39,1270.0,1846.0,0.5137711899413719,0.45448507077362327,0.4251968503937008,0.4387865655471289,1.72,1.358974358974359,0.6879739978331527,8992,Hakim Ziyech,Chelsea,25,39,783.0,2333.0,0.33575157774077047,0.5266075295767799,0.574712643678161,0.3857693956279469,1.28,1.641025641025641,0.33561937419631377,1.6359375,-0.059286119167748674,0.19085595183600945,-0.36102564102564094,0.36102564102564094,-0.12386148533684206,0.3987392329205584,5.164443154398407,-6.466869806774773,-0.651213326188183,neutral
6221,Pau Torres,29,2467,2.1535264765843745,2,1.9586206896551723,0.07856399792970965,0.0729631130928253,Aston Villa,2467,6221,Pau Torres,Aston Villa,7,22,624.0,1843.0,0.16739321809906796,0.04848834226737671,0.14423076923076922,0.048833423765599564,2.2857142857142856,2.0,0.33857840477482365,6221,Pau Torres,Aston Villa,14,15,1230.0,1237.0,0.05955070214028037,0.09746970029106615,0.07317073170731707,0.07275666936135812,1.7857142857142858,2.3333333333333335,0.994341147938561,1.9586206896551723,-0.11890487583169125,0.03791899815078578,-0.2857142857142856,0.5476190476190477,-1.1890487583169125,0.3791899815078578,14.882107214565737,-16.2554678389431,-0.686680312188682,neutral
8715,Illan Meslier,107,9606,0.09938539937138549,0,1.2074766355140185,0.000931156146515167,0.0,Leeds United,9606,8715,Illan Meslier,Leeds United,32,75,2856.0,6750.0,0.003131892837333576,0.0,0.0,0.0,1.0625,1.16,0.4231111111111111,8715,Illan Meslier,Leeds United,37,70,3330.0,6276.0,0.0011404675205011622,0.0008200970522874163,0.0,0.0,0.8378378378378378,1.2857142857142858,0.5305927342256214,1.2074766355140185,-0.003131892837333576,-0.00032037046821374593,0.09749999999999992,0.447876447876448,-0.03131892837333576,-0.0032037046821374593,0.4265620653164886,-1.8695264607691493,-0.7214821977263304,neutral
6157,Timothy Castagne,125,10351,13.953580143861469,15,1.3352,0.12132375740967369,0.13042218143174572,Leicester City,7724,6157,Timothy Castagne,Leicester City,46,79,3781.0,6570.0,0.12537395079363764,0.11899289269357509,0.2142290399365247,0.0821917808219178,1.3695652173913044,1.2784810126582278,0.5754946727549467,6157,Timothy Castagne,Leicester City,55,70,4541.0,5810.0,0.1162483716398753,0.12529059506555223,0.09909711517286943,0.1549053356282272,1.2727272727272727,1.3428571428571427,0.7815834767641997,1.3352,-0.0063810581000625505,0.00904222342567694,-0.09108420473307666,0.07012987012987004,-0.05259528913628717,0.07452970150886509,1.9794535317973507,-3.464429526015602,-0.7424879971091257,neutral
1677,Nathaniel Chalobah,26,925,2.200364818796515,1,1.0753846153846154,0.21408954993695822,0.0972972972972973,Watford,915,1677,Nathaniel Chalobah,Watford,10,16,361.0,564.0,0.15668025142268127,0.25083557256755035,0.0,0.1595744680851064,1.1,1.25,0.6400709219858156,1677,Nathaniel Chalobah,Watford,15,11,376.0,549.0,0.27859139023348684,0.16991342616374377,0.0,0.16393442622950818,0.8666666666666667,1.6363636363636365,0.6848816029143898,1.0753846153846154,0.09415532114486908,-0.10867796406974306,0.1499999999999999,0.7696969696969698,0.4397941009852862,-0.5076285325544608,-19.216441435418933,17.72860407139609,-0.7439186820114205,neutral
5264,Caglar Söyüncü,92,7871,4.15790043864399,5,1.5172463768115942,0.047543010986908794,0.05717189683648838,Leicester City,7871,5264,Caglar Söyüncü,Leicester City,29,63,2572.0,5299.0,0.045563865237192906,0.04850363806150197,0.06998444790046657,0.05095301000188715,1.8275862068965518,1.4444444444444444,0.4853745989809398,5264,Caglar Söyüncü,Leicester City,37,55,3275.0,4596.0,0.04649596356481085,0.048289112011140896,0.08244274809160305,0.0391644908616188,1.3783783783783783,1.690909090909091,0.7125761531766753,1.5172463768115942,0.0029397728243090657,0.0017931484463300437,-0.3831417624521074,0.31253071253071263,0.029397728243090657,0.017931484463300437,0.5673759167931524,-2.0573110286669225,-0.7449675559368851,neutral
10700,Matt Turner,17,1530,0.0,0,1.108235294117647,0.0,0.0,Nottingham Forest,1530,10700,Matt Turner,Nottingham Forest,3,14,270.0,1260.0,0.0,0.0,0.0,0.0,0.3333333333333333,1.1428571428571428,0.21428571428571427,10700,Matt Turner,Nottingham Forest,9,8,810.0,720.0,0.0,0.0,0.0,0.0,1.0,1.0,0.8888888888888888,1.108235294117647,0.0,0.0,0.8095238095238095,0.0,0.0,0.0,-1.5652757918454003,-0.0,-0.7826378959227002,neutral
7927,Sofyan Amrabat,21,922,0.3412422873079773,0,1.6114285714285717,0.0333099846612993,0.0,Manchester United,922,7927,Sofyan Amrabat,Manchester United,1,20,1.0,921.0,0.0,0.033346151854199736,0.0,0.0,3.0,1.65,0.0010857763300760044,7927,Sofyan Amrabat,Manchester United,11,10,606.0,316.0,0.03261900138073035,0.03463509816770685,0.0,0.0,1.5454545454545454,1.9,0.5214521452145214,1.6114285714285717,0.033346151854199736,0.0020160967869765,-1.35,0.3545454545454545,0.33346151854199735,0.020160967869764998,-0.006631720078158443,-1.6039764470396307,-0.8053040835588946,neutral
900,Adama Traoré,145,8035,29.53898086585104,26,1.2260344827586207,0.3308659960082879,0.2912258867454885,Wolverhampton Wanderers,7725,900,Adama Traoré,Wolverhampton Wanderers,50,95,2675.0,5360.0,0.2986813973565803,0.3469282723876383,0.33644859813084116,0.26865671641791045,1.32,1.3263157894736841,0.49906716417910446,900,Adama Traoré,Wolverhampton Wanderers,66,79,3541.0,4494.0,0.34529289020821385,0.3194984765686044,0.2541654899745835,0.3204272363150868,1.2424242424242424,1.3924050632911393,0.7879394748553628,1.2260344827586207,0.04824687503105801,-0.025794413639609437,0.0063157894736840525,0.1499808208668969,0.14581998637856236,-0.07796030402279026,-4.180712532383078,2.5433232281128597,-0.8186946521351091,neutral
587,Phil Jagielka,16,759,0.0,0,0.85625,0.0,0.0,Sheffield United,759,587,Phil Jagielka,Sheffield United,5,11,280.0,479.0,0.0,0.0,0.0,0.0,1.2,1.7272727272727273,0.5845511482254697,587,Phil Jagielka,Sheffield United,5,11,216.0,543.0,0.0,0.0,0.0,0.0,1.8,1.4545454545454546,0.39779005524861877,1.0,0.0,0.0,0.5272727272727273,-0.34545454545454546,0.0,0.0,-3.082178781552477,1.3741838272225013,-0.8539974771649878,neutral
11357,Noni Madueke,35,1728,6.658591115847228,8,1.4057142857142857,0.34680162061704317,0.4166666666666667,Chelsea,1728,11357,Noni Madueke,Chelsea,12,23,469.0,1259.0,0.1936194211689393,0.40386472748055446,0.0,0.5718824463860206,1.4166666666666667,1.434782608695652,0.3725178713264496,11357,Noni Madueke,Chelsea,21,14,1093.0,635.0,0.3867633931665985,0.2780170262915881,0.4117108874656908,0.4251968503937008,1.4761904761904763,1.3571428571428572,0.5809698078682525,1.4057142857142857,0.21024530631161517,-0.10874636687501044,0.018115942028985366,-0.11904761904761907,0.6062408414860876,-0.31356937341159075,-11.29388356344316,9.563703352792261,-0.8650901053254492,neutral
11305,Mykhailo Mudryk,46,2217,11.629350349307058,9,1.376086956521739,0.47209811972829735,0.36535859269282817,Chelsea,2217,11305,Mykhailo Mudryk,Chelsea,14,32,582.0,1635.0,0.33546779232733326,0.5207335023260717,0.15463917525773196,0.4403669724770642,1.0,1.34375,0.3559633027522936,11305,Mykhailo Mudryk,Chelsea,22,24,963.0,1254.0,0.5024553838003182,0.4487854839217933,0.4672897196261683,0.28708133971291866,1.4090909090909092,1.0833333333333333,0.7679425837320574,1.376086956521739,0.18526570999873848,-0.053669899878524885,0.34375,-0.3257575757575759,0.3924305186925186,-0.11368378232349892,-7.995122872497139,6.258917236278171,-0.8681028181094841,neutral
5613,Gabriel,132,11535,14.81390326377004,13,1.997424242424242,0.11558312039352438,0.10143042912873862,Arsenal,11535,5613,Gabriel,Arsenal,47,85,4117.0,7418.0,0.08616397456818624,0.13191078598572134,0.08744231236337138,0.10919385279050957,2.297872340425532,1.9529411764705882,0.5550013480722567,5613,Gabriel,Arsenal,66,66,5695.0,5840.0,0.12128270441654795,0.11002505001490806,0.1264266900790167,0.07705479452054795,2.242424242424242,1.9090909090909092,0.9751712328767124,1.997424242424242,0.0457468114175351,-0.011257654401639894,-0.34493116395494394,-0.33333333333333304,0.39579145520367953,-0.09739877555919153,-6.739761382557609,4.955985037626721,-0.8918881724654439,neutral
7322,Bukayo Saka,169,13586,80.51711437292397,81,1.8857988165680473,0.5333829157635182,0.5365817753569851,Arsenal,13586,7322,Bukayo Saka,Arsenal,55,114,4568.0,9018.0,0.547332010784834,0.5263171067085868,0.4137478108581436,0.5988023952095808,2.036363636363636,1.8333333333333333,0.5065424706143269,7322,Bukayo Saka,Arsenal,80,89,6455.0,7131.0,0.5020354027238745,0.5617587672108466,0.5437645236250969,0.5300799326882626,1.975,1.8314606741573034,0.9052026363763848,1.8857988165680473,-0.021014904076247176,0.05972336448697213,-0.2030303030303029,-0.14353932584269669,-0.0393992823076553,0.11197089880818607,1.2861676324084723,-3.073298637807332,-0.8935655026994299,neutral
7153,Matheus Pereira,33,2594,13.303854428231716,17,0.7576767676767677,0.461583229969489,0.5898226676946801,West Bromwich Albion,2594,7153,Matheus Pereira,West Bromwich Albion,7,26,592.0,2002.0,0.48050940700655653,0.4559866781183681,1.0641891891891893,0.44955044955044954,1.1428571428571428,0.6538461538461539,0.2957042957042957,7153,Matheus Pereira,West Bromwich Albion,9,24,762.0,1832.0,0.4402100682757266,0.47047315857792066,0.47244094488188976,0.638646288209607,0.3333333333333333,0.9166666666666666,0.41593886462882096,1.0,-0.024522728888188405,0.03026309030219404,-0.48901098901098894,0.5833333333333333,-0.05312742598947838,0.06556366942575981,2.5457270669076113,-4.335243519197613,-0.8947582261450009,neutral
6840,Neeskens Kebano,22,882,2.6000940212979904,3,1.0122727272727272,0.2653157164589786,0.30612244897959184,Fulham,882,6840,Neeskens Kebano,Fulham,10,12,461.0,421.0,0.26350314747097686,0.26730050102778813,0.39045553145336226,0.2137767220902613,1.1,1.25,0.913232104121475,6840,Neeskens Kebano,Fulham,19,3,876.0,6.0,0.26713294739362914,0.0,0.3082191780821918,0.0,1.1578947368421053,1.3333333333333333,0.00684931506849315,1.0122727272727272,0.003797353556811267,-0.26713294739362914,0.1499999999999999,0.17543859649122795,0.014312584295768205,-1.0068493150684932,-2.257097220594649,0.46501265723204305,-0.8960422816813031,neutral
7332,Max Kilman,126,10897,7.560990842990575,4,1.1814285714285713,0.06244738697523646,0.03303661558227035,Wolverhampton Wanderers,10897,7332,Max Kilman,Wolverhampton Wanderers,40,86,3405.0,7492.0,0.08707707390878429,0.05125356903493609,0.02643171806167401,0.03603844100373732,1.025,1.4186046511627908,0.454484783769354,7332,Max Kilman,Wolverhampton Wanderers,54,72,4840.0,6057.0,0.052545108335970085,0.07036005473387097,0.01859504132231405,0.04457652303120356,1.1666666666666667,1.3888888888888888,0.7990754498926862,1.1814285714285713,-0.0358235048738482,0.017814946397900884,0.39360465116279086,0.2222222222222221,-0.358235048738482,0.17814946397900883,8.132521500774855,-9.937599209395191,-0.9025388543101682,neutral
7711,David McGoldrick,63,4250,19.53345789853483,13,0.9248148148148148,0.41364969667485524,0.2752941176470588,Sheffield United,4250,7711,David McGoldrick,Sheffield United,20,43,1390.0,2860.0,0.3917185807493415,0.42430852574354905,0.2589928057553957,0.28321678321678323,0.4,1.2790697674418605,0.486013986013986,7711,David McGoldrick,Sheffield United,19,44,1050.0,3200.0,0.48914665656962564,0.3888772567093838,0.17142857142857143,0.309375,0.8947368421052632,1.0454545454545454,0.328125,1.0,0.03258994499420753,-0.10026939986024186,0.8790697674418605,0.15071770334928225,0.07878633843124633,-0.242401724614481,-6.952790383497247,5.073122148124027,-0.9398341176866096,neutral
7281,Diogo Dalot,90,7190,10.413264165632423,8,1.571777777777778,0.1303468393472765,0.10013908205841446,Manchester United,7190,7281,Diogo Dalot,Manchester United,19,71,1420.0,5770.0,0.1230244001662227,0.1321488954368946,0.06338028169014084,0.10918544194107452,1.4736842105263157,1.6619718309859155,0.24610051993067592,7281,Diogo Dalot,Manchester United,44,46,3490.0,3700.0,0.1317390407779838,0.12903365475452824,0.07736389684813753,0.12162162162162163,1.4772727272727273,1.7608695652173914,0.9432432432432433,1.571777777777778,0.009124495270671898,-0.002705386023455547,0.1882876204595998,0.28359683794466406,0.07000166107873138,-0.020755286718136094,-1.0620445203140256,-0.8300143654638908,-0.9460294428889582,neutral
7721,Conor Hourihane,31,1785,8.846921046264468,10,0.9290322580645161,0.44606324603014125,0.5042016806722689,Aston Villa,1785,7721,Conor Hourihane,Aston Villa,10,21,573.0,1212.0,0.3510898156627934,0.49096405098104084,0.6282722513089005,0.44554455445544555,1.8,0.7619047619047619,0.47277227722772275,7721,Conor Hourihane,Aston Villa,18,13,1065.0,720.0,0.4585720124641354,0.42756069567985827,0.5915492957746479,0.375,1.1111111111111112,1.0769230769230769,0.676056338028169,1.0,0.13987423531824744,-0.031011316784277154,-1.0380952380952382,-0.03418803418803429,0.3135748945090085,-0.069522241655798,-5.469639690157273,3.5211970193484188,-0.9742213354044269,neutral
8923,Ivo Grbic,9,776,0.0,0,0.7511111111111111,0.0,0.0,Sheffield United,776,8923,Ivo Grbic,Sheffield United,5,4,416.0,360.0,0.0,0.0,0.0,0.0,0.2,0.5,0.8653846153846154,8923,Ivo Grbic,Sheffield United,2,7,180.0,596.0,0.0,0.0,0.0,0.0,0.5,0.2857142857142857,0.30201342281879195,1.0,0.0,0.0,0.3,-0.2142857142857143,0.0,0.0,-2.596153846153846,0.6471716203259829,-0.9744911129139315,neutral
606,Christian Benteke,79,4185,21.626888468861576,19,1.1194092827004218,0.4650943756744425,0.40860215053763443,Crystal Palace,4185,606,Christian Benteke,Crystal Palace,24,55,978.0,3207.0,0.5962705648749883,0.4250911598845661,0.27607361963190186,0.4490177736202058,0.9166666666666666,1.2363636363636363,0.3049579045837231,606,Christian Benteke,Crystal Palace,31,48,1617.0,2568.0,0.40482011718713495,0.5030474426425018,0.3339517625231911,0.455607476635514,1.1612903225806452,1.125,0.6296728971962616,1.1194092827004218,-0.17117940499042222,0.09822732545536683,0.3196969696969697,-0.03629032258064524,-0.3680530531941858,0.2111986955613588,6.14780230786959,-8.111882249870684,-0.982039971000547,neutral
9676,David Raya,94,8460,0.3030884042382239,0,1.7209219858156026,0.0032243447259385524,0.0,Brentford,5580,9676,David Raya,Brentford,33,61,2970.0,5490.0,0.001242303035475991,0.004296596787992069,0.0,0.0,1.696969696969697,1.819672131147541,0.5409836065573771,9676,David Raya,Brentford,52,42,4680.0,3780.0,0.002633653867703217,0.0039556762647061094,0.0,0.0,1.7307692307692308,1.8333333333333333,0.8076923076923077,1.7209219858156026,0.0030542937525160777,0.0013220223970028923,0.12270243417784399,0.10256410256410242,0.030542937525160775,0.013220223970028923,-1.0578202054240708,-0.9157030384363308,-0.9867616219302009,neutral
6273,Robin Koch,73,5883,3.338541868608443,0,1.1312328767123287,0.05107407244174059,0.0,Leeds United,5883,6273,Robin Koch,Leeds United,25,48,1962.0,3921.0,0.05016572564122597,0.05152859333503557,0.0,0.0,1.2,1.0208333333333333,0.5003825554705432,6273,Robin Koch,Leeds United,31,42,2728.0,3155.0,0.05368132707683361,0.04881968554965382,0.0,0.0,0.7096774193548387,1.3571428571428572,0.8646592709984152,1.1312328767123287,0.0013628676938096038,-0.004861641527179793,-0.1791666666666667,0.6474654377880185,0.013628676938096038,-0.04861641527179793,0.37052502651667474,-2.3477089429545597,-0.9885919582189424,neutral
9524,Anthony Elanga,75,4213,21.7038931120187,20,1.3098666666666665,0.4636483218802951,0.42724899121765963,Nottingham Forest,2430,9524,Anthony Elanga,Nottingham Forest,21,54,1265.0,2948.0,0.35805673443752783,0.5089581448501392,0.2845849802371542,0.4884667571234735,1.0952380952380953,1.462962962962963,0.4291044776119403,9524,Anthony Elanga,Nottingham Forest,29,46,1533.0,2680.0,0.5163088106639581,0.43352573631859526,0.46966731898238745,0.40298507462686567,1.5172413793103448,1.2608695652173914,0.5720149253731344,1.3098666666666665,0.1509014104126114,-0.0827830743453628,0.3677248677248677,-0.2563718140929534,0.32546523580769304,-0.17854712384084886,-8.668077034925302,6.577538493551755,-1.0452692706867737,neutral
706,Lukasz Fabianski,143,12418,0.0,0,1.373065268065268,0.0,0.0,West Ham United,12418,706,Lukasz Fabianski,West Ham United,46,97,4058.0,8360.0,0.0,0.0,0.0,0.0,1.2826086956521738,1.4123711340206186,0.4854066985645933,706,Lukasz Fabianski,West Ham United,71,72,6181.0,6237.0,0.0,0.0,0.0,0.0,1.2535211267605635,1.4861111111111112,0.9910213243546577,1.373065268065268,0.0,0.0,0.1297624383684448,0.23258998435054767,0.0,0.0,-0.45873680058102106,-1.6787376367585178,-1.0687372186697695,neutral
8239,Takumi Minamino,40,1399,6.9136076997965565,6,1.8030000000000002,0.44476389777104364,0.38598999285203717,Southampton,728,8239,Takumi Minamino,Southampton,6,34,284.0,1115.0,0.3470524529021391,0.4696518352981907,0.0,0.484304932735426,2.6666666666666665,1.7352941176470589,0.2547085201793722,8239,Takumi Minamino,Southampton,15,25,518.0,881.0,0.40400964776089976,0.4687261015227514,0.5212355212355212,0.3064699205448354,2.3333333333333335,1.6,0.5879682179341658,1.8030000000000002,0.12259938239605161,0.06471645376185164,-0.9313725490196076,-0.7333333333333334,0.2756504810989932,0.14550743458761237,-1.4101229018065549,-0.9301138986291341,-1.1701184002178444,neutral
5552,Nick Pope,158,14148,0.3902897275984283,0,1.3531540084388185,0.002482759081414938,0.0,Burnley,9540,5552,Nick Pope,Burnley,48,110,4320.0,9828.0,0.0,0.0035740817545643613,0.0,0.0,1.2083333333333333,1.5363636363636364,0.43956043956043955,5552,Nick Pope,Burnley,69,89,6210.0,7938.0,0.0018244787132826376,0.002997740321790548,0.0,0.0,1.434782608695652,1.4382022471910112,0.782312925170068,1.3531540084388185,0.0035740817545643613,0.0011732616085079102,0.3280303030303031,0.0034196384953590897,0.03574081754564361,0.011732616085079101,-1.8782850207617285,-0.49458721950986156,-1.1864361201357951,neutral
7904,Caoimhin Kelleher,15,1350,0.0448078326880931,0,2.308,0.002987188845872874,0.0,Liverpool,1350,7904,Caoimhin Kelleher,Liverpool,3,12,270.0,1080.0,0.0,0.003733986057341092,0.0,0.0,2.3333333333333335,2.25,0.25,7904,Caoimhin Kelleher,Liverpool,5,10,450.0,900.0,0.0,0.00448078326880931,0.0,0.0,1.8,2.5,0.5,2.308,0.003733986057341092,0.00448078326880931,-0.08333333333333348,0.7,0.03733986057341092,0.0448078326880931,-0.1928571172882831,-2.1959593345248085,-1.1944082259065458,neutral
7280,Yan Valery,20,1307,2.063920280896127,0,0.7954999999999999,0.14212151895994754,0.0,Southampton,1307,7280,Yan Valery,Southampton,7,13,400.0,907.0,0.0,0.20479914584415812,0.0,0.0,1.2857142857142858,0.6153846153846154,0.4410143329658214,7280,Yan Valery,Southampton,9,11,675.0,632.0,0.18045921325683592,0.10117540558906195,0.0,0.0,1.0,0.7272727272727273,0.9362962962962963,1.0,0.20479914584415812,-0.07928380766777397,-0.6703296703296704,-0.2727272727272727,1.4410143329658212,-0.5578592759771841,-41.52930831502129,39.11604553017331,-1.20663139242399,neutral
764,Daryl Janmaat,8,611,0.729094814509153,1,0.46062499999999995,0.1073953081928376,0.14729950900163666,Watford,611,764,Daryl Janmaat,Watford,1,7,10.0,601.0,0.36761669442057593,0.10306550143364061,0.0,0.1497504159733777,1.0,1.0,0.016638935108153077,764,Daryl Janmaat,Watford,7,1,521.0,90.0,0.10561678129571865,0.1176910027861595,0.1727447216890595,0.0,0.7142857142857143,3.0,0.1727447216890595,1.0,-0.2645511929869353,0.01207422149044085,0.0,2.2857142857142856,-2.463340321272794,0.1124278303551263,2.8691151828468477,-5.3079427800002925,-1.2194137985767224,neutral
5221,Leon Bailey,86,4866,29.247034479863938,30,1.554186046511628,0.5409439176300358,0.5548705302096177,Aston Villa,4866,5221,Leon Bailey,Aston Villa,22,64,1002.0,3864.0,0.591600050530703,0.527807932856105,0.8083832335329341,0.4891304347826087,1.8181818181818181,1.421875,0.2593167701863354,5221,Leon Bailey,Aston Villa,37,49,2142.0,2724.0,0.5176587309297017,0.5592540754538669,0.46218487394957986,0.6277533039647577,1.3243243243243243,1.6734693877551021,0.7863436123348018,1.554186046511628,-0.06379211767459791,0.041595344524165134,-0.3963068181818181,0.3491450634307778,-0.11792741464601667,0.07689400540152327,2.038577677247023,-4.489834159774639,-1.225628241263808,neutral
5587,Josh Maja,15,809,5.660888701677322,3,0.7893333333333333,0.6297651213238059,0.3337453646477132,Fulham,809,5587,Josh Maja,Fulham,4,11,239.0,570.0,0.7807963272891784,0.5664380016295534,0.37656903765690375,0.3157894736842105,1.25,0.7272727272727273,0.4192982456140351,5587,Josh Maja,Fulham,3,12,135.0,674.0,0.06382926801840459,0.7431202254725139,0.0,0.40059347181008903,1.0,0.8333333333333334,0.20029673590504452,1.0,-0.21435832565962498,0.6792909574541093,-0.5227272727272727,-0.16666666666666663,-0.34037821149737585,1.0786417577813725,12.182185368718034,-14.789561737439124,-1.3036881843605448,neutral
7689,Ben Godfrey,112,9295,7.947381314821539,3,0.9927232142857143,0.07695151353780941,0.029047875201721356,Everton,6646,7689,Ben Godfrey,Everton,28,84,2233.0,7062.0,0.08078055788270302,0.07574077210165146,0.04030452306314375,0.025488530161427356,0.9642857142857143,0.9642857142857143,0.3161993769470405,7689,Ben Godfrey,Everton,37,75,3093.0,6202.0,0.07276623046421285,0.07903875645084298,0.02909796314258002,0.029022895840051594,0.7567567567567568,1.0666666666666667,0.49871009351821993,1.0,-0.005039785781051562,0.006272525986630126,0.0,0.30990990990990985,-0.05039785781051562,0.06272525986630126,1.1155039867405403,-3.735272416505385,-1.3098842148824223,neutral
6369,Ethan Ampadu,25,2095,1.177468703128397,0,0.52,0.050583381041315385,0.0,Sheffield United,2095,6369,Ethan Ampadu,Sheffield United,8,17,611.0,1484.0,0.05199588809326998,0.05000181648016697,0.0,0.0,0.0,0.7647058823529411,0.41172506738544473,6369,Ethan Ampadu,Sheffield United,4,21,305.0,1790.0,0.057642136227156276,0.04938063225266652,0.0,0.0,0.0,0.6190476190476191,0.17039106145251395,1.0,-0.001994071613103006,-0.008261503974489756,0.7647058823529411,0.6190476190476191,-0.01994071613103006,-0.08261503974489756,-2.57377932092474,-0.06942130700652258,-1.3216003139656314,neutral
10750,Rasmus Kristensen,26,1964,2.078216874040663,4,1.0799999999999998,0.09523397080634402,0.18329938900203666,Leeds United,1964,10750,Rasmus Kristensen,Leeds United,8,18,630.0,1334.0,0.09005652381373301,0.097679091949781,0.2857142857142857,0.13493253373313344,1.125,0.7777777777777778,0.47226386806596704,10750,Rasmus Kristensen,Leeds United,18,8,1554.0,410.0,0.09450087280634745,0.09801259103072124,0.11583011583011582,0.43902439024390244,0.7222222222222222,1.25,0.26383526383526384,1.0799999999999998,0.0076225681360479886,0.0035117182243737943,-0.3472222222222222,0.5277777777777778,0.07622568136047989,0.03511718224373794,-0.8149068160344571,-1.889837467994285,-1.352372142014371,neutral
7931,Takehiro Tomiyasu,64,3426,4.343258059583603,5,2.11875,0.11409609613617169,0.13134851138353765,Arsenal,3426,7931,Takehiro Tomiyasu,Arsenal,25,39,1311.0,2115.0,0.12794802777332762,0.10550986333413322,0.20594965675057209,0.0851063829787234,2.56,2.051282051282051,0.6198581560283688,7931,Takehiro Tomiyasu,Arsenal,42,22,2042.0,1384.0,0.09464090476569649,0.14280093773914163,0.0881488736532811,0.1950867052023121,2.380952380952381,2.0,0.6777668952007836,2.11875,-0.0224381644391944,0.048160032973445135,-0.508717948717949,-0.38095238095238093,-0.1966602293948326,0.422100620480187,5.515719644735909,-8.233174638720108,-1.3587274969920995,neutral
9914,Shandon Baptiste,55,1680,3.6785038523375975,4,1.2546666666666666,0.19706270637522844,0.21428571428571427,Brentford,1680,9914,Shandon Baptiste,Brentford,22,33,537.0,1143.0,0.3560593267434468,0.12236350677966126,0.33519553072625696,0.15748031496062992,1.1818181818181819,1.1515151515151516,0.46981627296587924,9914,Shandon Baptiste,Brentford,29,26,831.0,849.0,0.1255873588018038,0.2670226755548702,0.0,0.4240282685512367,1.4827586206896552,0.8076923076923077,0.9787985865724381,1.2546666666666666,-0.23369581996378555,0.1414353167530664,-0.030303030303030276,-0.6750663129973475,-1.1858957195016075,0.7177173162524139,31.197996329917004,-33.92734519081174,-1.3646744304473692,neutral
448,Ivan Perisic,39,2178,10.93044391646981,10,1.8020512820512822,0.4516712362177608,0.4132231404958678,Tottenham Hotspur,2178,448,Ivan Perisic,Tottenham Hotspur,19,20,976.0,1202.0,0.31057113798747416,0.5662416986742996,0.4610655737704918,0.37437603993344426,1.736842105263158,1.4,0.8119800332778702,448,Ivan Perisic,Tottenham Hotspur,26,13,1218.0,960.0,0.522506209044474,0.3617993644438684,0.5911330049261083,0.1875,1.7692307692307692,1.1538461538461537,0.7881773399014779,1.8020512820512822,0.2556705606868255,-0.16070684460060558,-0.33684210526315805,-0.6153846153846154,0.5660545551401042,-0.35580491232150374,-16.33619387593832,13.58503955340025,-1.3755771612690353,neutral
3203,Issa Diop,106,8549,5.929949134588241,8,1.3212106918238993,0.0624278187054558,0.08422037665224003,West Ham United,5110,3203,Issa Diop,West Ham United,38,68,3201.0,5348.0,0.07087917471236453,0.0573693313123902,0.11246485473289597,0.06731488406881077,1.0526315789473684,1.4411764705882353,0.5985415108451758,3203,Issa Diop,West Ham United,53,53,4606.0,3943.0,0.05854376272674078,0.06696496347795426,0.03907946157186279,0.13695155972609688,1.1886792452830188,1.4150943396226414,0.8560573165436387,1.3212106918238993,-0.013509843399974332,0.008421200751213484,0.3885448916408669,0.2264150943396226,-0.1350984339997433,0.08421200751213484,2.524002425827429,-5.286487905439866,-1.3812427398062186,neutral
500,Alex Iwobi,153,11000,32.52012630272656,24,1.193649237472767,0.2660737606586719,0.19636363636363635,Everton,8752,500,Alex Iwobi,Everton,46,107,3199.0,7801.0,0.2670871109502851,0.26565821039808085,0.16880275085964364,0.2076656838866812,1.1304347826086956,1.233644859813084,0.41007563132931674,500,Alex Iwobi,Everton,72,81,5048.0,5952.0,0.25850464977698895,0.2724932619575185,0.24960380348652933,0.15120967741935484,1.2083333333333333,1.1975308641975309,0.8481182795698925,1.193649237472767,-0.0014289005522042375,0.013988612180529547,0.10321007720438846,-0.010802469135802406,-0.005370317421255521,0.05257418899894679,-0.22542873212391032,-2.538117011391567,-1.3817728717577387,neutral
7027,Arijanet Muric,10,900,0.37258302234113205,0,1.0779999999999998,0.03725830223411321,0.0,Burnley,900,7027,Arijanet Muric,Burnley,4,6,360.0,540.0,0.0071538221091032,0.05732795565078655,0.0,0.0,1.0,1.0,0.6666666666666666,7027,Arijanet Muric,Burnley,5,5,450.0,450.0,0.06323771476745606,0.011278889700770362,0.0,0.0,0.2,1.8,1.0,1.0779999999999998,0.05017413354168335,-0.0519588250666857,0.0,1.6,0.5017413354168334,-0.519588250666857,-21.720404130598848,18.897196239962888,-1.4116039453179798,neutral
1688,Andrew Robertson,160,13348,43.83801671024411,48,2.14325,0.29558147317365674,0.32364399160922985,Liverpool,13348,1688,Andrew Robertson,Liverpool,44,116,3728.0,9620.0,0.30548394702888554,0.29174400721395893,0.28969957081545067,0.3367983367983368,2.159090909090909,2.1379310344827585,0.38752598752598755,1688,Andrew Robertson,Liverpool,68,92,5640.0,7708.0,0.2682456904923186,0.31558326537951387,0.30319148936170215,0.33860923715620134,2.2058823529411766,2.097826086956522,0.7317073170731707,2.14325,-0.013739939814926605,0.047337574887195255,-0.02115987460815072,-0.10805626598465468,-0.046484441894821565,0.1601506832580945,0.6266068169958963,-3.4583852884308026,-1.415889235717453,neutral
586,John Stones,91,7073,8.30888465605676,10,2.3362637362637364,0.10572594642232552,0.12724445072812102,Manchester City,7073,586,John Stones,Manchester City,25,66,1773.0,5300.0,0.09397676956797309,0.10965637860397964,0.10152284263959392,0.13584905660377358,2.28,2.484848484848485,0.33452830188679245,586,John Stones,Manchester City,33,58,2350.0,4723.0,0.10120639233909386,0.1079747188329955,0.07659574468085106,0.15244547956807114,2.393939393939394,2.4482758620689653,0.49756510692356554,2.3362637362637364,0.015679609036006556,0.006768326493901647,0.20484848484848506,0.05433646812957127,0.1483042674631058,0.0640176486750505,-1.7798137796908735,-1.0701127794353331,-1.4249632795631033,neutral
12073,Teden Mengi,30,2465,1.0274589071050282,1,0.9139999999999999,0.03751371263263795,0.036511156186612576,Luton Town,2465,12073,Teden Mengi,Luton Town,9,21,724.0,1741.0,0.03773429191758783,0.037421984084502556,0.12430939226519336,0.0,1.2222222222222223,0.5238095238095238,0.41585295807007466,12073,Teden Mengi,Luton Town,9,21,611.0,1854.0,0.019317537381537794,0.04351040253469953,0.0,0.04854368932038834,0.6666666666666666,0.7619047619047619,0.3295577130528587,1.0,-0.00031230783308527216,0.024192865153161738,-0.6984126984126985,0.09523809523809523,-0.0031230783308527216,0.24192865153161736,2.9952817612381115,-5.894926207072295,-1.4498222229170918,neutral
7430,Emerson,79,5174,7.292826306074856,6,1.7994936708860758,0.12685627513466122,0.10436799381523,Tottenham Hotspur,5174,7430,Emerson,Tottenham Hotspur,31,48,1957.0,3217.0,0.17083750298655054,0.10010114212062717,0.09197751660705161,0.111905502020516,1.8064516129032258,1.6875,0.608330742928194,7430,Emerson,Tottenham Hotspur,47,32,3124.0,2050.0,0.09528585367391261,0.1749665173997239,0.057618437900128036,0.17560975609756097,1.6808510638297873,1.8125,0.6562099871959027,1.7994936708860758,-0.07073636086592337,0.0796806637258113,-0.11895161290322576,0.13164893617021267,-0.5576102624078698,0.6281176366027476,13.597392527698341,-16.513694150219703,-1.4581508112606807,neutral
6055,Phil Foden,146,9367,63.753105212002986,79,2.3443835616438355,0.6125525215202593,0.7590477207216825,Manchester City,9367,6055,Phil Foden,Manchester City,46,100,2790.0,6577.0,0.6172425134047386,0.610563000863775,0.8064516129032258,0.7389387258628554,2.260869565217391,2.41,0.4242055648471948,6055,Phil Foden,Manchester City,65,81,4437.0,4930.0,0.5824018878065064,0.639688091862637,0.7910750507099391,0.7302231237322515,2.3230769230769233,2.3950617283950617,0.9,2.3443835616438355,-0.00667951254096355,0.05728620405613061,0.149130434782609,0.07198480531813845,-0.010904391552231387,0.09352047709142594,-0.13172774192762834,-2.7894980205532596,-1.460612881240444,neutral
986,Danny Ings,152,8860,48.710600857622914,64,1.2504605263157895,0.4948029432489912,0.6501128668171557,Southampton,5036,986,Danny Ings,Southampton,46,106,2504.0,6356.0,0.5404813603881877,0.47680754417464444,0.7188498402555911,0.6230333543108874,1.5217391304347827,1.1320754716981132,0.39395846444304594,986,Danny Ings,Southampton,78,74,4565.0,4295.0,0.4649366225867745,0.5265467741740248,0.7294633077765609,0.5657741559953434,1.2179487179487178,1.2837837837837838,0.940854326396495,1.2504605263157895,-0.06367381621354329,0.06161015158725036,-0.3896636587366695,0.06583506583506593,-0.12868520101243983,0.12451452124092831,4.065603473744587,-7.053332512455437,-1.4938645193554252,neutral
8831,Iyenoma Destiny Udogie,28,2437,5.364343145862222,5,1.9235714285714285,0.19810869229692243,0.18465326220763234,Tottenham Hotspur,2437,8831,Iyenoma Destiny Udogie,Tottenham Hotspur,4,24,337.0,2100.0,0.11228165282516872,0.2118818886311991,0.0,0.2142857142857143,2.25,1.875,0.16047619047619047,8831,Iyenoma Destiny Udogie,Tottenham Hotspur,13,15,1114.0,1323.0,0.19237734063041914,0.20293463769109069,0.16157989228007183,0.20408163265306123,2.076923076923077,1.8,0.8420256991685563,1.9235714285714285,0.09960023580603039,0.010557297060671544,-0.375,-0.27692307692307705,0.502755505834903,0.05329042829099301,-2.623159396619721,-0.4207123391463881,-1.5219358678830546,neutral
5789,Boubacar Kamara,44,3476,2.016416670754551,2,1.6395454545454546,0.0522087170218382,0.05178365937859609,Aston Villa,3476,5789,Boubacar Kamara,Aston Villa,14,30,1126.0,2350.0,0.08100509245716178,0.03841096436644486,0.07992895204262877,0.03829787234042553,2.0,1.7333333333333334,0.47914893617021276,5789,Boubacar Kamara,Aston Villa,23,21,1825.0,1651.0,0.03976656207176918,0.06596215904720219,0.0,0.10902483343428225,1.608695652173913,2.0476190476190474,0.9046575342465754,1.6395454545454546,-0.04259412809071692,0.026195596975433014,-0.2666666666666666,0.43892339544513437,-0.4259412809071692,0.2619559697543301,9.492864175579804,-12.539685573831036,-1.5234106991256162,neutral
1739,Eric Bailly,20,1278,0.0808225981891154,0,1.8539999999999999,0.005691732266839112,0.0,Manchester United,1278,1739,Eric Bailly,Manchester United,2,18,95.0,1183.0,0.0,0.006148802905342676,0.0,0.0,2.0,2.0,0.08030431107354184,1739,Eric Bailly,Manchester United,7,13,348.0,930.0,0.0,0.007821541760236974,0.0,0.0,1.4285714285714286,2.3076923076923075,0.3741935483870968,1.8539999999999999,0.006148802905342676,0.007821541760236974,0.0,0.8791208791208789,0.061488029053426756,0.07821541760236973,-0.18643083434108698,-2.879370516601353,-1.53290067547122,neutral
7236,Leander Dendoncker,133,8239,12.799252103548493,10,1.3861278195488722,0.13981462426500357,0.10923655783468868,Wolverhampton Wanderers,7445,7236,Leander Dendoncker,Wolverhampton Wanderers,42,91,2782.0,5457.0,0.10639325018113813,0.15685297183717029,0.06470165348670022,0.1319406267179769,1.5714285714285714,1.4395604395604396,0.5098039215686274,7236,Leander Dendoncker,Wolverhampton Wanderers,55,78,2960.0,5279.0,0.15895019721938294,0.12908507398181301,0.12162162162162163,0.10229210077666225,1.4363636363636363,1.5128205128205128,0.5607122561091116,1.3861278195488722,0.05045972165603216,-0.02986512323756993,-0.13186813186813184,0.07645687645687649,0.3609044613272442,-0.213605146060857,-8.806595321885121,5.739202724578578,-1.5336962986532714,neutral
10140,Hugo Bueno,43,2026,2.3067627400159827,1,1.0827906976744186,0.10247218489705748,0.044422507403751234,Wolverhampton Wanderers,2026,10140,Hugo Bueno,Wolverhampton Wanderers,15,28,834.0,1192.0,0.10570467154917523,0.1002105289676395,0.1079136690647482,0.0,0.5333333333333333,1.3928571428571428,0.6996644295302014,10140,Hugo Bueno,Wolverhampton Wanderers,23,20,913.0,1113.0,0.1071048486949253,0.09867198539350551,0.09857612267250822,0.0,0.8260869565217391,1.4,0.8203054806828391,1.0827906976744186,-0.00549414258153573,-0.00843286330141979,0.8595238095238095,0.5739130434782608,-0.05361594062871881,-0.08229416899709283,-3.1288232433997734,0.016258820832875647,-1.556282211283449,neutral
7047,Mark Flekken,37,3293,0.2911852374672888,1,1.255135135135135,0.007958296802932278,0.027330701488004858,Brentford,3293,7047,Mark Flekken,Brentford,8,29,720.0,2573.0,0.0,0.010185258986418963,0.0,0.03497862417411582,1.5,0.9310344827586207,0.27982899339292655,7047,Mark Flekken,Brentford,17,20,1530.0,1763.0,0.0014320559361401706,0.013622022569348571,0.0,0.05104934770277936,1.2941176470588236,0.85,0.867838910947249,1.255135135135135,0.010185258986418963,0.0121899666332084,-0.5689655172413793,-0.4441176470588236,0.10185258986418963,0.121899666332084,-0.3210499394061816,-2.829196081161931,-1.5751230102840563,neutral
1663,Johann Berg Gudmundsson,78,4283,11.665476416237649,9,0.9393589743589743,0.2451302539017951,0.18911977585804343,Burnley,4283,1663,Johann Berg Gudmundsson,Burnley,18,60,971.0,3312.0,0.36975614456066624,0.20859289284208382,0.1853759011328527,0.1902173913043478,0.8333333333333334,0.7,0.2931763285024155,1663,Johann Berg Gudmundsson,Burnley,32,46,1754.0,2529.0,0.19684530364534256,0.27861851121686737,0.25655644241733183,0.1423487544483986,0.65625,0.782608695652174,0.6935547647291419,1.0,-0.16116325171858242,0.08177320757152481,-0.13333333333333341,0.12635869565217395,-0.6574596531978798,0.33359084107294673,13.883514279748358,-17.071812965075335,-1.5941493426634885,neutral
675,Jack Grealish,136,10409,57.61912925727665,52,1.8091544117647058,0.4981959490013352,0.4496109136324335,Aston Villa,5422,675,Jack Grealish,Aston Villa,33,103,2745.0,7664.0,0.47253832337064816,0.5073856909580466,0.36065573770491804,0.4814718162839248,2.303030303030303,1.796116504854369,0.35816805845511485,675,Jack Grealish,Aston Villa,60,76,4571.0,5838.0,0.46969902040927886,0.5205082923713746,0.3740975716473419,0.5087358684480986,1.9,1.9342105263157894,0.7829736211031175,1.8091544117647058,0.03484736758739848,0.05080927196209578,-0.5069137981759342,0.03421052631578947,0.06994711148746231,0.10198652169682658,0.03421810236025646,-3.2377293460246155,-1.6017556218321796,neutral
579,Nathan Aké,108,8145,13.809165676124392,12,1.9901697530864197,0.15258746603452367,0.13259668508287292,Manchester City,5642,579,Nathan Aké,Manchester City,36,72,2454.0,5691.0,0.15017502390139698,0.15362772837764313,0.18337408312958434,0.11070110701107011,1.9722222222222223,1.9027777777777777,0.43120716921454927,579,Nathan Aké,Manchester City,52,56,3752.0,4393.0,0.14739167483857094,0.1570251187928243,0.11993603411513859,0.14340997040746642,1.7884615384615385,2.0535714285714284,0.8540860459822445,1.9901697530864197,0.0034527044762461545,0.009633443954253362,-0.06944444444444464,0.26510989010988983,0.022627707019297137,0.06313391397478052,-0.1927255906748754,-3.0343101212193178,-1.6135178559470966,neutral
1024,Tyrone Mings,141,12462,9.263255462050436,15,1.2745035460992906,0.06689881171437484,0.10832932113625421,Aston Villa,12462,1024,Tyrone Mings,Aston Villa,36,105,3240.0,9222.0,0.056171994889155016,0.07066750467834276,0.19444444444444442,0.07807417046193883,1.9722222222222223,1.1428571428571428,0.35133376707872477,1024,Tyrone Mings,Aston Villa,64,77,5700.0,6762.0,0.06539412216822567,0.06816718355895489,0.12631578947368421,0.09316770186335405,1.234375,1.4545454545454546,0.8429458740017747,1.2745035460992906,0.014495509789187747,0.00277306139072922,-0.8293650793650795,0.22017045454545459,0.14495509789187747,0.0277306139072922,-0.5108607722569577,-2.740044336022565,-1.6254525541397613,neutral
10120,Conor Bradley,11,776,2.854437485337257,4,2.381818181818182,0.3310558939179808,0.4639175257731959,Liverpool,776,10120,Conor Bradley,Liverpool,1,10,12.0,764.0,0.0,0.3362557247125041,0.0,0.47120418848167545,3.0,2.3,0.015706806282722512,10120,Conor Bradley,Liverpool,4,7,255.0,521.0,0.28009412043234877,0.3559987964877239,0.3529411764705882,0.5182341650671786,2.5,2.2857142857142856,0.4894433781190019,2.381818181818182,0.3362557247125041,0.07590467605537515,-0.7000000000000002,-0.2142857142857144,1.0157068062827226,0.22928054582281673,-0.4227014752633965,-2.857725226487214,-1.6402133508753054,neutral
10846,Julián Álvarez,67,4098,29.996780347079035,28,2.417014925373134,0.6587872697015893,0.6149341142020498,Manchester City,4098,10846,Julián Álvarez,Manchester City,22,45,1220.0,2878.0,0.75441365946298,0.618250718100166,0.7377049180327869,0.5628908964558722,2.272727272727273,2.488888888888889,0.42390548992355803,10846,Julián Álvarez,Manchester City,35,32,1916.0,2182.0,0.5907973220196625,0.7184888002967187,0.6106471816283925,0.6186984417965169,2.342857142857143,2.5,0.8780934922089826,2.417014925373134,-0.13616294136281404,0.12769147827705618,0.216161616161616,0.15714285714285703,-0.20668726859960687,0.19382809011305965,2.1583606030672517,-5.500091861236888,-1.6708656290848183,neutral
8776,Wes Foderingham,30,2644,0.0650442615151405,0,0.6313333333333333,0.00221406336473625,0.0,Sheffield United,2644,8776,Wes Foderingham,Sheffield United,12,18,1024.0,1620.0,0.005716780797229146,0.0,0.0,0.0,0.08333333333333333,0.6666666666666666,0.6320987654320988,8776,Wes Foderingham,Sheffield United,13,17,1170.0,1474.0,0.0050034047319338845,0.0,0.0,0.0,0.07692307692307693,0.7058823529411765,0.7937584803256446,1.0,-0.005716780797229146,-0.0050034047319338845,0.5833333333333333,0.6289592760180995,-0.05716780797229146,-0.050034047319338845,-1.157743739431778,-2.2123711356566576,-1.6850574375442178,neutral
7230,Emile Smith-Rowe,80,3937,16.744626665487882,21,1.9175,0.38278293113891526,0.48006096012192023,Arsenal,3937,7230,Emile Smith-Rowe,Arsenal,23,57,979.0,2958.0,0.5016770956997851,0.34343290169162266,0.6435137895812053,0.4259634888438134,2.1739130434782608,1.8245614035087718,0.33096686950642323,7230,Emile Smith-Rowe,Arsenal,38,42,1651.0,2286.0,0.31576771958128086,0.43118280615276233,0.4906117504542702,0.47244094488188976,1.763157894736842,2.0714285714285716,0.7222222222222222,1.9175,-0.15824419400816248,0.11541508657148147,-0.3493516399694889,0.3082706766917296,-0.4134045202520649,0.3015157604548368,5.597842075572629,-9.110662899719726,-1.7564104120735484,neutral
1711,Adam Forshaw,34,1994,1.9782204711809743,1,1.0476470588235294,0.08928778455681428,0.04513540621865597,Leeds United,1994,1711,Adam Forshaw,Leeds United,8,26,490.0,1504.0,0.06807091258162137,0.09620019630405134,0.1836734693877551,0.0,1.125,0.7692307692307693,0.3257978723404255,1711,Adam Forshaw,Leeds United,12,22,453.0,1541.0,0.09801021049304906,0.08672369698438447,0.0,0.05840363400389357,0.6666666666666666,0.9545454545454546,0.29396495781959764,1.0476470588235294,0.028129283722429968,-0.011286513508664595,-0.3557692307692307,0.28787878787878796,0.28129283722429965,-0.11286513508664595,-5.016989187822262,1.4090860633463096,-1.8039515622379763,neutral
10048,Nicolas Jackson,35,2818,25.14429211616516,19,1.6045714285714285,0.8030469448030038,0.6068133427963094,Chelsea,2818,10048,Nicolas Jackson,Chelsea,7,28,584.0,2234.0,1.0308640216451699,0.7434922568550069,0.7705479452054794,0.5640107430617726,1.8571428571428572,1.5714285714285714,0.26141450313339304,10048,Nicolas Jackson,Chelsea,20,15,1577.0,1241.0,0.7219171180574668,0.9061426231089761,0.45656309448319593,0.7977437550362612,1.6,1.6666666666666667,0.7869372225745086,1.6045714285714285,-0.287371764790163,0.18422550505150925,-0.2857142857142858,0.06666666666666665,-0.3578517627766562,0.2294081388936755,4.546530808038229,-8.202633324186786,-1.8280512580742787,neutral
7498,Lyle Foster,24,1938,7.107172802090644,8,0.9008333333333333,0.33005446449337356,0.3715170278637771,Burnley,1938,7498,Lyle Foster,Burnley,7,17,541.0,1397.0,0.41758613092842023,0.296157090448019,0.33271719038817005,0.38654259126700075,1.1428571428571428,0.6470588235294118,0.38725841088045815,7498,Lyle Foster,Burnley,12,12,1067.0,871.0,0.3055755205403563,0.36004187344615124,0.42174320524835984,0.3099885189437428,0.4166666666666667,1.1666666666666667,0.8163074039362699,1.0,-0.1214290404804012,0.054466352905794935,-0.495798319327731,0.75,-0.36790606867503567,0.16502231832979325,11.89325105818656,-15.551931348235701,-1.8293401450245703,neutral
7166,Mathias Jensen,100,6790,16.98201726051047,18,1.3164666666666667,0.22509301228953496,0.23858615611192932,Brentford,6790,7166,Mathias Jensen,Brentford,28,72,1887.0,4903.0,0.29574579085461755,0.19790113116526187,0.2861685214626391,0.22027330205996332,1.3214285714285714,1.1805555555555556,0.38486640832143587,7166,Mathias Jensen,Brentford,51,49,3654.0,3136.0,0.19262274831597656,0.26292666808015436,0.24630541871921183,0.22959183673469385,1.3137254901960784,1.1224489795918366,0.8582375478927203,1.3164666666666667,-0.09784465968935568,0.0703039197641778,-0.14087301587301582,-0.19127651060424178,-0.43468546044201073,0.31233275102181557,9.307399465874715,-13.006247863835465,-1.8494241989803752,neutral
6051,Dale Stephens,43,2907,1.8354821596294624,1,1.084031007751938,0.05682607305354372,0.030959752321981424,Brighton,2528,6051,Dale Stephens,Brighton,15,28,1023.0,1884.0,0.06827764344180429,0.05060794327265702,0.0,0.04777070063694267,1.0,1.0357142857142858,0.5429936305732485,6051,Dale Stephens,Brighton,24,19,1771.0,1136.0,0.04633706211328569,0.07317821951058331,0.0,0.07922535211267606,1.125,0.8947368421052632,0.6414455110107284,1.084031007751938,-0.01766970016914727,0.026841157397297623,0.03571428571428581,-0.23026315789473684,-0.17669700169147268,0.2684115739729762,6.016661801107273,-9.755242405919118,-1.8692903024059224,neutral
9689,Albert Sambi Lokonga,51,3188,3.8375284131616336,4,1.4429411764705884,0.10833674943053545,0.11292346298619825,Luton Town,1331,9689,Albert Sambi Lokonga,Luton Town,20,31,1279.0,1909.0,0.121710472510861,0.0993765651352309,0.14073494917904614,0.09429020429544265,1.6,1.1290322580645162,0.6699842849659507,9689,Albert Sambi Lokonga,Luton Town,24,27,1333.0,1855.0,0.08155759637763149,0.12758020550574892,0.06751687921980495,0.14555256064690028,1.5416666666666667,1.1111111111111112,0.7185983827493262,1.4429411764705884,-0.02233390737563011,0.046022609128117425,-0.47096774193548385,-0.4305555555555556,-0.20615264435223257,0.42481068861703947,8.887224447364751,-12.664974987184548,-1.8888752699098985,neutral
6834,Joe Bryan,16,658,0.8540512006729836,1,0.5968749999999999,0.11681551376986096,0.13677811550151975,Fulham,658,6834,Joe Bryan,Fulham,3,13,185.0,473.0,0.017510399222373924,0.15565578055904725,0.0,0.19027484143763215,0.3333333333333333,0.7692307692307693,0.39112050739957716,6834,Joe Bryan,Fulham,7,9,455.0,203.0,0.15281960433656033,0.03611669008587965,0.1978021978021978,0.0,0.5714285714285714,0.7777777777777778,0.4461538461538462,1.0,0.1381453813366733,-0.11670291425068069,0.43589743589743596,0.2063492063492064,1.1825944763538383,-0.999036091050354,-34.08247087778533,30.28003069216844,-1.9012200928084457,neutral
7352,Tyler Adams,27,2270,1.5363561250269404,0,1.0629629629629629,0.06091279790855711,0.0,Leeds United,2159,7352,Tyler Adams,Leeds United,10,17,814.0,1456.0,0.07023611067078035,0.05570045135055593,0.0,0.0,0.6,1.3529411764705883,0.5590659340659341,7352,Tyler Adams,Leeds United,16,11,1280.0,990.0,0.05758138168312141,0.06522008353336287,0.0,0.0,1.0,1.1818181818181819,0.7734375,1.0629629629629629,-0.014535659320224423,0.007638701850241458,0.7529411764705883,0.18181818181818188,-0.14535659320224423,0.07638701850241458,1.3914282989340938,-5.213625607574802,-1.9110986543203543,neutral
8026,Raphinha,65,5309,32.913692268542945,29,1.2769230769230768,0.5579642690090159,0.4916180071576568,Leeds United,5309,8026,Raphinha,Leeds United,16,49,1311.0,3998.0,0.6451142627055366,0.5293865697253393,0.5491990846681922,0.4727363681840921,0.8125,1.469387755102041,0.32791395697848924,8026,Raphinha,Leeds United,16,49,1251.0,4058.0,0.4296112379474605,0.5975329338335613,0.3597122302158273,0.5322819122720552,1.0625,1.3877551020408163,0.3082799408575653,1.2769230769230768,-0.11572769298019736,0.16792169588610084,0.6568877551020409,0.3252551020408163,-0.2074105805838391,0.3009542101761134,2.041525531444714,-5.871274941829722,-1.9148747051925041,neutral
10807,Jan Paul van Hecke,36,2653,2.625954516232013,0,1.4733333333333334,0.08908251280093522,0.0,Brighton,2653,10807,Jan Paul van Hecke,Brighton,8,28,646.0,2007.0,0.10417279836378598,0.08422535063172666,0.0,0.0,1.875,1.2142857142857142,0.3218734429496761,10807,Jan Paul van Hecke,Brighton,17,19,1218.0,1435.0,0.07368177661828215,0.10215435717060171,0.0,0.0,1.6470588235294117,1.105263157894737,0.848780487804878,1.4733333333333334,-0.019947447732059323,0.028472580552319562,-0.6607142857142858,-0.5417956656346747,-0.19947447732059323,0.2847258055231956,4.493926286329806,-8.360785298757934,-1.9334295062140638,neutral
839,Shane Long,50,1890,8.474371042102574,5,1.4196,0.4035414781953607,0.23809523809523808,Southampton,1890,839,Shane Long,Southampton,16,34,472.0,1418.0,0.6603356528143256,0.31806415067762345,0.3813559322033898,0.19040902679830748,1.5625,1.2941176470588236,0.3328631875881523,839,Shane Long,Southampton,23,27,677.0,1213.0,0.23508518251921956,0.4975603670434625,0.1329394387001477,0.2967848309975268,1.3043478260869565,1.4444444444444444,0.5581203627370157,1.4196,-0.34227150213670215,0.26247518452424295,-0.2683823529411764,0.14009661835748788,-0.8481693224382828,0.6504292587171786,14.550612957603832,-18.45108109415265,-1.9502340682744084,neutral
998,Ivan Toney,83,7312,55.312072469852865,47,1.3121285140562249,0.6808105200063946,0.5785010940919038,Brentford,7312,998,Ivan Toney,Brentford,25,58,2179.0,5133.0,0.756487321782175,0.6486851058101303,0.7434603028912345,0.5084745762711864,1.24,1.206896551724138,0.42450808494058057,998,Ivan Toney,Brentford,42,41,3697.0,3615.0,0.6250656615642436,0.7378198537991006,0.48688125507167973,0.6721991701244814,1.2857142857142858,1.146341463414634,0.9778198539356234,1.3121285140562249,-0.10780221597204476,0.11275419223485705,-0.03310344827586209,-0.13937282229965176,-0.15834393389078683,0.16561758216338665,3.693088269990161,-7.600837849141048,-1.9538747895754438,neutral
1228,Bruno Fernandes,159,13910,104.88964001275598,95,1.7476729559748427,0.6786533142450063,0.6146657081236521,Manchester United,13910,1228,Bruno Fernandes,Manchester United,41,118,3665.0,10245.0,0.6674273521480585,0.6826692391923284,0.6139154160982265,0.6149341142020498,1.7560975609756098,1.8389830508474576,0.35773548072230354,1228,Bruno Fernandes,Manchester United,70,89,6120.0,7790.0,0.644270747598699,0.7056650354100131,0.6029411764705882,0.6238767650834403,1.7428571428571429,1.8764044943820224,0.785622593068036,1.7476729559748427,0.015241887044269875,0.061394287811314174,0.08288548987184785,0.1335473515248795,0.02245901806465985,0.09046487583960978,-0.4914637697971532,-3.4469639580659677,-1.9692138639315604,neutral
966,Alex Oxlade-Chamberlain,69,2870,8.780181593261656,11,2.180869565217391,0.2753367050151739,0.34494773519163763,Liverpool,2870,966,Alex Oxlade-Chamberlain,Liverpool,13,56,731.0,2139.0,0.32127726293091236,0.259636589149627,0.3693570451436389,0.33660589060308554,2.8461538461538463,1.9821428571428572,0.34174848059841045,966,Alex Oxlade-Chamberlain,Liverpool,24,45,876.0,1994.0,0.15998411304891505,0.326013169690421,0.2054794520547945,0.40621865596790374,2.375,2.022222222222222,0.43931795386158473,2.180869565217391,-0.06164067378128535,0.16602905664150594,-0.864010989010989,-0.35277777777777786,-0.22387379763946952,0.6030037173298636,3.8096462406068294,-7.7922629142079325,-1.9913083368005515,neutral
6434,Franck Zambo,36,2582,3.739662514999507,3,0.6976388888888888,0.1303522952555986,0.104570100697134,Fulham,2582,6434,Franck Zambo,Fulham,6,30,459.0,2123.0,0.11054380194229232,0.13463496055508406,0.19607843137254904,0.08478568064060292,0.5,0.7333333333333333,0.21620348563353745,6434,Franck Zambo,Fulham,10,26,787.0,1795.0,0.12807782079073032,0.1313495160933988,0.11435832274459976,0.10027855153203342,0.7,0.6923076923076923,0.4384401114206128,1.0,0.024091158612791735,0.0032716953026684648,0.23333333333333328,-0.007692307692307665,0.18481576074708225,0.025098869922107844,-3.3015216169589032,-0.7365784303456601,-2.0190500236522815,neutral
525,Martin Kelly,20,1555,0.8949265014380214,1,1.0471666666666666,0.05179638915075366,0.05787781350482315,Crystal Palace,1555,525,Martin Kelly,Crystal Palace,8,12,689.0,866.0,0.011550813659225374,0.08381625233050305,0.0,0.10392609699769052,1.625,1.25,0.7956120092378753,525,Martin Kelly,Crystal Palace,6,14,530.0,1025.0,0.1016190007047833,0.02603445342037734,0.16981132075471697,0.0,2.1666666666666665,1.0714285714285714,0.5170731707317073,1.0471666666666666,0.07226543867127767,-0.07558454728440596,-0.375,-1.0952380952380951,0.7226543867127767,-0.7558454728440596,-35.58471803325432,31.533759107410873,-2.025479462921723,neutral
2248,Casemiro,53,4133,11.522864930331705,10,1.7445283018867923,0.2509213268158368,0.21775949673360756,Manchester United,4133,2248,Casemiro,Manchester United,11,42,894.0,3239.0,0.23015872672225204,0.2566520352084471,0.20134228187919462,0.22229083050324175,1.9090909090909092,1.8571428571428572,0.27601111454152516,2248,Casemiro,Manchester United,34,19,2639.0,1494.0,0.23761621276894246,0.2744234660191528,0.20462296324365292,0.24096385542168675,1.8823529411764706,1.8421052631578947,0.566123531640773,1.7445283018867923,0.02649330848619505,0.03680725325021034,-0.051948051948051965,-0.04024767801857587,0.1055841240056879,0.14668842109712318,-1.0871620843945944,-3.201560048019289,-2.1443610662069417,neutral
6986,Hamed Junior Traore,10,467,1.7767118914052842,0,0.6539999999999999,0.34240700262628604,0.0,Bournemouth,467,6986,Hamed Junior Traore,Bournemouth,5,5,313.0,154.0,0.3725740735749371,0.2810934103735081,0.0,0.0,0.2,1.2,0.49201277955271566,6986,Hamed Junior Traore,Bournemouth,4,6,114.0,353.0,0.24088381323963384,0.3751935283772162,0.0,0.0,0.75,0.6666666666666666,0.32294617563739375,1.0,-0.091480663201429,0.13430971513758236,1.0,-0.08333333333333337,-0.2671693700764465,0.39225165988842897,4.281424311259084,-8.598210328355984,-2.15839300854845,neutral
65,Timo Werner,69,4723,34.27479537762701,24,1.8588405797101448,0.6531297023049822,0.4573364387042134,Chelsea,3896,65,Timo Werner,Chelsea,18,51,1270.0,3453.0,0.7272389023821418,0.6258726261109502,0.49606299212598426,0.4430929626411816,1.7777777777777777,1.803921568627451,0.36779611931653633,65,Timo Werner,Chelsea,24,45,1837.0,2886.0,0.5304260198158709,0.7312331897382799,0.4899292324442025,0.43659043659043656,1.9583333333333333,1.711111111111111,0.6365211365211365,1.8588405797101448,-0.10136627627119166,0.200807169922409,0.026143790849673332,-0.24722222222222223,-0.15520083669974966,0.3074537403730585,2.0978683035422354,-6.5231170070347915,-2.2126243517462783,neutral
453,Son Heung-Min,173,14610,104.0507149528712,121,1.6910019267822738,0.6409694966295968,0.7453798767967146,Tottenham Hotspur,14610,453,Son Heung-Min,Tottenham Hotspur,57,116,4773.0,9837.0,0.6932577433323313,0.6155987736945401,0.7730986800754243,0.7319304666056724,1.8245614035087718,1.646551724137931,0.4852089051540104,453,Son Heung-Min,Tottenham Hotspur,85,88,7173.0,7437.0,0.5752741175947929,0.7043328089620761,0.6649937264742786,0.8229124647035095,1.7647058823529411,1.6477272727272727,0.9645018152480839,1.6910019267822738,-0.07765896963779118,0.1290586913672832,-0.17800967937084078,-0.11697860962566842,-0.12115860434255378,0.20134919375401042,2.9443048531766483,-7.371875448801421,-2.2137852978123864,neutral
1297,Neto,59,5270,0.0,0,1.2223728813559323,0.0,0.0,Bournemouth,5270,1297,Neto,Bournemouth,21,38,1890.0,3380.0,0.0,0.0,0.0,0.0,1.0952380952380953,1.2894736842105263,0.5591715976331361,1297,Neto,Bournemouth,30,29,2660.0,2610.0,0.0,0.0,0.0,0.0,1.0,1.4482758620689655,0.981203007518797,1.2223728813559323,0.0,0.0,0.19423558897243098,0.4482758620689655,0.0,0.0,-0.8885261302790786,-3.5983260981071643,-2.2434261141931215,neutral
603,Nathaniel Clyne,70,5487,1.762947781011461,2,1.1805714285714286,0.028916584707678418,0.03280481137233461,Crystal Palace,5487,603,Nathaniel Clyne,Crystal Palace,23,47,1927.0,3560.0,0.023883429694713906,0.03164099192958365,0.046704722366372596,0.025280898876404497,0.8260869565217391,1.4680851063829787,0.5412921348314607,603,Nathaniel Clyne,Crystal Palace,27,43,2030.0,3457.0,0.029958978598120745,0.028304476059255537,0.0,0.05206826728377205,1.2962962962962963,1.2325581395348837,0.5872143477003182,1.1805714285714286,0.007757562234869748,-0.001654502538865208,0.6419981498612396,-0.06373815676141259,0.07757562234869747,-0.01654502538865208,-5.433352469799061,0.8930954250928834,-2.270128522353089,neutral
985,Mason Holgate,98,7705,8.781677143648265,7,1.1389795918367347,0.10257637156759818,0.08176508760545101,Everton,6987,985,Mason Holgate,Everton,26,72,2087.0,5618.0,0.08646836190180567,0.1085602477108002,0.12937230474365116,0.06407974368102529,1.0769230769230769,1.2638888888888888,0.37148451406194377,985,Mason Holgate,Everton,34,64,2258.0,5447.0,0.10357486574924603,0.10216245567588514,0.11957484499557129,0.06609142647328804,1.3235294117647058,1.15625,0.41454011382412337,1.1389795918367347,0.02209188580899453,-0.0014124100733608896,0.18696581196581197,-0.16727941176470584,0.2153701234639198,-0.013769351087156623,-5.5268906302206755,0.959627948959076,-2.2836313406307998,neutral
6817,Fred,122,7796,16.086406233720474,13,1.6962295081967214,0.18570761429384847,0.1500769625448948,Manchester United,7796,6817,Fred,Manchester United,33,89,2128.0,5668.0,0.192732500631005,0.18307018343190967,0.08458646616541353,0.17466478475652789,1.8181818181818181,1.853932584269663,0.37544107268877913,6817,Fred,Manchester United,49,73,2526.0,5270.0,0.1577185693743357,0.19912323620403624,0.10688836104513065,0.17077798861480076,1.653061224489796,1.9726027397260273,0.4793168880455408,1.6962295081967214,-0.009662317199095327,0.04140466682970054,0.03575076608784489,0.3195415152362313,-0.052029730907029316,0.22295621526958606,0.7270029162842357,-5.31312770614691,-2.2930623949313373,neutral
6485,Júnior Firpo,43,3099,4.551884742453693,4,1.0213953488372092,0.13219413579245962,0.11616650532429816,Leeds United,3099,6485,Júnior Firpo,Leeds United,12,31,910.0,2189.0,0.1382561625278258,0.12967406072202417,0.1978021978021978,0.08222932846048424,1.0833333333333333,0.6774193548387096,0.41571493832800366,6485,Júnior Firpo,Leeds United,18,25,1377.0,1722.0,0.1245548842730475,0.13830287524787802,0.06535947712418301,0.156794425087108,0.6111111111111112,0.92,0.7996515679442509,1.0213953488372092,-0.008582101805801629,0.01374799097483051,-0.40591397849462363,0.3088888888888889,-0.06492044260779647,0.10399849352178826,3.5017125299036325,-8.117732219206264,-2.3080098446513158,neutral
695,Bertrand Traoré,55,2784,12.065470801666377,15,1.5687272727272727,0.390047547467663,0.4849137931034483,Aston Villa,2784,695,Bertrand Traoré,Aston Villa,13,42,631.0,2153.0,0.3515212241082013,0.4013388201289823,0.42789223454833597,0.501625638643753,1.6923076923076923,1.2142857142857142,0.2930794240594519,695,Bertrand Traoré,Aston Villa,18,37,688.0,2096.0,0.3422712770474771,0.4057298347048233,0.39244186046511625,0.5152671755725191,0.8333333333333334,1.5675675675675675,0.3282442748091603,1.5687272727272727,0.04981759602078101,0.0634585576573462,-0.4780219780219781,0.7342342342342342,0.12772185428216581,0.16269441525614836,-0.7772550943883114,-3.919309410272165,-2.3482822523302382,neutral
7546,Harvey Elliott,74,3223,13.979295291006562,12,2.075945945945946,0.39036195351864433,0.33509152963077876,Liverpool,3223,7546,Harvey Elliott,Liverpool,20,54,824.0,2399.0,0.3475751952964414,0.4050581972764998,0.5461165048543689,0.2626094205919133,2.05,1.9814814814814814,0.34347644852021675,7546,Harvey Elliott,Liverpool,42,32,1881.0,1342.0,0.3680341764749807,0.42165744429295965,0.28708133971291866,0.40238450074515647,2.0238095238095237,1.96875,0.7134502923976608,2.075945945945946,0.0574830019800584,0.05362326781797894,-0.06851851851851842,-0.055059523809523725,0.14725564687316003,0.13736806913335062,-1.5921292629734967,-3.115470282484403,-2.3537997727289497,neutral
11363,Antoine Semenyo,44,2378,10.6679620873183,11,1.220909090909091,0.40374961642499874,0.4163162321278385,Bournemouth,2378,11363,Antoine Semenyo,Bournemouth,15,29,739.0,1639.0,0.3996284999185227,0.40560776474610044,0.2435723951285521,0.4942037827943868,1.2,1.5172413793103448,0.45088468578401464,11363,Antoine Semenyo,Bournemouth,17,27,895.0,1483.0,0.40111602122723716,0.4053390079974846,0.6033519553072626,0.30343897505057316,1.0588235294117647,1.6296296296296295,0.6035064059339177,1.220909090909091,0.005979264827577768,0.004222986770247461,0.3172413793103448,0.5708061002178648,0.014809338719677738,0.010459419894042006,-1.5544188284629608,-3.183459188571386,-2.3689390085171733,neutral
8865,Ollie Watkins,146,12700,84.26064998097718,85,1.536986301369863,0.5971227164006256,0.6023622047244095,Aston Villa,12700,8865,Ollie Watkins,Aston Villa,34,112,2872.0,9828.0,0.5208033621038795,0.6194252383318685,0.5327298050139275,0.6227106227106227,1.8823529411764706,1.4107142857142858,0.2922262922262922,8865,Ollie Watkins,Aston Villa,59,87,5067.0,7633.0,0.5694771994097195,0.6154745878263981,0.586145648312611,0.6131272107952312,1.3559322033898304,1.632183908045977,0.6638281147648369,1.536986301369863,0.09862187622798901,0.04599738841667855,-0.47163865546218475,0.27625170465614657,0.16516182271957136,0.07703171752356792,-1.3014245719701627,-3.5220508248210303,-2.4117376983955965,neutral
9021,Pape Sarr,45,2341,6.496966149657964,7,1.7266666666666668,0.2497765713238858,0.2691157624946604,Tottenham Hotspur,2341,9021,Pape Sarr,Tottenham Hotspur,12,33,745.0,1596.0,0.11906178633138634,0.3107931846192568,0.12080536912751677,0.3383458646616541,2.0,1.606060606060606,0.4667919799498747,9021,Pape Sarr,Tottenham Hotspur,24,21,1361.0,980.0,0.27792983126609655,0.21067801338373393,0.19838354151359294,0.3673469387755102,1.7916666666666667,1.619047619047619,0.7200587803085966,1.7266666666666668,0.19173139828787047,-0.06725181788236262,-0.39393939393939403,-0.17261904761904767,0.7676116189426428,-0.2692479023389149,-13.461294685680295,8.579629772190655,-2.44083245674482,neutral
1006,Luke Shaw,119,9549,18.945720793679353,12,1.8720168067226892,0.17856475771611077,0.11310084825636192,Manchester United,9549,1006,Luke Shaw,Manchester United,31,88,2397.0,7152.0,0.15864859610208504,0.18523967933087862,0.1501877346683354,0.10067114093959731,1.5806451612903225,1.8068181818181819,0.3351510067114094,1006,Luke Shaw,Manchester United,49,70,4074.0,5475.0,0.1706560479068308,0.18444970452213935,0.04418262150220913,0.1643835616438356,1.6734693877551021,1.8,0.7441095890410959,1.8720168067226892,0.026591083228793583,0.013793656615308542,0.22617302052785937,0.12653061224489792,0.14891562909109493,0.07724736275921947,-2.2711691210711304,-2.6523061309946847,-2.4617376260329076,neutral
8127,Amad Diallo Traore,12,547,2.0295916013419624,3,1.5633333333333335,0.33393646091549656,0.4936014625228519,Manchester United,547,8127,Amad Diallo Traore,Manchester United,2,10,68.0,479.0,0.10327542091117174,0.3666816607490959,0.0,0.5636743215031316,2.0,1.1,0.1419624217118998,8127,Amad Diallo Traore,Manchester United,6,6,282.0,265.0,0.3270803185853552,0.34123243124417524,0.6382978723404256,0.33962264150943394,1.3333333333333333,1.1666666666666667,0.9397163120567376,1.5633333333333335,0.26340623983792416,0.014152112658820049,-0.8999999999999999,-0.16666666666666652,0.7887914937943232,0.04237965695636115,-4.196706238290919,-0.7813727030663545,-2.489039470678637,neutral
652,Kieran Trippier,72,6057,24.03578744269907,21,1.7630555555555556,0.35714394417086287,0.31203566121842496,Newcastle United,6057,652,Kieran Trippier,Newcastle United,22,50,1817.0,4240.0,0.2618284288734345,0.397990239287709,0.14859658778205834,0.3820754716981132,1.2727272727272727,1.94,0.4285377358490566,652,Kieran Trippier,Newcastle United,35,37,2855.0,3202.0,0.37195766756992826,0.34393558055302037,0.3152364273204904,0.3091817613991255,1.7714285714285714,1.7027027027027026,0.8916302311055591,1.7630555555555556,0.1361618104142745,-0.028022087016907893,0.6672727272727272,-0.06872586872586872,0.38125190875176285,-0.07846160483544898,-8.10874817635043,3.1251949630581297,-2.49177660664615,neutral
6441,Ferrán Torres,28,1613,10.464945183135569,12,2.2478571428571428,0.5839089066845636,0.6695598264104153,Manchester City,1613,6441,Ferrán Torres,Manchester City,6,22,288.0,1325.0,0.48923447291599587,0.6044871987036937,0.9375,0.6113207547169811,2.0,2.1818181818181817,0.21735849056603773,6441,Ferrán Torres,Manchester City,11,17,703.0,910.0,0.5594460557017523,0.6028071311251311,0.5120910384068279,0.7912087912087912,1.8181818181818181,2.3529411764705883,0.7725274725274726,2.2478571428571428,0.11525272578769785,0.04336107542337875,0.18181818181818166,0.5347593582887702,0.19738134573439398,0.07426000002223472,-1.5118278590807523,-3.6243029453517277,-2.56806540221624,neutral
914,Nabil Bentaleb,12,750,0.2572135021910068,0,1.275,0.030865620262920817,0.0,Newcastle United,750,914,Nabil Bentaleb,Newcastle United,2,10,10.0,740.0,0.0,0.03128272323944677,0.0,0.0,0.5,0.9,0.013513513513513514,914,Nabil Bentaleb,Newcastle United,10,2,570.0,180.0,0.02269573259706556,0.056736931204795796,0.0,0.0,0.9,0.5,0.3157894736842105,1.275,0.03128272323944677,0.034041198607730236,0.4,-0.4,0.3128272323944677,0.34041198607730233,-0.2744876127992871,-4.911167560473353,-2.59282758663632,neutral
485,Mamadou Sakho,18,1202,0.0484076999127864,0,1.0457407407407409,0.003624536599127102,0.0,Crystal Palace,1202,485,Mamadou Sakho,Crystal Palace,11,7,745.0,457.0,0.0035725529961937934,0.003709280109379431,0.0,0.0,1.0,1.4285714285714286,0.6134228187919463,485,Mamadou Sakho,Crystal Palace,12,6,839.0,363.0,0.005192721087188053,0.0,0.0,0.0,0.8333333333333334,1.8333333333333333,0.432657926102503,1.0457407407407409,0.00013672711318563763,-0.005192721087188053,0.4285714285714286,0.9999999999999999,0.0013672711318563763,-0.05192721087188053,-2.570106437279015,-2.633452822719961,-2.601779629999488,neutral
9948,Michael Olise,82,5180,27.16855790838599,36,1.1890243902439024,0.47204058141983374,0.6254826254826255,Crystal Palace,5180,9948,Michael Olise,Crystal Palace,29,53,2025.0,3155.0,0.3945185769763257,0.5217971769818318,0.5333333333333333,0.6846275752773376,1.103448275862069,1.3773584905660377,0.6418383518225039,9948,Michael Olise,Crystal Palace,36,46,2193.0,2987.0,0.4971906150883591,0.4535758931590116,0.8618331053351573,0.4519584867760295,1.5,1.108695652173913,0.734181452962839,1.1890243902439024,0.12727860000550612,-0.04361472192934751,0.2739102147039687,-0.3913043478260869,0.269634868304478,-0.09239612788832767,-11.667044750304493,6.409768082466718,-2.6286383339188877,neutral
496,Mohamed Elneny,45,2450,1.3425023779273022,3,1.702222222222222,0.04931641388304375,0.11020408163265306,Arsenal,2450,496,Mohamed Elneny,Arsenal,12,33,662.0,1788.0,0.04981578806038167,0.04913152254892872,0.0,0.15100671140939598,2.0833333333333335,2.121212121212121,0.37024608501118567,496,Mohamed Elneny,Arsenal,23,22,1504.0,946.0,0.04311533772976114,0.05917520725993282,0.05984042553191489,0.19027484143763215,1.9565217391304348,2.272727272727273,0.6289893617021277,1.702222222222222,-0.0006842655114529528,0.016059869530171682,0.03787878787878762,0.3162055335968381,-0.006842655114529528,0.1605986953017168,0.021793811084905988,-5.322419134542524,-2.650312661728809,neutral
5584,Aaron Wan-Bissaka,130,11150,12.89739945530891,12,1.7703333333333333,0.10410456959442171,0.0968609865470852,Manchester United,11150,5584,Aaron Wan-Bissaka,Manchester United,34,96,2896.0,8254.0,0.0988134232192758,0.10596102221162822,0.03107734806629834,0.11994184637751393,1.7058823529411764,1.7708333333333333,0.35086018899927307,5584,Aaron Wan-Bissaka,Manchester United,55,75,4677.0,6473.0,0.09718612651265988,0.1091034199409998,0.13470173187940987,0.0695195427158968,1.6181818181818182,1.8533333333333333,0.7225397806272208,1.7703333333333333,0.007147598992352414,0.011917293428339915,0.06495098039215685,0.2351515151515151,0.06865787947828379,0.11447425866864623,-1.0812310068519675,-4.230230263941363,-2.655730635396665,neutral
7943,Igor Julio,24,1640,0.8415304468944665,0,1.19,0.04618154891494024,0.0,Brighton,1640,7943,Igor Julio,Brighton,5,19,362.0,1278.0,0.05978997601247623,0.042326892726123305,0.0,0.0,1.6,1.0526315789473684,0.28325508607198746,7943,Igor Julio,Brighton,12,12,890.0,750.0,0.03521193908213562,0.059198819249868376,0.0,0.0,1.3333333333333333,1.0,0.8426966292134831,1.19,-0.017463083286352925,0.023986880167732753,-0.5473684210526317,-0.33333333333333326,-0.17463083286352923,0.23986880167732752,4.212608322465746,-9.529895277178449,-2.6586434773563514,neutral
714,Gylfi Sigurdsson,71,4830,19.273367552086707,16,1.3395539906103286,0.3591310723991312,0.2981366459627329,Everton,4830,714,Gylfi Sigurdsson,Everton,17,54,1087.0,3743.0,0.35352891067723224,0.36075798925505004,0.41398344066237347,0.26449372161367884,1.5294117647058822,1.462962962962963,0.29040876302431207,714,Gylfi Sigurdsson,Everton,29,42,1951.0,2879.0,0.3311251074186445,0.3781097586363419,0.2767811378780113,0.3126085446335533,1.4137931034482758,1.5238095238095237,0.6776658562000695,1.3395539906103286,0.0072290785778177935,0.046984651217697404,-0.06644880174291923,0.11001642036124792,0.020129359817085215,0.1308286996828823,-0.16141852607371437,-5.189498714317868,-2.6754586201957915,neutral
4391,Darnell Furlong,35,2926,4.396337717771529,4,0.7317142857142857,0.13522569876945922,0.12303485987696514,West Bromwich Albion,2926,4391,Darnell Furlong,West Bromwich Albion,8,27,700.0,2226.0,0.055083510173218574,0.16042764486890593,0.12857142857142856,0.12129380053908356,1.125,0.6296296296296297,0.31446540880503143,4391,Darnell Furlong,West Bromwich Albion,10,25,808.0,2118.0,0.181367468540695,0.11762298395588104,0.0,0.16997167138810199,0.3,0.92,0.3814919735599622,1.0,0.10534413469568735,-0.06374448458481395,-0.49537037037037035,0.6200000000000001,0.7790245171909539,-0.47139327187718455,-15.590569968447502,10.223042236720282,-2.68376386586361,neutral
3420,Fabinho,123,9637,12.280695401132103,13,2.1310569105691055,0.11468948698784781,0.1214070768911487,Liverpool,9637,3420,Fabinho,Liverpool,32,91,2273.0,7364.0,0.12381356863450015,0.11187321355182925,0.1979762428508579,0.0977729494839761,1.90625,2.1648351648351647,0.30866376969038567,3420,Fabinho,Liverpool,56,67,4317.0,5320.0,0.09906366577500098,0.12736931220887407,0.14593467685892983,0.10150375939849625,2.142857142857143,2.0597014925373136,0.8114661654135338,2.1310569105691055,-0.011940355082670898,0.028305646433873094,0.2585851648351647,-0.08315565031982919,-0.10411028417919478,0.24680245048852895,0.6810218768170956,-6.26179837559696,-2.7903882493899324,neutral
10913,André Onana,38,3420,0.1317380405962466,0,1.6226315789473684,0.0034667905420064896,0.0,Manchester United,3420,10913,André Onana,Manchester United,7,31,630.0,2790.0,0.0,0.004249614212782148,0.0,0.0,1.4285714285714286,1.6129032258064515,0.22580645161290322,10913,André Onana,Manchester United,19,19,1710.0,1710.0,0.0,0.006933581084012979,0.0,0.0,1.4210526315789473,1.736842105263158,1.0,1.6226315789473684,0.004249614212782148,0.006933581084012979,0.1843317972350229,0.3157894736842106,0.04249614212782148,0.06933581084012978,-0.6704826400056485,-4.937289277242058,-2.803885958623853,neutral
7726,Ezri Konsa Ngoyo,163,14155,12.690389224328097,8,1.4457668711656442,0.08068774497983248,0.050865418580007066,Aston Villa,14155,7726,Ezri Konsa Ngoyo,Aston Villa,44,119,3744.0,10411.0,0.08331085557494167,0.07974442291009001,0.04807692307692308,0.05186821630967246,1.9090909090909092,1.2773109243697478,0.35961963308039574,7726,Ezri Konsa Ngoyo,Aston Villa,72,91,6192.0,7963.0,0.07095467892128887,0.08825614194510965,0.0436046511627907,0.056511365063418306,1.2916666666666667,1.5714285714285714,0.7775963832726359,1.4457668711656442,-0.0035664326648516542,0.01730146302382078,-0.6317799847211614,0.27976190476190466,-0.03566432664851654,0.17301463023820782,2.1924671055796896,-8.018517532297766,-2.913025213359038,neutral
10408,Luis Díaz,67,4665,31.324624990113076,26,2.2459701492537314,0.6043336010954291,0.5016077170418006,Liverpool,4665,10408,Luis Díaz,Liverpool,18,49,1088.0,3577.0,0.60532482837409,0.6040321039528005,0.4136029411764706,0.5283757338551859,2.0,2.2653061224489797,0.30416550181716523,10408,Luis Díaz,Liverpool,37,30,2621.0,2044.0,0.5630304186524258,0.6572962435529205,0.44639450591377333,0.5724070450097847,1.972972972972973,2.466666666666667,0.7798550171690195,2.2459701492537314,-0.0012927244212894706,0.09426582490049473,0.26530612244897966,0.49369369369369376,-0.0021390907587237385,0.15598309398919125,-0.33901833733962317,-5.5055001219393445,-2.922259229639484,neutral
6418,Hamza Choudhury,36,1480,0.9175151959061615,2,1.5474074074074073,0.0557948429942936,0.12162162162162163,Leicester City,1480,6418,Hamza Choudhury,Leicester City,11,25,480.0,1000.0,0.047761500114574945,0.05965084757655856,0.375,0.0,2.0,1.44,0.48,6418,Hamza Choudhury,Leicester City,14,22,483.0,997.0,0.04091882661725417,0.06300157911275905,0.1863354037267081,0.09027081243731194,1.5714285714285714,1.6363636363636365,0.4844533600802407,1.5474074074074073,0.011889347461983613,0.022082752495504884,-0.56,0.06493506493506507,0.11889347461983613,0.22082752495504884,-0.8445227423435934,-5.042773234108674,-2.9436479882261337,neutral
6163,Nélson Semedo,131,10918,9.641675027087325,5,1.1841221374045803,0.0794789111959937,0.04121633998900898,Wolverhampton Wanderers,10918,6163,Nélson Semedo,Wolverhampton Wanderers,42,89,3318.0,7600.0,0.06160126151062314,0.08728391667705418,0.054249547920433995,0.035526315789473684,1.0714285714285714,1.2808988764044944,0.43657894736842107,6163,Nélson Semedo,Wolverhampton Wanderers,52,79,4048.0,6870.0,0.08452755691006908,0.07650410510420665,0.022233201581027668,0.052401746724890834,1.0576923076923077,1.3164556962025316,0.5892285298398835,1.1841221374045803,0.02568265516643104,-0.008023451805862433,0.209470304975923,0.25876338851022385,0.2568265516643104,-0.08023451805862433,-7.400636780975725,1.5071460384109143,-2.9467453712824057,neutral
6523,Milot Rashica,31,2248,4.484238295815883,3,0.5109677419354838,0.17952911326665014,0.1201067615658363,Norwich City,2248,6523,Milot Rashica,Norwich City,12,19,900.0,1348.0,0.15857141911983483,0.19352163903232802,0.1,0.13353115727002968,1.0,0.42105263157894735,0.6676557863501483,6523,Milot Rashica,Norwich City,13,18,904.0,1344.0,0.18649496349291791,0.174843749721601,0.09955752212389381,0.13392857142857142,0.3076923076923077,0.8888888888888888,0.6726190476190477,1.0,0.0349502199124932,-0.01165121377131692,-0.5789473684210527,0.5811965811965811,0.19467717116489347,-0.06489874293542386,-5.233038180711286,-0.8535897626960357,-3.0433139717036606,neutral
1376,Kalidou Koulibaly,23,1809,1.3592126881703728,3,1.2756521739130435,0.06762252179952104,0.14925373134328357,Chelsea,1809,1376,Kalidou Koulibaly,Chelsea,9,14,647.0,1162.0,0.02715404357018387,0.09015531475509861,0.1391035548686244,0.1549053356282272,1.2222222222222223,1.2857142857142858,0.5567986230636833,1376,Kalidou Koulibaly,Chelsea,14,9,1079.0,730.0,0.08500619157907084,0.041928029070570014,0.16682113067655235,0.12328767123287672,1.0714285714285714,1.5555555555555556,0.6765523632993512,1.2756521739130435,0.06300127118491473,-0.04307816250850083,0.06349206349206349,0.4841269841269842,0.6300127118491473,-0.4307816250850083,-19.526355363614996,13.425188036319877,-3.0505836636475596,neutral
7063,Bernard,39,1705,4.720370510593055,6,1.360213675213675,0.24916911786121695,0.31671554252199413,Everton,1705,7063,Bernard,Everton,8,31,481.0,1224.0,0.25870718662152664,0.24542090619969006,0.37422037422037424,0.29411764705882354,0.625,1.1612903225806452,0.3929738562091503,7063,Bernard,Everton,19,20,756.0,949.0,0.23203590618712552,0.2628179145162361,0.11904761904761904,0.47418335089567965,1.0,1.1,0.7966280295047419,1.360213675213675,-0.013286280421836577,0.03078200832911057,0.5362903225806452,0.10000000000000009,-0.05332234000698599,0.12353861743916289,-0.4710147990507137,-5.650311378304915,-3.0606630886778143,neutral
6521,Yerry Mina,73,5665,8.576154202222822,7,1.3179223744292237,0.13624958132392834,0.11120917917034422,Everton,5665,6521,Yerry Mina,Everton,21,52,1613.0,4052.0,0.18089125528746852,0.11847884585917257,0.16738995660260383,0.08884501480750247,1.2380952380952381,1.6538461538461537,0.3980750246791708,6521,Yerry Mina,Everton,34,39,2613.0,3052.0,0.111469237602195,0.15746551780652637,0.06888633754305397,0.1474442988204456,1.588235294117647,1.4871794871794872,0.8561598951507209,1.3179223744292237,-0.062412409428295956,0.04599628020433137,0.4157509157509156,-0.10105580693815974,-0.4580741373429454,0.33758841500567194,8.429442281279874,-14.69500588556051,-3.132781802140318,neutral
10805,Levi Colwill,40,3026,4.206939935684203,4,1.5595,0.12512379187428233,0.11896893588896233,Chelsea,1813,10805,Levi Colwill,Chelsea,11,29,709.0,2317.0,0.05355501127112734,0.14702377696173888,0.12693935119887165,0.11652999568407424,1.7272727272727273,1.5517241379310345,0.3059991368148468,10805,Levi Colwill,Chelsea,23,17,1723.0,1303.0,0.13461338653425384,0.11257538696320715,0.1567034242600116,0.06907137375287797,1.391304347826087,1.8823529411764706,0.7562391178177598,1.5595,0.09346876569061154,-0.022037999571046685,-0.17554858934169282,0.49104859335038364,0.7470103350490204,-0.17612956929237955,-9.915831402435177,3.5974500524661215,-3.159190674984528,neutral
5247,Naby Keita,59,2808,11.36509123444557,9,2.215593220338983,0.36426574469376827,0.28846153846153844,Liverpool,2808,5247,Naby Keita,Liverpool,14,45,571.0,2237.0,0.3084853230836929,0.3785038406881147,0.3152364273204904,0.28162717925793473,2.2142857142857144,2.2666666666666666,0.25525257040679483,5247,Naby Keita,Liverpool,25,34,1349.0,1459.0,0.32462311813330275,0.4009195508829856,0.40029651593773163,0.1850582590815627,2.44,2.1176470588235294,0.9246058944482523,2.215593220338983,0.07001851760442179,0.07629643274968284,0.052380952380952195,-0.3223529411764705,0.1922182324975002,0.20945266981890898,-1.6104930947083584,-4.773343647400688,-3.1919183710545234,neutral
3389,Benjamin Mendy,33,2543,2.86758019030094,6,2.1696969696969695,0.10148730520137028,0.21234762092017304,Manchester City,2543,3389,Benjamin Mendy,Manchester City,9,24,702.0,1841.0,0.09032008978418808,0.10574552639792753,0.12820512820512822,0.24443237370994023,1.8888888888888888,2.2083333333333335,0.3813145029875068,3389,Benjamin Mendy,Manchester City,10,23,767.0,1776.0,0.08007563988166959,0.11073434760013741,0.0,0.30405405405405406,2.2,2.0869565217391304,0.43186936936936937,2.1696969696969695,0.015425436613739449,0.03065870771846782,0.31944444444444464,-0.1130434782608698,0.1519937551118578,0.30209401715451073,-2.431264684638927,-3.9841326468937064,-3.2076986657663165,neutral
660,Ben Davies,115,8668,10.784728239290413,8,1.7018260869565218,0.11197802740379985,0.08306414397784956,Tottenham Hotspur,8668,660,Ben Davies,Tottenham Hotspur,41,74,3100.0,5568.0,0.08187527396686131,0.12873782188198044,0.08709677419354839,0.08081896551724138,1.853658536585366,1.635135135135135,0.5567528735632183,660,Ben Davies,Tottenham Hotspur,56,59,4030.0,4638.0,0.11567846303643936,0.1087626855324033,0.08933002481389578,0.0776196636481242,1.7321428571428572,1.694915254237288,0.8689090125053902,1.7018260869565218,0.046862547915119124,-0.006915777504036061,-0.21852340145023086,-0.037227602905569146,0.418497708895423,-0.06176012977168574,-8.868914949182969,2.3973949888916337,-3.2357599801456676,neutral
461,Matt Ritchie,74,4138,10.617286819033321,8,1.2966216216216218,0.23092213961164787,0.17399710004833252,Newcastle United,4138,461,Matt Ritchie,Newcastle United,22,52,1406.0,2732.0,0.17064840499719713,0.2619414920523206,0.12802275960170698,0.19765739385065886,1.5454545454545454,1.2307692307692308,0.5146412884333821,461,Matt Ritchie,Newcastle United,33,41,1893.0,2245.0,0.24345811663074454,0.22035171444587956,0.1901743264659271,0.1603563474387528,1.2121212121212122,1.4146341463414633,0.8432071269487751,1.2966216216216218,0.09129308705512346,-0.023106402184864983,-0.3146853146853146,0.20251293422025118,0.39534142204231754,-0.1000614415911963,-9.73501486345138,3.2380093648164694,-3.248502749317455,neutral
8722,Ezgjan Alioski,36,2475,5.079363529570399,5,1.4694444444444443,0.1847041283480145,0.18181818181818182,Leeds United,2475,8722,Ezgjan Alioski,Leeds United,10,26,632.0,1843.0,0.08829592397035672,0.21776434818886084,0.0,0.24416711882799783,1.1,1.8461538461538463,0.34291915355398805,8722,Ezgjan Alioski,Leeds United,4,32,163.0,2312.0,0.5242804770409328,0.16076340826283042,0.0,0.19463667820069205,1.75,1.625,0.07050173010380623,1.4694444444444443,0.12946842421850413,-0.3635170687781024,0.7461538461538462,-0.125,0.7009503543665426,-1.968104730681349,-13.19175806946689,6.669842059957343,-3.260958004754773,neutral
6665,Curtis Jones,86,4362,11.313357563689348,12,2.0590697674418603,0.2334255343264652,0.24759284731774414,Liverpool,4362,6665,Curtis Jones,Liverpool,21,65,1084.0,3278.0,0.19088068147055884,0.24749466809577658,0.08302583025830258,0.30201342281879195,1.9523809523809523,2.0615384615384613,0.3306894447834045,6665,Curtis Jones,Liverpool,42,44,2080.0,2282.0,0.21951088154366089,0.24610847814251824,0.34615384615384615,0.15775635407537247,2.0238095238095237,2.0454545454545454,0.9114811568799299,2.0590697674418603,0.056613986625217744,0.026597596598857354,0.10915750915750899,0.02164502164502169,0.24253553403475703,0.11394467480005158,-2.9019163564864963,-3.6265793866073515,-3.2642478715469236,neutral
8965,Vladimir Coufal,125,10568,18.100101700052615,19,1.44496,0.1541454535394337,0.16180923542770628,West Ham United,10568,8965,Vladimir Coufal,West Ham United,36,89,3137.0,7431.0,0.17073745545086524,0.14714113245261354,0.14344915524386356,0.16955995155429957,1.3611111111111112,1.4382022471910112,0.4221504508141569,8965,Vladimir Coufal,West Ham United,56,69,4754.0,5814.0,0.13876197470385745,0.16672423895125507,0.17038283550694153,0.15479876160990713,1.1964285714285714,1.5942028985507246,0.8176814585483316,1.44496,-0.023596322998251706,0.027962264247397617,0.07709113607990004,0.3977743271221532,-0.15307829362748776,0.18140180981882978,2.9053429631480143,-9.43662777534394,-3.265642406097963,neutral
1776,Jarrod Bowen,159,12808,73.74438482429832,73,1.4083018867924528,0.5181913362107159,0.5129606495940038,West Ham United,12808,1776,Jarrod Bowen,West Ham United,46,113,3846.0,8962.0,0.5987427773698002,0.4836230654343447,0.421216848673947,0.5523320687346575,1.3695652173913044,1.407079646017699,0.4291452800714126,1776,Jarrod Bowen,West Ham United,79,80,6644.0,6164.0,0.46695936495894624,0.5734128185268673,0.3657435279951836,0.6716417910447761,1.2658227848101267,1.525,0.9277543648404576,1.4083018867924528,-0.1151197119354555,0.10645345356792107,0.03751442862639465,0.25917721518987324,-0.22215676699126352,0.20543271592760312,4.624459869433971,-11.180773807141097,-3.2781569688535632,neutral
7702,Dean Henderson,85,7602,0.054909599944949095,0,1.2789019607843137,0.0006500741903506206,0.0,Sheffield United,3240,7702,Dean Henderson,Sheffield United,28,57,2472.0,5130.0,0.0012029417184660728,0.0003836631709546368,0.0,0.0,1.3214285714285714,1.6842105263157894,0.4818713450292398,7702,Dean Henderson,Sheffield United,43,42,3870.0,3732.0,0.0012769674405802116,0.0,0.0,0.0,1.1627906976744187,1.9761904761904763,0.9643410852713178,1.2789019607843137,-0.000819278547511436,-0.0012769674405802116,0.362781954887218,0.8133997785160576,-0.00819278547511436,-0.012769674405802116,-1.1508243256470914,-5.459328352425654,-3.305076339036373,neutral
10717,Rodrigo Muniz,26,1602,9.870293755084276,10,1.3761538461538463,0.5545108851170941,0.5617977528089888,Fulham,1602,10717,Rodrigo Muniz,Fulham,11,15,479.0,1123.0,0.45610553007533994,0.5964843179443428,0.1878914405010438,0.7212822796081922,1.0,1.0666666666666667,0.42653606411398043,10717,Rodrigo Muniz,Fulham,11,15,466.0,1136.0,0.5406808728040415,0.560184111999033,0.19313304721030042,0.7130281690140845,1.0,1.0666666666666667,0.4102112676056338,1.3761538461538463,0.14037878786900282,0.019503239194991417,0.06666666666666665,0.06666666666666665,0.253157857918983,0.03517196815870077,-5.699235111057074,-0.9326208817207126,-3.315927996388893,neutral
5595,Daniel James,106,6517,27.204471689648923,24,1.4728616352201258,0.3756947141427655,0.3314408470154979,Manchester United,3341,5595,Daniel James,Manchester United,34,72,2154.0,4363.0,0.42760658277650054,0.35006598046477666,0.29247910863509746,0.3506761402704561,1.3823529411764706,1.4166666666666667,0.49369699747879897,5595,Daniel James,Manchester United,48,58,2421.0,4096.0,0.2869802889618399,0.42813065734662814,0.18587360594795538,0.41748046875,1.2916666666666667,1.5,0.591064453125,1.4728616352201258,-0.07754060231172388,0.14115036838478823,0.03431372549019618,0.20833333333333326,-0.2063925825750589,0.37570496222406397,4.727716360698884,-11.390067633317479,-3.3311756363092972,neutral
6048,Lewis Dunk,167,14876,17.46098592784255,17,1.3172055888223553,0.10563919961722436,0.10285022855606346,Brighton,14876,6048,Lewis Dunk,Brighton,50,117,4490.0,10386.0,0.1061730225941784,0.10540842114942892,0.0801781737193764,0.11265164644714037,1.34,1.3076923076923077,0.43231272867321396,6048,Lewis Dunk,Brighton,80,87,7119.0,7757.0,0.09453561054554432,0.11582953745418327,0.07585335018963338,0.1276266597911564,1.5125,1.1379310344827587,0.9177517081345881,1.3172055888223553,-0.0007646014447494909,0.021293926908638947,-0.03230769230769237,-0.3745689655172413,-0.007237857230270262,0.20157220980276147,0.2723200659473343,-7.221282533012875,-3.4744812335327704,neutral
6310,Boubakary Soumare,45,2742,0.9216054659336796,1,1.2146666666666666,0.030249632361061693,0.03282275711159737,Leicester City,2742,6310,Boubakary Soumare,Leicester City,19,26,1109.0,1633.0,0.0200474171372713,0.03717814227115572,0.0811541929666366,0.0,1.1578947368421053,1.1538461538461537,0.6791181873851806,6310,Boubakary Soumare,Leicester City,26,19,1694.0,1048.0,0.028477878416443073,0.03311351707688607,0.0,0.08587786259541984,1.2692307692307692,1.0,0.6186540731995277,1.2146666666666666,0.01713072513388442,0.004635638660442996,-0.004048582995951566,-0.26923076923076916,0.1713072513388442,0.046356386604429964,-6.681797122067986,-0.28147030510077614,-3.4816337135843813,neutral
11728,Calvin Bassey,29,2278,0.47444723732769456,1,1.346896551724138,0.01874462307264816,0.03950834064969271,Fulham,2278,11728,Calvin Bassey,Fulham,9,20,635.0,1643.0,0.013435755981000377,0.02079643719510485,0.0,0.054777845404747415,1.7777777777777777,1.1,0.386488131466829,11728,Calvin Bassey,Fulham,12,17,748.0,1530.0,0.0,0.027908661019276148,0.0,0.058823529411764705,1.25,1.3529411764705883,0.4888888888888889,1.346896551724138,0.007360681214104473,0.027908661019276148,-0.6777777777777776,0.10294117647058831,0.07360681214104473,0.2790866101927615,0.4663754747111602,-7.464739555721159,-3.499182040504999,neutral
7768,Mason Mount,143,10335,51.360625445842736,50,1.6759324009324008,0.44726234060240405,0.43541364296081275,Chelsea,9834,7768,Mason Mount,Chelsea,48,95,3690.0,6645.0,0.4788255094573265,0.42973516331502054,0.5609756097560976,0.3656884875846501,1.8125,1.5789473684210527,0.5553047404063205,7768,Mason Mount,Chelsea,68,75,4987.0,5348.0,0.3854787920241051,0.504875384125212,0.32484459594946863,0.5385190725504861,1.661764705882353,1.6533333333333333,0.9324981301421092,1.6759324009324008,-0.04909034614230595,0.11939659210110692,-0.23355263157894735,-0.008431372549019711,-0.10975738774739599,0.2669497993957982,3.3195519527867012,-10.35035232535149,-3.5154001862823945,neutral
9205,Jayden Bogle,50,3926,5.458623088896273,5,0.6639999999999999,0.1251339984718962,0.11462047885888946,Sheffield United,3926,9205,Jayden Bogle,Sheffield United,19,31,1542.0,2384.0,0.10102693564059201,0.1407267379374462,0.058365758754863814,0.15100671140939598,0.21052631578947367,0.7741935483870968,0.6468120805369127,9205,Jayden Bogle,Sheffield United,13,37,937.0,2989.0,0.18164304569125045,0.1074193858106266,0.192102454642476,0.09033121445299432,0.07692307692307693,0.7297297297297297,0.31348277015724324,1.0,0.039699802296854186,-0.07422365988062385,0.5636672325976231,0.6528066528066527,0.31725832133279386,-0.5931534258237078,-18.01032379669342,10.969600154894163,-3.5203618208996286,neutral
1740,Paul Pogba,62,4470,16.29234381113201,20,1.9794086021505375,0.32803376800936934,0.40268456375838924,Manchester United,4470,1740,Paul Pogba,Manchester United,14,48,1008.0,3462.0,0.25450350774917746,0.34944292524283943,0.26785714285714285,0.44194107452339687,1.8571428571428572,1.6875,0.29116117850953205,1740,Paul Pogba,Manchester United,32,30,2421.0,2049.0,0.31059474660062875,0.3486388782243821,0.40892193308550184,0.3953147877013177,1.625,1.8333333333333333,0.8463444857496902,1.9794086021505375,0.09493941749366197,0.03804413162375336,-0.1696428571428572,0.20833333333333326,0.2894196474643132,0.11597626626862007,-2.7305173104634015,-4.361973980341657,-3.546245645402529,neutral
602,Dejan Lovren,10,774,0.5061281071975825,1,2.542,0.058852105488090986,0.11627906976744186,Liverpool,774,602,Dejan Lovren,Liverpool,3,7,219.0,555.0,0.005565616621138274,0.07987866595991557,0.0,0.16216216216216217,3.0,2.2857142857142856,0.3945945945945946,602,Dejan Lovren,Liverpool,2,8,105.0,669.0,0.06073834454374646,0.0585560589995352,0.0,0.13452914798206278,2.0,2.625,0.15695067264573992,2.542,0.07431304933877729,-0.0021822855442112585,-0.7142857142857144,0.625,0.7431304933877728,-0.021822855442112585,-6.966143385253042,-0.2915750885867633,-3.6288592369199026,neutral
697,Nemanja Matic,64,4071,4.246632468886672,6,1.7958333333333334,0.0938828106607223,0.13264554163596168,Manchester United,4071,697,Nemanja Matic,Manchester United,16,48,1082.0,2989.0,0.02430549940669324,0.1190693783344792,0.0,0.18066242890598863,1.875,1.8333333333333333,0.3619939779190365,697,Nemanja Matic,Manchester United,30,34,1658.0,2413.0,0.10521837028779252,0.08609401751456294,0.21712907117008443,0.07459593866556154,1.9666666666666666,1.7352941176470589,0.6871114794861168,1.7958333333333334,0.09476387892778596,-0.019124352773229575,-0.04166666666666674,-0.2313725490196077,0.9476387892778595,-0.19124352773229575,-13.287389302909755,6.007339753755788,-3.6400247745769834,neutral
638,Kyle Walker,132,10837,9.866648509167131,13,2.3257828282828283,0.08194134592830504,0.1079634585217311,Manchester City,10837,638,Kyle Walker,Manchester City,44,88,3556.0,7281.0,0.04567681949248345,0.09965273941900435,0.05061867266591676,0.13597033374536466,2.1363636363636362,2.3181818181818183,0.488394451311633,638,Kyle Walker,Manchester City,62,70,5144.0,5693.0,0.08363655292534761,0.08040961489145507,0.0874805598755832,0.12647110486562446,2.274193548387097,2.242857142857143,0.9035657825399613,2.3257828282828283,0.0539759199265209,-0.00322693803389254,0.1818181818181821,-0.03133640552995409,0.539759199265209,-0.0322693803389254,-8.315938845994172,0.9993067978853645,-3.6583160240544035,neutral
1665,James Tarkowski,185,16608,26.473660716786974,12,1.0769639639639639,0.14346275677449588,0.06502890173410404,Burnley,9768,1665,James Tarkowski,Burnley,56,129,5040.0,11568.0,0.13340764501065544,0.147843614596916,0.053571428571428575,0.0700207468879668,1.1964285714285714,1.0930232558139534,0.43568464730290457,1665,James Tarkowski,Burnley,72,113,6438.0,10170.0,0.13202634503334088,0.15070244397110905,0.08387698042870456,0.05309734513274336,1.1666666666666667,1.0973451327433628,0.6330383480825958,1.0769639639639639,0.01443596958626056,0.01867609893776817,-0.10340531561461797,-0.06932153392330398,0.1006252069235778,0.13018081736101364,-2.431222443984452,-4.948939570240638,-3.690081007112545,neutral
12027,Mohammed Kudus,33,2490,8.686219232156871,14,1.4163636363636365,0.3139597312827785,0.5060240963855421,West Ham United,2490,12027,Mohammed Kudus,West Ham United,10,23,678.0,1812.0,0.4248923144871945,0.2724518441897354,0.9292035398230089,0.347682119205298,1.7,1.1304347826086956,0.3741721854304636,12027,Mohammed Kudus,West Ham United,16,17,1051.0,1439.0,0.23268684365571277,0.37331887297565275,0.25689819219790677,0.6879777623349548,1.125,1.4705882352941178,0.7303683113273106,1.4163636363636365,-0.1524404702974591,0.14063202931993998,-0.5695652173913044,0.34558823529411775,-0.48554147270612363,0.44793014933904046,10.483524299350867,-17.950789881271767,-3.73363279096045,neutral
813,Salomón Rondón,27,860,4.1441039834171525,2,1.1214814814814813,0.43368530059016713,0.20930232558139536,Everton,860,813,Salomón Rondón,Everton,7,20,237.0,623.0,0.37935345893419237,0.454354075024302,0.37974683544303794,0.14446227929373998,0.5714285714285714,1.05,0.38041733547351525,813,Salomón Rondón,Everton,19,8,614.0,246.0,0.41091509873247684,0.4905182434382235,0.2931596091205212,0.0,1.1578947368421053,0.375,0.4006514657980456,1.1214814814814813,0.0750006160901096,0.07960314470574664,0.47857142857142865,-0.7828947368421053,0.17293787912121383,0.18355047910874817,-5.729714208799786,-1.7932570350866799,-3.761485621943233,neutral
639,Toby Alderweireld,58,5202,3.264841136056928,5,1.6272988505747126,0.05648514076223059,0.08650519031141868,Tottenham Hotspur,5202,639,Toby Alderweireld,Tottenham Hotspur,20,38,1782.0,3420.0,0.0789240617399113,0.04479328193701801,0.20202020202020204,0.026315789473684213,1.55,1.7894736842105263,0.5210526315789473,639,Toby Alderweireld,Tottenham Hotspur,22,36,1962.0,3240.0,0.021712105131682428,0.07754214567184031,0.09174311926605505,0.08333333333333334,1.7272727272727273,1.6944444444444444,0.6055555555555555,1.6272988505747126,-0.034130779802893293,0.05583004054015789,0.23947368421052628,-0.03282828282828287,-0.3413077980289329,0.5583004054015789,6.883166485629573,-14.420793299547393,-3.76881340695891,neutral
6932,Okay Yokuslu,16,1328,1.1620172094553702,1,0.995,0.0787511663034513,0.0677710843373494,West Bromwich Albion,1328,6932,Okay Yokuslu,West Bromwich Albion,5,11,450.0,878.0,0.07235001921653741,0.08203193645050282,0.0,0.10250569476082004,1.6,0.5454545454545454,0.5125284738041003,6932,Okay Yokuslu,West Bromwich Albion,2,14,180.0,1148.0,0.0092962998896837,0.08964130215229987,0.0,0.078397212543554,0.5,0.9285714285714286,0.156794425087108,1.0,0.0096819172339654,0.08034500226261618,-1.0545454545454547,0.4285714285714286,0.09681917233965401,0.8034500226261617,1.9312649393569987,-9.490330014388682,-3.7795325375158417,neutral
7723,John McGinn,169,14497,35.111096370965235,35,1.400266272189349,0.21797604148353944,0.2172863351038146,Aston Villa,14497,7723,John McGinn,Aston Villa,40,129,3484.0,11013.0,0.1560108474349917,0.23757894133509125,0.1549942594718714,0.23699264505584308,1.9,1.255813953488372,0.31635340052665034,7723,John McGinn,Aston Villa,79,90,6670.0,7827.0,0.21304369991648006,0.22217927621616831,0.2293853073463268,0.20697585281717132,1.2911392405063291,1.511111111111111,0.8521783569694646,1.400266272189349,0.08156809390009956,0.009135576299688253,-0.6441860465116278,0.21997187060478196,0.37420669420799263,0.04191091937220142,-4.462583206585104,-3.12415091920534,-3.7933670628952223,neutral
1687,Harry Maguire,140,11382,11.357088180258865,9,1.7350238095238095,0.08980301671264258,0.07116499736425935,Manchester United,11382,1687,Harry Maguire,Manchester United,36,104,2907.0,8475.0,0.06791840572682878,0.0973096319499005,0.030959752321981424,0.08495575221238938,1.8611111111111112,1.8846153846153846,0.34300884955752214,1687,Harry Maguire,Manchester United,56,84,4485.0,6897.0,0.08526526883643203,0.09275383579699872,0.04013377926421405,0.09134406263592867,1.625,2.0476190476190474,0.6502827316224445,1.7350238095238095,0.02939122622307172,0.007488566960566698,0.02350427350427342,0.42261904761904745,0.2939122622307172,0.07488566960566698,-4.113855489859437,-3.5486537410931356,-3.8312546154762863,neutral
332,Joel Matip,74,6090,8.655245169065891,11,2.284864864864865,0.12791002712905258,0.1625615763546798,Liverpool,6090,332,Joel Matip,Liverpool,20,54,1771.0,4319.0,0.09726426203407551,0.1404762808876088,0.10163749294184077,0.18754341282704332,1.8,2.2962962962962963,0.4100486223662885,332,Joel Matip,Liverpool,34,40,2727.0,3363.0,0.11921633124081016,0.134959598549581,0.132013201320132,0.18733273862622657,2.235294117647059,2.1,0.8108831400535237,2.284864864864865,0.04321201885353329,0.015743267308770847,0.49629629629629624,-0.1352941176470588,0.3378313633686848,0.1230807909444578,-5.134643306974543,-2.577488313627711,-3.856065810301127,neutral
2371,Cristiano Ronaldo,40,2985,24.0863704867661,22,1.5234999999999999,0.7262222257316412,0.6633165829145728,Manchester United,2985,2371,Cristiano Ronaldo,Manchester United,9,31,605.0,2380.0,0.5797894364607727,0.7634456868698241,0.5950413223140496,0.680672268907563,1.2222222222222223,1.8387096774193548,0.2542016806722689,2371,Cristiano Ronaldo,Manchester United,22,18,1521.0,1464.0,0.6929164902257495,0.7608247009396064,0.7692307692307693,0.5532786885245902,1.7272727272727273,1.6666666666666667,0.9625246548323472,1.5234999999999999,0.1836562504090513,0.06790821071385689,0.6164874551971324,-0.06060606060606055,0.252892632450108,0.09350885763024115,-3.982358205537538,-3.7525253615661835,-3.867441783551861,neutral
229,Thiago Alcántara,68,4655,9.770885262638327,6,1.9797058823529412,0.18891077843983875,0.11600429645542427,Liverpool,4655,229,Thiago Alcántara,Liverpool,18,50,1212.0,3443.0,0.10829713751128545,0.2172882785285424,0.07425742574257425,0.13069997095556202,1.6666666666666667,2.16,0.3520185884403137,229,Thiago Alcántara,Liverpool,25,43,1578.0,3077.0,0.19030509470561832,0.18819572121936423,0.17110266159695817,0.08774780630484239,2.04,2.0232558139534884,0.5128371790705233,1.9797058823529412,0.10899114101725696,-0.0021093734862540903,0.4933333333333334,-0.016744186046511622,0.5769450632588796,-0.011165977418942506,-8.058420320327805,0.2458513666067766,-3.906284476860514,neutral
7589,Wesley Fofana,52,4276,3.155114769935607,1,1.5073076923076922,0.06640793482090848,0.021047708138447148,Leicester City,3084,7589,Wesley Fofana,Leicester City,16,36,1337.0,2939.0,0.05564486353658834,0.07130423502748759,0.06731488406881077,0.0,1.0,1.5555555555555556,0.45491663831235113,7589,Wesley Fofana,Leicester City,20,32,1698.0,2578.0,0.061038664621119974,0.06994440526281727,0.0,0.03491078355314197,1.35,1.40625,0.6586501163692785,1.5073076923076922,0.01565937149089925,0.008905740641697295,0.5555555555555556,0.05624999999999991,0.1565937149089925,0.08905740641697295,-4.984987963203405,-2.969883116970044,-3.9774355400867245,neutral
971,Harry Winks,65,3986,3.1318768253549916,1,1.6335897435897437,0.07071473012592805,0.022579026593075764,Tottenham Hotspur,3986,971,Harry Winks,Tottenham Hotspur,23,42,1504.0,2482.0,0.09595611455919656,0.055419386778774234,0.05984042553191489,0.0,1.608695652173913,1.6904761904761905,0.6059629331184528,971,Harry Winks,Tottenham Hotspur,31,34,1886.0,2100.0,0.046529326808153894,0.0924355256770338,0.0,0.04285714285714286,1.6129032258064515,1.7058823529411764,0.8980952380952381,1.6335897435897437,-0.040536727780422326,0.0459061988688799,0.08178053830227738,0.09297912713472489,-0.4053672778042232,0.459061988688799,10.222314655381133,-18.177598293560774,-3.97764181908982,neutral
8941,Jacob Ramsey,107,6585,20.836515095084902,22,1.4314018691588786,0.28478152749546565,0.30068337129840544,Aston Villa,6585,8941,Jacob Ramsey,Aston Villa,26,81,1682.0,4903.0,0.23367788661470662,0.3023129009324301,0.267538644470868,0.312053844584948,1.8846153846153846,1.4320987654320987,0.34305527228227617,8941,Jacob Ramsey,Aston Villa,42,65,2757.0,3828.0,0.271128322361635,0.29461483119295023,0.2611534276387378,0.329153605015674,1.2857142857142858,1.7076923076923076,0.7202194357366771,1.4314018691588786,0.06863501431772345,0.023486508831315256,-0.4525166191832859,0.4219780219780218,0.2410093622340595,0.08247202351173993,-2.958767372080994,-5.027955237818805,-3.9933613049498993,neutral
5735,Jean-Philippe Mateta,93,4386,26.440051946789026,30,1.1789247311827957,0.5425455255839061,0.615595075239398,Crystal Palace,4386,5735,Jean-Philippe Mateta,Crystal Palace,38,55,1489.0,2897.0,0.4209091824456258,0.6050641707108994,0.48354600402955006,0.6834656541249569,0.8947368421052632,1.290909090909091,0.5139799792889196,5735,Jean-Philippe Mateta,Crystal Palace,37,56,1626.0,2760.0,0.5816395815145705,0.5195140274160581,0.7195571955719556,0.5543478260869565,1.135135135135135,1.125,0.5891304347826087,1.1789247311827957,0.18415498826527354,-0.06212555409851239,0.39617224880382784,-0.010135135135135087,0.3394277154291884,-0.1145075411536216,-12.08591114913822,4.05615427737296,-4.014878435882629,neutral
9667,Amadou Onana,63,4622,10.116011194884774,5,1.0622222222222222,0.19697988047157716,0.09736045002163565,Everton,4622,9667,Amadou Onana,Everton,19,44,1513.0,3109.0,0.1480894413901651,0.22077249363663873,0.05948446794448116,0.11579285944033452,1.2105263157894737,1.0,0.48665165648118364,9667,Amadou Onana,Everton,31,32,2424.0,2198.0,0.1970916574055531,0.19685661054984938,0.07425742574257425,0.12283894449499545,1.2258064516129032,0.90625,0.9067656765676567,1.0622222222222222,0.07268305224647362,-0.00023504685570371886,-0.21052631578947367,-0.31955645161290325,0.36898718829795046,-0.0011932531136733759,-10.868955481947765,2.7991960871882884,-4.034879697379738,neutral
5556,Ademola Lookman,60,4235,18.103248531930145,14,1.02075,0.38472074802212824,0.2975206611570248,Fulham,2765,5556,Ademola Lookman,Fulham,14,46,917.0,3318.0,0.2893314900581553,0.4110836020163909,0.19629225736095965,0.325497287522604,0.8571428571428571,0.9782608695652174,0.27637130801687765,5556,Ademola Lookman,Fulham,18,42,1005.0,3230.0,0.3603031253581171,0.39231818169932053,0.1791044776119403,0.33436532507739936,0.9444444444444444,0.9523809523809523,0.3111455108359133,1.02075,0.1217521119582356,0.03201505634120344,0.12111801242236031,0.007936507936507908,0.31646879609215334,0.08321634979603962,-6.325876163362007,-1.7998154737837824,-4.062845818572894,neutral
10803,Tyrell Malacia,22,1376,0.9152914844453333,0,1.5345454545454544,0.05986644883726744,0.0,Manchester United,1376,10803,Tyrell Malacia,Manchester United,7,15,376.0,1000.0,0.040284502022760946,0.06722926083952188,0.0,0.0,1.8571428571428572,2.066666666666667,0.376,10803,Tyrell Malacia,Manchester United,12,10,845.0,531.0,0.05580182025242133,0.06633464310128807,0.0,0.0,2.0,2.0,0.6284023668639053,1.5345454545454544,0.026944758816760936,0.010532822848866745,0.20952380952380967,0.0,0.26944758816760933,0.10532822848866745,-5.134856071575297,-3.019262513121614,-4.077059292348455,neutral
9685,Mads Roerslev,75,4338,6.682171364314853,5,1.262488888888889,0.13863426067043264,0.1037344398340249,Brentford,4338,9685,Mads Roerslev,Brentford,20,55,1260.0,3078.0,0.08091835012393339,0.16226065680057852,0.07142857142857142,0.11695906432748537,1.7,1.309090909090909,0.4093567251461988,9685,Mads Roerslev,Brentford,32,43,1618.0,2720.0,0.145622003323897,0.1344775814008351,0.11124845488257107,0.09926470588235294,1.5625,1.302325581395349,0.5948529411764706,1.262488888888889,0.08134230667664513,-0.011144421923061892,-0.3909090909090909,-0.26017441860465107,0.5867402926468197,-0.08038721358751928,-12.049859139901193,3.8772262907222625,-4.086316424589465,neutral
8226,Tariq Lamptey,89,4408,8.772225389257072,8,1.3101123595505617,0.17910623526160083,0.16333938294010888,Brighton,4382,8226,Tariq Lamptey,Brighton,32,57,1481.0,2927.0,0.1393021905894097,0.19924623873256597,0.3038487508440243,0.09224461906388795,1.5,1.1754385964912282,0.505978817902289,8226,Tariq Lamptey,Brighton,46,43,2220.0,2188.0,0.1790597477197848,0.17915340269433921,0.20270270270270271,0.12340036563071298,1.2608695652173914,1.3255813953488371,0.9855855855855856,1.3101123595505617,0.059944048143156264,9.365497455440797e-05,-0.32456140350877183,0.06471183013144577,0.33468431769336543,0.0005229018097422261,-7.794606510885109,-0.5143573977276498,-4.154481954306379,neutral
1749,Rob Holding,67,4504,1.97873886860907,3,1.7701492537313432,0.039539631033484963,0.05994671403197158,Arsenal,4504,1749,Rob Holding,Arsenal,20,47,1336.0,3168.0,0.017108278722686318,0.048999317487786416,0.0,0.08522727272727273,1.6,1.9574468085106382,0.4217171717171717,1749,Rob Holding,Arsenal,32,35,2008.0,2496.0,0.032102381253978636,0.04552280313174166,0.044820717131474105,0.07211538461538461,2.09375,1.6285714285714286,0.8044871794871795,1.7701492537313432,0.0318910387651001,0.013420421877763024,0.35744680851063815,-0.46517857142857144,0.31891038765100094,0.13420421877763022,-6.1699394093581,-2.155348292734024,-4.162643851046062,neutral
7603,Marc Guehi,98,8578,7.4638071414083225,5,1.1977551020408164,0.07830993736614002,0.0524597808346934,Crystal Palace,8578,7603,Marc Guehi,Crystal Palace,37,61,3192.0,5386.0,0.05941825896095398,0.08950604532554474,0.0,0.08354994430003714,1.027027027027027,1.3934426229508197,0.5926476049015967,7603,Marc Guehi,Crystal Palace,51,47,4411.0,4167.0,0.07900532011582016,0.0775738362601071,0.02040353661301292,0.08639308855291576,1.4313725490196079,1.0638297872340425,0.9446837451824983,1.1977551020408164,0.03008778636459076,-0.0014314838557130671,0.3664155959237927,-0.36754276178556533,0.3008778636459076,-0.014314838557130671,-12.234196620241036,3.689173513552523,-4.272511553344256,neutral
3294,Edinson Cavani,41,2100,15.892910371534526,16,1.9058536585365853,0.6811247302086225,0.6857142857142857,Manchester United,2100,3294,Edinson Cavani,Manchester United,9,32,409.0,1691.0,0.6801388884523387,0.6813631744891193,1.1002444987775062,0.5854523950325251,2.2222222222222223,1.5625,0.24186871673565938,3294,Edinson Cavani,Manchester United,15,26,714.0,1386.0,0.48903571030891985,0.7800796798539239,0.5042016806722689,0.7792207792207793,1.4,1.8846153846153846,0.5151515151515151,1.9058536585365853,0.0012242860367805974,0.29104396954500406,-0.6597222222222223,0.48461538461538467,0.0017974476369483888,0.4272990784754796,0.8212747191598918,-9.394827958205505,-4.286776619522807,neutral
8966,Filip Krovinovic,11,537,0.3875568239018317,0,0.5748484848484848,0.0649536576371785,0.0,West Bromwich Albion,537,8966,Filip Krovinovic,West Bromwich Albion,1,10,9.0,528.0,0.0,0.06606082225599404,0.0,0.0,1.0,0.5,0.017045454545454544,8966,Filip Krovinovic,West Bromwich Albion,5,6,343.0,194.0,0.05909104082114316,0.07531900592532347,0.0,0.0,0.4,0.6666666666666666,0.565597667638484,1.0,0.06606082225599404,0.016227965104180307,-0.5,0.2666666666666666,0.6606082225599403,0.16227965104180306,-0.702998447372656,-7.933209896446118,-4.318104171909387,neutral
3293,Lucas Moura,114,5540,22.525520510971543,24,1.681140350877193,0.365938058842498,0.3898916967509025,Tottenham Hotspur,5540,3293,Lucas Moura,Tottenham Hotspur,40,74,1685.0,3855.0,0.3800421220966192,0.3597732477962738,0.21364985163204747,0.4669260700389105,1.65,1.6891891891891893,0.437094682230869,3293,Lucas Moura,Tottenham Hotspur,51,63,2514.0,3026.0,0.30956794613381056,0.4127703335780037,0.2863961813842482,0.4758757435558493,1.6862745098039216,1.6666666666666667,0.8307997356245869,1.681140350877193,-0.020268874300345407,0.10320238744419313,0.039189189189189344,-0.019607843137254832,-0.055388811878321884,0.28202146497315295,0.906180733896963,-9.659118098255082,-4.376468682179059,neutral
87,Joelinton,156,11248,37.71323866583406,25,1.4071474358974358,0.30175955546986716,0.20003556187766713,Newcastle United,11248,87,Joelinton,Newcastle United,49,107,3675.0,7573.0,0.2992830069393527,0.3029613666212788,0.2693877551020408,0.16638056252475902,1.4081632653061225,1.3364485981308412,0.48527664069721377,87,Joelinton,Newcastle United,69,87,4620.0,6628.0,0.2588912768640204,0.3316405825004966,0.15584415584415584,0.23083886541943271,1.318840579710145,1.3908045977011494,0.6970428485214243,1.4071474358974358,0.003678359681926091,0.07274930563647619,-0.0717146671752813,0.07196401799100438,0.012189704071503384,0.24108368506574343,-0.046947445280555784,-8.716084631893304,-4.38151603858693,neutral
8780,Joël Veltman,120,8940,9.053749899379905,8,1.3841666666666665,0.09114513321523394,0.08053691275167785,Brighton,8940,8780,Joël Veltman,Brighton,40,80,3156.0,5784.0,0.09510896783038801,0.08898229399576194,0.08555133079847908,0.07780082987551867,1.475,1.25,0.5456431535269709,8780,Joël Veltman,Brighton,49,71,3621.0,5319.0,0.06971697448795255,0.1057327178648835,0.09942004971002485,0.0676818950930626,1.4489795918367347,1.2394366197183098,0.6807670614777214,1.3841666666666665,-0.006126673834626076,0.03601574337693095,-0.2250000000000001,-0.20954297211842499,-0.06126673834626076,0.3601574337693095,2.5775663607455304,-11.368813521587434,-4.395623580420952,neutral
3253,Frederic Guilbert,25,2045,1.8073615133762353,2,1.077,0.07954158249577564,0.08801955990220049,Aston Villa,2045,3253,Frederic Guilbert,Aston Villa,8,17,627.0,1418.0,0.03471322954770476,0.09936342826336408,0.0,0.12693935119887165,2.125,0.5294117647058824,0.4421720733427362,3253,Frederic Guilbert,Aston Villa,9,16,772.0,1273.0,0.0804977490532892,0.0789617234365451,0.11658031088082901,0.07069913589945012,1.3333333333333333,0.875,0.6064414768263944,1.077,0.06465019871565933,-0.0015360256167440967,-1.5955882352941178,-0.45833333333333326,0.6465019871565932,-0.015360256167440967,-12.029074376669744,3.1862397269056006,-4.421417324882071,neutral
643,Eric Dier,119,9932,8.76682046987116,5,1.7356302521008402,0.07944158702058038,0.045308095046314945,Tottenham Hotspur,9932,643,Eric Dier,Tottenham Hotspur,41,78,3549.0,6383.0,0.06301160756929988,0.08857678944461211,0.0760777683854607,0.028199906000313333,1.9024390243902438,1.6923076923076923,0.5560081466395111,643,Eric Dier,Tottenham Hotspur,56,63,4725.0,5207.0,0.07395897163521672,0.08441668932437207,0.0380952380952381,0.05185327443825619,1.7678571428571428,1.7619047619047619,0.9074323026694834,1.7356302521008402,0.025565181875312232,0.01045771768915535,-0.21013133208255153,-0.005952380952380931,0.2556518187531223,0.10457717689155349,-5.05969934520635,-3.796174764078543,-4.427937054642446,neutral
751,N&#039;Golo Kanté,85,6188,11.324948527850207,12,1.7176470588235293,0.16471321388275995,0.17453135100193923,Chelsea,6188,751,N&#039;Golo Kanté,Chelsea,29,56,2286.0,3902.0,0.1687360615799511,0.16235641484745014,0.15748031496062992,0.18452075858534084,1.7586206896551724,1.6785714285714286,0.5858534085084572,751,N&#039;Golo Kanté,Chelsea,34,51,2606.0,3582.0,0.13026868567479655,0.1897725216744832,0.17267843438219493,0.17587939698492464,1.7941176470588236,1.6470588235294117,0.7275265214963708,1.7176470588235293,-0.006379646732500965,0.059503835999686644,-0.08004926108374377,-0.1470588235294119,-0.0387318453821312,0.3612572094066506,1.1977746932482054,-10.088103974776283,-4.445164640764039,neutral
645,Dele Alli,63,3481,17.059788412414488,14,1.471005291005291,0.4410746788616214,0.36196495259982764,Tottenham Hotspur,3141,645,Dele Alli,Tottenham Hotspur,22,41,1152.0,2329.0,0.5351201530720573,0.394556694194201,0.390625,0.34778875053671104,1.0909090909090908,1.3414634146341464,0.49463288965221125,645,Dele Alli,Tottenham Hotspur,25,38,1157.0,2324.0,0.25671021483175277,0.5328602575546326,0.15557476231633535,0.4647160068846816,1.12,1.3421052631578947,0.4978485370051635,1.471005291005291,-0.14056345887785632,0.27615004272287985,0.2505543237250556,0.22210526315789458,-0.31868403609257145,0.6260845520209891,6.6586356720792,-15.584184109996768,-4.462774218958784,neutral
2163,Diego Llorente,51,4205,3.6952848341315976,4,1.2466666666666666,0.07909051963658592,0.08561236623067776,Leeds United,4205,2163,Diego Llorente,Leeds United,16,35,1358.0,2847.0,0.056858227611553666,0.08969517456106565,0.1325478645066274,0.06322444678609063,1.1875,1.4,0.4769933263083948,2163,Diego Llorente,Leeds United,18,33,1497.0,2708.0,0.0811501838013022,0.07795192390003486,0.12024048096192386,0.06646971935007386,1.2777777777777777,1.3636363636363635,0.5528064992614475,1.2466666666666666,0.03283694694951199,-0.0031982599012673474,0.2124999999999999,0.08585858585858586,0.32836946949511986,-0.031982599012673474,-9.60779198204868,0.6120171329063686,-4.4978874245711555,neutral
5553,Declan Rice,181,15999,23.997641195543103,32,1.511869244935543,0.13499516892298766,0.18001125070316895,West Ham United,12743,5553,Declan Rice,West Ham United,59,122,5228.0,10771.0,0.1275156603469823,0.13862555336596932,0.10328997704667177,0.21725002321047257,1.5932203389830508,1.5,0.4853774022839105,5553,Declan Rice,West Ham United,89,92,7759.0,8240.0,0.12361688408791777,0.1457092601894084,0.15079262791596854,0.20752427184466019,1.4943820224719102,1.565217391304348,0.941626213592233,1.511869244935543,0.011109893018987016,0.022092376101490646,-0.09322033898305082,0.07083536883243768,0.08229844895653275,0.16365308683078839,-1.5502240446725377,-7.5760565898476475,-4.563140317260093,neutral
822,Patrick Bamford,75,5166,37.02342097554356,34,1.2221333333333333,0.6450073340687031,0.5923344947735192,Leeds United,5166,822,Patrick Bamford,Leeds United,24,51,1758.0,3408.0,0.5610784725524459,0.68830162354804,0.40955631399317405,0.6866197183098591,1.125,1.2745098039215685,0.5158450704225352,822,Patrick Bamford,Leeds United,27,48,1753.0,3413.0,0.6509425358276194,0.6419588697606513,0.46206503137478605,0.6592440668033988,0.7407407407407407,1.5,0.5136243773806036,1.2221333333333333,0.12722315099559411,-0.008983666066968099,0.14950980392156854,0.7592592592592593,0.19724295256159508,-0.01392800607444132,-6.458800419601035,-2.781183614749029,-4.619992017175032,neutral
9691,Nuno Tavares,30,1609,3.243337380699812,2,1.6460000000000001,0.1814172556016054,0.11187072715972654,Arsenal,1162,9691,Nuno Tavares,Arsenal,10,20,636.0,973.0,0.17625517137172922,0.18479144426573824,0.0,0.18499486125385406,1.9,1.45,0.6536485097636177,9691,Nuno Tavares,Arsenal,20,10,997.0,612.0,0.1541444029726289,0.22584704983541187,0.09027081243731194,0.14705882352941177,1.65,1.5,0.6138415245737212,1.6460000000000001,0.008536272894009017,0.07170264686278296,-0.44999999999999996,-0.1499999999999999,0.04705325778246134,0.39523609055272496,0.4790266500025732,-9.758262709927312,-4.639618029962369,neutral
6424,Ben Johnson,68,3532,2.1546041583642355,2,1.4385294117647058,0.054902144465679835,0.05096262740656852,West Ham United,3532,6424,Ben Johnson,West Ham United,21,47,1161.0,2371.0,0.06425855045979334,0.05032062301516708,0.0,0.07591733445803459,1.0,1.702127659574468,0.48966680725432304,6424,Ben Johnson,West Ham United,30,38,1609.0,1923.0,0.04184365759310214,0.06582835631070194,0.0,0.093603744149766,1.4333333333333333,1.5263157894736843,0.8367134685387415,1.4385294117647058,-0.013937927444626262,0.023984698717599798,0.7021276595744681,0.09298245614035094,-0.1393792744462626,0.23984698717599798,0.9310704373822405,-10.306234222085674,-4.687581892351717,neutral
11000,Matheus Nunes,53,3324,6.891479548998175,4,1.451698113207547,0.18659240656132245,0.10830324909747292,Wolverhampton Wanderers,2687,11000,Matheus Nunes,Wolverhampton Wanderers,17,36,1122.0,2202.0,0.09298978694639894,0.2342863844032589,0.08021390374331551,0.12261580381471389,1.0,1.8055555555555556,0.5095367847411444,11000,Matheus Nunes,Wolverhampton Wanderers,28,25,1826.0,1498.0,0.2251818753842178,0.13955344122713886,0.09857612267250822,0.12016021361815754,1.0357142857142858,2.12,0.8203723986856517,1.451698113207547,0.14129659745685996,-0.08562843415707894,0.8055555555555556,1.0842857142857143,0.7572473074375816,-0.4589063174386878,-21.432677134455673,12.025919484855573,-4.70337882480005,neutral
8090,Lloyd Kelly,54,4245,2.6505945827811948,3,1.134074074074074,0.05619635157839989,0.0636042402826855,Bournemouth,4245,8090,Lloyd Kelly,Bournemouth,18,36,1441.0,2804.0,0.07151546528708966,0.04832372573880576,0.062456627342123525,0.06419400855920114,1.0555555555555556,1.1111111111111112,0.5139087018544936,8090,Lloyd Kelly,Bournemouth,33,21,2616.0,1629.0,0.04269853830252081,0.07787239794408417,0.06880733944954129,0.055248618784530384,0.8787878787878788,1.4285714285714286,0.6227064220183486,1.134074074074074,-0.0231917395482839,0.03517385964156336,0.05555555555555558,0.5497835497835498,-0.231917395482839,0.3517385964156336,7.104827705120766,-16.538275321386994,-4.716723808133114,neutral
669,Ashley Westwood,100,8854,20.53949398268014,17,1.0701833333333333,0.20878184531750762,0.17280325276711092,Burnley,8854,669,Ashley Westwood,Burnley,27,73,2308.0,6546.0,0.17297459834059972,0.22140682637811004,0.1949740034662045,0.16498625114573787,0.9629629629629629,1.1643835616438356,0.3525817293003361,669,Ashley Westwood,Burnley,35,65,3073.0,5781.0,0.1934476721828171,0.21693301536471468,0.23429873088187436,0.1401141670991178,1.1714285714285715,1.0769230769230769,0.5315689327106037,1.0701833333333333,0.04843222803751032,0.023485343181897572,0.2014205986808727,-0.09450549450549461,0.23197528484268543,0.1124874777602523,-6.013445851268619,-3.4417257599916087,-4.727585805630114,neutral
5086,Marc Roca,32,2375,5.309002964757381,3,1.081875,0.2011832702434376,0.11368421052631579,Leeds United,2375,5086,Marc Roca,Leeds United,9,23,667.0,1708.0,0.3914100440523435,0.1268968193473368,0.13493253373313344,0.1053864168618267,1.0,0.8695652173913043,0.3905152224824356,5086,Marc Roca,Leeds United,18,14,1340.0,1035.0,0.13073694257677262,0.2923891437442406,0.13432835820895522,0.08695652173913043,0.7222222222222222,1.1428571428571428,0.7723880597014925,1.081875,-0.2645132247050067,0.16165220116746795,-0.13043478260869568,0.4206349206349206,-1.3147873796113267,0.803507175183424,33.69195305013974,-43.15867199228157,-4.733359471070916,neutral
6630,Joe Willock,123,7150,30.144308721646663,22,1.525731707317073,0.3794388510417062,0.27692307692307694,Newcastle United,6102,6630,Joe Willock,Newcastle United,39,84,2260.0,4890.0,0.2326403856607137,0.447284358559302,0.19911504424778761,0.3128834355828221,1.2307692307692308,1.6904761904761905,0.4621676891615542,6630,Joe Willock,Newcastle United,50,73,3032.0,4118.0,0.395272229435684,0.3677810551965045,0.23746701846965698,0.305973773676542,1.72,1.4246575342465753,0.7362797474502185,1.525731707317073,0.21464397289858828,-0.027491174239179517,0.45970695970695963,-0.2953424657534247,0.5656879160088844,-0.07245218607347567,-13.387415572231143,3.872700646603445,-4.757357462813849,neutral
753,Marc Albrighton,74,3936,11.215014859102663,13,1.5236036036036036,0.2564408885465548,0.2972560975609756,Leicester City,3936,753,Marc Albrighton,Leicester City,16,58,666.0,3270.0,0.1714230425706183,0.27375644983706665,0.2702702702702703,0.30275229357798167,1.8125,1.5862068965517242,0.2036697247706422,753,Marc Albrighton,Leicester City,26,48,1158.0,2778.0,0.19178498898261254,0.28339248382914844,0.23316062176165803,0.32397408207343414,1.8076923076923077,1.5416666666666667,0.4168466522678186,1.5236036036036036,0.10233340726644835,0.09160749484653591,-0.2262931034482758,-0.26602564102564097,0.3990526153861401,0.3572265537128074,-3.431571696729343,-6.113591166576676,-4.772581431653009,neutral
314,Ilkay Gündogan,117,8260,46.37791294604539,42,2.331139601139601,0.5053283492910514,0.4576271186440678,Manchester City,8260,314,Ilkay Gündogan,Manchester City,32,85,2384.0,5876.0,0.48005083363328194,0.5155838968281724,0.3775167785234899,0.4901293396868618,2.21875,2.411764705882353,0.40571817562968004,314,Ilkay Gündogan,Manchester City,50,67,3638.0,4622.0,0.4110666161680562,0.579522244812786,0.32160527762506874,0.5646906101254868,2.26,2.4328358208955225,0.7871051492860234,2.331139601139601,0.03553306319489047,0.16845562864472985,0.1930147058823528,0.17283582089552274,0.07031678164255271,0.33335875353334926,-1.192597597988333,-8.462636488622245,-4.827617043305289,neutral
5708,Fernando Marçal,31,2079,1.5405390048399559,0,1.1522580645161289,0.0666900002095219,0.0,Wolverhampton Wanderers,2079,5708,Fernando Marçal,Wolverhampton Wanderers,8,23,627.0,1452.0,0.07426096545309539,0.06342071976343334,0.0,0.0,1.625,1.5217391304347827,0.4318181818181818,5708,Fernando Marçal,Wolverhampton Wanderers,13,18,892.0,1187.0,0.049550822819061056,0.0795696516267848,0.0,0.0,1.6153846153846154,1.5,0.7514743049705139,1.1522580645161289,-0.010840245689662048,0.03001882880772374,-0.1032608695652173,-0.11538461538461542,-0.10840245689662048,0.30018828807723735,3.2307084263888277,-12.951768083117448,-4.86052982836431,neutral
3277,Alexandre Lacazette,91,5629,37.12585007213056,40,1.6546153846153846,0.5935914916489164,0.6395452122934802,Arsenal,5629,3277,Alexandre Lacazette,Arsenal,31,60,1887.0,3742.0,0.47664757930512264,0.6525634752386381,0.5246422893481717,0.6974879743452699,1.6129032258064515,1.5,0.5042757883484768,3277,Alexandre Lacazette,Arsenal,35,56,1729.0,3900.0,0.5137184097664834,0.6290018912834616,0.6246385193753615,0.6461538461538462,1.5142857142857142,1.5535714285714286,0.44333333333333336,1.6546153846153846,0.17591589593351548,0.1152834815169782,-0.11290322580645151,0.03928571428571437,0.2963585199727931,0.19421350059573186,-5.978371953073427,-3.747855257570344,-4.863113605321885,neutral
884,Matt Targett,119,9245,12.137971569783982,7,1.4142857142857141,0.11816305476263478,0.06814494321254733,Aston Villa,7152,884,Matt Targett,Aston Villa,34,85,2597.0,6648.0,0.09913162148636855,0.12559756622750592,0.0693107431651906,0.06768953068592058,1.588235294117647,1.2470588235294118,0.3906438026474128,884,Matt Targett,Aston Villa,51,68,3499.0,5746.0,0.09994723125025264,0.12925549584683682,0.05144326950557302,0.07831534980856247,1.4901960784313726,1.2352941176470589,0.6089453532892447,1.4142857142857141,0.02646594474113738,0.029308264596584185,-0.3411764705882352,-0.2549019607843137,0.22397816977821033,0.24803238758052124,-3.3882214108538875,-6.378101790191816,-4.883161600522852,neutral
1227,Lucas Torreira,29,1496,2.2830583071336137,2,1.4091379310344825,0.13734976446659442,0.12032085561497326,Arsenal,1496,1227,Lucas Torreira,Arsenal,10,19,660.0,836.0,0.08497972134500736,0.17869453535205787,0.2727272727272727,0.0,0.8,1.8421052631578947,0.7894736842105263,1227,Lucas Torreira,Arsenal,13,16,402.0,1094.0,0.2552675875598814,0.09401981484730614,0.22388059701492538,0.08226691042047532,1.7692307692307692,1.25,0.36745886654478976,1.4091379310344825,0.0937148140070505,-0.16124777271257523,1.0421052631578946,-0.5192307692307692,0.6823077882295415,-1.173993805805129,-32.59697211785454,22.783837633708902,-4.9065672420728195,neutral
6042,Jan Bednarek,124,10579,7.432988345623015,8,1.1173387096774192,0.06323555639531821,0.06805936288874184,Southampton,10484,6042,Jan Bednarek,Southampton,37,87,3255.0,7324.0,0.06725401239049049,0.06144963691630596,0.08294930875576037,0.06144183506280721,1.2432432432432432,1.0114942528735633,0.4444292736209721,6042,Jan Bednarek,Southampton,49,75,3987.0,6592.0,0.041894684451091894,0.07614302854969174,0.04514672686230248,0.08191747572815535,1.1428571428571428,1.04,0.6048240291262136,1.1173387096774192,-0.005804375474184532,0.034248344098599844,-0.23174899036967989,-0.10285714285714276,-0.058043754741845324,0.3424834409859984,2.537909402971672,-12.420450658480467,-4.941270627754397,neutral
9680,Vitaly Janelt,104,7671,14.790461460128423,12,1.2987179487179488,0.1735290746202005,0.14078998826750097,Brentford,7671,9680,Vitaly Janelt,Brentford,33,71,2481.0,5190.0,0.16977556522804993,0.17532338228916497,0.10882708585247883,0.15606936416184972,1.3333333333333333,1.295774647887324,0.47803468208092487,9680,Vitaly Janelt,Brentford,51,53,3836.0,3835.0,0.15608096851678843,0.19098173042533445,0.14077163712200208,0.1408083441981747,1.411764705882353,1.2075471698113207,0.9997393117831074,1.2987179487179488,0.00554781706111504,0.03490076190854602,-0.037558685446009266,-0.20421753607103232,0.03197053331412867,0.20112342548320847,-0.6854976627739966,-9.265542738163447,-4.975520200468722,neutral
8718,Stuart Dallas,72,6341,11.756849657744166,12,1.3191666666666668,0.16686902210960022,0.17032013877937233,Leeds United,6341,8718,Stuart Dallas,Leeds United,19,53,1710.0,4631.0,0.13666189055105568,0.1780230266367242,0.052631578947368425,0.2137767220902613,1.105263157894737,1.3584905660377358,0.3692507017922695,8718,Stuart Dallas,Leeds United,17,55,1512.0,4829.0,0.13958590387898895,0.17541159298652798,0.11904761904761904,0.18637399047421824,1.0,1.3818181818181818,0.3131083039966867,1.3191666666666668,0.04136113608566852,0.03582568910753903,0.2532274081429988,0.38181818181818183,0.24786587446112296,0.2146934682940047,-5.565460024023064,-4.473328597607871,-5.019394310815468,neutral
1737,Matt Phillips,33,1823,6.16918658837676,3,0.786969696969697,0.30456763190011427,0.14810751508502468,West Bromwich Albion,1823,1737,Matt Phillips,West Bromwich Albion,7,26,465.0,1358.0,0.1785060019502716,0.3477330648358115,0.0,0.19882179675994108,1.2857142857142858,0.5384615384615384,0.34241531664212077,1737,Matt Phillips,West Bromwich Albion,7,26,166.0,1657.0,0.3444758089012409,0.3005695888209429,0.0,0.16294508147254072,0.42857142857142855,0.7692307692307693,0.10018105009052504,1.0,0.1692270628855399,-0.043906220080297986,-0.7472527472527474,0.3406593406593407,0.5556304910990655,-0.1441591800362339,-10.759239477576807,0.6696651578313411,-5.044787159872733,neutral
7990,Christoph Zimmermann,20,1586,0.370787005871534,1,0.6639999999999999,0.021040876751852497,0.05674653215636822,Norwich City,1586,7990,Christoph Zimmermann,Norwich City,8,12,612.0,974.0,0.016259750323917913,0.02404503421991817,0.0,0.09240246406570843,0.625,0.5,0.6283367556468172,7990,Christoph Zimmermann,Norwich City,7,13,459.0,1127.0,0.010907666794225255,0.0251678895030068,0.0,0.07985803016858918,0.0,0.8461538461538461,0.4072759538598048,1.0,0.007785283896000257,0.014260222708781547,-0.125,0.8461538461538461,0.07785283896000257,0.14260222708781545,-2.6388250729430287,-7.5116732122250784,-5.075249142584053,neutral
5220,Kai Havertz,128,8616,56.77576799131929,46,1.7959375,0.5930616433633631,0.4805013927576602,Chelsea,5965,5220,Kai Havertz,Chelsea,45,83,2903.0,5713.0,0.5654037092747235,0.6071157274976745,0.4340337581811919,0.5041134255207422,1.8666666666666667,1.7349397590361446,0.5081393313495537,5220,Kai Havertz,Chelsea,65,63,4255.0,4361.0,0.5259241019972062,0.658567316033163,0.3384253819036428,0.6191240541160284,1.7230769230769232,1.8412698412698412,0.9756936482458152,1.7959375,0.04171201822295101,0.1326432140359568,-0.13172690763052208,0.118192918192918,0.07033336026655573,0.22365839288427491,-1.0202938790341332,-9.14772698240805,-5.084010430721092,neutral
11366,Jhon Durán,35,497,2.967535655014216,5,1.8617142857142857,0.5373807021152505,0.9054325955734407,Aston Villa,497,11366,Jhon Durán,Aston Villa,9,26,110.0,387.0,0.22129928337579405,0.6272229658396437,0.8181818181818181,0.9302325581395349,2.3333333333333335,1.3846153846153846,0.2842377260981912,11366,Jhon Durán,Aston Villa,17,18,257.0,240.0,0.5309631891824043,0.5442527888808397,1.4007782101167314,0.375,1.3529411764705883,1.8888888888888888,0.933852140077821,1.8617142857142857,0.4059236824638496,0.013289599698435461,-0.9487179487179489,0.5359477124183005,0.755374506129534,0.024730325532950157,-6.624432657765832,-3.556706822625894,-5.090569740195863,neutral
987,Joseph Gomez,96,6115,3.451682965271173,2,2.1722916666666667,0.05080154813972291,0.029435813573180702,Liverpool,6115,987,Joseph Gomez,Liverpool,25,71,1724.0,4391.0,0.028657959050254703,0.05949559222768537,0.0,0.040992940104759734,2.2,2.23943661971831,0.39262127078114323,987,Joseph Gomez,Liverpool,50,46,3215.0,2900.0,0.0433014297936094,0.05911633451308667,0.027993779160186624,0.031034482758620686,2.04,2.4347826086956523,0.9020217729393468,2.1722916666666667,0.030837633177430667,0.015814904719477267,0.03943661971830981,0.3947826086956523,0.3083763317743067,0.15814904719477266,-3.972806321601253,-6.2361777517430665,-5.10449203667216,neutral
8864,Matthew Cash,121,9739,15.629455974325534,14,1.4998347107438015,0.14443485344381335,0.129376732724099,Aston Villa,9739,8864,Matthew Cash,Aston Villa,29,92,2304.0,7435.0,0.09963996457372556,0.15831614785627898,0.0390625,0.15736381977135172,1.7241379310344827,1.4021739130434783,0.30988567585743104,8864,Matthew Cash,Aston Villa,54,67,4413.0,5326.0,0.13572857715189454,0.15164867193353126,0.16315431679129844,0.10138941043935411,1.3888888888888888,1.5522388059701493,0.8285767930904995,1.4998347107438015,0.05867618328255342,0.015920094781636723,-0.3219640179910044,0.16334991708126045,0.40624670488815956,0.11022335954271456,-5.210295508225653,-5.164886299221395,-5.187590903723525,neutral
7069,Saman Ghoddos,51,1293,3.554528711363672,3,1.295686274509804,0.24741499151023238,0.2088167053364269,Brentford,1293,7069,Saman Ghoddos,Brentford,18,33,664.0,629.0,0.12050370438899614,0.38138811495776953,0.0,0.4292527821939586,1.0,1.0,0.947289156626506,7069,Saman Ghoddos,Brentford,25,26,484.0,809.0,0.44720621987376813,0.12788599951029256,0.371900826446281,0.11124845488257107,1.2,0.8076923076923077,0.5982694684796045,1.295686274509804,0.2608844105687734,-0.31932022036347557,0.0,-0.39230769230769225,1.0544405938230461,-1.290625998102744,-53.963842354454094,43.526745129157604,-5.218548612648245,neutral
5355,Jacob Bruun Larsen,32,1272,6.7490391805767995,6,0.7949999999999999,0.477526357116283,0.42452830188679247,Burnley,1272,5355,Jacob Bruun Larsen,Burnley,10,22,468.0,804.0,0.46375317642321945,0.48554358169881257,0.38461538461538464,0.44776119402985076,0.8,0.6363636363636364,0.582089552238806,5355,Jacob Bruun Larsen,Burnley,15,17,513.0,759.0,0.45234432542010344,0.49454662359868107,0.3508771929824561,0.47430830039525695,0.26666666666666666,1.0588235294117647,0.6758893280632411,1.0,0.021790405275593117,0.042202298178577624,-0.1636363636363637,0.7921568627450981,0.04563183780510551,0.08837689804900317,-0.906816946115764,-9.535413853520495,-5.22111539981813,neutral
6651,Grady Diangana,20,1249,1.2598704975098363,1,0.6291666666666667,0.09078330246267835,0.07205764611689351,West Bromwich Albion,1249,6651,Grady Diangana,West Bromwich Albion,4,16,268.0,981.0,0.08269468697705369,0.09299303635681436,0.33582089552238803,0.0,1.0,0.25,0.273190621814475,6651,Grady Diangana,West Bromwich Albion,8,12,514.0,735.0,0.08013596540817018,0.09822919531440247,0.17509727626459143,0.0,0.25,0.5,0.6993197278911565,1.0,0.010298349379760666,0.018093229906232286,-0.75,0.25,0.10298349379760666,0.18093229906232286,0.07954093410489199,-10.605366150016838,-5.262912607955973,neutral
1053,Keinan Davis,34,764,4.1196826938539735,2,0.9795588235294117,0.485302935139866,0.2356020942408377,Aston Villa,764,1053,Keinan Davis,Aston Villa,9,25,116.0,648.0,1.442290716804564,0.31399030755791396,1.5517241379310345,0.0,1.6666666666666667,0.56,0.17901234567901234,1053,Keinan Davis,Aston Villa,18,16,562.0,202.0,0.27123807730597316,1.0808695198064393,0.0,0.8910891089108911,0.8888888888888888,0.8125,0.3594306049822064,1.0,-1.12830040924665,0.8096314425004661,-1.1066666666666667,-0.07638888888888884,-2.3249404187540508,1.6683011452776966,31.114582613605286,-41.7001292503044,-5.292773318349557,neutral
2328,Thomas Partey,95,6865,11.127233239822086,8,2.0332631578947367,0.14587778464442647,0.10487982520029134,Arsenal,6865,2328,Thomas Partey,Arsenal,31,64,2258.0,4607.0,0.14620346882924154,0.1457181590986673,0.11957484499557129,0.09767744736270893,2.3225806451612905,2.015625,0.49012372476665944,2328,Thomas Partey,Arsenal,42,53,3149.0,3716.0,0.11063830957476786,0.1757402999819816,0.057161003493172435,0.14531754574811626,2.3333333333333335,1.9433962264150944,0.8474165769644779,2.0332631578947367,-0.0004853097305742293,0.06510199040721373,-0.3069556451612905,-0.38993710691823913,-0.003326824106611983,0.44627761907612074,0.7960609106379999,-11.394699151270721,-5.299319120316361,neutral
7218,Cristian Romero,82,7013,6.864240251481531,7,1.7699999999999998,0.08809092009601281,0.08983316697561672,Tottenham Hotspur,7013,7218,Cristian Romero,Tottenham Hotspur,29,53,2416.0,4597.0,0.04990076280772586,0.10816214480963066,0.0,0.13704589949967372,1.9310344827586208,1.6037735849056605,0.5255601479225582,7218,Cristian Romero,Tottenham Hotspur,43,39,3636.0,3377.0,0.08863683642432238,0.08750313455567119,0.07425742574257425,0.10660349422564405,1.7209302325581395,1.7179487179487178,0.9287678767876788,1.7699999999999998,0.058261382001904796,-0.0011337018686511935,-0.3272608978529603,-0.0029815146094216427,0.5826138200190479,-0.011337018686511935,-11.137824588314645,0.4320641040419294,-5.352880242136358,neutral
8228,Nathaniel Phillips,19,1518,1.9756537992507213,2,1.5736842105263158,0.11713362446150521,0.11857707509881422,Liverpool,1518,8228,Nathaniel Phillips,Liverpool,6,13,451.0,1067.0,0.02655840105069448,0.15541799724339428,0.0,0.16869728209934395,1.8333333333333333,2.3846153846153846,0.422680412371134,8228,Nathaniel Phillips,Liverpool,6,13,348.0,1170.0,0.19570574726395562,0.09376345460231483,0.25862068965517243,0.07692307692307693,2.1666666666666665,2.230769230769231,0.29743589743589743,1.5736842105263158,0.1288595961926998,-0.10194229266164079,0.5512820512820513,0.06410256410256432,1.1001076487225767,-0.8703076774948008,-22.16438205162545,11.39338375534494,-5.385499148140254,neutral
1683,Ryan Fraser,81,4759,15.822693504393097,12,1.1093621399176954,0.29923143841045996,0.22693843244379072,Newcastle United,2705,1683,Ryan Fraser,Newcastle United,24,57,1416.0,3343.0,0.27664174724338664,0.3087997909957354,0.2542372881355932,0.2153754113072091,1.0416666666666667,1.0526315789473684,0.4235716422375112,1683,Ryan Fraser,Newcastle United,31,50,1392.0,3367.0,0.21781388939165597,0.33289144085601236,0.1939655172413793,0.24057024057024057,1.3548387096774193,0.86,0.41342441342441344,1.1093621399176954,0.032158043752348764,0.11507755146435639,0.010964912280701622,-0.4948387096774193,0.10746880048157616,0.3845770754425305,-2.914193376841297,-8.188277090458888,-5.551235233650092,neutral
11295,David Datro Fofana,18,941,5.937258887104689,5,0.89,0.5678568542395558,0.4782146652497343,Burnley,876,11295,David Datro Fofana,Burnley,5,13,199.0,742.0,0.7156439831283823,0.5282212226372964,0.0,0.6064690026954178,0.8,0.6153846153846154,0.26819407008086255,11295,David Datro Fofana,Burnley,7,11,272.0,669.0,0.3648820852600585,0.6503817229427296,0.0,0.6726457399103138,0.14285714285714285,1.0,0.40657698056801195,1.0,-0.18742276049108586,0.28549963768267106,-0.18461538461538463,0.8571428571428572,-0.3300528277360896,0.5027669130893864,6.691402298852216,-17.793887289462614,-5.551242495305199,neutral
6852,Matt Doherty,110,6686,18.229673529975113,17,1.5266818181818183,0.2453889646571583,0.22883637451390967,Wolverhampton Wanderers,3929,6852,Matt Doherty,Wolverhampton Wanderers,40,70,2452.0,4234.0,0.2809784931873638,0.22477830713328864,0.2936378466557912,0.1913084553613604,1.525,1.7142857142857142,0.5791213982050071,6852,Matt Doherty,Wolverhampton Wanderers,50,60,2857.0,3829.0,0.18124723982680055,0.2932481727638002,0.18900945047252363,0.2585531470357796,1.54,1.7333333333333334,0.7461478192739619,1.5266818181818183,-0.056200186054075146,0.11200093293699967,0.18928571428571428,0.19333333333333336,-0.2290249120721237,0.4564220444610465,5.363351903795436,-16.55985816398028,-5.598253130092422,neutral
681,César Azpilicueta,114,9018,16.808346690610048,14,1.5778801169590644,0.16774797096417216,0.13972055888223553,Chelsea,9018,681,César Azpilicueta,Chelsea,35,79,2597.0,6421.0,0.14703584692921826,0.17612507517204865,0.1386214863303812,0.14016508332035507,1.7714285714285714,1.6075949367088607,0.40445413486995796,681,César Azpilicueta,Chelsea,64,50,4992.0,4026.0,0.1495870083901816,0.19026648193520065,0.14423076923076922,0.13412816691505217,1.671875,1.64,0.8064903846153846,1.5778801169590644,0.02908922824283039,0.04067947354501905,-0.16383363471971069,-0.0318750000000001,0.17341031355332046,0.24250352067571315,-2.691538050720055,-8.513513847944765,-5.60252594933241,neutral
484,Divock Origi,64,1517,8.956476705148814,9,1.8809375,0.5313664492177939,0.5339485827290705,Liverpool,960,484,Divock Origi,Liverpool,14,50,266.0,1251.0,0.3261988124761141,0.5749912224977993,0.3383458646616541,0.5755395683453237,2.0,1.7,0.21262989608313348,484,Divock Origi,Liverpool,24,40,494.0,1023.0,0.3555059176963953,0.6162883481147351,0.5465587044534413,0.5278592375366569,1.9583333333333333,1.65,0.48289345063538613,1.8809375,0.24879241002168523,0.2607824304183398,-0.30000000000000004,-0.30833333333333335,0.46821249325757003,0.4907769973099141,-3.365889869697072,-8.028224418860075,-5.697057144278574,neutral
585,Seamus Coleman,117,8462,9.35397361218929,6,1.153062678062678,0.09948683822938266,0.0638147010163082,Everton,8462,585,Seamus Coleman,Everton,36,81,2762.0,5700.0,0.07451725412216802,0.11158613494940492,0.06517016654598116,0.06315789473684211,1.0555555555555556,1.2839506172839505,0.4845614035087719,585,Seamus Coleman,Everton,54,63,4395.0,4067.0,0.0962373377380212,0.10299840809895078,0.040955631399317405,0.08851733464470125,1.5,0.9682539682539683,0.9253697383390216,1.153062678062678,0.0370688808272369,0.006761070360929572,0.22839506172839497,-0.5317460317460317,0.370688808272369,0.06761070360929572,-11.864245388414117,0.46924936114998794,-5.697498013632065,neutral
614,Fernandinho,70,4514,6.512046718038616,6,2.3639047619047617,0.12983699703665827,0.11962782454585734,Manchester City,4514,614,Fernandinho,Manchester City,16,54,1149.0,3365.0,0.07518534930349949,0.14849813916010537,0.0783289817232376,0.1337295690936107,2.375,2.2962962962962963,0.3414561664190193,614,Fernandinho,Manchester City,28,42,1651.0,2863.0,0.10285117712519438,0.14539885127131663,0.054512416717141125,0.15717778553964373,2.25,2.357142857142857,0.5766678309465596,2.3639047619047617,0.07331278985660589,0.04254767414612225,-0.07870370370370372,0.1071428571428572,0.5646525376423078,0.32770069484978387,-5.595634783608261,-5.857287500048233,-5.726461141828247,neutral
7080,Matheus Cunha,49,3477,16.611712832003832,21,1.2110204081632652,0.42998393870588003,0.543572044866264,Wolverhampton Wanderers,3477,7080,Matheus Cunha,Wolverhampton Wanderers,18,31,1236.0,2241.0,0.2611086193643944,0.5231253464283593,0.36407766990291257,0.642570281124498,1.0555555555555556,1.4838709677419355,0.5515394912985274,7080,Matheus Cunha,Wolverhampton Wanderers,22,27,1605.0,1872.0,0.48483506938285914,0.382956126346611,0.5607476635514018,0.5288461538461539,1.1818181818181819,1.4444444444444444,0.8573717948717948,1.2110204081632652,0.2620167270639649,-0.10187894303624812,0.4283154121863799,0.26262626262626254,0.6093639866004181,-0.2369366245234009,-21.37743484253683,9.882831825405097,-5.747301508565866,neutral
9086,Rhys Williams,9,661,0.77544529736042,0,1.8777777777777775,0.10558256696284085,0.0,Liverpool,661,9086,Rhys Williams,Liverpool,2,7,93.0,568.0,0.0,0.12286985345499613,0.0,0.0,1.5,2.7142857142857144,0.1637323943661972,9086,Rhys Williams,Liverpool,1,8,90.0,571.0,0.0455790981650352,0.11504020652816922,0.0,0.0,3.0,2.375,0.15761821366024517,1.8777777777777775,0.12286985345499613,0.06946110836313402,1.2142857142857144,-0.625,1.163732394366197,0.6578842545813499,-8.161789775657025,-3.3409193084656357,-5.75135454206133,neutral
1042,Tom Davies,89,4380,6.047773987054822,3,1.1658426966292135,0.12426932850112649,0.06164383561643835,Everton,4186,1042,Tom Davies,Everton,26,63,1080.0,3300.0,0.13783105299808082,0.1198309459384869,0.08333333333333334,0.05454545454545454,0.8461538461538461,1.4285714285714286,0.32727272727272727,1042,Tom Davies,Everton,36,53,1722.0,2658.0,0.09750877803950875,0.14160629911621517,0.05226480836236934,0.06772009029345372,1.3611111111111112,1.1886792452830188,0.6478555304740407,1.1658426966292135,-0.01800010705959393,0.04409752107670642,0.5824175824175825,-0.17243186582809233,-0.14484754425490245,0.3548544247288395,1.2113397950541618,-12.845213830643704,-5.816937017794771,neutral
6954,Juan Camilo Hernández,25,1125,4.364074168726801,7,0.7776,0.3491259334981441,0.56,Watford,1125,6954,Juan Camilo Hernández,Watford,8,17,285.0,840.0,0.6154625039351612,0.25876173995701324,1.263157894736842,0.3214285714285714,1.25,0.4117647058823529,0.3392857142857143,6954,Juan Camilo Hernández,Watford,10,15,461.0,664.0,0.18869065798802898,0.4605124726700764,0.39045553145336226,0.677710843373494,0.6,0.7333333333333333,0.6942771084337349,1.0,-0.356700763978148,0.2718218146820474,-0.8382352941176471,0.1333333333333333,-1.0216965563231188,0.7785781249718947,27.10930581771609,-38.764130661912205,-5.827412422098057,neutral
554,Juan Mata,35,1483,5.795847158879041,5,1.5995238095238096,0.3517371842880065,0.30343897505057316,Manchester United,1483,554,Juan Mata,Manchester United,9,26,304.0,1179.0,0.16295044603267383,0.4004150201061754,0.0,0.38167938931297707,1.4444444444444444,1.5384615384615385,0.2578456318914334,554,Juan Mata,Manchester United,18,17,808.0,675.0,0.3264922890258897,0.3819562589128812,0.3341584158415841,0.26666666666666666,1.6666666666666667,1.3529411764705883,0.8353960396039604,1.5995238095238096,0.23746457407350158,0.05546396988699148,0.09401709401709413,-0.3137254901960784,0.6751193353474475,0.1576858301156381,-7.769674267986846,-4.1263893034874455,-5.948031785737146,neutral
8778,Fabio Silva,62,2156,11.610147274099289,7,1.1606451612903226,0.48465364316741,0.2922077922077922,Wolverhampton Wanderers,2156,8778,Fabio Silva,Wolverhampton Wanderers,17,45,643.0,1513.0,0.4045455096489395,0.5186982762489544,0.0,0.4163912756113682,0.8823529411764706,1.2444444444444445,0.4249834765366821,8778,Fabio Silva,Wolverhampton Wanderers,23,39,617.0,1539.0,0.4311671784537054,0.5060968847063025,0.1458670988654781,0.3508771929824561,1.0,1.2307692307692308,0.400909681611436,1.1606451612903226,0.11415276660001489,0.07492970625259715,0.3620915032679739,0.23076923076923084,0.23553473332827918,0.15460464871965232,-7.362900592616197,-4.5353665344635195,-5.949133563539858,neutral
703,Fikayo Tomori,16,1342,0.6828524908050889,1,1.8373958333333333,0.04579487643253204,0.06706408345752608,Chelsea,1342,703,Fikayo Tomori,Chelsea,4,12,287.0,1055.0,0.074933309867355,0.03786811776353281,0.313588850174216,0.0,1.5,1.9166666666666667,0.2720379146919431,703,Fikayo Tomori,Chelsea,8,8,673.0,669.0,0.02311682725743142,0.06860851932467363,0.1337295690936107,0.0,2.0,1.625,0.9940564635958395,1.8373958333333333,-0.037065192103822184,0.04549169206724221,0.41666666666666674,-0.375,-0.3706519210382218,0.4549169206724221,3.2245120395974993,-15.199340899994706,-5.987414430198603,neutral
10744,Ryan Christie,69,4831,13.189524715766307,7,1.2205797101449276,0.2457166682713657,0.13040778306768785,Bournemouth,4831,10744,Ryan Christie,Bournemouth,24,45,1584.0,3247.0,0.2554079373790458,0.24098892873746816,0.11363636363636365,0.13858946720049276,1.1666666666666667,1.1555555555555554,0.4878349245457345,10744,Ryan Christie,Bournemouth,39,30,2698.0,2133.0,0.22133884574524815,0.27655181368883647,0.13343217197924387,0.12658227848101267,0.9230769230769231,1.4666666666666666,0.7905856189770201,1.2205797101449276,-0.014419008641577663,0.05521296794358832,-0.011111111111111294,0.5435897435897434,-0.05868144291153066,0.2247017604951894,1.6861527949775679,-13.708863770568378,-6.011355487795405,neutral
6963,Justin Kluivert,32,2029,8.966199649497865,8,1.326875,0.3977121579373129,0.35485460818137016,Bournemouth,2029,6963,Justin Kluivert,Bournemouth,11,21,738.0,1291.0,0.399527731919434,0.39667428528138315,0.4878048780487805,0.278853601859024,1.3636363636363635,1.1428571428571428,0.5716498838109992,6963,Justin Kluivert,Bournemouth,15,17,884.0,1145.0,0.3660025953091849,0.42219360192269734,0.40723981900452494,0.314410480349345,0.5333333333333333,1.8235294117647058,0.7720524017467248,1.326875,-0.0028534466380508716,0.05619100661351245,-0.22077922077922074,1.2901960784313724,-0.007174652776143267,0.14128561446283278,1.167541342533324,-13.26167323165475,-6.047065944560713,neutral
766,Jamaal Lascelles,92,7041,4.21696853265166,5,1.21125,0.05390245248383034,0.06391137622496805,Newcastle United,7041,766,Jamaal Lascelles,Newcastle United,32,60,2629.0,4412.0,0.06766971337444973,0.045698887460838875,0.13693419551160138,0.02039891205802357,1.21875,1.2,0.5958748866727108,766,Jamaal Lascelles,Newcastle United,41,51,3251.0,3790.0,0.03146520931524647,0.07314875262659187,0.0,0.11873350923482849,1.2682926829268293,1.1568627450980393,0.8577836411609499,1.21125,-0.021970825913610853,0.041683543311345404,-0.018750000000000044,-0.11142993782878996,-0.21970825913610853,0.416835433113454,7.65822986354282,-19.874505934048326,-6.108138035252753,neutral
534,Aaron Cresswell,137,11294,20.934129829518493,17,1.3416058394160584,0.16682058479340042,0.13547016114751195,West Ham United,11294,534,Aaron Cresswell,West Ham United,43,94,3627.0,7667.0,0.17940797944721892,0.16086591146492776,0.07444168734491315,0.16434068083996348,1.2325581395348837,1.372340425531915,0.4730663884178949,534,Aaron Cresswell,West Ham United,65,72,5340.0,5954.0,0.14290594941612036,0.18826904850093745,0.10112359550561799,0.1662747732616728,1.1846153846153846,1.4583333333333333,0.8968760497144777,1.3416058394160584,-0.01854206798229116,0.04536309908481709,0.13978228599703124,0.27371794871794863,-0.11114976011656268,0.2719274671108316,2.2506029645265486,-14.554853913058441,-6.152125474265946,neutral
2254,Mateo Kovacic,140,8700,17.709267316386097,16,1.7299880952380953,0.18319931706606307,0.16551724137931034,Chelsea,7160,2254,Mateo Kovacic,Chelsea,42,98,2662.0,6038.0,0.14407460795047916,0.20044840213822018,0.20285499624342598,0.14905597880092747,1.8571428571428572,1.816326530612245,0.4408744617422988,2254,Mateo Kovacic,Chelsea,67,73,4361.0,4339.0,0.16616778925951325,0.20031719970362097,0.18573721623480854,0.14519474533302604,1.8805970149253732,1.7808219178082192,0.9949552854849805,1.7299880952380953,0.05637379418774102,0.034149410444107714,-0.04081632653061229,-0.09977509711715404,0.30771836429615185,0.18640577372782005,-5.385362501429822,-6.930603232309404,-6.157982866869613,neutral
772,Moussa Sissoko,90,7251,11.45618086401373,6,1.2747037037037037,0.14219504589177157,0.07447248655357881,Tottenham Hotspur,4029,772,Moussa Sissoko,Tottenham Hotspur,30,60,2403.0,4848.0,0.20266066354172727,0.11222415496502991,0.11235955056179775,0.055693069306930694,1.3,1.1166666666666667,0.49566831683168316,772,Moussa Sissoko,Tottenham Hotspur,41,49,3469.0,3782.0,0.09517935337700134,0.18531969880920623,0.025944076102623236,0.11898466419883659,1.2926829268292683,1.0816326530612246,0.917239555790587,1.2747037037037037,-0.09043650857669736,0.0901403454322049,-0.18333333333333335,-0.21105027376804375,-0.636003230699971,0.6339204356023282,18.024573664457694,-30.411888038648044,-6.193657187095175,neutral
1748,Lys Mousset,41,1504,10.964909706264734,10,1.0620325203252032,0.6561448627419056,0.598404255319149,Sheffield United,1504,1748,Lys Mousset,Sheffield United,13,28,557.0,947.0,0.5983577380073883,0.6901336995709721,0.32315978456014366,0.7602956705385427,0.8461538461538461,1.25,0.5881731784582893,1748,Lys Mousset,Sheffield United,13,28,341.0,1163.0,0.5119051726922785,0.6984369816644532,0.7917888563049854,0.5417024935511607,1.3076923076923077,1.0357142857142858,0.293207222699914,1.0620325203252032,0.09177596156358381,0.1865318089721747,0.40384615384615385,-0.2719780219780219,0.13987149298109167,0.2842844919835133,-7.6590131146223195,-4.743112233928145,-6.201062674275232,neutral
10802,Lisandro Martínez,38,2779,0.8021584367379542,2,1.706842105263158,0.025978502809073722,0.06477150053976251,Manchester United,2779,10802,Lisandro Martínez,Manchester United,13,25,1044.0,1735.0,0.030963358083932548,0.02297897029786184,0.17241379310344826,0.0,1.3846153846153846,2.08,0.6017291066282421,10802,Lisandro Martínez,Manchester United,21,17,1645.0,1134.0,0.007238086499839918,0.05316367461567832,0.0547112462006079,0.07936507936507936,1.9523809523809523,1.7058823529411764,0.6893617021276596,1.706842105263158,-0.007984387786070708,0.045925588115838405,0.6953846153846155,-0.24649859943977592,-0.07984387786070707,0.459255881158384,-0.48113686709025,-11.988380244668265,-6.2347585558792575,neutral
6122,Douglas Luiz,175,14132,33.30179629661142,38,1.419,0.21208333333534024,0.2420039626379847,Aston Villa,14132,6122,Douglas Luiz,Aston Villa,40,135,3116.0,11016.0,0.1465578242689275,0.23061796353241193,0.25994865211810014,0.2369281045751634,1.825,1.2222222222222223,0.28286129266521426,6122,Douglas Luiz,Aston Villa,78,97,6180.0,7952.0,0.18992710655139192,0.22930233252105453,0.23300970873786409,0.24899396378269617,1.2564102564102564,1.443298969072165,0.7771629778672032,1.419,0.08406013926348443,0.039375225969662614,-0.6027777777777776,0.18688871266190854,0.39635429121896576,0.18565921871570928,-4.329038116709813,-8.141333949691965,-6.23518603320089,neutral
5612,Anwar El Ghazi,73,4074,21.420472213998433,20,1.0693835616438356,0.4732063081148402,0.4418262150220913,Aston Villa,4066,5612,Anwar El Ghazi,Aston Villa,17,56,901.0,3173.0,0.48773827838538814,0.4690798331026236,0.5993340732519422,0.39710053577056414,1.3529411764705883,0.9642857142857143,0.2839583989914907,5612,Anwar El Ghazi,Aston Villa,26,47,1513.0,2561.0,0.3672381763710281,0.5358106748967175,0.4163912756113682,0.45685279187817257,1.0,1.0851063829787233,0.5907848496680984,1.0693835616438356,-0.018658445282764557,0.1685724985256894,-0.388655462184874,0.0851063829787233,-0.039429832110852645,0.3562346816492128,1.7649140454534264,-14.246393775165753,-6.240739864856163,neutral
8756,Dara O&#039;Shea,61,4997,2.7352990657091127,7,0.7703825136612021,0.04926494214805286,0.12607564538723234,Burnley,2899,8756,Dara O&#039;Shea,Burnley,19,42,1555.0,3442.0,0.04936000232815357,0.04922199659893707,0.11575562700964631,0.13073794305636258,0.8947368421052632,0.5238095238095238,0.4517722254503196,8756,Dara O&#039;Shea,Burnley,17,44,1430.0,3567.0,0.02041772710667413,0.06082970735948308,0.1258741258741259,0.1261564339781329,0.11764705882352941,0.8409090909090909,0.40089711241940007,1.0,-0.0001380057292164963,0.04041198025280895,-0.37092731829573933,0.7232620320855615,-0.0013800572921649629,0.40411980252808943,1.7193896094569734,-14.240268935207537,-6.260439662875282,neutral
11055,Rasmus Højlund,30,2210,11.118343386799095,12,1.482,0.452783214847022,0.48868778280542985,Manchester United,2210,11055,Rasmus Højlund,Manchester United,7,23,498.0,1712.0,0.7151755026306015,0.3764564862744621,0.5421686746987953,0.4731308411214953,1.4285714285714286,1.6521739130434783,0.2908878504672897,11055,Rasmus Højlund,Manchester United,16,14,1161.0,1049.0,0.35805793002594344,0.5576221621084826,0.3875968992248062,0.6005719733079123,1.3125,1.9285714285714286,0.9035314384151594,1.482,-0.3387190163561394,0.19956423208253915,0.22360248447204967,0.6160714285714286,-0.7480820959111293,0.44075006656323207,9.839491929158925,-22.565861642292884,-6.3631848565669795,neutral
8456,Nathan Tella,33,1566,4.461546467617153,3,1.0424242424242425,0.25641071652972147,0.1724137931034483,Southampton,1566,8456,Nathan Tella,Southampton,5,28,218.0,1348.0,0.16551940975317705,0.2711097557561952,0.0,0.20029673590504452,1.2,0.8214285714285714,0.16172106824925817,8456,Nathan Tella,Southampton,13,20,509.0,1057.0,0.20369048912831977,0.28179822433228857,0.5304518664047151,0.0,1.0,0.8,0.4815515610217597,1.0424242424242425,0.10559034600301817,0.0781077352039688,-0.37857142857142856,-0.19999999999999996,0.4118016104478177,0.3046196206659524,-3.8847523121653835,-8.926500621075999,-6.405626466620691,neutral
1621,Marcos Alonso,59,4583,17.62128942739218,16,1.7685593220338982,0.34604321371706226,0.314204669430504,Chelsea,4583,1621,Marcos Alonso,Chelsea,19,40,1441.0,3142.0,0.2883306581211598,0.37251163911925683,0.31228313671061764,0.31508593252705286,1.8421052631578947,1.95,0.4586250795671547,1621,Marcos Alonso,Chelsea,31,28,2555.0,2028.0,0.30999635512085805,0.39145727866444974,0.28180039138943247,0.3550295857988166,1.8387096774193548,2.0,0.7937377690802349,1.7685593220338982,0.08418098099809701,0.08146092354359169,0.10789473684210527,0.16129032258064524,0.24326725004619365,0.2354067940491304,-4.695700366293958,-8.119496177895686,-6.4075982720948215,neutral
8323,Josh Brownhill,111,8808,10.054127441719169,12,0.9634234234234234,0.10273290982683075,0.1226158038147139,Burnley,8808,8323,Josh Brownhill,Burnley,32,79,2656.0,6152.0,0.10015721738630205,0.10384491228490036,0.2033132530120482,0.08777633289986997,1.03125,0.9620253164556962,0.4317295188556567,8323,Josh Brownhill,Burnley,45,66,3418.0,5390.0,0.0893382862294196,0.11122694015261021,0.07899356348741954,0.150278293135436,0.7333333333333333,1.1515151515151516,0.6341372912801484,1.0,0.003687694898598312,0.021888653923190615,-0.06922468354430378,0.4181818181818183,0.03589594517291865,0.2130637004255666,-0.7859503464909503,-12.109661504503825,-6.447805925497388,neutral
712,Jack Cork,70,5687,3.9723476441577064,1,1.173690476190476,0.06286465411890163,0.015825567082820468,Burnley,5687,712,Jack Cork,Burnley,24,46,1937.0,3750.0,0.06710668541125615,0.06067350355535743,0.04646360351058338,0.0,1.25,1.0869565217391304,0.5165333333333333,712,Jack Cork,Burnley,26,44,2038.0,3649.0,0.0346791681854586,0.07860650677232911,0.0,0.024664291586736095,1.0,1.2272727272727273,0.5585091805974239,1.173690476190476,-0.006433181855898723,0.04392733858687051,-0.16304347826086962,0.2272727272727273,-0.06433181855898723,0.43927338586870507,2.6993836832549465,-15.713695166598843,-6.507155741671948,neutral
11731,Andre Brooks,20,948,0.5868919771164652,0,0.692,0.055717592764221384,0.0,Sheffield United,948,11731,Andre Brooks,Sheffield United,8,12,366.0,582.0,0.03961433183218611,0.06584438572148067,0.0,0.0,0.0,0.4166666666666667,0.6288659793814433,11731,Andre Brooks,Sheffield United,6,14,189.0,759.0,0.06460167733686306,0.05350535036075725,0.0,0.0,0.0,0.35714285714285715,0.2490118577075099,1.0,0.026230053889294565,-0.011096326976105811,0.4166666666666667,0.35714285714285715,0.26230053889294563,-0.11096326976105811,-14.166906883912828,1.0448538325939378,-6.561026525659445,neutral
7699,Adam Webster,124,9829,8.440833582542833,7,1.2773655913978492,0.07728914665061094,0.06409604232373588,Brighton,9829,7699,Adam Webster,Brighton,37,87,2961.0,6868.0,0.11803265822354962,0.05972340148936002,0.09118541033434652,0.052417006406523005,1.2702702702702702,1.3908045977011494,0.43112987769365174,7699,Adam Webster,Brighton,63,61,5083.0,4746.0,0.05093035374819562,0.10551960268157957,0.017706079087153256,0.11378002528445007,1.4444444444444444,1.2622950819672132,0.9337005705292151,1.2773655913978492,-0.0583092567341896,0.05458924893338395,0.12053432743087922,-0.18214936247723124,-0.583092567341896,0.5458924893338395,13.36934744722009,-26.60027763692534,-6.615465094852626,neutral
5569,Rhian Brewster,40,1404,4.145542688667773,0,0.491,0.2657399159402419,0.0,Sheffield United,1404,5569,Rhian Brewster,Sheffield United,14,26,485.0,919.0,0.21378973462455658,0.29315649693927054,0.0,0.0,0.2857142857142857,0.7692307692307693,0.5277475516866159,5569,Rhian Brewster,Sheffield United,8,32,250.0,1154.0,0.2940969724953174,0.2595967061146189,0.0,0.0,0.0,0.75,0.21663778162911612,1.0,0.07936676231471396,-0.03450026638069853,0.4835164835164836,0.75,0.29866330782072464,-0.12982718933521736,-13.58506446743041,0.3439998382723604,-6.620532314579025,neutral
7693,Kenny McLean,68,5665,6.842204034328458,3,0.6315441176470589,0.10870227062481222,0.04766107678729038,Norwich City,5665,7693,Kenny McLean,Norwich City,21,47,1621.0,4044.0,0.0637431724375041,0.12672370933935884,0.05552128315854411,0.044510385756676554,0.8095238095238095,0.40425531914893614,0.40084075173095945,7693,Kenny McLean,Norwich City,31,37,2428.0,3237.0,0.11471473674797734,0.10419245667762506,0.03706754530477759,0.05560704355885079,0.25806451612903225,0.7567567567567568,0.7500772320049428,1.0,0.06298053690185473,-0.010522280070352288,-0.4052684903748734,0.49869224062772455,0.5793856608500217,-0.09679908257547003,-14.632415605260949,1.341898199593986,-6.645258702833481,neutral
8379,Alexis Mac Allister,131,9112,36.010526497848325,31,1.5716030534351144,0.3556790369629444,0.3061896400351185,Brighton,6451,8379,Alexis Mac Allister,Brighton,41,90,2914.0,6198.0,0.33163955593360206,0.3669812389183338,0.2779684282772821,0.3194578896418199,1.4878048780487805,1.6,0.4701516618263956,8379,Alexis Mac Allister,Brighton,66,65,4493.0,4619.0,0.3064543400486301,0.4035609514976953,0.28043623414199864,0.3312405282528686,1.6363636363636365,1.4923076923076923,0.9727213682615284,1.5716030534351144,0.035341682984731726,0.09710661144906518,0.11219512195121961,-0.14405594405594413,0.09936397513473283,0.27301752804504476,-2.4163969931912512,-10.937008459675624,-6.6767027264334375,neutral
7692,Tom Trybull,16,1159,0.594273091293871,0,0.653125,0.0461471770633722,0.0,Norwich City,1159,7692,Tom Trybull,Norwich City,3,13,143.0,1016.0,0.0,0.05264230139414212,0.0,0.0,0.3333333333333333,0.6923076923076923,0.140748031496063,7692,Tom Trybull,Norwich City,8,8,574.0,585.0,0.042294385836488854,0.04992752264325433,0.0,0.0,0.5,0.75,0.9811965811965812,1.0,0.05264230139414212,0.007633136806765473,0.358974358974359,0.25,0.5264230139414211,0.07633136806765473,-5.691759550085589,-7.6957168700143015,-6.693738210049945,neutral
1488,Remo Freuler,28,2178,0.825400298461317,0,0.901547619047619,0.0341074503496412,0.0,Nottingham Forest,2178,1488,Remo Freuler,Nottingham Forest,12,16,941.0,1237.0,0.03470714634539719,0.0336512547700079,0.0,0.0,0.75,0.875,0.7607113985448666,1488,Remo Freuler,Nottingham Forest,13,15,962.0,1216.0,0.019450721247683177,0.045702658734578384,0.0,0.0,0.9230769230769231,0.7333333333333333,0.7911184210526315,1.0,-0.001055891575389288,0.026251937486895208,0.125,-0.18974358974358985,-0.01055891575389288,0.26251937486895205,-0.3886291182627938,-13.036777442715373,-6.712703280489083,neutral
492,Héctor Bellerín,40,3262,3.9142308104783283,4,1.5135,0.10799533198744622,0.11036174126302882,Arsenal,3262,492,Héctor Bellerín,Arsenal,9,31,696.0,2566.0,0.12770688289712212,0.1026487850532551,0.12931034482758622,0.10522213561964147,1.5555555555555556,1.4516129032258065,0.2712392829306313,492,Héctor Bellerín,Arsenal,15,25,1189.0,2073.0,0.06521848264589739,0.13253063052439823,0.0,0.17366136034732274,1.4666666666666666,1.48,0.5735648818137964,1.5135,-0.02505809784386702,0.06731214787850084,-0.10394265232974909,0.01333333333333342,-0.23202945333581515,0.6232875684508795,3.0970720071026046,-16.584859963655617,-6.743893978276507,neutral
1389,Jorginho,144,9747,27.731341342441734,27,1.801238425925926,0.2560604002072182,0.24930747922437674,Chelsea,7991,1389,Jorginho,Chelsea,49,95,3379.0,6368.0,0.254219369519062,0.25703729133398956,0.2663509914175791,0.24026381909547737,2.0,1.894736842105263,0.5306218592964824,1389,Jorginho,Chelsea,73,71,4897.0,4850.0,0.21143899356639392,0.3011142204794073,0.22054318970798448,0.27835051546391754,1.904109589041096,1.9577464788732395,0.9904022871145599,1.801238425925926,0.002817921814927571,0.08967522691301336,-0.10526315789473695,0.05363688983214354,0.011004910609555999,0.3502112268841383,0.08315839501694695,-13.774256995671177,-6.845549300327115,neutral
9492,Crysencio Summerville,34,1515,5.354294400662183,6,0.9123529411764706,0.31807689508884257,0.3564356435643564,Leeds United,1515,9492,Crysencio Summerville,Leeds United,13,21,615.0,900.0,0.32954064238725633,0.3102433344349264,0.14634146341463414,0.5,0.7692307692307693,0.9047619047619048,0.6833333333333333,9492,Crysencio Summerville,Leeds United,19,15,712.0,803.0,0.2923592425663065,0.340880093838588,0.5056179775280899,0.22415940224159403,0.5263157894736842,1.2666666666666666,0.8866749688667497,1.0,-0.019297307952329923,0.04852085127228151,0.1355311355311355,0.7403508771929824,-0.060668688138885284,0.1525444067816654,1.9758561565139203,-16.03251740923068,-7.028330626358381,neutral
9733,Nathan Collins,77,6106,7.34473269432783,4,1.0589610389610389,0.10825842490820581,0.05895840157222404,Brentford,2647,9733,Nathan Collins,Brentford,26,51,1881.0,4225.0,0.10345090608419984,0.11039876642488163,0.04784688995215312,0.06390532544378698,1.1923076923076923,1.0196078431372548,0.445207100591716,9733,Nathan Collins,Brentford,40,37,3322.0,2784.0,0.09900294196069202,0.11930250333911127,0.027092113184828417,0.09698275862068965,0.925,1.2432432432432432,0.8380493678506924,1.0589610389610389,0.0069478603406817885,0.020299561378419248,-0.17269984917043746,0.31824324324324316,0.06417847245212555,0.18751022283606655,-1.162665837873622,-12.906077414866946,-7.034371626370284,neutral
6857,Morgan Gibbs-White,94,6865,31.518277987837788,29,1.0125354609929078,0.4132039357473271,0.3801893663510561,Nottingham Forest,6167,6857,Morgan Gibbs-White,Nottingham Forest,33,61,2440.0,4425.0,0.40115914582351186,0.4198455826205722,0.2213114754098361,0.46779661016949153,0.7272727272727273,1.0819672131147542,0.5514124293785311,6857,Morgan Gibbs-White,Nottingham Forest,49,45,3545.0,3320.0,0.37073065803421723,0.4585556735464158,0.3300423131170663,0.4337349397590362,1.1224489795918366,0.7777777777777778,0.9365303244005642,1.0125354609929078,0.018686436797060335,0.08782501551219857,0.3546944858420269,-0.34467120181405886,0.04522327882299512,0.21254641573865182,-3.655572655639233,-10.573438211013169,-7.114505433326201,neutral
10760,Brennan Johnson,73,5302,31.818411934189495,26,1.3112785388127852,0.54010884082932,0.4413428894756696,Nottingham Forest,3201,10760,Brennan Johnson,Nottingham Forest,25,48,1815.0,3487.0,0.42565387709081665,0.599683191040213,0.396694214876033,0.46458273587611126,1.28,1.2291666666666667,0.5205047318611987,10760,Brennan Johnson,Nottingham Forest,38,35,2766.0,2536.0,0.511700836507252,0.571093280874604,0.2928416485900217,0.6033123028391167,1.236842105263158,1.2571428571428571,0.9168474331164136,1.3112785388127852,0.1740293139493963,0.059392444367352026,-0.050833333333333286,0.020300751879699153,0.32221156328820655,0.10996384409512129,-8.751226219000124,-5.524022152201419,-7.137624185600771,neutral
7714,Ben Osborn,61,3536,5.950790761969982,3,0.7228415300546448,0.1514624345524034,0.07635746606334842,Sheffield United,3536,7714,Ben Osborn,Sheffield United,20,41,1110.0,2426.0,0.2031997352888857,0.1277903802170796,0.16216216216216217,0.03709810387469085,0.65,0.975609756097561,0.45754328112118714,7714,Ben Osborn,Sheffield United,21,40,1319.0,2217.0,0.08570341019834003,0.1905856429976039,0.0,0.12178619756427606,0.8571428571428571,0.875,0.5949481281010375,1.0,-0.0754093550718061,0.10488223279926386,0.32560975609756093,0.017857142857142905,-0.49787497008517817,0.6924636667118698,14.456148756362497,-28.944838097335428,-7.244344670486465,neutral
7709,John Fleck,65,5171,9.677374883554872,9,0.921076923076923,0.16843236115256982,0.15664281570295882,Sheffield United,5171,7709,John Fleck,Sheffield United,21,44,1583.0,3588.0,0.15152327912851965,0.1758925274970713,0.05685407454200884,0.20066889632107024,0.5238095238095238,1.1363636363636365,0.4411928651059086,7709,John Fleck,Sheffield United,17,48,1246.0,3925.0,0.13165262103959746,0.1801081716444841,0.0,0.20636942675159234,0.7058823529411765,1.0208333333333333,0.31745222929936306,1.0,0.024369248368551644,0.04845555060488663,0.6125541125541126,0.31495098039215674,0.14468269756354854,0.2876855152614912,-7.170853210353516,-7.3926674794378435,-7.28176034489568,neutral
6888,William Saliba,65,5838,4.554569569416343,6,2.270153846153846,0.07021433046376686,0.09249743062692703,Arsenal,5838,6888,William Saliba,Arsenal,26,39,2340.0,3498.0,0.05866843218413683,0.07793800169713856,0.07692307692307693,0.10291595197255575,2.6153846153846154,2.230769230769231,0.6689536878216124,6888,William Saliba,Arsenal,37,28,3318.0,2520.0,0.04677002801548075,0.10108266202067688,0.10849909584086799,0.07142857142857142,2.4864864864864864,2.25,0.759493670886076,2.270153846153846,0.01926956951300173,0.054312634005196134,-0.3846153846153846,-0.2364864864864864,0.1926956951300173,0.5431263400519613,-2.8414003410098223,-11.928253845782747,-7.384827093396284,neutral
11384,João Gomes,45,3340,3.5108079696074115,4,1.2142222222222223,0.09460260995948115,0.10778443113772455,Wolverhampton Wanderers,3340,11384,João Gomes,Wolverhampton Wanderers,17,28,1235.0,2105.0,0.09818352241566786,0.0925016945754476,0.0728744939271255,0.12826603325415678,1.0588235294117647,1.4285714285714286,0.5866983372921615,11384,João Gomes,Wolverhampton Wanderers,21,24,1634.0,1706.0,0.08407494137599386,0.10468596896617412,0.055079559363525085,0.1582649472450176,1.0476190476190477,1.5,0.9577960140679953,1.2142222222222223,-0.005681827840220255,0.020611027590180256,0.3697478991596639,0.45238095238095233,-0.05681827840220255,0.20611027590180256,0.13519641059063572,-14.949239478825508,-7.407021534117436,neutral
10847,Rico Lewis,30,1706,4.199914429336786,2,2.253333333333333,0.22156641186419154,0.10550996483001172,Manchester City,1706,10847,Rico Lewis,Manchester City,14,16,667.0,1039.0,0.08679855651204013,0.3080824460507988,0.0,0.17324350336862368,2.0714285714285716,2.4375,0.641963426371511,10847,Rico Lewis,Manchester City,16,14,860.0,846.0,0.23852297977739295,0.2043292388082184,0.20930232558139533,0.0,2.375,2.142857142857143,0.9837209302325581,2.253333333333333,0.2212838895387587,-0.034193740969174546,0.3660714285714284,-0.2321428571428572,0.9987248864886342,-0.15432727678116437,-20.960140914992408,5.729594348979528,-7.61527328300644,neutral
9290,Mbaye Diagne,16,1205,7.2339265290647745,5,0.98375,0.540293267730979,0.37344398340248963,West Bromwich Albion,1205,9290,Mbaye Diagne,West Bromwich Albion,5,11,415.0,790.0,0.2742668219718588,0.680041337338618,0.2168674698795181,0.45569620253164556,1.6,0.6363636363636364,0.5253164556962026,9290,Mbaye Diagne,West Bromwich Albion,2,14,147.0,1058.0,0.9288249354885548,0.48631013430908515,0.0,0.42533081285444235,0.5,1.0,0.1389413988657845,1.0,0.40577451536675924,-0.4425148011794697,-0.9636363636363637,0.5,0.7510264139896726,-0.8190270499535545,-22.554716983935545,7.271066487733529,-7.641825248101008,neutral
10756,Joe Worrall,37,2650,1.6895596552640195,1,1.0384684684684684,0.0573812713108535,0.033962264150943396,Nottingham Forest,2650,10756,Joe Worrall,Nottingham Forest,15,22,1170.0,1480.0,0.051948210654350416,0.061676326019034985,0.0,0.060810810810810814,0.9333333333333333,1.3636363636363635,0.7905405405405406,10756,Joe Worrall,Nottingham Forest,23,14,1700.0,950.0,0.04932381311321959,0.07179988071714576,0.0,0.09473684210526316,1.3043478260869565,1.0,0.5588235294117647,1.0384684684684684,0.00972811536468457,0.02247606760392617,0.4303030303030302,-0.30434782608695654,0.0972811536468457,0.22476067603926167,-8.459619982360188,-6.828653685592978,-7.644136833976583,neutral
6477,Cenk Tosun,16,506,2.6098033236339684,2,1.19375,0.4641942670495201,0.3557312252964427,Everton,329,6477,Cenk Tosun,Everton,4,12,131.0,375.0,0.31964688789355383,0.5146894848346709,0.0,0.48,0.25,1.3333333333333333,0.34933333333333333,6477,Cenk Tosun,Everton,3,13,54.0,452.0,0.25630515844871565,0.4890305764841294,0.0,0.39823008849557523,1.0,1.0769230769230769,0.11946902654867257,1.19375,0.19504259694111709,0.23272541803541374,1.0833333333333333,0.07692307692307687,0.4201745062058468,0.5013534947655582,-11.777266347949528,-3.589222391238051,-7.6832443695937895,neutral
4105,Raúl Jiménez,121,9009,49.095879593864076,45,1.2963223140495868,0.4904683276110297,0.44955044955044954,Wolverhampton Wanderers,7586,4105,Raúl Jiménez,Wolverhampton Wanderers,41,80,2893.0,6116.0,0.5621983386309624,0.4565384842688674,0.49775319737296925,0.4267495094833224,1.1951219512195121,1.3875,0.47302158273381295,4105,Raúl Jiménez,Wolverhampton Wanderers,60,61,4598.0,4411.0,0.40180371423657424,0.5828917899315345,0.39147455415398,0.510088415325323,1.25,1.3934426229508197,0.9593301435406698,1.2963223140495868,-0.10565985436209496,0.18108807569496022,0.1923780487804878,0.14344262295081966,-0.21542645755892612,0.3692146169295028,4.80058525228502,-20.18787907834477,-7.693646913029875,neutral
6736,Ibrahima Diallo,63,2828,2.867173302918671,2,1.093015873015873,0.09124667512824623,0.06364922206506365,Southampton,2828,6736,Ibrahima Diallo,Southampton,14,49,580.0,2248.0,0.059143220363505895,0.0995295949518892,0.0,0.08007117437722419,0.8571428571428571,1.1020408163265305,0.2580071174377224,6736,Ibrahima Diallo,Southampton,25,38,921.0,1907.0,0.07037012983441154,0.10132915977199125,0.09771986970684039,0.04719454640797063,1.24,0.9210526315789473,0.48295752490823285,1.093015873015873,0.04038637458838331,0.030959029937579707,0.2448979591836734,-0.31894736842105265,0.40386374588383306,0.3095902993757971,-7.251344490726081,-8.166347291585474,-7.708845891155777,neutral
11486,Illia Zabarnyi,42,3620,2.1196973901242013,1,1.2866666666666666,0.052699658870491196,0.024861878453038673,Bournemouth,3620,11486,Illia Zabarnyi,Bournemouth,16,26,1351.0,2269.0,0.03938939063902875,0.06062481196908342,0.0,0.03966505068312032,0.9375,1.2692307692307692,0.5954164830321728,11486,Illia Zabarnyi,Bournemouth,23,19,1999.0,1621.0,0.05107637692341631,0.05470147294341081,0.04502251125562781,0.0,0.7391304347826086,1.631578947368421,0.8109054527263632,1.2866666666666666,0.02123542133005467,0.0036250960199945004,0.33173076923076916,0.8924485125858124,0.21235421330054668,0.036250960199945004,-8.41393025760831,-7.223814048048808,-7.818872152828559,neutral
791,Alexander Tettey,30,2372,1.1670554280281058,2,0.5991666666666666,0.044281192463123745,0.07588532883642496,Norwich City,2372,791,Alexander Tettey,Norwich City,10,20,757.0,1615.0,0.07297241762575728,0.0308327358389048,0.11889035667107001,0.05572755417956657,0.8,0.6,0.46873065015479876,791,Alexander Tettey,Norwich City,14,16,1027.0,1345.0,0.014437727989246201,0.06706873002050087,0.0,0.13382899628252787,0.5,0.8125,0.7635687732342007,1.0,-0.04213968178685248,0.05263100203125467,-0.20000000000000007,0.3125,-0.42139681786852473,0.5263100203125467,14.76397360919698,-30.517325174921172,-7.876675782862096,neutral
6049,Solly March,111,7855,31.83128587901592,23,1.3682282282282283,0.3647123779899978,0.2635264162953533,Brighton,7855,6049,Solly March,Brighton,33,78,2373.0,5482.0,0.4365513050356495,0.33361537436370603,0.2654867256637168,0.26267785479751915,1.2424242424242424,1.3076923076923077,0.43287121488507846,6049,Solly March,Brighton,57,54,4021.0,3834.0,0.276100473639177,0.45764625054989616,0.22382491917433472,0.30516431924882625,1.4385964912280702,1.1296296296296295,0.953494155682666,1.3682282282282283,-0.10293593067194345,0.18154577691071916,0.06526806526806528,-0.30896686159844067,-0.28223865402990644,0.4977779419257825,6.044008153283453,-22.12935203262793,-8.042671939672239,neutral
11701,Zeki Amdouni,34,2025,7.595238169655202,6,0.7523529411764706,0.33756614087356457,0.26666666666666666,Burnley,2025,11701,Zeki Amdouni,Burnley,11,23,649.0,1376.0,0.3136271613726079,0.3488571275713268,0.13867488443759632,0.3270348837209302,0.7272727272727273,0.5652173913043478,0.47165697674418605,11701,Zeki Amdouni,Burnley,15,19,841.0,1184.0,0.2976016041586854,0.36595311332053526,0.1070154577883472,0.3800675675675676,0.3333333333333333,0.8421052631578947,0.7103040540540541,1.0,0.03522996619871893,0.06835150916184984,-0.1620553359683795,0.5087719298245614,0.10436463238744764,0.20248330885605884,-2.6813561910806416,-13.68155770454455,-8.181456947812595,neutral
982,Tim Krul,65,5850,0.4792070090770721,0,0.5665384615384614,0.007372415524262647,0.0,Norwich City,5850,982,Tim Krul,Norwich City,21,44,1890.0,3960.0,0.0,0.010891068388115275,0.0,0.0,0.8095238095238095,0.4772727272727273,0.4772727272727273,982,Tim Krul,Norwich City,32,33,2880.0,2970.0,0.0,0.014521424517487032,0.0,0.0,0.34375,0.8181818181818182,0.9696969696969697,1.0,0.010891068388115275,0.014521424517487032,-0.33225108225108224,0.47443181818181823,0.10891068388115274,0.1452142451748703,-2.052863137103801,-14.457517909390646,-8.255190523247224,neutral
620,Kelechi Iheanacho,99,4784,37.2540115956217,41,1.4256565656565656,0.7008488803524149,0.7713210702341137,Leicester City,4784,620,Kelechi Iheanacho,Leicester City,35,64,1976.0,2808.0,0.607345676160821,0.7666474314502033,0.6376518218623481,0.8653846153846154,1.2571428571428571,1.046875,0.7037037037037037,620,Kelechi Iheanacho,Leicester City,38,61,1478.0,3306.0,0.5206387035526002,0.7814147125696341,0.6089309878213802,0.8439201451905626,0.8157894736842105,1.3114754098360655,0.4470659407138536,1.4256565656565656,0.15930175528938229,0.2607760090170339,-0.21026785714285712,0.49568593615185497,0.22729829461849035,0.3720859322567588,-6.815724880355067,-9.722067460344856,-8.268896170349961,neutral
1823,Lucas Digne,155,12073,24.745594078674905,23,1.4708924731182795,0.18446976452254962,0.17145697009856706,Everton,6897,1823,Lucas Digne,Everton,41,114,3393.0,8680.0,0.18376281885158474,0.18474610860798557,0.1856763925729443,0.16589861751152074,1.6585365853658536,1.368421052631579,0.3908986175115207,1823,Lucas Digne,Everton,76,79,6184.0,5889.0,0.1506914648171369,0.21994013391943737,0.17464424320827943,0.16811003565970453,1.4210526315789473,1.4683544303797469,0.9522962483829237,1.4708924731182795,0.0009832897564008292,0.06924866910230046,-0.2901155327342746,0.047301798800799544,0.005330357302432788,0.3753930584859368,0.671839426524524,-17.319030323102076,-8.323595448288776,neutral
699,Gary Cahill,45,3967,3.400407786481081,3,1.1834074074074072,0.07714562661540139,0.06806150743634988,Crystal Palace,3967,699,Gary Cahill,Crystal Palace,13,32,1170.0,2797.0,0.015829738229513148,0.10279438936530816,0.0,0.09653199856989632,0.8461538461538461,1.28125,0.4183053271362174,699,Gary Cahill,Crystal Palace,15,30,1267.0,2700.0,0.08753066823686209,0.07227234967673815,0.0,0.1,1.4666666666666666,1.0,0.46925925925925926,1.1834074074074072,0.08696465113579502,-0.01525831856012394,0.43509615384615385,-0.46666666666666656,0.8696465113579501,-0.1525831856012394,-23.055858877315742,6.085775349787366,-8.485041763764189,neutral
11719,Chiedozie Ogbene,30,1984,8.275624338537455,5,0.8733333333333333,0.3754063460022031,0.22681451612903225,Luton Town,1984,11719,Chiedozie Ogbene,Luton Town,11,19,632.0,1352.0,0.31961841529376706,0.4014847278126553,0.14240506329113925,0.2662721893491124,1.0909090909090908,0.5263157894736842,0.46745562130177515,11719,Chiedozie Ogbene,Luton Town,12,18,681.0,1303.0,0.31459545224314217,0.4071885552500315,0.13215859030837004,0.2762854950115119,0.3333333333333333,1.0,0.5226400613967767,1.0,0.08186631251888826,0.09259310300688933,-0.5645933014354066,0.6666666666666667,0.21807386420262548,0.24664767655884526,-4.4965666325831215,-12.507824053384613,-8.502195342983867,neutral
935,Kurt Zouma,134,11286,10.411444704048334,11,1.509689054726368,0.08302587483292133,0.08771929824561403,West Ham United,6922,935,Kurt Zouma,West Ham United,43,91,3582.0,7704.0,0.07027777108415284,0.08895314737031601,0.05025125628140704,0.10514018691588785,1.6511627906976745,1.4285714285714286,0.4649532710280374,935,Kurt Zouma,West Ham United,70,64,5872.0,5414.0,0.0683048989180328,0.09899217896521266,0.09196185286103542,0.08311784263021796,1.457142857142857,1.546875,0.9220027247956403,1.509689054726368,0.01867537628616317,0.030687280047179855,-0.22259136212624586,0.08973214285714293,0.1867537628616317,0.30687280047179855,-3.3406073054122776,-13.667027532333012,-8.503817418872645,neutral
725,Ola Aina,53,4413,3.4279899606481177,5,0.8921698113207547,0.06991141999962171,0.10197144799456152,Fulham,2683,725,Ola Aina,Fulham,10,43,856.0,3557.0,0.027223410189291006,0.08018438496943983,0.0,0.12651110486364914,0.6,0.9767441860465116,0.24065223502951927,725,Ola Aina,Fulham,15,38,1272.0,3141.0,0.050873077377887786,0.07762131233163239,0.07075471698113207,0.11461318051575932,0.9333333333333333,0.8947368421052632,0.4049665711556829,1.0,0.05296097478014883,0.0267482349537446,0.3767441860465116,-0.038596491228070184,0.5296097478014883,0.267482349537446,-9.828267169194072,-7.426195808466455,-8.627231488830263,neutral
8430,Chris Richards,35,2517,2.4616867555305357,2,1.2137142857142855,0.08802217242659842,0.07151370679380215,Crystal Palace,2517,8430,Chris Richards,Crystal Palace,13,22,941.0,1576.0,0.031839758553616405,0.12156763654745886,0.0,0.11421319796954314,0.9230769230769231,1.5,0.5970812182741116,8430,Chris Richards,Crystal Palace,13,22,687.0,1830.0,0.13908013933252816,0.06885450944060183,0.13100436681222707,0.04918032786885246,1.5384615384615385,1.1363636363636365,0.37540983606557377,1.2137142857142855,0.08972787799384246,-0.07022562989192634,0.5769230769230769,-0.4020979020979021,0.8972787799384246,-0.7022562989192633,-33.73700162563297,16.448590787633897,-8.644205418999537,neutral
5256,Oliver Burke,25,1272,5.2242108043283215,2,0.48960000000000004,0.36963755691002276,0.14150943396226415,Sheffield United,1272,5256,Oliver Burke,Sheffield United,6,19,259.0,1013.0,0.20550913173834784,0.411601290492909,0.0,0.17769002961500494,0.5,0.6842105263157895,0.25567620927936824,5256,Oliver Burke,Sheffield United,2,23,123.0,1149.0,0.09550902538183259,0.39898290884907184,0.0,0.1566579634464752,0.0,0.6956521739130435,0.10704960835509138,1.0,0.20609215875456116,0.30347388346723925,0.1842105263157895,0.6956521739130435,0.5575519989835019,0.8210039207166141,-10.4496772011143,-6.896863299637154,-8.673270250375726,neutral
8224,William Smallbone,16,711,0.6317950971424575,2,1.2425,0.079974062929425,0.25316455696202533,Southampton,711,8224,William Smallbone,Southampton,4,12,207.0,504.0,0.021953391640082608,0.10380398149469064,0.0,0.3571428571428571,0.25,1.5,0.4107142857142857,8224,William Smallbone,Southampton,12,4,504.0,207.0,0.0805263746795909,0.07862930388554282,0.3571428571428571,0.0,1.5833333333333333,0.0,0.4107142857142857,1.2425,0.08185058985460802,-0.001897070794048078,1.25,-1.5833333333333333,0.8185058985460802,-0.01897070794048078,-23.071205758252216,5.672743697195181,-8.699231030528518,neutral
802,Diego Costa,23,1254,3.5834316965192547,1,1.1217391304347826,0.25718409305162115,0.07177033492822966,Wolverhampton Wanderers,1254,802,Diego Costa,Wolverhampton Wanderers,10,13,497.0,757.0,0.16568606490760254,0.317256114171274,0.0,0.11889035667107001,1.4,1.1538461538461537,0.6565389696169088,802,Diego Costa,Wolverhampton Wanderers,12,11,739.0,515.0,0.28603844848714755,0.2157794936985066,0.0,0.17475728155339806,0.75,1.8181818181818181,0.6968876860622463,1.1217391304347826,0.15157004926367143,-0.07025895478864094,-0.24615384615384617,1.0681818181818181,0.5893445720737044,-0.27318546009196143,-22.704781219336315,5.244127716672095,-8.730326751332111,neutral
6854,Diogo Jota,131,8140,64.8376312982291,60,1.9753816793893129,0.7168779873268574,0.6633906633906634,Liverpool,5811,6854,Diogo Jota,Liverpool,39,92,2392.0,5748.0,0.4810848839995279,0.8150020484192324,0.4138795986622074,0.7672233820459291,1.564102564102564,2.1739130434782608,0.41614474599860823,6854,Diogo Jota,Liverpool,62,69,3852.0,4288.0,0.6037246703091904,0.8185259764014966,0.6308411214953271,0.6926305970149254,2.0,1.9855072463768115,0.898320895522388,1.9753816793893129,0.3339171644197045,0.2148013060923062,0.6098104793756967,-0.01449275362318847,0.465793580389931,0.2996344006785195,-8.15352446692259,-9.472375785083667,-8.812950126003129,neutral
9356,Carney Chukwuemeka,37,824,2.835472926497458,3,1.3345945945945945,0.30969971284559616,0.3276699029126214,Chelsea,542,9356,Carney Chukwuemeka,Chelsea,12,25,271.0,553.0,0.14718384801571655,0.38934130302443415,0.0,0.488245931283906,1.75,1.32,0.49005424954792043,9356,Carney Chukwuemeka,Chelsea,20,17,593.0,231.0,0.32110157747820484,0.2804299910830985,0.30354131534569984,0.38961038961038963,1.15,1.8235294117647058,0.38954468802698144,1.3345945945945945,0.2421574550087176,-0.04067158639510632,-0.42999999999999994,0.6735294117647059,0.7819104925339326,-0.13132587699680412,-18.51893151771449,0.7173060665537155,-8.900812725580387,neutral
6923,Mohammed Salisu,68,5781,5.205446520820258,1,0.936470588235294,0.08103964484930345,0.015568240788790867,Southampton,5781,6923,Mohammed Salisu,Southampton,18,50,1476.0,4305.0,0.06934537944134048,0.08504910727489076,0.0,0.020905923344947737,0.7222222222222222,1.02,0.34285714285714286,6923,Mohammed Salisu,Southampton,37,31,3239.0,2542.0,0.07127883641366126,0.09347680398504109,0.02778635381290522,0.0,0.8918918918918919,1.0,0.7848101265822784,1.0,0.015703727833550285,0.02219796757137983,0.2977777777777778,0.10810810810810811,0.15703727833550285,0.2219796757137983,-4.7898470610044495,-13.04327619778369,-8.91656162939407,neutral
1676,David Luiz,53,4228,3.551234310492872,4,1.5427358490566039,0.0755939186244935,0.08514664143803216,Arsenal,4228,1676,David Luiz,Arsenal,17,36,1315.0,2913.0,0.08875611240306279,0.06965217992939612,0.13688212927756654,0.061791967044284246,1.1176470588235294,1.5833333333333333,0.45142464812907657,1676,David Luiz,Arsenal,20,33,1502.0,2726.0,0.022627803547860908,0.10477774285233726,0.05992010652463382,0.09904622157006603,1.45,1.4242424242424243,0.5509904622157007,1.5427358490566039,-0.019103932473666665,0.08214993930447635,0.4656862745098038,-0.025757575757575646,-0.19103932473666665,0.8214993930447635,2.5503831862592437,-20.445989735327704,-8.94780327453423,neutral
11356,Enzo Fernández,46,3796,12.454853180795906,7,1.2578260869565216,0.29529420080917584,0.16596417281348788,Chelsea,3796,11356,Enzo Fernández,Chelsea,17,29,1404.0,2392.0,0.20024141947476137,0.35108605072285387,0.12820512820512822,0.18812709030100333,1.2352941176470589,1.206896551724138,0.5869565217391305,11356,Enzo Fernández,Chelsea,21,25,1845.0,1951.0,0.29616794003764296,0.2944679328048079,0.04878048780487805,0.2767811378780113,1.0952380952380953,1.32,0.9456688877498719,1.2578260869565216,0.1508446312480925,-0.001700007232835088,-0.028397565922920975,0.22476190476190472,0.5108282886515976,-0.0057569949839064456,-16.553717987423624,-1.3868440557178237,-8.970281021570724,neutral
6885,Axel Disasi,31,2586,2.8739296719431873,2,1.501290322580645,0.10002075424396242,0.06960556844547564,Chelsea,2586,6885,Axel Disasi,Chelsea,6,25,540.0,2046.0,0.04374145747472839,0.114874527584816,0.0,0.08797653958944282,2.1666666666666665,1.36,0.26392961876832843,6885,Axel Disasi,Chelsea,16,15,1325.0,1261.0,0.09001343199666939,0.11053598182339407,0.06792452830188679,0.07137192704203013,1.375,1.6666666666666667,0.9516981132075472,1.501290322580645,0.07113307011008761,0.020522549826724676,-0.8066666666666664,0.29166666666666674,0.7111831004251944,0.20518291410468426,-7.333776482944729,-10.953803785508939,-9.143790134226833,neutral
524,Adrian Mariappa,20,1503,0.4150654971599576,0,1.101,0.024854221386823805,0.0,Watford,1503,524,Adrian Mariappa,Watford,8,12,690.0,813.0,0.020873712456744638,0.028232513098699116,0.0,0.0,0.5,1.0,0.8487084870848709,524,Adrian Mariappa,Watford,7,13,436.0,1067.0,0.00646076173683918,0.032370199275664764,0.0,0.0,0.14285714285714285,1.1538461538461537,0.408622305529522,1.101,0.007358800641954478,0.025909437538825585,0.5,1.010989010989011,0.07358800641954477,0.25909437538825586,-7.8250463461753,-10.483331949877426,-9.154189148026363,neutral
318,Pierre-Emerick Aubameyang,94,7065,43.887331925332546,44,1.4768617021276595,0.5590742920424528,0.5605095541401274,Arsenal,6523,318,Pierre-Emerick Aubameyang,Arsenal,28,66,2003.0,5062.0,0.5192692215539071,0.5748248957936494,0.44932601098352476,0.6045041485578823,1.3214285714285714,1.5151515151515151,0.39569340181746343,318,Pierre-Emerick Aubameyang,Arsenal,45,49,3570.0,3495.0,0.45772947385093243,0.662593891740229,0.5798319327731092,0.5407725321888412,1.5333333333333334,1.3877551020408163,0.9789915966386554,1.4768617021276595,0.05555567423974228,0.20486441788929655,0.19372294372294374,-0.14557823129251712,0.09937082607891351,0.36643505309619984,-2.382738692410376,-16.03831960273486,-9.210529147572618,neutral
835,Ryan Bertrand,65,5682,7.35458556935191,3,1.2723076923076924,0.1164929076454896,0.04751847940865892,Southampton,5342,835,Ryan Bertrand,Southampton,16,49,1392.0,4290.0,0.13812416289322843,0.10947409475391558,0.06465517241379311,0.04195804195804196,1.4375,1.1428571428571428,0.32447552447552447,835,Ryan Bertrand,Southampton,27,38,2262.0,3420.0,0.07279097749814585,0.14539751758504854,0.0,0.07894736842105263,1.1111111111111112,1.2894736842105263,0.6614035087719298,1.2723076923076924,-0.028650068139312854,0.07260654008690269,-0.2946428571428572,0.17836257309941517,-0.24593830404251338,0.62327004754537,5.141925344862972,-23.607501741550774,-9.2327881983439,neutral
4422,Ashley Barnes,64,3515,14.1774593507871,10,1.0568489583333334,0.36300749404575794,0.25604551920341395,Burnley,3515,4422,Ashley Barnes,Burnley,18,46,908.0,2607.0,0.24122659480076128,0.4054229357467387,0.19823788546255508,0.2761795166858458,1.0,1.0434782608695652,0.34829305715381664,4422,Ashley Barnes,Burnley,23,41,1585.0,1930.0,0.34316548719203055,0.37930261366397444,0.28391167192429023,0.23316062176165803,0.8260869565217391,1.146341463414634,0.8212435233160622,1.0568489583333334,0.16419634094597743,0.03613712647194389,0.04347826086956519,0.3202545068928949,0.4523221796773157,0.099549257424941,-10.577934444000517,-7.9035534206697,-9.240743932335109,neutral
6853,Rúben Neves,142,11458,21.2586388522759,23,1.2116549295774648,0.16698180281941272,0.1806598010123931,Wolverhampton Wanderers,11458,6853,Rúben Neves,Wolverhampton Wanderers,46,96,3502.0,7956.0,0.1467455585813229,0.1758892094712215,0.10279840091376356,0.2149321266968326,1.1521739130434783,1.3229166666666667,0.44017094017094016,6853,Rúben Neves,Wolverhampton Wanderers,65,77,5166.0,6292.0,0.1415024024275381,0.18790147580485844,0.156794425087108,0.2002542911633821,1.2461538461538462,1.2857142857142858,0.8210425937698665,1.2116549295774648,0.029143650889898592,0.046399073377320355,0.17074275362318847,0.03956043956043964,0.17453189747518078,0.2778690407810483,-5.058561387718823,-13.448358867933932,-9.253460127826378,neutral
8089,Kieran Tierney,91,5960,7.647263052873311,11,1.7749450549450552,0.11547880448969765,0.16610738255033558,Arsenal,5960,8089,Kieran Tierney,Arsenal,27,64,1545.0,4415.0,0.09825052971978784,0.12150772510566835,0.0,0.22423556058890148,1.8518518518518519,1.96875,0.34994337485843713,8089,Kieran Tierney,Arsenal,51,40,2912.0,3048.0,0.09095447234218362,0.13890887509782127,0.12362637362637363,0.20669291338582677,1.9411764705882353,1.925,0.9553805774278216,1.7749450549450552,0.023257195385880503,0.04795440275563764,0.11689814814814814,-0.016176470588235237,0.20139795773479258,0.415265840060856,-3.009968664237745,-15.5593759532905,-9.284672308764122,neutral
10845,Flynn Downes,21,738,0.3748669065535065,0,1.2057142857142857,0.045715476408964215,0.0,West Ham United,738,10845,Flynn Downes,West Ham United,10,11,326.0,412.0,0.033981289623156614,0.05500029410841391,0.0,0.0,1.4,1.0,0.7912621359223301,10845,Flynn Downes,West Ham United,11,10,544.0,194.0,0.03320238683098813,0.08080372759669092,0.0,0.0,0.9090909090909091,1.5,0.35661764705882354,1.2057142857142857,0.021019004485257294,0.04760134076570279,-0.3999999999999999,0.5909090909090909,0.21019004485257292,0.4760134076570279,-7.030713018436824,-11.603180753942736,-9.316946886189779,neutral
10126,James McAtee,33,1863,6.3561638509854665,6,0.7799999999999999,0.3070610556031626,0.2898550724637681,Sheffield United,1847,10126,James McAtee,Sheffield United,14,19,839.0,1024.0,0.33590951261773294,0.2834244780297012,0.3218116805721096,0.263671875,0.2857142857142857,1.0526315789473684,0.8193359375,10126,James McAtee,Sheffield United,10,23,458.0,1405.0,0.09755677208060384,0.3753549786304451,0.0,0.3843416370106762,0.4,0.8695652173913043,0.32597864768683277,1.0,-0.05248503458803172,0.2777982065498412,0.7669172932330827,0.4695652173913043,-0.1709270310588066,0.9047002264880509,3.5196371522052226,-22.17458929313814,-9.327476070466458,neutral
9739,Kiernan Dewsbury-Hall,59,4435,9.249758470803497,7,1.259322033898305,0.18770648531506534,0.14205186020293123,Leicester City,4435,9739,Kiernan Dewsbury-Hall,Leicester City,23,36,1729.0,2706.0,0.17389987632546067,0.19652822476186,0.05205320994794679,0.19955654101995565,1.0,1.3611111111111112,0.638950480413895,9739,Kiernan Dewsbury-Hall,Leicester City,27,32,2027.0,2408.0,0.15734771247282361,0.21326181444763337,0.1332017760236803,0.14950166112956811,1.3333333333333333,1.125,0.8417774086378738,1.259322033898305,0.022628348436399326,0.055914101974809755,0.36111111111111116,-0.20833333333333326,0.12055176675658086,0.2978805014699302,-6.1137529733434475,-12.545426827170994,-9.32958990025722,neutral
7187,Sergio Reguilón,77,5726,14.577150566503402,12,1.6176623376623378,0.2291204245520968,0.18861334264757249,Tottenham Hotspur,4187,7187,Sergio Reguilón,Tottenham Hotspur,19,58,1308.0,4418.0,0.20678750354659936,0.23573234412547633,0.06880733944954129,0.2240832956088728,1.9473684210526316,1.4655172413793103,0.2960615663196016,7187,Sergio Reguilón,Tottenham Hotspur,29,48,2384.0,3342.0,0.15047723544611522,0.28522017405199507,0.18875838926174496,0.18850987432675043,1.5862068965517242,1.5833333333333333,0.713345302214243,1.6176623376623378,0.028944840578876974,0.13474293860587985,-0.48185117967332136,-0.00287356321839094,0.12633025028414946,0.5880878532295245,-0.7365758888462679,-18.140486061831428,-9.438530975338848,neutral
1234,Dennis Praet,64,2463,5.765114376321434,6,1.50765625,0.2106619138728904,0.2192448233861145,Leicester City,2463,1234,Dennis Praet,Leicester City,20,44,824.0,1639.0,0.2521170910845682,0.18982050690374913,0.3276699029126214,0.16473459426479561,1.65,1.4090909090909092,0.5027455765710799,1234,Dennis Praet,Leicester City,27,37,1123.0,1340.0,0.12474688639132867,0.28266383615781115,0.16028495102404275,0.26865671641791045,1.7407407407407407,1.2972972972972974,0.8380597014925373,1.50765625,-0.06229658418081907,0.1579169497664825,-0.24090909090909074,-0.44344344344344333,-0.29571830539054017,0.7496226862429757,7.706089962042967,-26.703486771687647,-9.49869840482234,neutral
5545,Wilfred Ndidi,104,8172,5.113111223094162,8,1.4770833333333333,0.05631179761116918,0.0881057268722467,Leicester City,8172,5545,Wilfred Ndidi,Leicester City,34,70,2679.0,5493.0,0.033702047537565866,0.06733883574100412,0.0335946248600224,0.11469142545057345,1.5294117647058822,1.4,0.4877116329874386,5545,Wilfred Ndidi,Leicester City,42,62,3445.0,4727.0,0.039523658530546,0.0685468598351478,0.0783744557329463,0.0951977998730696,1.2380952380952381,1.5806451612903225,0.7287920456949439,1.4770833333333333,0.03363678820343825,0.0290232013046018,-0.12941176470588234,0.34254992319508437,0.3363678820343825,0.290232013046018,-7.347168948681149,-11.714160588157574,-9.530664768419362,neutral
8816,Liam Cooper,64,5424,3.881303789094089,3,1.2615625,0.06440216464204794,0.049778761061946904,Leeds United,5424,8816,Liam Cooper,Leeds United,16,48,1424.0,4000.0,0.027689479390849887,0.07747188059147445,0.06320224719101124,0.045,1.0625,1.1666666666666667,0.356,8816,Liam Cooper,Leeds United,27,37,2325.0,3099.0,0.05451805603600315,0.07181763818482113,0.03870967741935484,0.05808325266214908,0.9629629629629629,1.2702702702702702,0.750242013552759,1.2615625,0.04978240120062456,0.017299582148817987,0.10416666666666674,0.30730730730730726,0.4978240120062456,0.17299582148817985,-10.127605816223115,-9.02908882564479,-9.578347320933952,neutral
7134,Marc Cucurella,80,6572,7.6823103781789515,6,1.4077499999999998,0.10520510256179331,0.08216676810712112,Chelsea,3470,7134,Marc Cucurella,Chelsea,21,59,1657.0,4915.0,0.10044874465480828,0.10680861935769853,0.05431502715751358,0.09155645981688708,1.3333333333333333,1.423728813559322,0.33713123092573755,7134,Marc Cucurella,Chelsea,41,39,3235.0,3337.0,0.08197888729653363,0.12772137657531296,0.1391035548686244,0.02697033263410249,1.6097560975609757,1.1794871794871795,0.9694336230146838,1.4077499999999998,0.0063598747028902475,0.04574248927877933,0.09039548022598876,-0.4302689180737962,0.06045215058988901,0.434793447893005,-1.2298866638398303,-17.996139627482478,-9.613013145661155,neutral
8852,Konstantinos Tsimikas,48,2291,6.068172813393174,9,2.1720833333333336,0.23838304373871047,0.35355739851593193,Liverpool,2291,8852,Konstantinos Tsimikas,Liverpool,13,35,448.0,1843.0,0.06889885790379977,0.2795815870127419,0.0,0.4395008138903961,1.4615384615384615,2.085714285714286,0.24308193163320674,8852,Konstantinos Tsimikas,Liverpool,29,19,1462.0,829.0,0.1771763777080031,0.34632531845148995,0.24623803009575923,0.5428226779252111,2.103448275862069,1.631578947368421,0.56703146374829,2.1720833333333336,0.21068272910894212,0.16914894074348685,0.6241758241758244,-0.47186932849364793,0.8837991402604524,0.7095678370852984,-7.622060603957897,-11.73466151085955,-9.678361057408724,neutral
6027,Jairo Riedewald,68,2931,1.8852150328457342,2,1.14,0.05788787204234599,0.06141248720573183,Crystal Palace,2931,6027,Jairo Riedewald,Crystal Palace,25,43,1249.0,1682.0,0.03495522407148242,0.07491693108848665,0.0,0.1070154577883472,0.8,1.4883720930232558,0.7425683709869203,6027,Jairo Riedewald,Crystal Palace,26,42,779.0,2152.0,0.06901839104826549,0.053858748294385354,0.11553273427471115,0.04182156133828996,1.2307692307692308,1.2380952380952381,0.36198884758364314,1.14,0.03996170701700424,-0.015159642753880133,0.6883720930232557,0.0073260073260073,0.39961707017004233,-0.15159642753880131,-22.704950188177847,3.346329647093376,-9.679310270542235,neutral
4476,Callum Robinson,44,2254,6.466920744627713,7,0.9146969696969696,0.2582177759611775,0.2795031055900621,West Bromwich Albion,1580,4476,Callum Robinson,West Bromwich Albion,12,32,540.0,1714.0,0.21797721677770215,0.270895665085493,0.33333333333333337,0.26254375729288215,0.75,0.84375,0.31505250875145857,4476,Callum Robinson,West Bromwich Albion,18,26,1028.0,1226.0,0.22811520560227821,0.28345875665363146,0.08754863813229571,0.44045676998368677,0.6666666666666666,0.9230769230769231,0.8384991843393148,1.0,0.052918448307790855,0.055343551051353246,0.09375,0.2564102564102565,0.20493727866259304,0.21432897423635944,-4.814981991508762,-14.730024813985205,-9.772503402746983,neutral
12409,Adam Wharton,16,1333,2.911790056154131,3,1.45625,0.19659497753478755,0.20255063765941486,Crystal Palace,1333,12409,Adam Wharton,Crystal Palace,3,13,243.0,1090.0,0.05176385795628577,0.2288830161197196,0.3703703703703704,0.1651376146788991,1.0,1.6923076923076923,0.22293577981651377,12409,Adam Wharton,Crystal Palace,5,11,449.0,884.0,0.14292971079625633,0.22385256211125873,0.40089086859688194,0.10180995475113123,1.8,1.4545454545454546,0.5079185520361991,1.45625,0.17711915816343382,0.0809228513150024,0.6923076923076923,-0.34545454545454546,0.900934298446625,0.41162217025957887,-10.714462406668368,-8.844847961600724,-9.779655184134546,neutral
2203,Emiliano Buendía,109,6815,27.067551798187193,25,1.1424311926605504,0.35745849770166505,0.3301540719002201,Aston Villa,4353,2203,Emiliano Buendía,Aston Villa,31,78,2261.0,4554.0,0.3803045695383152,0.3461157290537366,0.437859354268023,0.2766798418972332,1.3225806451612903,1.0256410256410255,0.49648660518225735,2203,Emiliano Buendía,Aston Villa,58,51,3531.0,3284.0,0.29242559203984064,0.42738273335693355,0.3058623619371283,0.35627283800243603,0.9137931034482759,1.3333333333333333,0.9300481450014161,1.1424311926605504,-0.0341888404845786,0.1349571413170929,-0.2969396195202647,0.41954022988505735,-0.09564422360749866,0.3775463226775159,4.2000697977401655,-24.930572889326218,-10.365251545793026,weather-resilient
3357,Djibril Sidibe,25,1806,2.8664541309699407,4,1.2816,0.1428465513772396,0.19933554817275748,Everton,1806,3357,Djibril Sidibe,Everton,6,19,482.0,1324.0,0.0994523702560309,0.1586441309092808,0.18672199170124482,0.20392749244712993,1.3333333333333333,1.3157894736842106,0.3640483383685801,3357,Djibril Sidibe,Everton,7,18,375.0,1431.0,0.04888555146753782,0.16746945491751777,0.0,0.25157232704402516,1.0,1.4444444444444444,0.2620545073375262,1.2816,0.05919176065324991,0.11858390344997996,-0.01754385964912264,0.4444444444444444,0.41437304633929867,0.830148871685498,-8.189574905883298,-12.790874258990437,-10.490224582436866,weather-resilient
10293,Toti,56,4122,3.34686839301139,5,1.2053571428571428,0.07307572910505218,0.1091703056768559,Wolverhampton Wanderers,4122,10293,Toti,Wolverhampton Wanderers,19,37,1403.0,2719.0,0.07268987972414118,0.07327482681796801,0.0,0.16550202280250093,0.9473684210526315,1.5945945945945945,0.5159985288709085,10293,Toti,Wolverhampton Wanderers,25,31,1792.0,2330.0,0.052713272052642396,0.08873646860630469,0.10044642857142856,0.11587982832618027,1.2,1.5161290322580645,0.769098712446352,1.2053571428571428,0.0005849470938268375,0.03602319655366229,0.647226173541963,0.31612903225806455,0.005849470938268375,0.3602319655366229,-2.9459814818405485,-18.106766369981216,-10.526373925910882,weather-resilient
1078,Sergi Canos,36,2183,5.733944978564977,5,1.0757407407407407,0.2363971818922803,0.20613834173156206,Brentford,2183,1078,Sergi Canos,Brentford,9,27,554.0,1629.0,0.3386403401701674,0.20162572106603754,0.48736462093862815,0.11049723756906077,0.6666666666666666,1.2962962962962963,0.34008594229588707,1078,Sergi Canos,Brentford,16,20,984.0,1199.0,0.15703110126551328,0.3015316467269248,0.1829268292682927,0.22518765638031693,1.1875,1.1,0.8206839032527106,1.0757407407407407,-0.13701461910412988,0.1445005454614115,0.6296296296296297,-0.08749999999999991,-0.5795949765871731,0.6112617092333039,10.835850091961946,-31.975721902978183,-10.569935905508117,weather-resilient
853,Paul Dummett,39,2693,0.8954874146729705,1,1.1583333333333332,0.02992716944692438,0.03341997772001486,Newcastle United,2693,853,Paul Dummett,Newcastle United,11,28,879.0,1814.0,0.0021696450512970616,0.04337748033102383,0.0,0.04961411245865491,1.5454545454545454,1.7142857142857142,0.48456449834619625,853,Paul Dummett,Newcastle United,12,27,724.0,1969.0,0.004590186496260079,0.039243561349555645,0.0,0.0457084814626714,1.5,1.7407407407407407,0.36769933976637886,1.1583333333333332,0.04120783527972677,0.03465337485329557,0.16883116883116878,0.2407407407407407,0.4120783527972677,0.34653374853295565,-12.773174440986661,-8.464418635006552,-10.618796537996607,weather-resilient
7722,Trézéguet,56,3138,12.48038892727345,10,1.1267857142857143,0.35794614514168593,0.28680688336520077,Aston Villa,3138,7722,Trézéguet,Aston Villa,17,39,1124.0,2014.0,0.277548897812587,0.40281531395891895,0.4804270462633452,0.17874875868917575,2.0588235294117645,0.6666666666666666,0.5580933465739821,7722,Trézéguet,Aston Villa,24,32,1525.0,1613.0,0.3079694826827674,0.40519624449063246,0.2360655737704918,0.33477991320520767,1.0833333333333333,1.09375,0.9454432734035958,1.1267857142857143,0.12526641614633194,0.09722676180786505,-1.392156862745098,0.01041666666666674,0.349958835558203,0.2716239946357845,-5.238035892099304,-16.041061711019257,-10.63954880155928,weather-resilient
1017,Matej Vydra,69,2791,14.964042464271186,13,1.1057246376811594,0.48253809451250684,0.4192045861698316,Burnley,2791,1017,Matej Vydra,Burnley,21,48,995.0,1796.0,0.33807219034201236,0.5625734924243343,0.36180904522613067,0.45100222717149224,1.0,1.0208333333333333,0.5540089086859689,1017,Matej Vydra,Burnley,25,44,937.0,1854.0,0.42139851916561505,0.5134376533582662,0.48025613660619,0.38834951456310673,1.16,0.9318181818181818,0.5053937432578209,1.1057246376811594,0.22450130208232194,0.09203913419265114,0.02083333333333326,-0.22818181818181815,0.4652509400509168,0.19073962292165844,-16.421936794420926,-5.059746358286142,-10.740841576353533,weather-resilient
1747,Kevin Long,22,1601,0.8716229144483801,0,1.2699999999999998,0.04899816508454354,0.0,Burnley,1601,1747,Kevin Long,Burnley,5,17,279.0,1322.0,0.011333838826225615,0.056946990369014586,0.0,0.0,1.4,0.8235294117647058,0.21104387291981846,1747,Kevin Long,Burnley,15,7,1231.0,370.0,0.025019890883715035,0.12877453141216488,0.0,0.0,0.9333333333333333,1.0,0.3005686433793664,1.2699999999999998,0.04561315154278897,0.10375464052844985,-0.5764705882352941,0.06666666666666665,0.4561315154278897,1.0375464052844985,-4.347919255679308,-17.346577306418304,-10.847248281048806,weather-resilient
8757,Romaine Sawyers,19,1495,0.8321965001523489,0,0.5517543859649122,0.05009878596234876,0.0,West Bromwich Albion,1495,8757,Romaine Sawyers,West Bromwich Albion,3,16,238.0,1257.0,0.0,0.05958447495124217,0.0,0.0,0.3333333333333333,0.5625,0.18933969769291964,8757,Romaine Sawyers,West Bromwich Albion,6,13,369.0,1126.0,0.011321000027947269,0.06280660391065618,0.0,0.0,0.16666666666666666,0.6923076923076923,0.327708703374778,1.0,0.05958447495124217,0.05148560388270891,0.22916666666666669,0.5256410256410257,0.5958447495124216,0.5148560388270891,-8.331098006001278,-13.533167733143067,-10.932132869572172,weather-resilient
2335,Pablo Fornals,152,9497,29.935576893389218,29,1.3563706140350877,0.2836897883968653,0.27482362851426767,West Ham United,9497,2335,Pablo Fornals,West Ham United,49,103,2959.0,6538.0,0.26866958397287954,0.29048770593901485,0.21290976681311252,0.3028449066992964,1.3265306122448979,1.3883495145631068,0.45258488834505967,2335,Pablo Fornals,West Ham United,75,77,4784.0,4713.0,0.23142788217350035,0.3367390053229374,0.2069397993311037,0.3437301082113304,1.2933333333333332,1.4415584415584415,0.9851588628762542,1.3563706140350877,0.021818121966135307,0.10531112314943702,0.06181890231820897,0.14822510822510826,0.07690837971091521,0.37121929465474085,-2.0026332869677024,-19.950263581847874,-10.97644843440779,weather-resilient
8287,Mbwana Samatta,14,962,2.8394587412476535,1,0.7257142857142858,0.26564582818325244,0.09355509355509356,Aston Villa,962,8287,Mbwana Samatta,Aston Villa,3,11,252.0,710.0,0.25654225277581383,0.2688769563560334,0.0,0.1267605633802817,2.3333333333333335,0.2727272727272727,0.35492957746478876,8287,Mbwana Samatta,Aston Villa,11,3,696.0,266.0,0.17860952764749521,0.49337990778057195,0.0,0.3383458646616541,0.9090909090909091,0.0,0.382183908045977,1.0,0.012334703580219597,0.31477038013307673,-2.0606060606060606,-0.9090909090909091,0.04643289023048635,1.1849249893581477,6.160071956424639,-28.225749258142084,-11.032838650858722,weather-resilient
5590,Tosin Adarabioyo,78,6654,3.7588070165365917,3,1.1051923076923076,0.05084049165739303,0.0405770964833183,Fulham,6654,5590,Tosin Adarabioyo,Fulham,26,52,2336.0,4318.0,0.03714402729313664,0.058250158344494214,0.038527397260273974,0.041685965724872626,1.1923076923076923,1.1730769230769231,0.5409911996294581,5590,Tosin Adarabioyo,Fulham,29,49,2417.0,4237.0,0.02226658882153245,0.06714049712217354,0.037236243276789406,0.04248288883644088,1.3103448275862069,1.1020408163265305,0.5704507906537645,1.1051923076923076,0.02110613105135757,0.04487390830064109,-0.019230769230769162,-0.20830401125967635,0.2110613105135757,0.4487390830064109,-7.137875450128539,-15.138159696946813,-11.138017573537676,weather-resilient
528,Angelo Ogbonna,97,8068,4.848838065750896,6,1.3365807560137457,0.05408966607803429,0.06693108577094695,West Ham United,8068,528,Angelo Ogbonna,West Ham United,27,70,2397.0,5671.0,0.0342736671094751,0.06246542864682927,0.0,0.09522130135778521,1.5925925925925926,1.457142857142857,0.4226767765826133,528,Angelo Ogbonna,West Ham United,45,52,3791.0,4277.0,0.033763625875972265,0.07210603699363333,0.023740437879187552,0.10521393500116905,1.6,1.4038461538461537,0.8863689501987374,1.3365807560137457,0.028191761537354164,0.03834241111766106,-0.1354497354497355,-0.19615384615384635,0.2819176153735416,0.38342411117661057,-5.8123591966392745,-16.498231773254457,-11.155295484946866,weather-resilient
5682,Gonçalo Guedes,13,718,1.8150174170732492,2,0.6692307692307692,0.22750914698689753,0.25069637883008355,Wolverhampton Wanderers,718,5682,Gonçalo Guedes,Wolverhampton Wanderers,6,7,353.0,365.0,0.22290542563449886,0.23196151311675156,0.0,0.4931506849315069,0.16666666666666666,1.2857142857142858,0.9671232876712329,5682,Gonçalo Guedes,Wolverhampton Wanderers,11,2,621.0,97.0,0.20647121890299552,0.36219526389517726,0.14492753623188406,0.9278350515463918,0.6363636363636364,1.5,0.15619967793880837,1.0,0.0090560874822527,0.15572404499218173,1.119047619047619,0.8636363636363636,0.03980537750763159,0.6844737763495287,-13.517339653292252,-8.833018058197379,-11.175178855744814,weather-resilient
7439,Tahith Chong,36,2007,4.028627370484172,4,0.8780555555555556,0.18065593589615125,0.17937219730941703,Luton Town,1978,7439,Tahith Chong,Luton Town,9,27,468.0,1539.0,0.14947824108485988,0.1901368723299942,0.19230769230769232,0.17543859649122806,0.8888888888888888,0.48148148148148145,0.30409356725146197,7439,Tahith Chong,Luton Town,15,21,918.0,1089.0,0.15381385152246435,0.20328314751694512,0.09803921568627452,0.24793388429752067,0.4,0.7142857142857143,0.8429752066115702,1.0,0.04065863124513433,0.04946929599448077,-0.4074074074074074,0.3142857142857143,0.22506114201808816,0.2738315558195543,-3.5518754683858997,-18.807675513413603,-11.17977549089975,weather-resilient
12449,Oliver Arblaster,12,954,1.051471024751663,0,0.6249999999999999,0.09919537969355312,0.0,Sheffield United,954,12449,Oliver Arblaster,Sheffield United,6,6,489.0,465.0,0.01657017203836351,0.18608511419546217,0.0,0.0,0.16666666666666666,0.3333333333333333,0.950920245398773,12449,Oliver Arblaster,Sheffield United,5,7,403.0,551.0,0.20364005761059278,0.02280480764170737,0.0,0.0,0.2,0.2857142857142857,0.7313974591651543,1.0,0.16951494215709867,-0.18083524996888542,0.16666666666666666,0.08571428571428569,1.6951494215709866,-1.808352499688854,-114.42150035201557,91.95679754046097,-11.232351405777301,weather-resilient
804,Craig Dawson,135,11403,13.691453499719497,12,1.3178148148148148,0.10806198500173242,0.0947119179163378,West Ham United,5405,804,Craig Dawson,West Ham United,45,90,3783.0,7620.0,0.09983228639943979,0.11214767395350053,0.047581284694686754,0.11811023622047244,1.2444444444444445,1.4666666666666666,0.49645669291338584,804,Craig Dawson,West Ham United,61,74,5099.0,6304.0,0.0852133207875014,0.1265431618463333,0.035301039419494015,0.14276649746192893,1.1967213114754098,1.554054054054054,0.8088515228426396,1.3178148148148148,0.012315387554060739,0.04132984105883189,0.2222222222222221,0.3573327425786441,0.11396595716674372,0.3824642038379112,-3.842556930166532,-18.625730879272588,-11.23414390471956,weather-resilient
7710,Oliver Norwood,97,6771,8.594390301965174,3,0.905189003436426,0.11423646834690084,0.03987594151528578,Sheffield United,6771,7710,Oliver Norwood,Sheffield United,34,63,2214.0,4557.0,0.09958629397963115,0.12135419624883965,0.0,0.05924950625411455,0.5,1.126984126984127,0.4858459512837393,7710,Oliver Norwood,Sheffield United,32,65,2324.0,4447.0,0.08941344343359849,0.12720896888625652,0.0387263339070568,0.0404767258826175,0.78125,0.9692307692307692,0.5225995052844614,1.0,0.02176790226920851,0.03779552545265803,0.626984126984127,0.18798076923076923,0.19055125376518223,0.33085341309646155,-9.52667585691387,-13.085654670441969,-11.306165263677919,weather-resilient
6345,Jadon Sancho,58,3669,17.019007933326062,15,1.6320689655172413,0.4174736206048912,0.3679476696647588,Manchester United,3669,6345,Jadon Sancho,Manchester United,17,41,1108.0,2561.0,0.30455067964768306,0.46632899685658447,0.40613718411552346,0.3514252245216712,1.5294117647058822,1.829268292682927,0.43264349863334634,6345,Jadon Sancho,Manchester United,31,27,1859.0,1810.0,0.33710834939451606,0.5000145262292488,0.24206562668101128,0.49723756906077343,1.8709677419354838,1.5925925925925926,0.9736417428725122,1.6320689655172413,0.1617783172089014,0.16290617683473274,0.29985652797704465,-0.2783751493428912,0.38751746032359,0.39021909120555365,-7.985749215262661,-14.634782949315756,-11.310266082289209,weather-resilient
8222,Japhet Tanganga,27,1928,1.5591548942029472,0,1.6355555555555554,0.07278212680407949,0.0,Tottenham Hotspur,1928,8222,Japhet Tanganga,Tottenham Hotspur,9,18,662.0,1266.0,0.02060835438237448,0.10006414682238023,0.0,0.0,1.2222222222222223,1.6666666666666667,0.5229067930489731,8222,Japhet Tanganga,Tottenham Hotspur,9,18,687.0,1241.0,0.06510524087337423,0.07703194198086796,0.0,0.0,1.3333333333333333,1.6111111111111112,0.5535858178887993,1.6355555555555554,0.07945579244000575,0.011926701107493734,0.4444444444444444,0.2777777777777779,0.7945579244000575,0.11926701107493734,-19.20302347078525,-3.7659712464167905,-11.48449735860102,weather-resilient
6842,Alireza Jahanbakhsh,31,813,6.68704924173653,3,1.027741935483871,0.7402637536977709,0.33210332103321033,Brighton,813,6842,Alireza Jahanbakhsh,Brighton,10,21,231.0,582.0,0.9669180838512136,0.6503030144100643,0.7792207792207793,0.15463917525773196,0.5,1.0,0.39690721649484534,6842,Alireza Jahanbakhsh,Brighton,8,23,278.0,535.0,0.250752985129039,0.9946263586736726,0.0,0.5046728971962616,1.25,0.6956521739130435,0.5196261682242991,1.027741935483871,-0.31661506944114925,0.7438733735446336,0.5,-0.5543478260869565,-0.4277057573865955,1.0048761266897535,9.631434400781485,-32.76178353513249,-11.5651745671755,weather-resilient
5245,Bernardo,17,879,1.885991899296641,0,0.9243137254901961,0.19310497262422946,0.0,Brighton,879,5245,Bernardo,Brighton,4,13,331.0,548.0,0.1985662377627954,0.1898062887540372,0.0,0.0,0.5,0.9230769230769231,0.6040145985401459,5245,Bernardo,Brighton,8,9,309.0,570.0,0.10772164368513718,0.23939172462805317,0.0,0.0,1.125,0.5555555555555556,0.5421052631578948,1.0,-0.008759949008758178,0.131670080942916,0.42307692307692313,-0.5694444444444444,-0.045363663554146304,0.6818575366214829,-0.6374243263413245,-22.78771084875323,-11.712567587547277,weather-resilient
6686,Nicolo Zaniolo,25,820,4.344202442094683,2,2.0232,0.47680270705917255,0.21951219512195122,Aston Villa,820,6686,Nicolo Zaniolo,Aston Villa,6,19,273.0,547.0,0.22337110610781125,0.6032868515924844,0.0,0.3290676416819013,2.1666666666666665,1.4210526315789473,0.4990859232175503,6686,Nicolo Zaniolo,Aston Villa,10,15,400.0,420.0,0.3734127511270343,0.5752693317564469,0.225,0.2142857142857143,1.9,1.4,0.9523809523809523,2.0232,0.37991574548467316,0.20185658062941259,-0.7456140350877192,-0.5,0.7967986336065926,0.4233545188416089,-11.919589771839089,-11.596347285258911,-11.757968528549,weather-resilient
5050,Clement Lenglet,40,3206,3.507923573255538,3,1.698,0.09847570854429147,0.0842170929507174,Tottenham Hotspur,2039,5050,Clement Lenglet,Tottenham Hotspur,13,27,1015.0,2191.0,0.0428567065082013,0.12424169990286359,0.08866995073891625,0.08215426745778183,1.5384615384615385,1.4074074074074074,0.46325878594249204,5050,Clement Lenglet,Tottenham Hotspur,18,22,1433.0,1773.0,0.08178027572899284,0.11196953551796485,0.0628053035589672,0.10152284263959392,1.6111111111111112,1.3181818181818181,0.8082346305696559,1.698,0.08138499339466229,0.03018925978897201,-0.1310541310541311,-0.29292929292929304,0.8138499339466229,0.30189259788972006,-15.185217601481412,-8.664574602096838,-11.924896101789125,weather-resilient
807,Jonny Evans,120,9684,8.432713443413375,9,1.5695555555555556,0.07837094278265219,0.08364312267657993,Leicester City,8285,807,Jonny Evans,Leicester City,38,82,3125.0,6559.0,0.05756621307134628,0.08828324349127102,0.057600000000000005,0.096051227321238,1.5,1.5853658536585367,0.4764445799664583,807,Jonny Evans,Leicester City,56,64,4533.0,5151.0,0.05722568904787479,0.09697925867854539,0.039708802117802776,0.12230634828188701,1.4107142857142858,1.6875,0.8800232964472918,1.5695555555555556,0.03071703041992474,0.039753569630670595,0.08536585365853666,0.2767857142857142,0.3071703041992474,0.39753569630670593,-6.78612159000304,-17.15429941042956,-11.9702105002163,weather-resilient
462,Dan Gosling,28,1422,4.543076426722108,5,0.6671428571428571,0.28753648270393095,0.31645569620253167,Bournemouth,1255,462,Dan Gosling,Bournemouth,10,18,405.0,1017.0,0.15056659777959183,0.34208201209857925,0.2222222222222222,0.35398230088495575,0.9,0.7222222222222222,0.39823008849557523,462,Dan Gosling,Bournemouth,13,15,553.0,869.0,0.2591242843474283,0.3056169725671599,0.325497287522604,0.3107019562715765,0.8461538461538461,0.7333333333333333,0.6363636363636364,1.0,0.19151541431898741,0.046492688219731626,-0.1777777777777778,-0.11282051282051286,0.66605605145482,0.16169317987938236,-17.859084620200736,-6.484747476678314,-12.171916048439526,weather-resilient
759,Daniel Amartey,60,4440,2.329170033335685,1,1.432,0.04721290608112875,0.02027027027027027,Leicester City,4440,759,Daniel Amartey,Leicester City,22,38,1583.0,2857.0,0.04112133759809907,0.05058810835926524,0.05685407454200884,0.0,1.1818181818181819,1.368421052631579,0.5540777038851943,759,Daniel Amartey,Leicester City,27,33,1959.0,2481.0,0.016659367401694793,0.0713380097784327,0.0,0.036275695284159616,1.2962962962962963,1.303030303030303,0.7896009673518742,1.432,0.009466770761166171,0.054678642376737904,0.1866028708133971,0.006734006734006703,0.09466770761166171,0.546786423767379,-3.286070898446116,-21.141891076972662,-12.21398098770939,weather-resilient
5596,Harry Wilson,95,4335,15.61172180343419,22,1.2128245614035087,0.3241187917667998,0.45674740484429066,Fulham,2663,5596,Harry Wilson,Fulham,34,61,1515.0,2820.0,0.25531792378809187,0.3610809602021695,0.6534653465346535,0.35106382978723405,1.1470588235294117,1.1311475409836065,0.5372340425531915,5596,Harry Wilson,Fulham,50,45,2385.0,1950.0,0.27987900562584395,0.37822745327766116,0.37735849056603776,0.5538461538461539,1.12,1.1555555555555554,0.8176100628930818,1.2128245614035087,0.10576303641407764,0.09834844765181722,-0.015911282545805205,0.03555555555555534,0.32630948621508216,0.303433340337076,-10.04748672606879,-14.558590776795013,-12.303038751431902,weather-resilient
1084,Jonjoe Kenny,19,1095,0.7385105118155476,1,1.0999999999999999,0.060699494121825834,0.0821917808219178,Everton,1095,1084,Jonjoe Kenny,Everton,6,13,382.0,713.0,0.03373506413138815,0.07514607512652036,0.0,0.12622720897615708,1.0,1.0,0.5357643758765779,1084,Jonjoe Kenny,Everton,6,13,212.0,883.0,0.005231844393079542,0.07401675543835382,0.0,0.10192525481313704,1.0,1.0,0.24009060022650056,1.0999999999999999,0.041411010995132204,0.06878491104527427,0.0,0.0,0.414110109951322,0.6878491104527427,-14.118710111052343,-10.509297641427676,-12.314003876240008,weather-resilient
9156,Kevin Schade,29,1019,5.285985197871923,4,1.6413793103448275,0.46686817253039553,0.35328753680078506,Brentford,1019,9156,Kevin Schade,Brentford,8,21,289.0,730.0,0.13500819027836344,0.5982483572849672,0.31141868512110726,0.3698630136986301,2.375,1.3333333333333333,0.3958904109589041,9156,Kevin Schade,Brentford,16,13,610.0,409.0,0.3912572815220375,0.5796374720783134,0.29508196721311475,0.4400977995110024,1.6875,1.5384615384615385,0.6704918032786885,1.6413793103448275,0.46324016700660375,0.18838019055627592,-1.0416666666666667,-0.14903846153846145,0.9922290579284336,0.40349760733370915,-14.23992569591173,-10.929002153116194,-12.584463924513962,weather-resilient
7707,Enda Stevens,68,6050,9.993080248124896,7,0.9538725490196078,0.14865739212086623,0.10413223140495868,Sheffield United,6050,7707,Enda Stevens,Sheffield United,23,45,2070.0,3980.0,0.1174033391086951,0.16491264079805068,0.043478260869565216,0.135678391959799,0.6521739130434783,1.1777777777777778,0.5201005025125628,7707,Enda Stevens,Sheffield United,25,43,2250.0,3800.0,0.12424338959157463,0.1631130515132099,0.16,0.07105263157894737,0.96,1.0232558139534884,0.5921052631578947,1.0,0.047509301689355576,0.03886966192163527,0.5256038647342995,0.06325581395348845,0.31958923139676787,0.26147143688644964,-14.368964731002928,-11.211843979886659,-12.790404355444792,weather-resilient
572,Etienne Capoue,30,2643,3.1849061632528888,3,0.8841666666666667,0.10845310431054105,0.1021566401816118,Watford,2643,572,Etienne Capoue,Watford,14,16,1260.0,1383.0,0.09821730579382601,0.1177785606598259,0.07142857142857142,0.1301518438177874,0.8571428571428571,1.125,0.911062906724512,572,Etienne Capoue,Watford,12,18,1035.0,1608.0,0.0963885733938735,0.11621852066548564,0.08695652173913043,0.11194029850746269,0.6666666666666666,1.2222222222222223,0.6436567164179104,1.0,0.019561254865999897,0.01982994727161215,0.2678571428571429,0.5555555555555557,0.1803660207824835,0.1828435193042675,-13.943082453373135,-11.814062794523746,-12.87857262394844,weather-resilient
10620,Luca Koleosho,15,1015,3.781022047623991,2,0.5319999999999999,0.3352630387055756,0.17733990147783252,Burnley,1015,10620,Luca Koleosho,Burnley,2,13,166.0,849.0,0.05611465233995248,0.38984328857211675,0.0,0.21201413427561835,0.0,0.5384615384615384,0.1955241460541814,10620,Luca Koleosho,Burnley,10,5,652.0,363.0,0.30430592050878724,0.3908664576155095,0.13803680981595093,0.24793388429752067,0.4,0.6,0.5567484662576687,1.0,0.33372863623216426,0.08656053710672224,0.5384615384615384,0.19999999999999996,0.9954232876987109,0.25818693716111896,-14.676872505188662,-11.175659621570603,-12.926266063379632,weather-resilient
6034,Philip Billing,99,6723,18.648448384366926,14,1.1005892255892256,0.24964455668496555,0.18741633199464525,Bournemouth,6723,6034,Philip Billing,Bournemouth,29,70,1959.0,4764.0,0.2508817228900802,0.24913582272278675,0.22970903522205205,0.17002518891687657,1.206896551724138,1.0285714285714285,0.41120906801007556,6034,Philip Billing,Bournemouth,57,42,3975.0,2748.0,0.1884954197648561,0.338097183780102,0.15849056603773584,0.2292576419213974,1.0526315789473684,1.119047619047619,0.6913207547169812,1.1005892255892256,-0.0017459001672934515,0.1496017640152459,-0.17832512315270943,0.0664160401002507,-0.006993543902888533,0.5992590665777391,0.8491775697434459,-26.766356872455205,-12.95858965135588,weather-resilient
6835,Tom Cairney,77,3118,8.871001880615946,9,1.1965584415584414,0.256058425033815,0.25978191148171903,Fulham,3118,6835,Tom Cairney,Fulham,31,46,1240.0,1878.0,0.2241559192733538,0.2771229123303922,0.14516129032258066,0.3354632587859425,1.1612903225806452,1.173913043478261,0.6602768903088392,6835,Tom Cairney,Fulham,41,36,1659.0,1459.0,0.2124288735092763,0.3056687238543837,0.162748643761302,0.3701165181631254,1.2195121951219512,1.1111111111111112,0.8794454490657022,1.1965584415584414,0.05296699305703842,0.0932398503451074,0.012622720897615736,-0.10840108401084003,0.20685510757962217,0.3641350614915099,-8.05983216236099,-17.93749092535089,-12.99866154385594,weather-resilient
8808,Wataru Endo,29,1718,1.931159218773245,1,2.1406896551724137,0.10116666454574624,0.05238649592549476,Liverpool,1718,8808,Wataru Endo,Liverpool,7,22,375.0,1343.0,0.11193059742450709,0.09816109877542954,0.0,0.06701414743112435,2.2857142857142856,2.1818181818181817,0.27922561429635145,8808,Wataru Endo,Liverpool,13,16,682.0,1036.0,0.02405610511794988,0.1519286351343149,0.0,0.08687258687258688,2.1538461538461537,2.25,0.6583011583011583,2.1406896551724137,-0.013769498649077547,0.127872530016365,-0.10389610389610393,0.09615384615384626,-0.13610707351976756,1.263978906397005,1.3782592035979846,-27.50445222696062,-13.063096511681318,weather-resilient
8562,Luke Thomas,68,5171,4.883820047602056,3,1.2185294117647059,0.08500170262699382,0.05221427190098627,Leicester City,4231,8562,Luke Thomas,Leicester City,20,48,1606.0,3565.0,0.061328792213874,0.09566613295615803,0.05603985056039851,0.05049088359046284,1.1,1.0208333333333333,0.45049088359046285,8562,Luke Thomas,Leicester City,29,39,2250.0,2921.0,0.062207495868205995,0.1025597187883333,0.04,0.06162273194111605,1.0689655172413792,1.0256410256410255,0.7702841492639507,1.2185294117647059,0.03433734074228403,0.0403522229201273,-0.07916666666666683,-0.043324491600353676,0.3433734074228402,0.403522229201273,-8.593491927663905,-17.58197421717048,-13.087733072417192,weather-resilient
10741,Marcus Tavernier,53,3933,17.282479112036523,16,1.2245283018867925,0.3954800712136504,0.36613272311212813,Bournemouth,3933,10741,Marcus Tavernier,Bournemouth,17,36,1113.0,2820.0,0.38391395627628916,0.40004499530063026,0.3234501347708895,0.3829787234042553,1.588235294117647,1.25,0.3946808510638298,10741,Marcus Tavernier,Bournemouth,30,23,2238.0,1695.0,0.3040558929447753,0.5161923490695457,0.28150134048257375,0.47787610619469023,1.1333333333333333,1.6521739130434783,0.7573726541554959,1.2245283018867925,0.0161310390243411,0.2121364561247704,-0.33823529411764697,0.518840579710145,0.04078850035309774,0.5364023918418074,0.16990961727282022,-26.43263683153309,-13.131363607130135,weather-resilient
640,Jan Vertonghen,23,1651,1.6556694600731134,2,1.5710144927536231,0.09025454355334961,0.10902483343428225,Tottenham Hotspur,1651,640,Jan Vertonghen,Tottenham Hotspur,10,13,844.0,807.0,0.12817012684605134,0.05060057540088336,0.1066350710900474,0.11152416356877323,1.5,1.6153846153846154,0.9561611374407583,640,Jan Vertonghen,Tottenham Hotspur,11,12,728.0,923.0,0.0,0.16144122579261128,0.0,0.19501625135427952,1.3636363636363635,1.75,0.7887323943661971,1.5710144927536231,-0.07756955144516797,0.16144122579261128,0.11538461538461542,0.38636363636363646,-0.7756955144516797,1.6144122579261126,32.34536076013324,-58.67617567082607,-13.165407455346415,weather-resilient
757,Jeffrey Schlupp,139,8227,23.17773102317005,22,1.1457074340527578,0.253554855000037,0.24067096146833597,Crystal Palace,8227,757,Jeffrey Schlupp,Crystal Palace,53,86,3313.0,4914.0,0.16901919070362517,0.31054847645181,0.19015997585270147,0.27472527472527475,1.1320754716981132,1.313953488372093,0.6741961741961742,757,Jeffrey Schlupp,Crystal Palace,64,75,4039.0,4188.0,0.2433861928730723,0.263361738078072,0.17826194602624412,0.3008595988538682,1.375,1.1333333333333333,0.9644221585482331,1.1457074340527578,0.14152928574818482,0.019975545204999695,0.18187801667397974,-0.2416666666666667,0.5581801450741859,0.07878194722399136,-24.062704049225943,-2.607862111900913,-13.335283080563428,weather-resilient
7376,Ozan Kabak,20,1733,0.7264973158016796,0,0.751,0.03772923163424764,0.0,Norwich City,926,7376,Ozan Kabak,Norwich City,6,14,537.0,1196.0,0.011670469363641436,0.04942952874069876,0.0,0.0,1.3333333333333333,0.5714285714285714,0.4489966555183946,7376,Ozan Kabak,Norwich City,7,13,566.0,1167.0,0.009142362295449185,0.05159398574372486,0.0,0.0,0.2857142857142857,1.0769230769230769,0.48500428449014565,1.0,0.03775905937705733,0.042451623448275674,-0.7619047619047619,0.7912087912087912,0.37759059377057325,0.4245162344827567,-8.446657063885683,-18.24985001580855,-13.348253539847118,weather-resilient
12412,Morgan Rogers,11,652,1.9913256410509343,4,1.6872727272727273,0.2748762387953744,0.5521472392638037,Aston Villa,652,12412,Morgan Rogers,Aston Villa,2,9,180.0,472.0,0.161642144434154,0.31805873240770416,0.5,0.5720338983050848,3.0,1.6666666666666667,0.3813559322033898,12412,Morgan Rogers,Aston Villa,4,7,252.0,400.0,0.16444991342723364,0.344444823777303,0.3571428571428571,0.6749999999999999,1.25,2.2857142857142856,0.63,1.6872727272727273,0.15641658797355015,0.17999491035006937,-1.3333333333333333,1.0357142857142856,0.5690436854747241,0.6548216431470552,-5.989444998218872,-20.982164821693775,-13.485804909956324,weather-resilient
5043,Kiko Femenía,55,4410,4.967926336452364,5,0.6964545454545454,0.10138625176433397,0.10204081632653061,Watford,4410,5043,Kiko Femenía,Watford,23,32,1939.0,2471.0,0.07639027335606571,0.12100065975042547,0.13924703455389376,0.07284500202347229,0.6956521739130435,0.71875,0.7847025495750708,5043,Kiko Femenía,Watford,26,29,1951.0,2459.0,0.10114211730395506,0.10157995096408966,0.04613018964633521,0.1464009760065067,0.5384615384615384,0.8620689655172413,0.7934119560797072,1.0,0.044610386394359755,0.00043783366013459835,0.02309782608695654,0.3236074270557029,0.44000429661857726,0.004318471711059163,-24.35032376684159,-2.8073829131501067,-13.578853339995849,weather-resilient
7991,Aaron Connolly,45,2230,10.720367597416042,7,1.1082962962962963,0.43266057568046806,0.2825112107623318,Brighton,2230,7991,Aaron Connolly,Brighton,15,30,715.0,1515.0,0.319328244280565,0.4861474515556699,0.1258741258741259,0.3564356435643564,0.6666666666666666,1.2333333333333334,0.47194719471947194,7991,Aaron Connolly,Brighton,20,25,1082.0,1148.0,0.36127471408071665,0.4999423720662965,0.4158964879852126,0.156794425087108,1.4,0.76,0.9425087108013938,1.1082962962962963,0.1668192072751049,0.13866765798557984,0.5666666666666668,-0.6399999999999999,0.38556599942747166,0.3204998693663963,-13.906067280814668,-13.636352128554158,-13.771209704684413,weather-resilient
10715,João Palhinha,68,5866,7.061272297985849,8,1.2976470588235294,0.10833864759951013,0.12274122059324924,Fulham,5866,10715,João Palhinha,Fulham,31,37,2731.0,3135.0,0.10906488038885942,0.10770600270390791,0.09886488465763456,0.14354066985645933,1.3870967741935485,1.1891891891891893,0.8711323763955343,10715,João Palhinha,Fulham,36,32,3146.0,2720.0,0.07563137025107583,0.14616846176795656,0.14303877940241577,0.09926470588235294,1.3333333333333333,1.21875,0.8645899554990464,1.2976470588235294,-0.0013588776849515066,0.07053709151688073,-0.19790758500435923,-0.11458333333333326,-0.012542871035041894,0.6510796754416904,1.9180039017562105,-29.602433174165967,-13.842214636204877,weather-resilient
10757,Scott McKenna,25,1988,1.2899541202932592,0,0.9249333333333333,0.058398325365389,0.0,Nottingham Forest,1988,10757,Scott McKenna,Nottingham Forest,9,16,646.0,1342.0,0.017886998235671858,0.07789930697924688,0.0,0.0,0.8888888888888888,1.0,0.481371087928465,10757,Scott McKenna,Nottingham Forest,18,7,1590.0,398.0,0.05106895062018113,0.08767899331735007,0.0,0.0,0.8888888888888888,1.1428571428571428,0.25031446540880503,1.0,0.06001230874357502,0.03661004269716894,0.11111111111111116,0.25396825396825395,0.6001230874357502,0.36610042697168943,-20.756590008660506,-7.050535563663471,-13.903562786161988,weather-resilient
6044,Charlie Taylor,112,9433,8.319397972896693,7,0.9969642857142856,0.07937515292703301,0.06678681225484999,Burnley,9433,6044,Charlie Taylor,Burnley,35,77,2921.0,6512.0,0.08883254250236687,0.07513297925541904,0.030811365970558027,0.08292383292383293,0.9714285714285714,1.051948051948052,0.44855651105651106,6044,Charlie Taylor,Burnley,43,69,3624.0,5809.0,0.0371068514288335,0.10574463556250813,0.04966887417218543,0.07746600103288002,0.8372093023255814,1.144927536231884,0.6238595283181271,1.0,-0.013699563246947835,0.06863778413367463,0.08051948051948055,0.3077182339063026,-0.13699563246947835,0.6863778413367463,3.940344432595242,-31.893964466701703,-13.97681001705323,weather-resilient
76,Fabian Schär,137,11374,16.367423168849196,16,1.4983576642335767,0.12951187666576647,0.12660453666256374,Newcastle United,11374,76,Fabian Schär,Newcastle United,35,102,2882.0,8492.0,0.08157089953669482,0.14578200102822342,0.062456627342123525,0.14837494112105512,1.4285714285714286,1.5098039215686274,0.3393782383419689,76,Fabian Schär,Newcastle United,58,79,4809.0,6565.0,0.08303261484023522,0.16355890943331858,0.056144728633811605,0.1782178217821782,1.6206896551724137,1.3924050632911393,0.7325209444021326,1.4983576642335767,0.0642111014915286,0.08052629459308336,0.08123249299719881,-0.22828459188127437,0.4957931515210709,0.6217676453017429,-8.044797404248103,-20.161951891865503,-14.103374648056803,weather-resilient
6674,Rayan Ait Nouri,98,6681,10.980686603114005,9,1.183877551020408,0.14792123847930855,0.12123933542882802,Wolverhampton Wanderers,6681,6674,Rayan Ait Nouri,Wolverhampton Wanderers,28,70,1796.0,4885.0,0.14256485499844018,0.149890545486809,0.05011135857461024,0.1473899692937564,0.8571428571428571,1.2,0.3676560900716479,6674,Rayan Ait Nouri,Wolverhampton Wanderers,40,58,2914.0,3767.0,0.10156143146682739,0.18378332439233488,0.06177076183939602,0.16724183700557474,1.025,1.1551724137931034,0.7735598619591186,1.183877551020408,0.007325690488368813,0.0822218929255075,0.34285714285714286,0.13017241379310351,0.04952426415354508,0.5558491381682747,-2.1413430606405544,-26.274459127165905,-14.20790109390323,weather-resilient
7240,Benoit Badiashile Mukinayi,29,2239,3.977008155547082,2,1.486206896551724,0.15986187315731906,0.080393032603841,Chelsea,2239,7240,Benoit Badiashile Mukinayi,Chelsea,10,19,873.0,1366.0,0.16355070208688985,0.15750437121331076,0.0,0.13177159590043924,1.7,1.5789473684210527,0.6390922401171303,7240,Benoit Badiashile Mukinayi,Chelsea,14,15,978.0,1261.0,0.07733347500028782,0.22386883064944954,0.09202453987730062,0.07137192704203013,1.9285714285714286,1.3333333333333333,0.7755749405233942,1.486206896551724,-0.006046330873579087,0.1465353556491617,-0.1210526315789473,-0.5952380952380953,-0.037822219608479944,0.9166372991573618,1.6590355451212266,-30.377968852062832,-14.359466653470802,weather-resilient
9748,Jacob Sørensen,10,595,0.19159439299255598,0,0.63,0.028980664486268973,0.0,Norwich City,595,9748,Jacob Sørensen,Norwich City,4,6,290.0,305.0,0.00838843440829678,0.04856016193745566,0.0,0.0,1.5,0.16666666666666666,0.9508196721311475,9748,Jacob Sørensen,Norwich City,4,6,229.0,366.0,0.014594934360168904,0.03798157213347366,0.0,0.0,0.25,1.0,0.6256830601092896,1.0,0.04017172752915888,0.023386637773304755,-1.3333333333333333,0.75,0.4017172752915888,0.23386637773304755,-14.059652530336342,-14.935459112187846,-14.497555821262093,weather-resilient
11155,Wilfried Gnonto,24,1344,4.754905868321656,6,0.9008333333333333,0.3184088751108252,0.4017857142857143,Leeds United,1344,11155,Wilfried Gnonto,Leeds United,7,17,420.0,924.0,0.26347132798816464,0.3433804874393072,0.2142857142857143,0.487012987012987,0.2857142857142857,0.9411764705882353,0.45454545454545453,11155,Wilfried Gnonto,Leeds United,10,14,487.0,857.0,0.23647603802612432,0.3649681419255852,0.3696098562628337,0.4200700116686114,0.5,0.9285714285714286,0.5682613768961493,1.0,0.07990915945114258,0.12849210389946086,0.6554621848739496,0.4285714285714286,0.25096398278260756,0.4035443542669405,-10.964591201600921,-18.487712828591434,-14.726152015096178,weather-resilient
12149,Alex Scott,23,997,2.7128453720360985,2,1.4486956521739132,0.24489075575050037,0.18054162487462388,Bournemouth,997,12149,Alex Scott,Bournemouth,5,18,150.0,847.0,0.19190878719091406,0.2542736309381485,0.0,0.21251475796930341,1.0,1.2777777777777777,0.1770956316410862,12149,Alex Scott,Bournemouth,10,13,407.0,590.0,0.1355097157747944,0.32034513417441957,0.0,0.30508474576271183,1.0,1.3846153846153846,0.6898305084745763,1.4486956521739132,0.062364843747234416,0.18483541839962517,0.2777777777777777,0.3846153846153846,0.2546639359910056,0.7547668258574007,-2.5187645498043794,-26.989434967211885,-14.754099758508133,weather-resilient
8252,Nicolás Domínguez,26,1543,2.6111205723136655,4,1.0307692307692309,0.1523012647493389,0.23331173039533376,Nottingham Forest,1543,8252,Nicolás Domínguez,Nottingham Forest,7,19,467.0,1076.0,0.05753304091395856,0.19343208308681337,0.0,0.33457249070631967,0.2857142857142857,1.1578947368421053,0.4340148698884758,8252,Nicolás Domínguez,Nottingham Forest,10,16,544.0,999.0,0.15071255137787795,0.15316638994861287,0.33088235294117646,0.18018018018018017,1.0,0.875,0.5445445445445446,1.0307692307692309,0.1358990421728548,0.0024538385707349175,0.8721804511278196,-0.125,0.8923040947592966,0.016111741256866804,-29.972295562463803,0.06454541169532647,-14.953875075384238,weather-resilient
1738,Hal Robson-Kanu,19,522,1.739531826227903,2,0.7859649122807016,0.2999192803841212,0.3448275862068966,West Bromwich Albion,522,1738,Hal Robson-Kanu,West Bromwich Albion,4,15,64.0,458.0,0.02499623398762186,0.33833647464040056,0.0,0.3930131004366812,1.0,0.6666666666666666,0.13973799126637554,1738,Hal Robson-Kanu,West Bromwich Albion,4,15,97.0,425.0,0.01649236056915257,0.3646073067889493,0.0,0.4235294117647058,0.0,0.9333333333333333,0.22823529411764706,1.0,0.3133402406527787,0.3481149462197968,-0.33333333333333337,0.9333333333333333,1.0447485745213467,1.1606954570374703,-9.753581398520303,-20.67401290968884,-15.213797154104572,weather-resilient
551,Morgan Schneiderlin,15,1014,0.4658226994797583,0,1.254333333333333,0.0413452100129963,0.0,Everton,1014,551,Morgan Schneiderlin,Everton,6,9,356.0,658.0,0.03188816328229526,0.046461788487357346,0.0,0.0,0.6666666666666666,1.1111111111111112,0.541033434650456,551,Morgan Schneiderlin,Everton,6,9,489.0,525.0,0.026748055489333816,0.05494141679789335,0.0,0.0,0.16666666666666666,1.4444444444444444,0.9314285714285714,1.254333333333333,0.014573625205062085,0.028193361308559532,0.44444444444444453,1.2777777777777777,0.14573625205062085,0.2819336130855953,-6.317272914876285,-24.143230567181597,-15.23025174102894,weather-resilient
558,Jesse Lingard,71,3628,13.377065299078819,16,1.4241784037558685,0.3318456110576333,0.39691289966923926,West Ham United,1434,558,Jesse Lingard,West Ham United,22,49,1015.0,2613.0,0.4041321130441914,0.30376646849492517,0.1773399014778325,0.4822043628013777,1.0,1.5714285714285714,0.3884424033677765,558,Jesse Lingard,West Ham United,31,40,1619.0,2009.0,0.17569241363042065,0.45768534556965784,0.22235948116121063,0.5375808860129417,1.2903225806451613,1.475,0.805873568939771,1.4241784037558685,-0.10036564454926622,0.2819929319392372,0.5714285714285714,0.18467741935483883,-0.3024468041912274,0.8497714676427106,4.215869692690544,-34.7041156914793,-15.24412299939438,weather-resilient
727,DeAndre Yedlin,22,1377,1.2031275928020473,1,1.208181818181818,0.07863579037921878,0.06535947712418301,Newcastle United,1377,727,DeAndre Yedlin,Newcastle United,3,19,226.0,1151.0,0.06139278247029375,0.08202147221016322,0.0,0.07819287576020852,0.6666666666666666,1.2105263157894737,0.19635099913119028,727,DeAndre Yedlin,Newcastle United,8,14,447.0,930.0,0.006721127503270268,0.11320122511636822,0.0,0.0967741935483871,1.5,0.9285714285714286,0.4806451612903226,1.208181818181818,0.02062868973986947,0.10648009761309796,0.543859649122807,-0.5714285714285714,0.20628689739869469,1.0648009761309796,-3.230638373313214,-27.379038740210444,-15.30483855676183,weather-resilient
4490,Semi Ajayi,33,2773,2.2442624233663073,2,0.7385858585858586,0.07283938626143803,0.06491164803461955,West Bromwich Albion,2773,4490,Semi Ajayi,West Bromwich Albion,6,27,492.0,2281.0,0.04352849885457898,0.07916159432990565,0.0,0.0789127575624726,0.8333333333333334,0.5925925925925926,0.21569487067075843,4490,Semi Ajayi,West Bromwich Albion,9,24,749.0,2024.0,0.005707585903130796,0.09768213254027802,0.0,0.08893280632411067,0.2222222222222222,0.7916666666666666,0.3700592885375494,1.0,0.035633095475326663,0.09197454663714723,-0.2407407407407408,0.5694444444444444,0.3563309547532666,0.9197454663714723,-4.860847714711993,-25.932506764202163,-15.396677239457079,weather-resilient
6820,David Brooks,28,940,4.504953113384543,3,1.0521428571428573,0.4313252980900094,0.2872340425531915,Bournemouth,940,6820,David Brooks,Bournemouth,9,19,342.0,598.0,0.245735711712194,0.537465161871302,0.0,0.45150501672240806,0.6666666666666666,0.6842105263157895,0.5719063545150501,6820,David Brooks,Bournemouth,22,6,909.0,31.0,0.400761260125454,1.3275417661474591,0.198019801980198,2.903225806451613,0.45454545454545453,1.5,0.034103410341034104,1.0521428571428573,0.291729450159108,0.9267805060220051,0.01754385964912286,1.0454545454545454,0.676355992683345,2.148681076964337,-25.83032767152671,-5.214073629358468,-15.522200650442588,weather-resilient
9556,William Osula,21,769,2.171068366616964,0,0.7752380952380952,0.25409122626206343,0.0,Sheffield United,769,9556,William Osula,Sheffield United,7,14,148.0,621.0,0.4448889251294973,0.20861931091201472,0.0,0.0,0.0,0.42857142857142855,0.23832528180354268,9556,William Osula,Sheffield United,4,17,272.0,497.0,0.06642623626462674,0.35679721676367865,0.0,0.0,0.0,0.35294117647058826,0.5472837022132797,1.0,-0.23626961421748258,0.2903709804990519,0.42857142857142855,0.35294117647058826,-0.9298613639409962,1.142782396585274,14.49126894709019,-45.711422195138056,-15.610076624023932,weather-resilient
1679,Dominic Solanke,103,7837,43.71877546235918,39,1.1184304207119742,0.502065814930755,0.44787546254944494,Bournemouth,7837,1679,Dominic Solanke,Bournemouth,34,69,2894.0,4943.0,0.4358050842275784,0.5408597770296812,0.34208707671043537,0.5098118551486951,1.1764705882352942,1.0289855072463767,0.5854744082540967,1679,Dominic Solanke,Bournemouth,57,46,4261.0,3576.0,0.39887122527714325,0.6250278245823321,0.4013142454822811,0.5033557046979866,1.0175438596491229,1.1521739130434783,0.8392396151138231,1.1184304207119742,0.10505469280210283,0.22615659930518883,-0.14748508098891744,0.1346300533943554,0.20924486327871575,0.4504520972741002,-6.895411934065409,-24.670712958984545,-15.783062446524976,weather-resilient
11732,Auston Trusty,32,2576,1.7658859901130195,0,0.6449999999999999,0.06169632729432134,0.0,Sheffield United,2576,11732,Auston Trusty,Sheffield United,15,17,1093.0,1483.0,0.04847167088749859,0.0714431576737261,0.0,0.0,0.06666666666666667,0.6470588235294118,0.7370195549561699,11732,Auston Trusty,Sheffield United,10,22,698.0,1878.0,0.022094119873890542,0.07641535859328868,0.0,0.0,0.1,0.5,0.37167199148029817,1.0,0.022971486786227506,0.054321238719398146,0.5803921568627451,0.4,0.22971486786227505,0.5432123871939815,-16.128908169017173,-15.619466048081964,-15.874187108549568,weather-resilient
11839,Gustavo Hamer,36,2986,9.40012681018561,10,0.6488888888888888,0.2833259922694926,0.3014065639651708,Sheffield United,2986,11839,Gustavo Hamer,Sheffield United,16,20,1377.0,1609.0,0.26647038508230947,0.2977512073700215,0.26143790849673204,0.3356121814791796,0.125,0.7,0.855811062771908,11839,Gustavo Hamer,Sheffield United,14,22,1212.0,1774.0,0.2237311697860091,0.3240412824893246,0.22277227722772278,0.35512965050732803,0.14285714285714285,0.6363636363636364,0.6832018038331454,1.0,0.03128082228771201,0.10031011270331552,0.575,0.4935064935064935,0.11040576276517006,0.35404486506802046,-11.534966732712704,-20.303531597333457,-15.91924916502308,weather-resilient
11926,Edson Álvarez,31,2405,1.8047603219747537,2,1.429032258064516,0.06753780830674753,0.07484407484407485,West Ham United,2405,11926,Edson Álvarez,West Ham United,9,22,659.0,1746.0,0.034025460721893774,0.08018651223482236,0.0,0.10309278350515465,1.5555555555555556,1.4545454545454546,0.3774341351660939,11926,Edson Álvarez,West Ham United,17,14,1288.0,1117.0,0.045297003520351826,0.09318342743376425,0.0,0.1611459265890779,1.2352941176470589,1.7857142857142858,0.8672360248447205,1.429032258064516,0.04616105151292858,0.04788642391341242,-0.101010101010101,0.5504201680672269,0.4616105151292858,0.4788642391341242,-8.2676111203548,-23.682897385686438,-15.97525425302062,weather-resilient
5675,Ismaila Sarr,50,3910,17.495119263418015,16,0.8361,0.4027009549124352,0.36828644501278773,Watford,3910,5675,Ismaila Sarr,Watford,22,28,1696.0,2214.0,0.41625758708248195,0.39231610931153216,0.3714622641509434,0.3658536585365854,1.0454545454545454,0.75,0.7660343270099368,5675,Ismaila Sarr,Watford,27,23,2097.0,1813.0,0.29722725764684405,0.5246967316173137,0.2575107296137339,0.49641478212906787,0.7037037037037037,1.0869565217391304,0.8645684310920363,1.0,-0.023941477770949793,0.22746947397046963,-0.2954545454545454,0.38325281803542666,-0.05945224981191246,0.5648595345892126,5.451255731065644,-37.49866338850703,-16.023703828720695,weather-resilient
3729,Hassane Kamara,19,1627,0.8254191800951951,1,0.5263157894736841,0.04565932772499543,0.05531653349723417,Watford,1627,3729,Hassane Kamara,Watford,9,10,794.0,833.0,0.030326270076073185,0.06027451112624903,0.0,0.10804321728691475,0.2222222222222222,0.7,0.9531812725090036,3729,Hassane Kamara,Watford,7,12,551.0,1076.0,0.03772829351659366,0.0497206658744651,0.16333938294010888,0.0,0.0,0.75,0.5120817843866171,1.0,0.029948241050175843,0.011992372357871442,0.47777777777777775,0.75,0.2994824105017584,0.11992372357871442,-24.53636006151655,-8.139366188132914,-16.337863124824732,weather-resilient
2182,Jefferson Lerma,98,8400,12.953102030791339,10,1.0367176870748298,0.13878323604419293,0.10714285714285714,Bournemouth,5987,2182,Jefferson Lerma,Bournemouth,32,66,2771.0,5629.0,0.15135240721580503,0.1325957829767676,0.12991699747383614,0.09593178184402203,1.0,1.0606060606060606,0.49227216201812046,2182,Jefferson Lerma,Bournemouth,52,46,4383.0,4017.0,0.09752099270295556,0.18380499670255573,0.08213552361396304,0.13442867811799852,1.1153846153846154,0.9565217391304348,0.9164955509924709,1.0367176870748298,-0.018756624239037428,0.08628400399960018,0.06060606060606055,-0.1588628762541806,-0.1351505035742554,0.6217177698041617,4.204434274583245,-37.069048966723344,-16.43230734607005,weather-resilient
3683,Ivan Cavaleiro,36,2477,8.229140878655015,3,0.7159722222222222,0.2989998704396251,0.10900282599919257,Fulham,2477,3683,Ivan Cavaleiro,Fulham,8,28,505.0,1972.0,0.1291599825467213,0.34249335085844684,0.0,0.13691683569979715,0.75,0.75,0.25608519269776875,3683,Ivan Cavaleiro,Fulham,9,27,689.0,1788.0,0.1303045606275774,0.36400606085377546,0.0,0.15100671140939598,0.7777777777777778,0.7407407407407407,0.38534675615212527,1.0,0.21333336831172553,0.23370150022619807,0.0,-0.03703703703703709,0.7134898352900871,0.7816107073310178,-12.789992737071287,-20.940659524267225,-16.865326130669256,weather-resilient
499,Mesut Özil,18,1472,3.9956816621124736,3,1.178611111111111,0.24430118858024635,0.18342391304347827,Arsenal,1472,499,Mesut Özil,Arsenal,8,10,643.0,829.0,0.16188900234122666,0.30822282398638584,0.27993779160186627,0.10856453558504221,1.25,1.4,0.7756332931242461,499,Mesut Özil,Arsenal,2,16,163.0,1309.0,0.09815079851384538,0.26250020583068434,0.0,0.20626432391138275,1.0,1.375,0.12452253628724216,1.178611111111111,0.14633382164515918,0.16434940731683895,0.1499999999999999,0.375,0.5989893970454117,0.6727327372902019,-28.580401052141042,-5.371480482198484,-16.975940767169764,weather-resilient
11362,Facundo Buonanotte,40,1961,6.951963167637585,6,1.432,0.31906001279315793,0.27536970933197347,Brighton,1961,11362,Facundo Buonanotte,Brighton,9,31,465.0,1496.0,0.22146326255413787,0.3493959010693239,0.1935483870967742,0.30080213903743314,2.2222222222222223,1.032258064516129,0.3108288770053476,11362,Facundo Buonanotte,Brighton,21,19,1069.0,892.0,0.1997416106839398,0.46205482428951905,0.08419083255378859,0.5044843049327354,1.5238095238095237,1.0526315789473684,0.8344246959775491,1.432,0.12793263851518602,0.26231321360557924,-1.1899641577060933,-0.47117794486215536,0.4009673208347889,0.8221438070825665,-3.5094296895254415,-30.788806986940898,-17.14911833823317,weather-resilient
10872,Vinicius Souza,36,2676,1.2819485040381544,1,0.6488888888888888,0.04311486000128322,0.033632286995515695,Sheffield United,2676,10872,Vinicius Souza,Sheffield United,15,21,1225.0,1451.0,0.0321920012332955,0.052336432703409305,0.0,0.06202618883528601,0.13333333333333333,0.6666666666666666,0.8442453480358374,10872,Vinicius Souza,Sheffield United,14,22,975.0,1701.0,0.0188359605005154,0.05703133678743762,0.0,0.05291005291005291,0.14285714285714285,0.6363636363636364,0.5731922398589065,1.0,0.020144431470113806,0.03819537628692222,0.5333333333333333,0.4935064935064935,0.20144431470113805,0.38195376286922217,-16.407431646420346,-18.154046224287317,-17.28073893535383,weather-resilient
7152,Björn Engels,17,1447,0.9275830835103985,1,0.9673529411764706,0.05769348826256798,0.06219765031098825,Aston Villa,1447,7152,Björn Engels,Aston Villa,2,15,167.0,1280.0,0.06004239716929586,0.05738702905364333,0.0,0.0703125,3.0,0.3333333333333333,0.13046875,7152,Björn Engels,Aston Villa,8,9,707.0,740.0,0.022775537770404822,0.09105428690845899,0.0,0.12162162162162163,1.0,0.3333333333333333,0.9554054054054054,1.0,-0.0026553681156525274,0.06827874913805417,-2.6666666666666665,-0.6666666666666667,-0.026553681156525274,0.6827874913805416,3.721676457853995,-39.29435083120226,-17.78633718667413,weather-resilient
5722,Ibrahim Sangare,17,1053,1.1848435848951335,0,0.9741176470588234,0.10126868246966952,0.0,Nottingham Forest,1053,5722,Ibrahim Sangare,Nottingham Forest,4,13,227.0,826.0,0.07181185572551732,0.10936396052163387,0.0,0.0,1.0,0.8461538461538461,0.274818401937046,5722,Ibrahim Sangare,Nottingham Forest,7,10,433.0,620.0,0.06561854819812339,0.12616627624318483,0.0,0.0,0.8571428571428571,0.9,0.6983870967741935,1.0,0.03755210479611655,0.060547728045061436,-0.15384615384615385,0.04285714285714293,0.3708165632288501,0.5978919303427866,-6.7107075308422015,-29.528509414937567,-18.119608472889883,weather-resilient
11297,Carlos Alcaraz,18,1050,2.7121730949729677,6,0.6466666666666666,0.23247197956911153,0.5142857142857142,Southampton,1050,11297,Carlos Alcaraz,Southampton,6,12,403.0,647.0,0.14395093277244647,0.2876095094903727,0.6699751861042184,0.41731066460587324,0.6666666666666666,0.75,0.6228748068006182,11297,Carlos Alcaraz,Southampton,8,10,503.0,547.0,0.21882650807174012,0.24501982630252617,0.3578528827037773,0.6581352833638026,0.625,0.8,0.9195612431444241,1.0,0.1436585767179262,0.02619331823078605,0.08333333333333337,0.17500000000000004,0.6179608268669557,0.11267301237480556,-27.46291848415789,-8.861913648476973,-18.16241606631743,weather-resilient
8666,Cheick Oumar Doucoure,45,3751,3.9627788783982374,3,1.1635555555555555,0.09508133805807553,0.07198080511863503,Crystal Palace,3751,8666,Cheick Oumar Doucoure,Crystal Palace,21,24,1733.0,2018.0,0.06355165383540438,0.12215811841381842,0.05193306405077899,0.08919722497522299,1.0952380952380953,1.375,0.8587710604558969,8666,Cheick Oumar Doucoure,Crystal Palace,28,17,2403.0,1348.0,0.0886092391492945,0.10661876660243821,0.03745318352059925,0.13353115727002968,1.3928571428571428,1.0,0.5609654598418643,1.1635555555555555,0.058606464578414036,0.018009527453143714,0.27976190476190466,-0.3928571428571428,0.5860646457841403,0.18009527453143714,-32.343268107391616,-4.183825252956385,-18.263546680174002,weather-resilient
9662,Dango Ouattara,49,2454,10.215506456792353,7,1.2726530612244897,0.3746518260437293,0.2567237163814181,Bournemouth,2454,9662,Dango Ouattara,Bournemouth,20,29,1123.0,1331.0,0.36763621910490946,0.380571079681817,0.16028495102404275,0.33809166040571,0.8,1.6896551724137931,0.8437265214124718,9662,Dango Ouattara,Bournemouth,21,28,1096.0,1358.0,0.248609265001545,0.4763768974003081,0.0,0.4639175257731959,1.0,1.5714285714285714,0.8070692194403535,1.2726530612244897,0.01293486057690757,0.22776763239876308,0.8896551724137931,0.5714285714285714,0.034525016769564106,0.6079448078605603,-7.500342387608247,-30.61130578792869,-19.055824087768467,weather-resilient
1299,Mario Lemina,82,6033,9.130576913245019,7,1.0717682926829266,0.13620950144075114,0.10442565887618101,Wolverhampton Wanderers,4327,1299,Mario Lemina,Wolverhampton Wanderers,26,56,1885.0,4148.0,0.0805338159134359,0.16151053018206968,0.09549071618037135,0.10848601735776278,1.0384615384615385,1.1607142857142858,0.4544358727097396,1299,Mario Lemina,Wolverhampton Wanderers,27,55,2067.0,3966.0,0.08432054198759296,0.16325299089856202,0.08708272859216255,0.11346444780635401,1.0740740740740742,1.1454545454545455,0.5211800302571861,1.0717682926829266,0.08097671426863377,0.07893244891096905,0.12225274725274726,0.07138047138047132,0.5945012162301856,0.579492972781369,-18.163392221539066,-20.072838938578737,-19.1181155800589,weather-resilient
8940,Antonee Robinson,100,8536,8.202821466140445,7,1.15925,0.08648710543025305,0.07380506091846298,Fulham,8536,8940,Antonee Robinson,Fulham,35,65,2998.0,5538.0,0.04997521620542005,0.10625284105611968,0.03002001334222815,0.09750812567713976,1.2285714285714286,1.123076923076923,0.5413506681112314,8940,Antonee Robinson,Fulham,42,58,3711.0,4825.0,0.0608082642220111,0.10623719449217761,0.024252223120452707,0.11191709844559584,1.2142857142857142,1.1206896551724137,0.7691191709844559,1.15925,0.05627762485069963,0.045428930270166513,-0.10549450549450556,-0.09359605911330049,0.5627762485069963,0.4542893027016651,-17.903865135676078,-20.47730653245154,-19.19058583406381,weather-resilient
9745,Dimitris Giannoulis,18,1170,0.642402696423232,1,0.4144444444444444,0.049415592032556306,0.07692307692307693,Norwich City,1170,9745,Dimitris Giannoulis,Norwich City,6,12,412.0,758.0,0.024676208601342228,0.06286232814556449,0.0,0.11873350923482849,1.0,0.6666666666666666,0.5435356200527705,9745,Dimitris Giannoulis,Norwich City,10,8,692.0,478.0,0.03117597430427637,0.07582106372286952,0.0,0.18828451882845187,0.5,1.125,0.6907514450867052,1.0,0.038186119544222255,0.04464508941859315,-0.33333333333333337,0.625,0.3818611954422225,0.4464508941859315,-12.71707591453874,-25.904258554134778,-19.31066723433676,weather-resilient
964,Kyle Bartley,30,2581,3.3613642379641524,4,0.769111111111111,0.11721146122308165,0.13948082138705928,West Bromwich Albion,2581,964,Kyle Bartley,West Bromwich Albion,7,23,630.0,1951.0,0.06599328560488563,0.13375039030532843,0.14285714285714285,0.13839056893900564,1.1428571428571428,0.6086956521739131,0.3229113275243465,964,Kyle Bartley,West Bromwich Albion,7,23,630.0,1951.0,0.018162456740226044,0.1491955067506055,0.0,0.18452075858534084,0.14285714285714285,0.9130434782608695,0.3229113275243465,1.0,0.0677571047004428,0.13103305001037946,-0.5341614906832297,0.7701863354037266,0.5780757614776656,1.1179201132984085,-11.341836847698977,-27.75625366965827,-19.549045258678625,weather-resilient
842,Oriol Romeu,88,6624,8.438418062403795,6,1.2382954545454545,0.11465241932613851,0.08152173913043478,Southampton,6624,842,Oriol Romeu,Southampton,26,62,1911.0,4713.0,0.10411321185529228,0.11892579625734732,0.09419152276295134,0.07638446849140675,1.3461538461538463,1.1935483870967742,0.4054742202418842,842,Oriol Romeu,Southampton,43,45,3347.0,3277.0,0.07821727525147883,0.15186585454673235,0.0268897520167314,0.137320720170888,1.1395348837209303,1.3333333333333333,0.9790857484314311,1.2382954545454545,0.014812584402055046,0.07364857929525352,-0.152605459057072,0.193798449612403,0.1291955676915931,0.6423639355202257,-2.461615471852511,-37.08526026842732,-19.773437870139915,weather-resilient
1699,Shkodran Mustafi,18,1251,1.1438984852284189,1,1.4122222222222223,0.08229485505240423,0.07194244604316546,Arsenal,1251,1699,Shkodran Mustafi,Arsenal,5,13,428.0,823.0,0.1365118280105362,0.05409939402435989,0.2102803738317757,0.0,1.0,1.6923076923076923,0.520048602673147,1699,Shkodran Mustafi,Arsenal,9,9,630.0,621.0,0.023568285363061058,0.14187253444739006,0.0,0.14492753623188406,1.4444444444444444,1.5555555555555556,0.9857142857142858,1.4122222222222223,-0.08241243398617631,0.118304249084329,0.6923076923076923,0.11111111111111116,-0.8241243398617631,1.18304249084329,18.694361907572084,-58.57801177583208,-19.941824934129997,weather-resilient
342,Sead Kolasinac,29,1868,1.5892922868952148,2,1.5653448275862067,0.07657189819088295,0.09635974304068523,Arsenal,1868,342,Sead Kolasinac,Arsenal,11,18,798.0,1070.0,0.04940475484258248,0.09683300136092385,0.11278195488721804,0.08411214953271029,1.1818181818181819,1.8888888888888888,0.7457943925233644,342,Sead Kolasinac,Arsenal,19,10,1235.0,633.0,0.042782698414827625,0.14249553440482976,0.0728744939271255,0.14218009478672985,1.8421052631578947,1.2,0.5125506072874494,1.5653448275862067,0.04742824651834137,0.09971283599000214,0.707070707070707,-0.6421052631578947,0.47428246518341366,0.9971283599000214,-19.186505979795665,-20.75223123397784,-19.969368606886754,weather-resilient
3428,Hélder Costa,23,1172,3.244708379730582,6,1.4852173913043476,0.24916702574722896,0.46075085324232085,Leeds United,1172,3428,Hélder Costa,Leeds United,6,17,411.0,761.0,0.1940885681087953,0.27891373545734227,0.43795620437956206,0.4730617608409987,1.3333333333333333,1.1764705882352942,0.5400788436268068,3428,Hélder Costa,Leeds United,6,17,453.0,719.0,0.10055135577818412,0.34280109875971476,0.5960264900662252,0.37552155771905427,0.6666666666666666,1.411764705882353,0.6300417246175244,1.4852173913043476,0.08482516734854698,0.24224974298153062,-0.1568627450980391,0.7450980392156864,0.34043496363198184,0.9722383700453379,-8.095204159863034,-32.030987903242234,-20.063096031552632,weather-resilient
9734,Enock Mwepu,24,1214,4.112416906282305,7,1.3183333333333334,0.30487439997150534,0.5189456342668863,Brighton,1214,9734,Enock Mwepu,Brighton,8,16,393.0,821.0,0.19089386961956048,0.35943511669295997,0.22900763358778628,0.6577344701583434,2.0,1.875,0.47868453105968334,9734,Enock Mwepu,Brighton,17,7,696.0,518.0,0.22208476543490735,0.4161129822832277,0.12931034482758622,1.0424710424710424,1.8235294117647058,2.142857142857143,0.7442528735632183,1.3183333333333334,0.16854124707339949,0.19402821684832033,-0.125,0.31932773109243695,0.5528219066249969,0.6364201679985427,-13.597134004124042,-26.952692945078226,-20.274913474601135,weather-resilient
1123,Juraj Kucka,26,1928,3.575082763098179,2,0.7776923076923077,0.16688664350562038,0.09336099585062241,Watford,1928,1123,Juraj Kucka,Watford,11,15,721.0,1207.0,0.18490220254723716,0.1561250709546629,0.12482662968099861,0.07456503728251863,0.8181818181818182,0.4666666666666667,0.5973487986743994,1123,Juraj Kucka,Watford,12,14,1035.0,893.0,0.09793444828170791,0.2468032415534921,0.08695652173913043,0.10078387458006718,0.8333333333333334,0.42857142857142855,0.8628019323671497,1.0,-0.02877713159257425,0.14886879327178418,-0.35151515151515156,-0.4047619047619048,-0.1724351990553702,0.8920353968696758,9.310048665077694,-50.38319695536195,-20.53657414514213,weather-resilient
9339,Joe Gelhardt,35,877,7.3277182914316645,6,1.1188571428571428,0.7519893343544467,0.6157354618015963,Leeds United,877,9339,Joe Gelhardt,Leeds United,9,26,277.0,600.0,0.3432695557521353,0.9406816321425139,0.0,0.9,0.8888888888888888,0.6538461538461539,0.46166666666666667,9339,Joe Gelhardt,Leeds United,18,17,425.0,452.0,0.6205722210161825,0.8755563103915314,0.4235294117647058,0.7964601769911505,0.7222222222222222,0.7058823529411765,0.9402654867256637,1.1188571428571428,0.5974120763903785,0.2549840893753489,-0.23504273504273498,-0.016339869281045694,0.794442220252011,0.3390793961117051,-21.97654152245634,-19.809577772930513,-20.893059647693427,weather-resilient
10758,Harry Toffolo,42,2361,3.600526608526706,4,0.8772222222222222,0.13725006131613873,0.15247776365946633,Nottingham Forest,2361,10758,Harry Toffolo,Nottingham Forest,16,26,1003.0,1358.0,0.14366510133830046,0.13251200156486612,0.0,0.2650957290132548,0.625,1.1538461538461537,0.7385861561119293,10758,Harry Toffolo,Nottingham Forest,19,23,879.0,1482.0,0.043434082393760134,0.1928939516486426,0.10238907849829351,0.18218623481781376,1.2105263157894737,0.7391304347826086,0.5931174089068826,1.0,-0.011153099773434344,0.14945986925488247,0.5288461538461537,-0.471395881006865,-0.08126116423179253,1.0889603095376397,0.29530148574170206,-42.41576116855642,-21.06022984140736,weather-resilient
209,Josip Drmic,21,609,3.8833131929859515,1,0.6083333333333333,0.5738886492097465,0.1477832512315271,Norwich City,609,209,Josip Drmic,Norwich City,6,15,119.0,490.0,0.3066079161998603,0.6387996843692902,0.7563025210084033,0.0,1.0,0.2,0.24285714285714285,209,Josip Drmic,Norwich City,15,6,498.0,111.0,0.35559305477977154,1.5532688836793642,0.18072289156626503,0.0,0.2,1.0,0.22289156626506024,1.0,0.33219176816942997,1.1976758288995928,-0.8,0.8,0.5788435938345586,2.0869481049134024,-7.897483952330353,-34.344551757383805,-21.12101785485708,weather-resilient
7753,James Justin,63,5325,6.756490334868428,4,1.5184126984126984,0.11419420284284668,0.0676056338028169,Leicester City,5325,7753,James Justin,Leicester City,20,43,1661.0,3664.0,0.12080543941982459,0.11119713298630729,0.10836845273931367,0.04912663755458515,1.35,1.627906976744186,0.45332969432314413,7753,James Justin,Leicester City,33,30,2967.0,2358.0,0.054984376271405,0.1886961347501696,0.03033367037411527,0.11450381679389314,1.3636363636363635,1.7333333333333334,0.7947421638018201,1.5184126984126984,-0.009608306433517302,0.1337117584787646,0.27790697674418596,0.36969696969696986,-0.08414005434882006,1.1709154681238754,0.9287251822754713,-44.83527453455298,-21.953274676138754,weather-resilient
561,Joe Rothwell,31,1398,1.5339113296940918,1,1.027741935483871,0.0987496564180746,0.06437768240343347,Bournemouth,1398,561,Joe Rothwell,Bournemouth,9,22,403.0,995.0,0.26670326640547504,0.030724224433227965,0.22332506203473945,0.0,0.7777777777777778,1.2727272727272727,0.4050251256281407,561,Joe Rothwell,Bournemouth,14,17,692.0,706.0,0.019982778992116243,0.17595458443331985,0.0,0.1274787535410765,0.9285714285714286,1.2941176470588236,0.9801699716713881,1.027741935483871,-0.23597904197224706,0.1559718054412036,0.4949494949494949,0.365546218487395,-2.3597904197224704,1.559718054412036,63.14769956333636,-107.61280291507309,-22.232551675868365,weather-resilient
2280,Jonny,74,5690,6.044552638195453,7,1.221554054054054,0.09560803821398785,0.11072056239015818,Wolverhampton Wanderers,5690,2280,Jonny,Wolverhampton Wanderers,26,48,2076.0,3614.0,0.10397537383977642,0.09080156650421,0.13005780346820808,0.0996126175982291,1.0384615384615385,1.4375,0.5744327614831212,2280,Jonny,Wolverhampton Wanderers,35,39,2818.0,2872.0,0.05261160136181316,0.13779604623955477,0.063875088715401,0.15668523676880222,1.3428571428571427,1.2564102564102564,0.9811977715877437,1.221554054054054,-0.013173807335566431,0.08518444487774161,0.39903846153846145,-0.08644688644688636,-0.13173807335566431,0.851844448777416,2.45999667795552,-47.201952403827114,-22.370977862935796,weather-resilient
9710,Armel Bella Kotchap,24,1890,2.733352797105908,2,0.7583333333333333,0.13015965700504326,0.09523809523809523,Southampton,1890,9710,Armel Bella Kotchap,Southampton,5,19,435.0,1455.0,0.033641669770766935,0.15901555009570315,0.0,0.12371134020618557,0.8,0.6842105263157895,0.29896907216494845,9710,Armel Bella Kotchap,Southampton,17,7,1260.0,630.0,0.09785503614693877,0.19476889872125214,0.07142857142857142,0.14285714285714285,0.7058823529411765,0.7142857142857143,0.5,1.0,0.1253738803249362,0.09691386257431336,-0.11578947368421055,0.008403361344537785,0.9632314897701243,0.7445768128488405,-19.812175019226093,-26.102205256432104,-22.957190137829098,weather-resilient
3600,Serge Aurier,88,7136,11.557982086203989,14,1.3713636363636363,0.14577051397959068,0.1765695067264574,Tottenham Hotspur,4335,3600,Serge Aurier,Tottenham Hotspur,30,58,2437.0,4699.0,0.1190096594945091,0.15964925464359234,0.07386130488305293,0.2298361353479464,1.4333333333333333,1.4655172413793103,0.5186209831879123,3600,Serge Aurier,Tottenham Hotspur,39,49,3102.0,4034.0,0.06141293682230047,0.21063843771333243,0.17408123791102514,0.17848289538919185,1.5128205128205128,1.4081632653061225,0.7689638076351016,1.3713636363636363,0.04063959514908323,0.14922550089103195,0.03218390804597693,-0.10465724751439032,0.27879160222192245,1.0237015485307612,-7.502032624284198,-39.59451968067258,-23.54827615247839,weather-resilient
7688,Max Aarons,90,7341,8.09713048674166,4,0.6963333333333332,0.09927009178677966,0.049039640375970577,Norwich City,6122,7688,Max Aarons,Norwich City,26,64,2037.0,5304.0,0.0686102466649528,0.11104499836920072,0.04418262150220913,0.05090497737556562,0.6923076923076923,0.53125,0.38404977375565613,7688,Max Aarons,Norwich City,48,42,3883.0,3458.0,0.07432824873276477,0.12727737246310694,0.023177955189286635,0.07807981492192019,0.3958333333333333,0.7857142857142857,0.8905485449394798,1.0,0.04243475170424792,0.052949123730342176,-0.1610576923076923,0.3898809523809524,0.42434751704247914,0.5294912373034217,-10.789398051051926,-36.479714714138446,-23.634556382595186,weather-resilient
7198,Oliver Skipp,69,3580,2.8829092262312757,1,1.656231884057971,0.07247537160916614,0.025139664804469275,Tottenham Hotspur,3580,7198,Oliver Skipp,Tottenham Hotspur,22,47,1204.0,2376.0,0.04669478837635822,0.08553926984666646,0.07475083056478406,0.0,1.7727272727272727,1.7234042553191489,0.5067340067340067,7198,Oliver Skipp,Tottenham Hotspur,41,28,1906.0,1674.0,0.02234841265949221,0.12954943598077817,0.0,0.05376344086021505,1.7317073170731707,1.75,0.8782791185729276,1.656231884057971,0.03884448147030824,0.10720102332128596,-0.04932301740812384,0.018292682926829285,0.38844481470308234,1.0720102332128596,-8.168383571367166,-39.89016009244696,-24.029271831907064,weather-resilient
5648,Malang Sarr,8,549,0.40822509303689,0,1.72,0.06692214639949015,0.0,Chelsea,549,5648,Malang Sarr,Chelsea,3,5,211.0,338.0,0.01091725568141417,0.10188377936254944,0.0,0.0,2.0,2.0,0.6242603550295858,5648,Malang Sarr,Chelsea,4,4,212.0,337.0,0.010865759192350895,0.10218610511733445,0.0,0.0,1.75,2.25,0.629080118694362,1.72,0.09096652368113527,0.09132034592498356,0.0,0.5,0.9096652368113526,0.9132034592498356,-23.110904685055175,-25.208645599454076,-24.159775142254624,weather-resilient
488,Philippe Coutinho,41,2132,8.21406776551157,9,1.2604878048780488,0.3467477011707511,0.3799249530956848,Aston Villa,2132,488,Philippe Coutinho,Aston Villa,10,31,482.0,1650.0,0.24529814521136736,0.376383268426765,0.18672199170124482,0.43636363636363634,1.4,1.096774193548387,0.2921212121212121,488,Philippe Coutinho,Aston Villa,24,17,1120.0,1012.0,0.20567019814292758,0.5028809061027296,0.24107142857142858,0.533596837944664,1.1666666666666667,1.1764705882352942,0.9035714285714286,1.2604878048780488,0.13108512321539764,0.29721070795980203,-0.3032258064516129,0.009803921568627416,0.37804179457514725,0.8571382216992542,-5.4301160080286195,-43.08060557706485,-24.255360792546735,weather-resilient
338,Max Meyer,17,641,0.6572800977155562,0,1.1564705882352941,0.09228581715195017,0.0,Crystal Palace,641,338,Max Meyer,Crystal Palace,7,10,334.0,307.0,0.03254453841217618,0.15728121486883784,0.0,0.0,0.42857142857142855,0.8,0.9191616766467066,338,Max Meyer,Crystal Palace,7,10,256.0,385.0,0.1286593245458789,0.06809979665105212,0.0,0.0,0.5714285714285714,0.7,0.6649350649350649,1.1564705882352941,0.12473667645666166,-0.06055952789482677,0.3714285714285715,0.12857142857142856,1.2473667645666164,-0.6055952789482677,-72.35052132388007,23.634661611997686,-24.357929855941194,weather-resilient
6856,Rúben Vinagre,20,811,0.9073296226561067,0,1.486,0.10069009375961728,0.0,Wolverhampton Wanderers,798,6856,Rúben Vinagre,Wolverhampton Wanderers,5,15,236.0,575.0,0.204248292908325,0.058186206804669405,0.0,0.0,0.2,1.6,0.41043478260869565,6856,Rúben Vinagre,Wolverhampton Wanderers,11,9,485.0,326.0,0.006174593779844097,0.24130364434302212,0.0,0.0,1.0909090909090908,1.4444444444444444,0.6721649484536083,1.486,-0.1460620861036556,0.23512905056317804,1.4000000000000001,0.3535353535353536,-1.4506102899492501,2.335175604508959,24.179392579977307,-75.53833379226,-25.67947060614135,weather-resilient
589,James McCarthy,49,2475,2.1156777702271925,0,1.0640816326530613,0.07693373709917063,0.0,Crystal Palace,2475,589,James McCarthy,Crystal Palace,21,28,1181.0,1294.0,0.04214225171305785,0.10868701703811903,0.0,0.0,1.1428571428571428,1.1785714285714286,0.9126738794435858,589,James McCarthy,Crystal Palace,21,28,1096.0,1379.0,0.06404266842253448,0.08717928551801998,0.0,0.0,1.2380952380952381,1.1071428571428572,0.794778825235678,1.0640816326530613,0.06654476532506118,0.023136617095485507,0.03571428571428581,-0.13095238095238093,0.6654476532506117,0.23136617095485507,-40.25962109528523,-11.118661567444217,-25.689141331364723,weather-resilient
12151,Gabriel Osho,21,1853,1.3409557212144132,2,1.075238095238095,0.06513006740922676,0.09713977334052887,Luton Town,1853,12151,Gabriel Osho,Luton Town,9,12,810.0,1043.0,0.0014624278992414444,0.11457473471803607,0.0,0.1725790987535954,1.2222222222222223,0.5,0.7766059443911792,12151,Gabriel Osho,Luton Town,3,18,270.0,1583.0,0.08059336679677168,0.062492612681092144,0.0,0.11370814908401768,0.0,0.9444444444444444,0.17056222362602652,1.075238095238095,0.11311230681879463,-0.018100754115679532,-0.7222222222222223,0.9444444444444444,1.1311230681879463,-0.18100754115679532,-51.971523739238755,0.5117452283124467,-25.729889255463153,weather-resilient
9892,Matias Viña,12,453,0.9108893536031245,2,1.2933333333333332,0.18097139475558763,0.3973509933774834,Bournemouth,453,9892,Matias Viña,Bournemouth,4,8,123.0,330.0,0.02681361011615612,0.23843020539392124,0.0,0.5454545454545454,0.0,1.875,0.37272727272727274,9892,Matias Viña,Bournemouth,7,5,367.0,86.0,0.11958271965425084,0.44294399664152495,0.24523160762942778,1.0465116279069768,1.2857142857142858,1.2,0.23433242506811988,1.2933333333333332,0.2116165952777651,0.3233612769872741,1.875,-0.08571428571428585,1.1693372621875717,1.7868087794979548,-28.993073635039813,-22.506688179857722,-25.74988090744877,weather-resilient
7762,Jean-Ricner Bellegarde,22,938,2.3165287841111413,3,1.4554545454545453,0.22226822022388348,0.2878464818763326,Wolverhampton Wanderers,938,7762,Jean-Ricner Bellegarde,Wolverhampton Wanderers,9,13,533.0,405.0,0.08625404095001106,0.40126959689789343,0.0,0.6666666666666667,0.7777777777777778,1.5384615384615385,0.7598499061913696,7762,Jean-Ricner Bellegarde,Wolverhampton Wanderers,7,15,316.0,622.0,0.2521992330969888,0.20706211078995862,0.2848101265822785,0.28938906752411575,1.0,1.3333333333333333,0.5080385852090032,1.4554545454545453,0.3150155559478824,-0.04513712230703015,0.7606837606837608,0.33333333333333326,1.4172766382462485,-0.20307501567954703,-55.76558988994381,3.7984244321254925,-25.98358272890916,weather-resilient
9493,Sam Greenwood,25,595,2.249504778534173,5,0.9672,0.34026122700516903,0.7563025210084033,Leeds United,595,9493,Sam Greenwood,Leeds United,11,14,286.0,309.0,0.2596915037846647,0.41483385108628307,0.3146853146853147,1.1650485436893205,1.0,0.9285714285714286,0.9255663430420712,9493,Sam Greenwood,Leeds United,12,13,322.0,273.0,0.272521673707488,0.4201591616639722,0.0,1.6483516483516485,1.0,0.9230769230769231,0.8478260869565217,1.0,0.15514234730161836,0.14763748795648424,-0.0714285714285714,-0.07692307692307687,0.4559507078344296,0.43389453819327295,-28.879765231584354,-25.0985236797312,-26.98914445565778,weather-resilient
11718,Elijah Adebayo,27,1422,7.444442875683307,10,0.8451851851851852,0.4711672706128675,0.6329113924050633,Luton Town,1422,11718,Elijah Adebayo,Luton Town,11,16,485.0,937.0,0.2774531910791224,0.5714354974793203,0.0,0.96051227321238,1.0909090909090908,0.5625,0.5176093916755603,11718,Elijah Adebayo,Luton Town,10,17,496.0,926.0,0.21008511918837255,0.6110125698640008,0.1814516129032258,0.8747300215982722,0.4,1.0,0.5356371490280778,1.0,0.2939823064001979,0.4009274506756282,-0.5284090909090908,0.6,0.6239446683505891,0.8509238134349286,-19.872078334678132,-35.118871276955424,-27.495474805816777,weather-resilient
1950,Martín Montoya,27,1912,3.3766142167150965,1,1.1175308641975308,0.15894104576587798,0.04707112970711297,Brighton,1912,1950,Martín Montoya,Brighton,9,18,526.0,1386.0,0.08307171078972486,0.1877341700064671,0.0,0.06493506493506493,1.1111111111111112,1.0555555555555556,0.3795093795093795,1950,Martín Montoya,Brighton,15,12,1116.0,796.0,0.09080354965502212,0.25447050011225375,0.08064516129032258,0.0,1.2,0.9166666666666666,0.7132616487455197,1.1175308641975308,0.10466245921674225,0.16366695045723162,-0.05555555555555558,-0.2833333333333333,0.6584986194875758,1.0297336957145415,-15.464995360556962,-44.19740190431345,-29.831198632435207,weather-resilient
1736,Oliver McBurnie,80,4719,23.431896789930757,16,0.9445416666666666,0.4468893221220106,0.30514939605848695,Sheffield United,4719,1736,Oliver McBurnie,Sheffield United,33,47,2178.0,2541.0,0.36861392888740807,0.5139825163230985,0.3305785123966942,0.28335301062573787,0.42424242424242425,1.0851063829787233,0.8571428571428571,1736,Oliver McBurnie,Sheffield United,30,50,2086.0,2633.0,0.29214998020961064,0.5694819036750933,0.21572387344199426,0.375996961640714,0.7333333333333333,0.86,0.7922521838207368,1.0,0.14536858743569048,0.2773319234654827,0.660863958736299,0.1266666666666667,0.32528991014021513,0.6205830162792858,-25.18194282615261,-35.419596925092286,-30.30076987562245,weather-resilient
11699,Ameen Al Dakhil,13,1055,1.3202587757259605,1,0.6276923076923075,0.1126287107254374,0.08530805687203792,Burnley,1055,11699,Ameen Al Dakhil,Burnley,2,11,106.0,949.0,0.13883774766241602,0.10970125243742924,0.0,0.09483667017913593,0.5,0.36363636363636365,0.11169652265542676,11699,Ameen Al Dakhil,Burnley,10,3,859.0,196.0,0.029731734641702947,0.4759373967250695,0.0,0.4591836734693877,0.4,0.3333333333333333,0.2281722933643772,1.0,-0.029136495224986778,0.4462056620833666,-0.13636363636363635,-0.06666666666666671,-0.2586950968125239,3.9617399436553282,2.174987431922425,-63.12503534375371,-30.475023955915642,weather-resilient
8476,Jarrad Branthwaite,45,3802,3.44509890442714,4,1.1297777777777778,0.08155152588070558,0.09468700683850605,Everton,3802,8476,Jarrad Branthwaite,Everton,14,31,1162.0,2640.0,0.009293869096086873,0.11335584299575367,0.0,0.13636363636363635,1.6428571428571428,0.8709677419354839,0.4401515151515151,8476,Jarrad Branthwaite,Everton,17,28,1393.0,2409.0,0.01598488224893593,0.1194653218869551,0.0,0.149439601494396,1.1764705882352942,1.0714285714285714,0.5782482357824824,1.1297777777777778,0.1040619738996668,0.10348043963801917,-0.7718894009216589,-0.10504201680672276,1.040619738996668,1.0348043963801916,-25.37192933644744,-36.53706451303586,-30.954496924741647,weather-resilient
6276,Nikola Vlasic,19,548,1.5122987814247602,1,1.574736842105263,0.24837023782523435,0.16423357664233576,West Ham United,548,6276,Nikola Vlasic,West Ham United,8,11,276.0,272.0,0.08485261998746697,0.4142925265135571,0.0,0.33088235294117646,1.25,1.4545454545454546,0.9855072463768116,6276,Nikola Vlasic,West Ham United,6,13,209.0,339.0,0.22735740062580137,0.261325054859693,0.0,0.2654867256637168,1.5,1.3076923076923077,0.616519174041298,1.574736842105263,0.3294399065260901,0.033967654233891614,0.20454545454545459,-0.1923076923076923,1.3264065349001293,0.13676217622255105,-59.386835565902786,-2.9951299495847383,-31.19098275774376,weather-resilient
7007,Duje Caleta-Car,13,947,1.1299360115081072,1,0.6661538461538462,0.10738568219190037,0.09503695881731784,Southampton,947,7007,Duje Caleta-Car,Southampton,3,10,238.0,709.0,0.0,0.1434333441970799,0.0,0.12693935119887165,0.0,0.9,0.33568406205923834,7007,Duje Caleta-Car,Southampton,9,4,630.0,317.0,0.0810692100120442,0.15968655750202457,0.0,0.28391167192429023,0.5555555555555556,1.0,0.5031746031746032,1.0,0.1434333441970799,0.07861734748998037,0.9,0.4444444444444444,1.3356840620592383,0.7321026964236218,-34.40690616912117,-28.022615432585802,-31.214760800853487,weather-resilient
5240,Ondrej Duda,10,737,2.065643951296806,0,0.696,0.2522496005654173,0.0,Norwich City,737,5240,Ondrej Duda,Norwich City,3,7,243.0,494.0,0.14332218785528777,0.3058313035786996,0.0,0.0,1.0,0.5714285714285714,0.49190283400809715,5240,Ondrej Duda,Norwich City,4,6,240.0,497.0,0.06459292606450613,0.3428685178294388,0.0,0.0,0.0,1.1666666666666667,0.482897384305835,1.0,0.1625091157234118,0.27827559176493266,-0.4285714285714286,1.1666666666666667,0.6442393381759486,1.1031755496983073,-20.075065933085654,-42.924243933463906,-31.49965493327478,weather-resilient
902,Sam Byram,32,2311,3.1734224520623675,0,0.6967187499999999,0.12358633521662185,0.0,Norwich City,2311,902,Sam Byram,Norwich City,14,18,969.0,1342.0,0.07761143090278366,0.15678281977706088,0.0,0.0,1.1428571428571428,0.6111111111111112,0.7220566318926974,902,Sam Byram,Norwich City,11,21,737.0,1574.0,0.03703368203449118,0.16411321285018618,0.0,0.0,0.6363636363636364,0.9523809523809523,0.46823379923761116,1.0,0.07917138887427722,0.127079530815695,-0.5317460317460316,0.316017316017316,0.6406160416967279,1.028265225220493,-28.539766811229512,-35.18249719706026,-31.861132004144885,weather-resilient
8973,Lorenz Assignon,15,1249,2.483778148889541,3,0.884,0.17897520688555543,0.21617293835068055,Burnley,1249,8973,Lorenz Assignon,Burnley,6,9,449.0,800.0,0.16726211995251458,0.1855491769267246,0.40089086859688194,0.1125,0.6666666666666666,0.7777777777777778,0.56125,8973,Lorenz Assignon,Burnley,6,9,490.0,759.0,0.04482008777178668,0.26558391355979344,0.0,0.3557312252964427,0.16666666666666666,1.1111111111111112,0.6455862977602108,1.0,0.018287056974210014,0.22076382578800677,0.11111111111111116,0.9444444444444445,0.1021764818291483,1.233488311759141,-4.637869640973776,-61.83982459962625,-33.23884712030001,weather-resilient
9912,Cameron Archer,39,1921,8.797181596979497,5,0.742051282051282,0.412153224220799,0.2342529932326913,Sheffield United,1869,9912,Cameron Archer,Sheffield United,17,22,974.0,947.0,0.29172980112790503,0.5360100500840288,0.09240246406570843,0.3801478352692714,0.23529411764705882,1.0454545454545454,0.9722792607802875,9912,Cameron Archer,Sheffield United,20,19,739.0,1182.0,0.3016237532329292,0.48125752122590526,0.2435723951285521,0.22842639593908629,0.75,0.631578947368421,0.6252115059221658,1.0,0.24428024895612377,0.17963376799297603,0.8101604278074865,-0.11842105263157898,0.5926928011249957,0.4358422000278773,-48.21542611695365,-18.334167029183355,-33.2747965730685,weather-resilient
10536,Tetê,13,756,2.242794537916779,1,0.9323076923076923,0.2669993497519975,0.11904761904761904,Leicester City,756,10536,Tetê,Leicester City,5,8,309.0,447.0,0.0841632382311288,0.393389413420786,0.0,0.20134228187919462,0.8,0.875,0.6912751677852349,10536,Tetê,Leicester City,3,10,136.0,620.0,0.11733151260105999,0.29982971403026765,0.0,0.14516129032258066,0.3333333333333333,1.0,0.21935483870967742,1.0,0.30922617518965717,0.18249820142920764,0.07499999999999996,0.6666666666666667,1.1581532894251692,0.6835155276547347,-56.5606390386273,-11.957636274096355,-34.25913765636183,weather-resilient
1771,Reece Burke,22,1691,4.485940072685479,4,0.8036363636363636,0.23875494177509943,0.21289178001182732,Luton Town,1691,1771,Reece Burke,Luton Town,3,19,263.0,1428.0,0.03559721230100769,0.2761712462930869,0.0,0.25210084033613445,0.3333333333333333,0.7368421052631579,0.18417366946778713,1771,Reece Burke,Luton Town,11,11,914.0,777.0,0.1325923206256111,0.3636360688415503,0.09846827133479212,0.3474903474903475,0.6363636363636364,0.7272727272727273,0.850109409190372,1.0,0.24057403399207924,0.2310437482159392,0.40350877192982454,0.09090909090909094,1.0076190767129476,0.9677024755934729,-13.733540106765268,-58.358535321545546,-36.0460377141554,weather-resilient
7705,Jack O&#039;Connell,35,3093,4.3863938450813285,1,1.2823809523809524,0.12763512643301636,0.029097963142580018,Sheffield United,3093,7705,Jack O&#039;Connell,Sheffield United,13,22,1170.0,1923.0,0.03964463148552636,0.18117068498141117,0.0,0.046801872074883,0.8461538461538461,1.7727272727272727,0.608424336973479,7705,Jack O&#039;Connell,Sheffield United,16,19,1383.0,1710.0,0.0777894680927671,0.16794889572223548,0.0,0.052631578947368425,1.0625,1.736842105263158,0.8087719298245614,1.2823809523809524,0.14152605349588482,0.09015942762946838,0.9265734265734266,0.674342105263158,1.108833104577669,0.7063841291118598,-41.22204979864833,-35.438100858350126,-38.33007532849923,weather-resilient
10386,Anel Ahmedhodzic,31,2646,4.414945799857377,2,0.7141935483870967,0.1501682244849448,0.06802721088435375,Sheffield United,2646,10386,Anel Ahmedhodzic,Sheffield United,15,16,1300.0,1346.0,0.09563954567106868,0.20283336747011493,0.06923076923076923,0.06686478454680535,0.13333333333333333,0.5625,0.9658246656760773,10386,Anel Ahmedhodzic,Sheffield United,13,18,1170.0,1476.0,0.1065898870046322,0.18471202858519262,0.0,0.12195121951219512,0.15384615384615385,0.5,0.7926829268292683,1.0,0.10719382179904625,0.07812214158056041,0.4291666666666667,0.34615384615384615,0.7138249264563492,0.520230840102878,-52.405077989743276,-31.61036978619628,-42.007723887969775,weather-resilient
6557,Louis Beyer,15,1252,0.8380043432116505,1,0.6373333333333332,0.060239928825118645,0.07188498402555911,Burnley,1252,6557,Louis Beyer,Burnley,4,11,360.0,892.0,0.043309004977345425,0.067073037104489,0.0,0.10089686098654709,0.75,0.7272727272727273,0.40358744394618834,6557,Louis Beyer,Burnley,7,8,608.0,644.0,0.0,0.1171124082128083,0.0,0.13975155279503104,0.7142857142857143,0.75,0.9440993788819876,1.0,0.023764032127143578,0.1171124082128083,-0.022727272727272707,0.0357142857142857,0.23764032127143578,1.1711240821280828,-6.621881069755606,-77.73320464676097,-42.177542858258285,weather-resilient
10864,Marcos Senesi,62,4761,6.82555179670453,11,1.1832258064516128,0.12902744417210832,0.20793950850661624,Bournemouth,4761,10864,Marcos Senesi,Bournemouth,22,40,1674.0,3087.0,0.1321260826361756,0.1273471329350339,0.3225806451612903,0.1457725947521866,1.0,1.025,0.5422740524781341,10864,Marcos Senesi,Bournemouth,32,30,2345.0,2416.0,0.033697886348787384,0.22155551250641606,0.15351812366737738,0.26076158940397354,0.71875,1.3333333333333333,0.9706125827814569,1.1832258064516128,-0.004778949701141677,0.1878576261576287,0.02499999999999991,0.6145833333333333,-0.03703824199421549,1.4559509208525236,1.0736521387164748,-88.64472229352099,-43.78553507740226,weather-resilient
62,Lukas Rupp,31,1445,3.4024164034053674,0,0.5199999999999999,0.2119152085165973,0.0,Norwich City,1445,62,Lukas Rupp,Norwich City,10,21,319.0,1126.0,0.08399691567011755,0.2481549380175094,0.0,0.0,0.9,0.42857142857142855,0.283303730017762,62,Lukas Rupp,Norwich City,15,16,780.0,665.0,0.0764954528914621,0.37075341812201906,0.0,0.0,0.13333333333333333,1.0,0.8525641025641025,1.0,0.16415802234739185,0.294257965230557,-0.4714285714285715,0.8666666666666667,0.774640119019749,1.3885646400291773,-14.026515732552266,-90.25771452139941,-52.14211512697584,weather-resilient
12,Mario Vrancic,20,613,2.1279385983943935,1,0.5675,0.31242165392413607,0.1468189233278956,Norwich City,613,12,Mario Vrancic,Norwich City,5,15,264.0,349.0,0.2203306691213087,0.3820836023136673,0.34090909090909094,0.0,0.4,0.3333333333333333,0.7564469914040115,12,Mario Vrancic,Norwich City,11,9,317.0,296.0,0.1310226824193346,0.5066901470559673,0.0,0.30405405405405406,0.2727272727272727,0.4444444444444444,0.9337539432176656,1.0,0.1617529331923586,0.3756674646366327,-0.06666666666666671,0.1717171717171717,0.5177391872832102,1.2024373468295328,-26.910659544394626,-80.19805884728942,-53.554359195842025,weather-resilient
8119,Boubacar Traore,34,1159,0.9271994950249783,1,1.0570588235294116,0.07199996078709926,0.07765314926660914,Wolverhampton Wanderers,1159,8119,Boubacar Traore,Wolverhampton Wanderers,13,21,496.0,663.0,0.008106703152729823,0.1197994416116049,0.0,0.13574660633484165,0.23076923076923078,1.2380952380952381,0.7481146304675717,8119,Boubacar Traore,Wolverhampton Wanderers,20,14,657.0,502.0,0.01413137422338737,0.1477363380228736,0.0,0.17928286852589642,0.7,1.0714285714285714,0.7640791476407914,1.0570588235294116,0.11169273845887508,0.13360496379948622,1.0073260073260073,0.37142857142857144,1.1169273845887506,1.336049637994862,-62.463159096012475,-70.28685954953546,-66.37500932277396,weather-resilient
9897,Gonzalo Montiel,14,809,1.8498847186565397,2,1.1185714285714285,0.20579681666141975,0.22249690976514216,Nottingham Forest,809,9897,Gonzalo Montiel,Nottingham Forest,5,9,304.0,505.0,0.042342740037527506,0.3041929340746143,0.0,0.3564356435643564,1.0,1.4444444444444444,0.601980198019802,9897,Gonzalo Montiel,Nottingham Forest,9,5,425.0,384.0,0.04846726051148245,0.37992458062944934,0.0,0.46875,1.3333333333333333,1.2,0.9035294117647059,1.1185714285714285,0.26185019403708676,0.3314573201179669,0.4444444444444444,-0.1333333333333333,1.2723724219111072,1.6106046997961385,-50.32443729895333,-89.99094893355614,-70.15769311625473,weather-resilient
7823,Jack Stacey,29,1841,3.0153871718794103,2,0.9722413793103448,0.14741164881539756,0.0977729494839761,Bournemouth,1841,7823,Jack Stacey,Bournemouth,8,21,642.0,1199.0,0.009796261595927662,0.22109728567519718,0.0,0.1501251042535446,1.5,0.7142857142857143,0.5354462051709759,7823,Jack Stacey,Bournemouth,17,12,943.0,898.0,0.026489186020664777,0.2743937005029622,0.0,0.20044543429844097,1.2941176470588236,0.4166666666666667,0.9522799575821845,1.0,0.2113010240792695,0.24790451448229742,-0.7857142857142857,-0.8774509803921569,1.4334079143492935,1.68171590559133,-49.51882064768268,-103.74671476304289,-76.63276770536278,weather-resilient
