player_id,player_name,primary_team,condition,off_appearances,on_appearances,off_minutes,on_minutes,off_xgi_per90,on_xgi_per90,off_goal_involvements_per90,on_goal_involvements_per90,off_team_points,on_team_points,sample_balance
12,Mario Vrancic,Norwich City,rain,5,15,264.0,349.0,0.2203306691213087,0.3820836023136673,0.34090909090909094,0.0,0.4,0.3333333333333333,0.7564469914040115
12,Mario Vrancic,Norwich City,cold,11,9,317.0,296.0,0.1310226824193346,0.5066901470559673,0.0,0.30405405405405406,0.2727272727272727,0.4444444444444444,0.9337539432176656
62,Lukas Rupp,Norwich City,rain,10,21,319.0,1126.0,0.08399691567011755,0.2481549380175094,0.0,0.0,0.9,0.42857142857142855,0.283303730017762
62,Lukas Rupp,Norwich City,cold,15,16,780.0,665.0,0.0764954528914621,0.37075341812201906,0.0,0.0,0.13333333333333333,1.0,0.8525641025641025
65,Timo Werner,Chelsea,rain,18,51,1270.0,3453.0,0.7272389023821418,0.6258726261109502,0.49606299212598426,0.4430929626411816,1.7777777777777777,1.803921568627451,0.36779611931653633
65,Timo Werner,Chelsea,cold,24,45,1837.0,2886.0,0.5304260198158709,0.7312331897382799,0.4899292324442025,0.43659043659043656,1.9583333333333333,1.711111111111111,0.6365211365211365
76,Fabian Schär,Newcastle United,rain,35,102,2882.0,8492.0,0.08157089953669482,0.14578200102822342,0.062456627342123525,0.14837494112105512,1.4285714285714286,1.5098039215686274,0.3393782383419689
76,Fabian Schär,Newcastle United,cold,58,79,4809.0,6565.0,0.08303261484023522,0.16355890943331858,0.056144728633811605,0.1782178217821782,1.6206896551724137,1.3924050632911393,0.7325209444021326
87,Joelinton,Newcastle United,rain,49,107,3675.0,7573.0,0.2992830069393527,0.3029613666212788,0.2693877551020408,0.16638056252475902,1.4081632653061225,1.3364485981308412,0.48527664069721377
87,Joelinton,Newcastle United,cold,69,87,4620.0,6628.0,0.2588912768640204,0.3316405825004966,0.15584415584415584,0.23083886541943271,1.318840579710145,1.3908045977011494,0.6970428485214243
101,Allan Saint-Maximin,Newcastle United,rain,36,75,2477.0,4923.0,0.38664335994817667,0.3790186741772419,0.3270084779975777,0.38391224862888484,1.3611111111111112,1.4533333333333334,0.5031484866951046
101,Allan Saint-Maximin,Newcastle United,cold,50,61,3382.0,4018.0,0.41631243331825973,0.35232849330110527,0.452395032525133,0.29118964659034346,1.38,1.459016393442623,0.8417122946739671
111,Jannik Vestergaard,Southampton,rain,17,42,1234.0,3398.0,0.14913711105163902,0.06197315219487157,0.0,0.10594467333725721,1.7058823529411764,1.0,0.3631547969393761
111,Jannik Vestergaard,Southampton,cold,30,29,2263.0,2369.0,0.10169623333218343,0.06943072611446391,0.11931064958020328,0.03799071338117349,1.4,1.0,0.955255382017729
181,Bernd Leno,Fulham,rain,50,93,4500.0,8305.0,0.000616253986954688,0.0,0.0,0.0,1.32,1.4086021505376345,0.5418422636965683
181,Bernd Leno,Fulham,cold,62,81,5529.0,7276.0,0.0005015632015366424,0.0,0.0,0.0,1.3387096774193548,1.4074074074074074,0.7598955470038483
200,Andreas Christensen,Chelsea,rain,21,36,1729.0,2903.0,0.07716574991082024,0.04198256981742922,0.0,0.0,1.8095238095238095,1.9722222222222223,0.5955907681708578
200,Andreas Christensen,Chelsea,cold,26,31,2122.0,2510.0,0.0774374974647521,0.036244068587888964,0.0,0.0,1.8076923076923077,2.0,0.8454183266932271
204,Granit Xhaka,Arsenal,rain,46,80,3769.0,6743.0,0.18006484561176503,0.13830027607508938,0.26266914300875566,0.16016609817588612,1.8043478260869565,1.875,0.5589500222452914
204,Granit Xhaka,Arsenal,cold,59,67,4800.0,5712.0,0.17760037231491874,0.13283287422504556,0.24375000000000002,0.15756302521008403,1.9322033898305084,1.7761194029850746,0.8403361344537815
205,Mahmoud Dahoud,Brighton,rain,2,7,157.0,305.0,0.38961487756982727,0.1728362488087082,0.5732484076433121,0.0,3.0,1.8571428571428572,0.5147540983606558
205,Mahmoud Dahoud,Brighton,cold,7,2,371.0,91.0,0.2815236324931411,0.10372883527652231,0.24258760107816713,0.0,2.4285714285714284,1.0,0.24528301886792453
209,Josip Drmic,Norwich City,rain,6,15,119.0,490.0,0.3066079161998603,0.6387996843692902,0.7563025210084033,0.0,1.0,0.2,0.24285714285714285
209,Josip Drmic,Norwich City,cold,15,6,498.0,111.0,0.35559305477977154,1.5532688836793642,0.18072289156626503,0.0,0.2,1.0,0.22289156626506024
229,Thiago Alcántara,Liverpool,rain,18,50,1212.0,3443.0,0.10829713751128545,0.2172882785285424,0.07425742574257425,0.13069997095556202,1.6666666666666667,2.16,0.3520185884403137
229,Thiago Alcántara,Liverpool,cold,25,43,1578.0,3077.0,0.19030509470561832,0.18819572121936423,0.17110266159695817,0.08774780630484239,2.04,2.0232558139534884,0.5128371790705233
239,Pascal Groß,Brighton,rain,52,113,3924.0,8769.0,0.4466325948826557,0.3972024690956284,0.38990825688073394,0.37974683544303794,1.3076923076923077,1.2566371681415929,0.447485460143688
239,Pascal Groß,Brighton,cold,78,87,6106.0,6587.0,0.420158253929279,0.4053694330236723,0.4127088110055683,0.35524517989980264,1.3846153846153846,1.1724137931034482,0.9269773796872628
314,Ilkay Gündogan,Manchester City,rain,32,85,2384.0,5876.0,0.48005083363328194,0.5155838968281724,0.3775167785234899,0.4901293396868618,2.21875,2.411764705882353,0.40571817562968004
314,Ilkay Gündogan,Manchester City,cold,50,67,3638.0,4622.0,0.4110666161680562,0.579522244812786,0.32160527762506874,0.5646906101254868,2.26,2.4328358208955225,0.7871051492860234
318,Pierre-Emerick Aubameyang,Arsenal,rain,28,66,2003.0,5062.0,0.5192692215539071,0.5748248957936494,0.44932601098352476,0.6045041485578823,1.3214285714285714,1.5151515151515151,0.39569340181746343
318,Pierre-Emerick Aubameyang,Arsenal,cold,45,49,3570.0,3495.0,0.45772947385093243,0.662593891740229,0.5798319327731092,0.5407725321888412,1.5333333333333334,1.3877551020408163,0.9789915966386554
332,Joel Matip,Liverpool,rain,20,54,1771.0,4319.0,0.09726426203407551,0.1404762808876088,0.10163749294184077,0.18754341282704332,1.8,2.2962962962962963,0.4100486223662885
332,Joel Matip,Liverpool,cold,34,40,2727.0,3363.0,0.11921633124081016,0.134959598549581,0.132013201320132,0.18733273862622657,2.235294117647059,2.1,0.8108831400535237
338,Max Meyer,Crystal Palace,rain,7,10,334.0,307.0,0.03254453841217618,0.15728121486883784,0.0,0.0,0.42857142857142855,0.8,0.9191616766467066
338,Max Meyer,Crystal Palace,cold,7,10,256.0,385.0,0.1286593245458789,0.06809979665105212,0.0,0.0,0.5714285714285714,0.7,0.6649350649350649
342,Sead Kolasinac,Arsenal,rain,11,18,798.0,1070.0,0.04940475484258248,0.09683300136092385,0.11278195488721804,0.08411214953271029,1.1818181818181819,1.8888888888888888,0.7457943925233644
342,Sead Kolasinac,Arsenal,cold,19,10,1235.0,633.0,0.042782698414827625,0.14249553440482976,0.0728744939271255,0.14218009478672985,1.8421052631578947,1.2,0.5125506072874494
343,Pierre-Emile Højbjerg,Tottenham Hotspur,rain,58,120,4680.0,9031.0,0.14410534175112838,0.11988428337890339,0.11538461538461539,0.13951943306389103,1.9310344827586208,1.5333333333333334,0.5182150370944525
343,Pierre-Emile Højbjerg,Tottenham Hotspur,cold,83,95,6211.0,7500.0,0.13424407717454084,0.12310639990121122,0.15939462244405087,0.10799999999999998,1.6987951807228916,1.631578947368421,0.8281333333333334
371,Sokratis,Arsenal,rain,8,11,720.0,978.0,0.1546180909499526,0.08894512292706162,0.25,0.0,1.25,1.7272727272727273,0.7361963190184049
371,Sokratis,Arsenal,cold,9,10,810.0,888.0,0.09530977780620256,0.13638787802208113,0.0,0.20270270270270271,1.7777777777777777,1.3,0.9121621621621622
447,Kevin De Bruyne,Manchester City,rain,45,95,3418.0,7303.0,0.8750351872502223,0.8538201290108677,0.8425980105324752,0.9858962070382035,2.2222222222222223,2.3684210526315788,0.468026838285636
447,Kevin De Bruyne,Manchester City,cold,66,74,4977.0,5744.0,0.9434952375699663,0.7887435366994958,0.9584086799276672,0.9244428969359331,2.3181818181818183,2.324324324324324,0.8664693593314763
448,Ivan Perisic,Tottenham Hotspur,rain,19,20,976.0,1202.0,0.31057113798747416,0.5662416986742996,0.4610655737704918,0.37437603993344426,1.736842105263158,1.4,0.8119800332778702
448,Ivan Perisic,Tottenham Hotspur,cold,26,13,1218.0,960.0,0.522506209044474,0.3617993644438684,0.5911330049261083,0.1875,1.7692307692307692,1.1538461538461537,0.7881773399014779
453,Son Heung-Min,Tottenham Hotspur,rain,57,116,4773.0,9837.0,0.6932577433323313,0.6155987736945401,0.7730986800754243,0.7319304666056724,1.8245614035087718,1.646551724137931,0.4852089051540104
453,Son Heung-Min,Tottenham Hotspur,cold,85,88,7173.0,7437.0,0.5752741175947929,0.7043328089620761,0.6649937264742786,0.8229124647035095,1.7647058823529411,1.6477272727272727,0.9645018152480839
456,Simon Francis,Bournemouth,rain,5,10,351.0,605.0,0.08769771609550867,0.03481554046026929,0.0,0.0,0.6,0.7,0.5801652892561984
456,Simon Francis,Bournemouth,cold,3,12,46.0,910.0,0.0,0.05697285750328183,0.0,0.0,0.3333333333333333,0.75,0.05054945054945055
458,Steve Cook,Bournemouth,rain,12,29,873.0,2516.0,0.02359249485061337,0.07319807481399732,0.0,0.03577106518282989,1.0833333333333333,0.7241379310344828,0.3469793322734499
458,Steve Cook,Bournemouth,cold,30,11,2531.0,858.0,0.07566143350520418,0.01545864339735538,0.03555906756222837,0.0,1.0333333333333334,0.2727272727272727,0.33899644409324375
461,Matt Ritchie,Newcastle United,rain,22,52,1406.0,2732.0,0.17064840499719713,0.2619414920523206,0.12802275960170698,0.19765739385065886,1.5454545454545454,1.2307692307692308,0.5146412884333821
461,Matt Ritchie,Newcastle United,cold,33,41,1893.0,2245.0,0.24345811663074454,0.22035171444587956,0.1901743264659271,0.1603563474387528,1.2121212121212122,1.4146341463414633,0.8432071269487751
462,Dan Gosling,Bournemouth,rain,10,18,405.0,1017.0,0.15056659777959183,0.34208201209857925,0.2222222222222222,0.35398230088495575,0.9,0.7222222222222222,0.39823008849557523
462,Dan Gosling,Bournemouth,cold,13,15,553.0,869.0,0.2591242843474283,0.3056169725671599,0.325497287522604,0.3107019562715765,0.8461538461538461,0.7333333333333333,0.6363636363636364
463,Junior Stanislas,Bournemouth,rain,6,13,237.0,521.0,0.5672312180122618,0.24375601905807415,0.37974683544303794,0.345489443378119,1.0,0.38461538461538464,0.45489443378119004
463,Junior Stanislas,Bournemouth,cold,12,7,538.0,220.0,0.4269891204727903,0.1441388081081888,0.5018587360594795,0.0,0.8333333333333334,0.14285714285714285,0.40892193308550184
465,Joshua King,Watford,rain,16,53,1118.0,3281.0,0.5721099006281982,0.4563157273872583,0.4830053667262969,0.32916793660469373,1.1875,0.7358490566037735,0.34074977141115514
465,Joshua King,Watford,cold,34,35,2515.0,1884.0,0.5012051708270493,0.4651060328184134,0.5009940357852883,0.19108280254777069,0.8823529411764706,0.8,0.7491053677932406
468,Callum Wilson,Newcastle United,rain,37,93,2542.0,6728.0,0.5695569290860867,0.7330179041155751,0.5310778914240756,0.6956004756242569,1.2972972972972974,1.3655913978494623,0.37782401902497026
468,Callum Wilson,Newcastle United,cold,62,68,4498.0,4772.0,0.8290648277726383,0.555411688454546,0.7403290351267231,0.5658005029337804,1.564516129032258,1.1470588235294117,0.9425817267393126
473,Danny Ward,Leicester City,rain,12,15,1080.0,1350.0,0.0,0.0,0.0,0.0,0.9166666666666666,1.0666666666666667,0.8
473,Danny Ward,Leicester City,cold,15,12,1350.0,1080.0,0.0,0.0,0.0,0.0,1.1333333333333333,0.8333333333333334,0.8
482,Roberto Firmino,Liverpool,rain,33,86,2312.0,5787.0,0.5548311389578268,0.7372760233320123,0.3892733564013841,0.7309486780715396,2.090909090909091,2.116279069767442,0.3995161569034042
482,Roberto Firmino,Liverpool,cold,54,65,3612.0,4487.0,0.7529364995646021,0.6306617570460235,0.7973421926910299,0.5014486293737465,2.1296296296296298,2.0923076923076924,0.8049921996879875
484,Divock Origi,Liverpool,rain,14,50,266.0,1251.0,0.3261988124761141,0.5749912224977993,0.3383458646616541,0.5755395683453237,2.0,1.7,0.21262989608313348
484,Divock Origi,Liverpool,cold,24,40,494.0,1023.0,0.3555059176963953,0.6162883481147351,0.5465587044534413,0.5278592375366569,1.9583333333333333,1.65,0.48289345063538613
485,Mamadou Sakho,Crystal Palace,rain,11,7,745.0,457.0,0.0035725529961937934,0.003709280109379431,0.0,0.0,1.0,1.4285714285714286,0.6134228187919463
485,Mamadou Sakho,Crystal Palace,cold,12,6,839.0,363.0,0.005192721087188053,0.0,0.0,0.0,0.8333333333333334,1.8333333333333333,0.432657926102503
486,Adam Lallana,Brighton,rain,32,78,1620.0,3499.0,0.23300874843779532,0.19908160776129852,0.16666666666666669,0.15432980851671907,1.59375,1.4743589743589745,0.4629894255501572
486,Adam Lallana,Brighton,cold,48,62,2143.0,2976.0,0.19427559658801555,0.22101079117536782,0.041997200186654225,0.24193548387096775,1.4791666666666667,1.532258064516129,0.7200940860215054
488,Philippe Coutinho,Aston Villa,rain,10,31,482.0,1650.0,0.24529814521136736,0.376383268426765,0.18672199170124482,0.43636363636363634,1.4,1.096774193548387,0.2921212121212121
488,Philippe Coutinho,Aston Villa,cold,24,17,1120.0,1012.0,0.20567019814292758,0.5028809061027296,0.24107142857142858,0.533596837944664,1.1666666666666667,1.1764705882352942,0.9035714285714286
489,James Milner,Liverpool,rain,30,88,1153.0,3244.0,0.07499300224540133,0.26620973436145795,0.0,0.24969173859432797,2.033333333333333,2.159090909090909,0.35542540073982737
489,James Milner,Liverpool,cold,54,64,2172.0,2225.0,0.2720551937561255,0.16141457484009555,0.24861878453038672,0.12134831460674157,2.2962962962962963,1.984375,0.9761797752808988
492,Héctor Bellerín,Arsenal,rain,9,31,696.0,2566.0,0.12770688289712212,0.1026487850532551,0.12931034482758622,0.10522213561964147,1.5555555555555556,1.4516129032258065,0.2712392829306313
492,Héctor Bellerín,Arsenal,cold,15,25,1189.0,2073.0,0.06521848264589739,0.13253063052439823,0.0,0.17366136034732274,1.4666666666666666,1.48,0.5735648818137964
496,Mohamed Elneny,Arsenal,rain,12,33,662.0,1788.0,0.04981578806038167,0.04913152254892872,0.0,0.15100671140939598,2.0833333333333335,2.121212121212121,0.37024608501118567
496,Mohamed Elneny,Arsenal,cold,23,22,1504.0,946.0,0.04311533772976114,0.05917520725993282,0.05984042553191489,0.19027484143763215,1.9565217391304348,2.272727272727273,0.6289893617021277
499,Mesut Özil,Arsenal,rain,8,10,643.0,829.0,0.16188900234122666,0.30822282398638584,0.27993779160186627,0.10856453558504221,1.25,1.4,0.7756332931242461
499,Mesut Özil,Arsenal,cold,2,16,163.0,1309.0,0.09815079851384538,0.26250020583068434,0.0,0.20626432391138275,1.0,1.375,0.12452253628724216
500,Alex Iwobi,Everton,rain,46,107,3199.0,7801.0,0.2670871109502851,0.26565821039808085,0.16880275085964364,0.2076656838866812,1.1304347826086956,1.233644859813084,0.41007563132931674
500,Alex Iwobi,Everton,cold,72,81,5048.0,5952.0,0.25850464977698895,0.2724932619575185,0.24960380348652933,0.15120967741935484,1.2083333333333333,1.1975308641975309,0.8481182795698925
501,Danny Welbeck,Brighton,rain,43,84,2488.0,4909.0,0.6354667802440105,0.5302888994539802,0.3255627009646302,0.40334080260745575,1.2790697674418605,1.2142857142857142,0.5068242004481565
501,Danny Welbeck,Brighton,cold,67,60,4262.0,3135.0,0.5568881412108827,0.5775988194022024,0.4012200844673862,0.3444976076555024,1.3432835820895523,1.1166666666666667,0.7355701548568747
502,Olivier Giroud,Chelsea,rain,12,23,569.0,1196.0,0.9824956136776922,0.6640077943611504,0.632688927943761,0.6020066889632107,1.75,1.7826086956521738,0.47575250836120403
502,Olivier Giroud,Chelsea,cold,17,18,784.0,981.0,0.8147542355629634,0.7282630026067068,0.8035714285714285,0.45871559633027525,2.0,1.5555555555555556,0.799184505606524
503,Theo Walcott,Southampton,rain,20,56,1227.0,3279.0,0.4378044027334174,0.2978208046304257,0.3667481662591687,0.2744739249771272,0.95,1.2142857142857142,0.37419945105215
503,Theo Walcott,Southampton,cold,34,42,1702.0,2804.0,0.37411828220030674,0.31276430250789844,0.3701527614571093,0.25677603423680456,0.9411764705882353,1.3095238095238095,0.6069900142653353
508,Calum Chambers,Arsenal,rain,12,44,680.0,2628.0,0.13999440477174868,0.14383355541511955,0.1323529411764706,0.17123287671232876,1.25,1.6136363636363635,0.258751902587519
508,Calum Chambers,Arsenal,cold,24,32,1340.0,1968.0,0.17896708716819085,0.11858479779997336,0.26865671641791045,0.09146341463414635,1.625,1.46875,0.6808943089430894
509,Wayne Hennessey,Nottingham Forest,rain,5,4,361.0,360.0,0.0,0.038189750164747224,0.0,0.0,1.2,0.0,0.997229916897507
509,Wayne Hennessey,Nottingham Forest,cold,5,4,361.0,360.0,0.038083961383127425,0.0,0.0,0.0,0.8,0.5,0.997229916897507
510,Joel Ward,Crystal Palace,rain,45,92,3677.0,7681.0,0.029737755341157964,0.0364405081651415,0.024476475387544192,0.023434448639500064,1.1333333333333333,1.2282608695652173,0.4787137091524541
510,Joel Ward,Crystal Palace,cold,70,67,6088.0,5270.0,0.04446576594658997,0.022492919643842493,0.01478318002628121,0.03415559772296015,1.3285714285714285,1.0597014925373134,0.8656373193166885
512,Scott Dann,Crystal Palace,rain,11,20,962.0,1651.0,0.028705415006130594,0.0592414287118064,0.18711018711018712,0.0,1.0909090909090908,1.1,0.5826771653543307
512,Scott Dann,Crystal Palace,cold,15,16,1265.0,1348.0,0.07165704638855493,0.025798252490777444,0.0,0.13353115727002968,0.9333333333333333,1.25,0.9384272997032641
522,Wilfried Zaha,Crystal Palace,rain,45,83,3725.0,7236.0,0.3673605973738552,0.39321756381912165,0.36241610738255037,0.36069651741293535,1.2222222222222223,1.2409638554216869,0.5147871752349364
522,Wilfried Zaha,Crystal Palace,cold,59,69,5109.0,5852.0,0.45314211775704605,0.3244424875926223,0.4227833235466823,0.30758714969241285,1.3898305084745763,1.1014492753623188,0.8730348598769652
524,Adrian Mariappa,Watford,rain,8,12,690.0,813.0,0.020873712456744638,0.028232513098699116,0.0,0.0,0.5,1.0,0.8487084870848709
524,Adrian Mariappa,Watford,cold,7,13,436.0,1067.0,0.00646076173683918,0.032370199275664764,0.0,0.0,0.14285714285714285,1.1538461538461537,0.408622305529522
525,Martin Kelly,Crystal Palace,rain,8,12,689.0,866.0,0.011550813659225374,0.08381625233050305,0.0,0.10392609699769052,1.625,1.25,0.7956120092378753
525,Martin Kelly,Crystal Palace,cold,6,14,530.0,1025.0,0.1016190007047833,0.02603445342037734,0.16981132075471697,0.0,2.1666666666666665,1.0714285714285714,0.5170731707317073
527,Adrián,Liverpool,rain,5,9,371.0,772.0,0.0,0.0,0.0,0.0,2.6,2.6666666666666665,0.4805699481865285
527,Adrián,Liverpool,cold,8,6,682.0,461.0,0.0,0.0,0.0,0.0,3.0,2.1666666666666665,0.6759530791788856
528,Angelo Ogbonna,West Ham United,rain,27,70,2397.0,5671.0,0.0342736671094751,0.06246542864682927,0.0,0.09522130135778521,1.5925925925925926,1.457142857142857,0.4226767765826133
528,Angelo Ogbonna,West Ham United,cold,45,52,3791.0,4277.0,0.033763625875972265,0.07210603699363333,0.023740437879187552,0.10521393500116905,1.6,1.4038461538461537,0.8863689501987374
530,James Tomkins,Crystal Palace,rain,14,30,1103.0,1923.0,0.09895255166027399,0.09197993439370865,0.16319129646418856,0.093603744149766,1.0714285714285714,1.0,0.5735829433177327
530,James Tomkins,Crystal Palace,cold,9,35,417.0,2609.0,0.17812894751056488,0.08115841594805612,0.2158273381294964,0.10348792640858566,1.5555555555555556,0.8857142857142857,0.15983135300881565
531,Michail Antonio,West Ham United,rain,44,101,3174.0,7202.0,0.672034367087996,0.5724324184756697,0.5671077504725898,0.5248542071646765,1.2272727272727273,1.4356435643564356,0.44071091363510134
531,Michail Antonio,West Ham United,cold,73,72,5230.0,5146.0,0.6439731170282651,0.5611573954413617,0.5850860420650096,0.4897007384376214,1.3150684931506849,1.4305555555555556,0.9839388145315487
532,Cheikhou Kouyaté,Crystal Palace,rain,45,86,2786.0,5961.0,0.0896066308859936,0.06534505617689051,0.06460875807609476,0.04529441368897836,1.0888888888888888,1.2906976744186047,0.46737124643516187
532,Cheikhou Kouyaté,Crystal Palace,cold,59,72,3546.0,5201.0,0.0623329822919544,0.08039476991185393,0.02538071065989848,0.06921745818111902,1.3220338983050848,1.1388888888888888,0.6817919630840223
533,Mark Noble,West Ham United,rain,18,47,1243.0,2489.0,0.31752617652838927,0.12082733499771524,0.36202735317779566,0.10847730012053033,1.2777777777777777,1.425531914893617,0.4993973483326637
533,Mark Noble,West Ham United,cold,28,37,1528.0,2204.0,0.22893089932725996,0.15681391109893275,0.17670157068062825,0.20417422867513613,1.4285714285714286,1.3513513513513513,0.6932849364791288
534,Aaron Cresswell,West Ham United,rain,43,94,3627.0,7667.0,0.17940797944721892,0.16086591146492776,0.07444168734491315,0.16434068083996348,1.2325581395348837,1.372340425531915,0.4730663884178949
534,Aaron Cresswell,West Ham United,cold,65,72,5340.0,5954.0,0.14290594941612036,0.18826904850093745,0.10112359550561799,0.1662747732616728,1.1846153846153846,1.4583333333333333,0.8968760497144777
535,Manuel Lanzini,West Ham United,rain,30,51,1280.0,2671.0,0.3364149995541083,0.28168405259731705,0.28125,0.30325720703856235,1.2333333333333334,1.0588235294117647,0.47922126544365407
535,Manuel Lanzini,West Ham United,cold,38,43,1737.0,2214.0,0.3205501106254022,0.28283367739854054,0.36269430051813467,0.24390243902439024,1.0,1.2325581395348837,0.7845528455284553
537,Andy Carroll,Newcastle United,rain,6,31,133.0,818.0,0.29095592271340504,0.290531290440039,0.6766917293233082,0.4400977995110024,1.5,1.1612903225806452,0.1625916870415648
537,Andy Carroll,Newcastle United,cold,16,21,342.0,609.0,0.3501086569342173,0.2571667859266543,0.2631578947368421,0.5911330049261083,1.4375,1.0476190476190477,0.5615763546798029
545,Kieran Gibbs,West Bromwich Albion,rain,3,7,225.0,583.0,0.0074465200304984795,0.06939595939006853,0.0,0.0,0.3333333333333333,0.7142857142857143,0.38593481989708406
545,Kieran Gibbs,West Bromwich Albion,cold,3,7,225.0,583.0,0.1497253224253654,0.01448561541263275,0.0,0.0,0.0,0.8571428571428571,0.38593481989708406
546,David de Gea,Manchester United,rain,37,103,3288.0,9270.0,0.0,0.00018009903289160678,0.0,0.0,1.6756756756756757,1.766990291262136,0.3546925566343042
546,David de Gea,Manchester United,cold,63,77,5670.0,6888.0,0.0002944476252037381,0.0,0.0,0.0,1.7142857142857142,1.7662337662337662,0.823170731707317
551,Morgan Schneiderlin,Everton,rain,6,9,356.0,658.0,0.03188816328229526,0.046461788487357346,0.0,0.0,0.6666666666666666,1.1111111111111112,0.541033434650456
551,Morgan Schneiderlin,Everton,cold,6,9,489.0,525.0,0.026748055489333816,0.05494141679789335,0.0,0.0,0.16666666666666666,1.4444444444444444,0.9314285714285714
553,Anthony Martial,Manchester United,rain,23,73,1541.0,4244.0,0.8293928302483636,0.5358826367181886,0.6424399740428294,0.614985862393968,1.9130434782608696,1.917808219178082,0.3631008482563619
553,Anthony Martial,Manchester United,cold,40,56,2279.0,3506.0,0.607144882446445,0.6185673344407508,0.7898200965335674,0.513405590416429,1.8,2.0,0.650028522532801
554,Juan Mata,Manchester United,rain,9,26,304.0,1179.0,0.16295044603267383,0.4004150201061754,0.0,0.38167938931297707,1.4444444444444444,1.5384615384615385,0.2578456318914334
554,Juan Mata,Manchester United,cold,18,17,808.0,675.0,0.3264922890258897,0.3819562589128812,0.3341584158415841,0.26666666666666666,1.6666666666666667,1.3529411764705883,0.8353960396039604
556,Marcus Rashford,Manchester United,rain,41,120,3120.0,8922.0,0.6116046674030189,0.5580378558471669,0.6634615384615384,0.5850706119704102,1.6829268292682926,1.75,0.3496973772696705
556,Marcus Rashford,Manchester United,cold,69,92,5129.0,6913.0,0.5900402569467502,0.5584701047715839,0.5088711249756288,0.6769853898452192,1.6231884057971016,1.815217391304348,0.7419354838709677
558,Jesse Lingard,West Ham United,rain,22,49,1015.0,2613.0,0.4041321130441914,0.30376646849492517,0.1773399014778325,0.4822043628013777,1.0,1.5714285714285714,0.3884424033677765
558,Jesse Lingard,West Ham United,cold,31,40,1619.0,2009.0,0.17569241363042065,0.45768534556965784,0.22235948116121063,0.5375808860129417,1.2903225806451613,1.475,0.805873568939771
561,Joe Rothwell,Bournemouth,rain,9,22,403.0,995.0,0.26670326640547504,0.030724224433227965,0.22332506203473945,0.0,0.7777777777777778,1.2727272727272727,0.4050251256281407
561,Joe Rothwell,Bournemouth,cold,14,17,692.0,706.0,0.019982778992116243,0.17595458443331985,0.0,0.1274787535410765,0.9285714285714286,1.2941176470588236,0.9801699716713881
568,José Holebas,Watford,rain,5,9,376.0,643.0,0.10625639360675464,0.04724974877274887,0.0,0.0,0.8,0.6666666666666666,0.5847589424572317
568,José Holebas,Watford,cold,10,4,723.0,296.0,0.06643290905846101,0.07534797029645253,0.0,0.0,0.4,1.5,0.4094052558782849
572,Etienne Capoue,Watford,rain,14,16,1260.0,1383.0,0.09821730579382601,0.1177785606598259,0.07142857142857142,0.1301518438177874,0.8571428571428571,1.125,0.911062906724512
572,Etienne Capoue,Watford,cold,12,18,1035.0,1608.0,0.0963885733938735,0.11621852066548564,0.08695652173913043,0.11194029850746269,0.6666666666666666,1.2222222222222223,0.6436567164179104
574,Troy Deeney,Watford,rain,12,17,958.0,1314.0,0.8269244282348918,0.4565300222817961,0.5636743215031316,0.410958904109589,1.1666666666666667,0.8823529411764706,0.7290715372907154
574,Troy Deeney,Watford,cold,13,16,939.0,1333.0,0.5341944205887115,0.6680161219763737,0.3833865814696486,0.5401350337584396,0.7692307692307693,1.1875,0.7044261065266316
579,Nathan Aké,Manchester City,rain,36,72,2454.0,5691.0,0.15017502390139698,0.15362772837764313,0.18337408312958434,0.11070110701107011,1.9722222222222223,1.9027777777777777,0.43120716921454927
579,Nathan Aké,Manchester City,cold,52,56,3752.0,4393.0,0.14739167483857094,0.1570251187928243,0.11993603411513859,0.14340997040746642,1.7884615384615385,2.0535714285714284,0.8540860459822445
581,Craig Cathcart,Watford,rain,22,38,1842.0,3043.0,0.05129153197115521,0.023470235106449865,0.048859934853420196,0.0,0.9090909090909091,0.7631578947368421,0.6053236937232994
581,Craig Cathcart,Watford,cold,27,33,2006.0,2879.0,0.04449874524803366,0.026618424575282854,0.044865403788634094,0.0,0.5555555555555556,1.0303030303030303,0.6967697117054533
585,Seamus Coleman,Everton,rain,36,81,2762.0,5700.0,0.07451725412216802,0.11158613494940492,0.06517016654598116,0.06315789473684211,1.0555555555555556,1.2839506172839505,0.4845614035087719
585,Seamus Coleman,Everton,cold,54,63,4395.0,4067.0,0.0962373377380212,0.10299840809895078,0.040955631399317405,0.08851733464470125,1.5,0.9682539682539683,0.9253697383390216
586,John Stones,Manchester City,rain,25,66,1773.0,5300.0,0.09397676956797309,0.10965637860397964,0.10152284263959392,0.13584905660377358,2.28,2.484848484848485,0.33452830188679245
586,John Stones,Manchester City,cold,33,58,2350.0,4723.0,0.10120639233909386,0.1079747188329955,0.07659574468085106,0.15244547956807114,2.393939393939394,2.4482758620689653,0.49756510692356554
587,Phil Jagielka,Sheffield United,rain,5,11,280.0,479.0,0.0,0.0,0.0,0.0,1.2,1.7272727272727273,0.5845511482254697
587,Phil Jagielka,Sheffield United,cold,5,11,216.0,543.0,0.0,0.0,0.0,0.0,1.8,1.4545454545454546,0.39779005524861877
589,James McCarthy,Crystal Palace,rain,21,28,1181.0,1294.0,0.04214225171305785,0.10868701703811903,0.0,0.0,1.1428571428571428,1.1785714285714286,0.9126738794435858
589,James McCarthy,Crystal Palace,cold,21,28,1096.0,1379.0,0.06404266842253448,0.08717928551801998,0.0,0.0,1.2380952380952381,1.1071428571428572,0.794778825235678
591,Gerard Deulofeu,Watford,rain,11,17,919.0,1218.0,0.5181515462680336,0.421822766539425,0.4896626768226333,0.29556650246305416,0.8181818181818182,1.0588235294117647,0.7545155993431856
591,Gerard Deulofeu,Watford,cold,11,17,730.0,1407.0,0.5243263638335957,0.4315587456054143,0.24657534246575344,0.44776119402985076,0.45454545454545453,1.2941176470588236,0.5188343994314144
592,Ross Barkley,Luton Town,rain,27,58,1524.0,3946.0,0.4280221611114702,0.40613980263564115,0.23622047244094488,0.3421186011150532,1.7037037037037037,1.0689655172413792,0.3862138874809934
592,Ross Barkley,Luton Town,cold,34,51,1963.0,3507.0,0.48925531757649143,0.3691261038869313,0.32093734080489045,0.30795551753635586,1.5,1.1176470588235294,0.5597376675220986
593,Aaron Lennon,Burnley,rain,18,26,889.0,1115.0,0.09100378093941403,0.060256705995264837,0.0,0.16143497757847533,1.1666666666666667,1.0769230769230769,0.7973094170403587
593,Aaron Lennon,Burnley,cold,16,28,414.0,1590.0,0.05248766139392615,0.07947087837910312,0.21739130434782608,0.056603773584905655,0.9375,1.2142857142857142,0.26037735849056604
594,Romelu Lukaku,Chelsea,rain,7,19,345.0,1226.0,0.3633172931554524,0.6599858455469325,0.0,0.5872756933115824,1.7142857142857142,1.9473684210526316,0.2814029363784666
594,Romelu Lukaku,Chelsea,cold,13,13,1042.0,529.0,0.7827257887494254,0.2247388296829279,0.6046065259117083,0.17013232514177695,1.9230769230769231,1.8461538461538463,0.5076775431861804
596,Tom Cleverley,Watford,rain,17,29,1115.0,1481.0,0.15202973453921048,0.16720279363272636,0.16143497757847533,0.06076975016880486,0.7647058823529411,0.5172413793103449,0.7528696826468603
596,Tom Cleverley,Watford,cold,31,15,1743.0,853.0,0.1874896342162421,0.10591566112822685,0.10327022375215145,0.10550996483001171,0.6129032258064516,0.6,0.48938611589214
602,Dejan Lovren,Liverpool,rain,3,7,219.0,555.0,0.005565616621138274,0.07987866595991557,0.0,0.16216216216216217,3.0,2.2857142857142856,0.3945945945945946
602,Dejan Lovren,Liverpool,cold,2,8,105.0,669.0,0.06073834454374646,0.0585560589995352,0.0,0.13452914798206278,2.0,2.625,0.15695067264573992
603,Nathaniel Clyne,Crystal Palace,rain,23,47,1927.0,3560.0,0.023883429694713906,0.03164099192958365,0.046704722366372596,0.025280898876404497,0.8260869565217391,1.4680851063829787,0.5412921348314607
603,Nathaniel Clyne,Crystal Palace,cold,27,43,2030.0,3457.0,0.029958978598120745,0.028304476059255537,0.0,0.05206826728377205,1.2962962962962963,1.2325581395348837,0.5872143477003182
605,Jordan Henderson,Liverpool,rain,31,90,2358.0,6306.0,0.23727071460848315,0.16720641403947267,0.15267175572519084,0.22835394862036157,2.096774193548387,2.2222222222222223,0.37392959086584204
605,Jordan Henderson,Liverpool,cold,55,66,3514.0,5150.0,0.17599101475979034,0.19329234293472122,0.12805919180421171,0.2621359223300971,2.2,2.1818181818181817,0.6823300970873787
606,Christian Benteke,Crystal Palace,rain,24,55,978.0,3207.0,0.5962705648749883,0.4250911598845661,0.27607361963190186,0.4490177736202058,0.9166666666666666,1.2363636363636363,0.3049579045837231
606,Christian Benteke,Crystal Palace,cold,31,48,1617.0,2568.0,0.40482011718713495,0.5030474426425018,0.3339517625231911,0.455607476635514,1.1612903225806452,1.125,0.6296728971962616
610,Pablo Zabaleta,West Ham United,rain,2,8,180.0,405.0,0.2632330060005188,0.016971977220641223,0.0,0.0,0.5,0.625,0.4444444444444444
610,Pablo Zabaleta,West Ham United,cold,5,5,196.0,389.0,0.035069646807957634,0.12180447578430176,0.0,0.0,1.0,0.2,0.5038560411311054
611,Nicolás Otamendi,Manchester City,rain,6,18,440.0,1265.0,0.20890959758650174,0.08616309010758698,0.20454545454545453,0.07114624505928854,2.0,2.0555555555555554,0.34782608695652173
611,Nicolás Otamendi,Manchester City,cold,12,12,898.0,807.0,0.1445184025357587,0.08815242434578312,0.10022271714922049,0.11152416356877323,2.0833333333333335,2.0,0.8986636971046771
614,Fernandinho,Manchester City,rain,16,54,1149.0,3365.0,0.07518534930349949,0.14849813916010537,0.0783289817232376,0.1337295690936107,2.375,2.2962962962962963,0.3414561664190193
614,Fernandinho,Manchester City,cold,28,42,1651.0,2863.0,0.10285117712519438,0.14539885127131663,0.054512416717141125,0.15717778553964373,2.25,2.357142857142857,0.5766678309465596
617,David Silva,Manchester City,rain,8,19,462.0,1384.0,0.7252656353952048,0.7062352849224399,0.7792207792207793,0.7153179190751444,2.0,2.3157894736842106,0.3338150289017341
617,David Silva,Manchester City,cold,17,10,1143.0,703.0,0.8542888655554591,0.47802302212710057,0.9448818897637795,0.38406827880512096,2.176470588235294,2.3,0.6150481189851269
618,Raheem Sterling,Manchester City,rain,43,110,3001.0,8241.0,0.8038016061662576,0.7153266585087197,0.6597800733088971,0.6006552602839461,1.7209302325581395,1.9181818181818182,0.36415483557820655
618,Raheem Sterling,Manchester City,cold,74,79,5264.0,5978.0,0.7595024951489495,0.7208421676833768,0.6838905775075989,0.5570424891267982,1.7837837837837838,1.9367088607594938,0.8805620608899297
619,Sergio Agüero,Manchester City,rain,8,28,471.0,1547.0,1.1659572692291371,1.0127497622147252,0.9554140127388534,1.105365223012282,2.375,2.142857142857143,0.3044602456367162
619,Sergio Agüero,Manchester City,cold,11,25,658.0,1360.0,1.2869810866118383,0.9331295595312601,1.3677811550151977,0.9264705882352942,2.090909090909091,2.24,0.4838235294117647
620,Kelechi Iheanacho,Leicester City,rain,35,64,1976.0,2808.0,0.607345676160821,0.7666474314502033,0.6376518218623481,0.8653846153846154,1.2571428571428571,1.046875,0.7037037037037037
620,Kelechi Iheanacho,Leicester City,cold,38,61,1478.0,3306.0,0.5206387035526002,0.7814147125696341,0.6089309878213802,0.8439201451905626,0.8157894736842105,1.3114754098360655,0.4470659407138536
624,Willy Caballero,Chelsea,rain,3,5,270.0,450.0,0.0,0.0,0.0,0.0,2.3333333333333335,0.6,0.6
624,Willy Caballero,Chelsea,cold,3,5,270.0,450.0,0.0,0.0,0.0,0.0,2.3333333333333335,0.6,0.6
631,Ashley Young,Aston Villa,rain,25,71,1941.0,4596.0,0.07469476700128504,0.10846470156198183,0.0,0.0587467362924282,2.16,1.2253521126760563,0.4223237597911227
631,Ashley Young,Aston Villa,cold,46,50,3167.0,3370.0,0.13093841527119618,0.06789446586483218,0.028418061256709818,0.05341246290801187,1.2826086956521738,1.64,0.9397626112759644
633,James McArthur,Crystal Palace,rain,34,46,2511.0,3591.0,0.14220514217905666,0.10562474327045197,0.17921146953405015,0.07518796992481203,1.2941176470588236,1.2173913043478262,0.6992481203007519
633,James McArthur,Crystal Palace,cold,33,47,2551.0,3551.0,0.10779843373959408,0.12993009310788506,0.03528028224225794,0.1774148127288088,1.3636363636363635,1.1702127659574468,0.718389186144748
635,Alex McCarthy,Southampton,rain,21,60,1890.0,5400.0,0.0,0.0007850433389345783,0.0,0.0,1.2857142857142858,1.0833333333333333,0.35
635,Alex McCarthy,Southampton,cold,38,43,3420.0,3870.0,0.0,0.0010954093101412721,0.0,0.0,1.1578947368421053,1.1162790697674418,0.8837209302325582
637,Hugo Lloris,Tottenham Hotspur,rain,41,81,3690.0,7166.0,0.0,0.002591292969851295,0.0,0.0,1.975609756097561,1.6419753086419753,0.5149316215461903
637,Hugo Lloris,Tottenham Hotspur,cold,64,58,5678.0,5178.0,0.003270377848177947,0.0,0.0,0.0,1.765625,1.7413793103448276,0.9119408242338851
638,Kyle Walker,Manchester City,rain,44,88,3556.0,7281.0,0.04567681949248345,0.09965273941900435,0.05061867266591676,0.13597033374536466,2.1363636363636362,2.3181818181818183,0.488394451311633
638,Kyle Walker,Manchester City,cold,62,70,5144.0,5693.0,0.08363655292534761,0.08040961489145507,0.0874805598755832,0.12647110486562446,2.274193548387097,2.242857142857143,0.9035657825399613
639,Toby Alderweireld,Tottenham Hotspur,rain,20,38,1782.0,3420.0,0.0789240617399113,0.04479328193701801,0.20202020202020204,0.026315789473684213,1.55,1.7894736842105263,0.5210526315789473
639,Toby Alderweireld,Tottenham Hotspur,cold,22,36,1962.0,3240.0,0.021712105131682428,0.07754214567184031,0.09174311926605505,0.08333333333333334,1.7272727272727273,1.6944444444444444,0.6055555555555555
640,Jan Vertonghen,Tottenham Hotspur,rain,10,13,844.0,807.0,0.12817012684605134,0.05060057540088336,0.1066350710900474,0.11152416356877323,1.5,1.6153846153846154,0.9561611374407583
640,Jan Vertonghen,Tottenham Hotspur,cold,11,12,728.0,923.0,0.0,0.16144122579261128,0.0,0.19501625135427952,1.3636363636363635,1.75,0.7887323943661971
641,Danny Rose,Tottenham Hotspur,rain,10,21,862.0,1596.0,0.09458536356730758,0.04800623660921153,0.0,0.0,0.6,1.0952380952380953,0.5401002506265664
641,Danny Rose,Tottenham Hotspur,cold,20,11,1750.0,708.0,0.06449340860226323,0.06396479091717527,0.0,0.0,1.05,0.7272727272727273,0.4045714285714286
643,Eric Dier,Tottenham Hotspur,rain,41,78,3549.0,6383.0,0.06301160756929988,0.08857678944461211,0.0760777683854607,0.028199906000313333,1.9024390243902438,1.6923076923076923,0.5560081466395111
643,Eric Dier,Tottenham Hotspur,cold,56,63,4725.0,5207.0,0.07395897163521672,0.08441668932437207,0.0380952380952381,0.05185327443825619,1.7678571428571428,1.7619047619047619,0.9074323026694834
644,Erik Lamela,Tottenham Hotspur,rain,16,32,636.0,1237.0,0.307319295452029,0.23608138942872692,0.14150943396226415,0.2182700080840744,1.5625,1.5,0.5141471301535974
644,Erik Lamela,Tottenham Hotspur,cold,24,24,1143.0,730.0,0.2537108915234644,0.2705427419445285,0.23622047244094488,0.12328767123287672,1.625,1.4166666666666667,0.6386701662292213
645,Dele Alli,Tottenham Hotspur,rain,22,41,1152.0,2329.0,0.5351201530720573,0.394556694194201,0.390625,0.34778875053671104,1.0909090909090908,1.3414634146341464,0.49463288965221125
645,Dele Alli,Tottenham Hotspur,cold,25,38,1157.0,2324.0,0.25671021483175277,0.5328602575546326,0.15557476231633535,0.4647160068846816,1.12,1.3421052631578947,0.4978485370051635
646,Christian Eriksen,Manchester United,rain,30,51,2078.0,3156.0,0.31690241531419616,0.4078472666964713,0.30317613089509143,0.39923954372623577,1.3,1.9803921568627452,0.6584283903675539
646,Christian Eriksen,Manchester United,cold,44,37,2993.0,2241.0,0.41948718798769685,0.3079714587549248,0.420982292014701,0.28112449799196787,1.7272727272727273,1.7297297297297298,0.748747076511861
647,Harry Kane,Tottenham Hotspur,rain,52,87,4652.0,7683.0,0.8995049937627408,0.7120674442116582,1.0447119518486674,0.7262787973447871,1.7692307692307692,1.632183908045977,0.6054926461017831
647,Harry Kane,Tottenham Hotspur,cold,70,69,6171.0,6164.0,0.7812537492841923,0.7842625759295409,0.8167233835683033,0.8760545100584036,1.6857142857142857,1.681159420289855,0.9988656619672662
652,Kieran Trippier,Newcastle United,rain,22,50,1817.0,4240.0,0.2618284288734345,0.397990239287709,0.14859658778205834,0.3820754716981132,1.2727272727272727,1.94,0.4285377358490566
652,Kieran Trippier,Newcastle United,cold,35,37,2855.0,3202.0,0.37195766756992826,0.34393558055302037,0.3152364273204904,0.3091817613991255,1.7714285714285714,1.7027027027027026,0.8916302311055591
660,Ben Davies,Tottenham Hotspur,rain,41,74,3100.0,5568.0,0.08187527396686131,0.12873782188198044,0.08709677419354839,0.08081896551724138,1.853658536585366,1.635135135135135,0.5567528735632183
660,Ben Davies,Tottenham Hotspur,cold,56,59,4030.0,4638.0,0.11567846303643936,0.1087626855324033,0.08933002481389578,0.0776196636481242,1.7321428571428572,1.694915254237288,0.8689090125053902
668,Idrissa Gueye,Everton,rain,19,39,1537.0,3031.0,0.10910572031501946,0.06747341265269566,0.17566688353936238,0.059386341141537444,1.2105263157894737,1.1282051282051282,0.5070933685252392
668,Idrissa Gueye,Everton,cold,25,33,2026.0,2542.0,0.06511579215276508,0.09452510266443878,0.044422507403751234,0.14162077104642015,1.2,1.121212121212121,0.7970102281667978
669,Ashley Westwood,Burnley,rain,27,73,2308.0,6546.0,0.17297459834059972,0.22140682637811004,0.1949740034662045,0.16498625114573787,0.9629629629629629,1.1643835616438356,0.3525817293003361
669,Ashley Westwood,Burnley,cold,35,65,3073.0,5781.0,0.1934476721828171,0.21693301536471468,0.23429873088187436,0.1401141670991178,1.1714285714285715,1.0769230769230769,0.5315689327106037
672,Jordan Ayew,Crystal Palace,rain,62,112,4829.0,7801.0,0.19540223523474518,0.2977744464455331,0.13046179333195276,0.3691834380207666,1.0,1.2678571428571428,0.6190232021535701
672,Jordan Ayew,Crystal Palace,cold,74,100,5494.0,7136.0,0.3146795225900967,0.2154829811603415,0.2948671277757554,0.2648542600896861,1.2432432432432432,1.12,0.7698991031390134
675,Jack Grealish,Aston Villa,rain,33,103,2745.0,7664.0,0.47253832337064816,0.5073856909580466,0.36065573770491804,0.4814718162839248,2.303030303030303,1.796116504854369,0.35816805845511485
675,Jack Grealish,Aston Villa,cold,60,76,4571.0,5838.0,0.46969902040927886,0.5205082923713746,0.3740975716473419,0.5087358684480986,1.9,1.9342105263157894,0.7829736211031175
681,César Azpilicueta,Chelsea,rain,35,79,2597.0,6421.0,0.14703584692921826,0.17612507517204865,0.1386214863303812,0.14016508332035507,1.7714285714285714,1.6075949367088607,0.40445413486995796
681,César Azpilicueta,Chelsea,cold,64,50,4992.0,4026.0,0.1495870083901816,0.19026648193520065,0.14423076923076922,0.13412816691505217,1.671875,1.64,0.8064903846153846
682,Branislav Ivanovic,West Bromwich Albion,rain,2,11,20.0,741.0,0.0,0.06174898928838219,0.0,0.0,3.0,0.5454545454545454,0.02699055330634278
682,Branislav Ivanovic,West Bromwich Albion,cold,4,9,350.0,411.0,0.13073143160768913,0.0,0.0,0.0,0.5,1.1111111111111112,0.851581508515815
687,Pedro,Chelsea,rain,4,7,143.0,518.0,0.43489749146091355,0.49556047770708905,0.0,0.3474903474903475,1.75,1.1428571428571428,0.27606177606177607
687,Pedro,Chelsea,cold,5,6,246.0,415.0,0.6016980995219655,0.4117420150572995,0.0,0.4337349397590362,2.0,0.8333333333333334,0.5927710843373494
688,Ruben Loftus-Cheek,Chelsea,rain,27,60,1499.0,3612.0,0.1983309454291442,0.21055186910715654,0.1200800533689126,0.07475083056478406,1.5555555555555556,1.3333333333333333,0.41500553709856036
688,Ruben Loftus-Cheek,Chelsea,cold,42,45,2271.0,2840.0,0.21468035499054733,0.20080012402457875,0.11889035667107001,0.06338028169014084,1.5238095238095237,1.288888888888889,0.7996478873239437
695,Bertrand Traoré,Aston Villa,rain,13,42,631.0,2153.0,0.3515212241082013,0.4013388201289823,0.42789223454833597,0.501625638643753,1.6923076923076923,1.2142857142857142,0.2930794240594519
695,Bertrand Traoré,Aston Villa,cold,18,37,688.0,2096.0,0.3422712770474771,0.4057298347048233,0.39244186046511625,0.5152671755725191,0.8333333333333334,1.5675675675675675,0.3282442748091603
697,Nemanja Matic,Manchester United,rain,16,48,1082.0,2989.0,0.02430549940669324,0.1190693783344792,0.0,0.18066242890598863,1.875,1.8333333333333333,0.3619939779190365
697,Nemanja Matic,Manchester United,cold,30,34,1658.0,2413.0,0.10521837028779252,0.08609401751456294,0.21712907117008443,0.07459593866556154,1.9666666666666666,1.7352941176470589,0.6871114794861168
699,Gary Cahill,Crystal Palace,rain,13,32,1170.0,2797.0,0.015829738229513148,0.10279438936530816,0.0,0.09653199856989632,0.8461538461538461,1.28125,0.4183053271362174
699,Gary Cahill,Crystal Palace,cold,15,30,1267.0,2700.0,0.08753066823686209,0.07227234967673815,0.0,0.1,1.4666666666666666,1.0,0.46925925925925926
700,Willian,Fulham,rain,39,80,2803.0,5473.0,0.38290789379441564,0.4588675156042385,0.38530146271851584,0.4275534441805226,1.6666666666666667,1.55,0.5121505572811986
700,Willian,Fulham,cold,52,67,3766.0,4510.0,0.462069026549632,0.4089846530425343,0.45406266595857675,0.3791574279379158,1.7115384615384615,1.492537313432836,0.8350332594235034
702,Tammy Abraham,Chelsea,rain,18,38,1031.0,2229.0,0.9553718128603831,0.6848789833255443,0.8729388942774007,0.6056527590847914,2.0,1.7105263157894737,0.46253925527142215
702,Tammy Abraham,Chelsea,cold,28,28,1467.0,1793.0,1.028385098703617,0.5593656737833168,0.9815950920245399,0.45175683212493023,2.0,1.6071428571428572,0.8181818181818182
703,Fikayo Tomori,Chelsea,rain,4,12,287.0,1055.0,0.074933309867355,0.03786811776353281,0.313588850174216,0.0,1.5,1.9166666666666667,0.2720379146919431
703,Fikayo Tomori,Chelsea,cold,8,8,673.0,669.0,0.02311682725743142,0.06860851932467363,0.1337295690936107,0.0,2.0,1.625,0.9940564635958395
706,Lukasz Fabianski,West Ham United,rain,46,97,4058.0,8360.0,0.0,0.0,0.0,0.0,1.2826086956521738,1.4123711340206186,0.4854066985645933
706,Lukasz Fabianski,West Ham United,cold,71,72,6181.0,6237.0,0.0,0.0,0.0,0.0,1.2535211267605635,1.4861111111111112,0.9910213243546577
708,Federico Fernández,Newcastle United,rain,17,46,1362.0,3861.0,0.11582178697564394,0.06707606719924017,0.13215859030837004,0.046620046620046623,1.3529411764705883,1.1956521739130435,0.35275835275835277
708,Federico Fernández,Newcastle United,cold,27,36,2166.0,3057.0,0.0802875462909154,0.07943315147234889,0.08310249307479224,0.058881256133464184,1.0740740740740742,1.3611111111111112,0.7085377821393523
710,Neil Taylor,Aston Villa,rain,3,12,216.0,882.0,0.0,0.060968162225825434,0.0,0.0,3.0,0.16666666666666666,0.24489795918367346
710,Neil Taylor,Aston Villa,cold,11,4,862.0,236.0,0.05907137353154732,0.012094894487221359,0.0,0.0,0.7272727272727273,0.75,0.2737819025522042
712,Jack Cork,Burnley,rain,24,46,1937.0,3750.0,0.06710668541125615,0.06067350355535743,0.04646360351058338,0.0,1.25,1.0869565217391304,0.5165333333333333
712,Jack Cork,Burnley,cold,26,44,2038.0,3649.0,0.0346791681854586,0.07860650677232911,0.0,0.024664291586736095,1.0,1.2272727272727273,0.5585091805974239
714,Gylfi Sigurdsson,Everton,rain,17,54,1087.0,3743.0,0.35352891067723224,0.36075798925505004,0.41398344066237347,0.26449372161367884,1.5294117647058822,1.462962962962963,0.29040876302431207
714,Gylfi Sigurdsson,Everton,cold,29,42,1951.0,2879.0,0.3311251074186445,0.3781097586363419,0.2767811378780113,0.3126085446335533,1.4137931034482758,1.5238095238095237,0.6776658562000695
725,Ola Aina,Fulham,rain,10,43,856.0,3557.0,0.027223410189291006,0.08018438496943983,0.0,0.12651110486364914,0.6,0.9767441860465116,0.24065223502951927
725,Ola Aina,Fulham,cold,15,38,1272.0,3141.0,0.050873077377887786,0.07762131233163239,0.07075471698113207,0.11461318051575932,0.9333333333333333,0.8947368421052632,0.4049665711556829
727,DeAndre Yedlin,Newcastle United,rain,3,19,226.0,1151.0,0.06139278247029375,0.08202147221016322,0.0,0.07819287576020852,0.6666666666666666,1.2105263157894737,0.19635099913119028
727,DeAndre Yedlin,Newcastle United,cold,8,14,447.0,930.0,0.006721127503270268,0.11320122511636822,0.0,0.0967741935483871,1.5,0.9285714285714286,0.4806451612903226
730,Patrick van Aanholt,Crystal Palace,rain,17,34,1466.0,2826.0,0.09338977097407854,0.19495138376476653,0.061391541609822645,0.1592356687898089,1.0,1.2352941176470589,0.5187544232130219
730,Patrick van Aanholt,Crystal Palace,cold,19,32,1631.0,2661.0,0.2598909845154282,0.09919572304493271,0.27590435315757206,0.033821871476888386,1.2105263157894737,1.125,0.6129274708756107
741,Jordan Pickford,Everton,rain,54,125,4860.0,11202.0,0.002973152048609871,0.0039213873425036645,0.0,0.008034279592929834,1.2407407407407407,1.192,0.43385109801821103
741,Jordan Pickford,Everton,cold,78,101,7020.0,9042.0,0.0069241057364986406,0.0010804775156767923,0.01282051282051282,0.0,1.358974358974359,1.0891089108910892,0.7763769077637691
743,Dwight Gayle,Newcastle United,rain,9,37,163.0,1196.0,0.8814712933784613,0.5839643251917085,1.6564417177914113,0.37625418060200666,1.3333333333333333,0.8918918918918919,0.1362876254180602
743,Dwight Gayle,Newcastle United,cold,17,29,528.0,831.0,0.6060722125270827,0.6282731955904608,1.0227272727272727,0.21660649819494585,1.0588235294117647,0.9310344827586207,0.6353790613718412
745,Kasper Schmeichel,Leicester City,rain,34,79,3060.0,7110.0,0.005463588325416338,0.0026974505744874456,0.0,0.0,1.7352941176470589,1.4936708860759493,0.43037974683544306
745,Kasper Schmeichel,Leicester City,cold,45,68,4050.0,6120.0,0.008510919960422645,0.00023337059161242205,0.0,0.0,1.5555555555555556,1.5735294117647058,0.6617647058823529
749,Christian Fuchs,Leicester City,rain,7,13,550.0,913.0,0.027484674413095787,0.020005432389031866,0.0,0.0,2.142857142857143,1.7692307692307692,0.6024096385542169
749,Christian Fuchs,Leicester City,cold,9,11,580.0,883.0,0.03267060499638316,0.016344937486394723,0.0,0.0,2.2222222222222223,1.6363636363636365,0.6568516421291053
750,Riyad Mahrez,Manchester City,rain,41,77,2688.0,4620.0,0.6615788772199136,0.7470345526885289,0.8370535714285714,0.7987012987012988,2.341463414634146,2.311688311688312,0.5818181818181818
750,Riyad Mahrez,Manchester City,cold,55,63,3141.0,4167.0,0.7461910231311119,0.692545632765373,0.7163323782234957,0.8855291576673866,2.309090909090909,2.3333333333333335,0.7537796976241901
751,N&#039;Golo Kanté,Chelsea,rain,29,56,2286.0,3902.0,0.1687360615799511,0.16235641484745014,0.15748031496062992,0.18452075858534084,1.7586206896551724,1.6785714285714286,0.5858534085084572
751,N&#039;Golo Kanté,Chelsea,cold,34,51,2606.0,3582.0,0.13026868567479655,0.1897725216744832,0.17267843438219493,0.17587939698492464,1.7941176470588236,1.6470588235294117,0.7275265214963708
753,Marc Albrighton,Leicester City,rain,16,58,666.0,3270.0,0.1714230425706183,0.27375644983706665,0.2702702702702703,0.30275229357798167,1.8125,1.5862068965517242,0.2036697247706422
753,Marc Albrighton,Leicester City,cold,26,48,1158.0,2778.0,0.19178498898261254,0.28339248382914844,0.23316062176165803,0.32397408207343414,1.8076923076923077,1.5416666666666667,0.4168466522678186
755,Jamie Vardy,Leicester City,rain,43,88,2841.0,6680.0,0.5688031829122568,0.7049909356178459,0.5702217529039071,0.781437125748503,1.4883720930232558,1.4431818181818181,0.4252994011976048
755,Jamie Vardy,Leicester City,cold,63,68,4615.0,4906.0,0.7075130097115995,0.6237539243297799,0.7995666305525461,0.6420709335507542,1.4126984126984128,1.5,0.9406848756624542
757,Jeffrey Schlupp,Crystal Palace,rain,53,86,3313.0,4914.0,0.16901919070362517,0.31054847645181,0.19015997585270147,0.27472527472527475,1.1320754716981132,1.313953488372093,0.6741961741961742
757,Jeffrey Schlupp,Crystal Palace,cold,64,75,4039.0,4188.0,0.2433861928730723,0.263361738078072,0.17826194602624412,0.3008595988538682,1.375,1.1333333333333333,0.9644221585482331
759,Daniel Amartey,Leicester City,rain,22,38,1583.0,2857.0,0.04112133759809907,0.05058810835926524,0.05685407454200884,0.0,1.1818181818181819,1.368421052631579,0.5540777038851943
759,Daniel Amartey,Leicester City,cold,27,33,1959.0,2481.0,0.016659367401694793,0.0713380097784327,0.0,0.036275695284159616,1.2962962962962963,1.303030303030303,0.7896009673518742
762,Demarai Gray,Everton,rain,31,58,2035.0,3448.0,0.40409100689085453,0.38166232349020435,0.22113022113022113,0.3654292343387471,1.032258064516129,1.1551724137931034,0.5901972157772621
762,Demarai Gray,Everton,cold,50,39,3239.0,2244.0,0.40446795900123705,0.3690843008966608,0.3056498919419574,0.32085561497326204,1.32,0.8461538461538461,0.6928064217351034
764,Daryl Janmaat,Watford,rain,1,7,10.0,601.0,0.36761669442057593,0.10306550143364061,0.0,0.1497504159733777,1.0,1.0,0.016638935108153077
764,Daryl Janmaat,Watford,cold,7,1,521.0,90.0,0.10561678129571865,0.1176910027861595,0.1727447216890595,0.0,0.7142857142857143,3.0,0.1727447216890595
766,Jamaal Lascelles,Newcastle United,rain,32,60,2629.0,4412.0,0.06766971337444973,0.045698887460838875,0.13693419551160138,0.02039891205802357,1.21875,1.2,0.5958748866727108
766,Jamaal Lascelles,Newcastle United,cold,41,51,3251.0,3790.0,0.03146520931524647,0.07314875262659187,0.0,0.11873350923482849,1.2682926829268293,1.1568627450980393,0.8577836411609499
767,Jack Colback,Nottingham Forest,rain,6,5,331.0,149.0,0.07023806748433414,0.01445303377289096,0.0,0.0,1.1666666666666667,1.6,0.4501510574018127
767,Jack Colback,Nottingham Forest,cold,6,5,223.0,257.0,0.1042547100328009,0.008379385339146898,0.0,0.0,1.1666666666666667,1.6,0.867704280155642
769,Jonjo Shelvey,Newcastle United,rain,27,64,2125.0,5180.0,0.16849597532083,0.1725864663277842,0.12705882352941178,0.2084942084942085,1.2592592592592593,1.359375,0.41023166023166024
769,Jonjo Shelvey,Newcastle United,cold,31,60,2348.0,4957.0,0.19010462375354567,0.16253503864461583,0.22998296422487222,0.16340528545491226,1.2258064516129032,1.3833333333333333,0.4736735928989308
770,Ayoze Pérez,Leicester City,rain,27,53,1405.0,2782.0,0.5550516641357404,0.4173867668458384,0.704626334519573,0.3235082674335011,1.7777777777777777,1.2452830188679245,0.5050323508267434
770,Ayoze Pérez,Leicester City,cold,36,44,1790.0,2397.0,0.4826849360934682,0.449316453011485,0.6033519553072626,0.3379224030037547,1.4166666666666667,1.4318181818181819,0.7467667918231122
771,Georginio Wijnaldum,Liverpool,rain,20,55,1502.0,4439.0,0.1685958135049646,0.10393488859305856,0.0,0.1216490200495607,2.2,2.2,0.3383644965082226
771,Georginio Wijnaldum,Liverpool,cold,28,47,2258.0,3683.0,0.1606776176698578,0.09551664991868175,0.07971656333038087,0.0977464023893565,2.392857142857143,2.0851063829787235,0.6130871572087971
772,Moussa Sissoko,Tottenham Hotspur,rain,30,60,2403.0,4848.0,0.20266066354172727,0.11222415496502991,0.11235955056179775,0.055693069306930694,1.3,1.1166666666666667,0.49566831683168316
772,Moussa Sissoko,Tottenham Hotspur,cold,41,49,3469.0,3782.0,0.09517935337700134,0.18531969880920623,0.025944076102623236,0.11898466419883659,1.2926829268292683,1.0816326530612246,0.917239555790587
773,Aleksandar Mitrovic,Fulham,rain,17,35,1235.0,2187.0,0.813605479737706,0.664283867979062,0.728744939271255,0.4526748971193416,1.5294117647058822,0.8571428571428571,0.5647005029721079
773,Aleksandar Mitrovic,Fulham,cold,25,27,1995.0,1427.0,0.8123382036959318,0.5865289911512903,0.7218045112781954,0.3153468815697267,1.28,0.8888888888888888,0.7152882205513784
775,Andros Townsend,Crystal Palace,rain,36,70,2345.0,3856.0,0.18818763915949785,0.2757609526083815,0.15351812366737738,0.30342323651452285,1.1111111111111112,0.9571428571428572,0.6081431535269709
775,Andros Townsend,Crystal Palace,cold,41,65,2529.0,3672.0,0.29852952357394835,0.20415388942495272,0.32028469750889677,0.19607843137254904,1.146341463414634,0.9230769230769231,0.6887254901960784
780,Karl Darlow,Newcastle United,rain,8,25,720.0,2250.0,0.0,0.0,0.0,0.0,1.375,0.76,0.32
780,Karl Darlow,Newcastle United,cold,12,21,1080.0,1890.0,0.0,0.0,0.0,0.0,1.0833333333333333,0.8095238095238095,0.5714285714285714
782,Ben Chilwell,Chelsea,rain,27,70,1963.0,5445.0,0.27392106973796215,0.20998267458428527,0.32093734080489045,0.2644628099173554,1.7407407407407407,1.542857142857143,0.36051423324150594
782,Ben Chilwell,Chelsea,cold,45,52,3231.0,4177.0,0.2499416456778318,0.20912168202585069,0.362116991643454,0.21546564519990424,1.6444444444444444,1.5576923076923077,0.7735216662676562
787,Ryan Bennett,Wolverhampton Wanderers,rain,6,10,404.0,537.0,0.01456730123056042,0.008223486138122682,0.0,0.0,1.1666666666666667,1.6,0.7523277467411545
787,Ryan Bennett,Wolverhampton Wanderers,cold,10,6,773.0,168.0,0.013326263587733879,0.0,0.0,0.0,1.3,1.6666666666666667,0.21733505821474774
789,Robbie Brady,Burnley,rain,11,25,401.0,1096.0,0.17982078365461338,0.1810287678593864,0.22443890274314213,0.3284671532846715,1.0,1.44,0.3658759124087591
789,Robbie Brady,Burnley,cold,8,28,119.0,1378.0,0.22759805143881237,0.17665565725556517,0.0,0.3265602322206096,1.125,1.3571428571428572,0.08635703918722787
790,Nathan Redmond,Southampton,rain,25,76,1514.0,4915.0,0.3648300824903414,0.2914445699530815,0.41611624834874505,0.21973550356052898,1.4,0.9605263157894737,0.3080366225839268
790,Nathan Redmond,Southampton,cold,46,55,3173.0,3256.0,0.30682111485942537,0.310583356499022,0.2836432398361172,0.24877149877149876,1.0434782608695652,1.0909090909090908,0.9745085995085995
791,Alexander Tettey,Norwich City,rain,10,20,757.0,1615.0,0.07297241762575728,0.0308327358389048,0.11889035667107001,0.05572755417956657,0.8,0.6,0.46873065015479876
791,Alexander Tettey,Norwich City,cold,14,16,1027.0,1345.0,0.014437727989246201,0.06706873002050087,0.0,0.13382899628252787,0.5,0.8125,0.7635687732342007
802,Diego Costa,Wolverhampton Wanderers,rain,10,13,497.0,757.0,0.16568606490760254,0.317256114171274,0.0,0.11889035667107001,1.4,1.1538461538461537,0.6565389696169088
802,Diego Costa,Wolverhampton Wanderers,cold,12,11,739.0,515.0,0.28603844848714755,0.2157794936985066,0.0,0.17475728155339806,0.75,1.8181818181818181,0.6968876860622463
803,Ben Foster,Watford,rain,26,38,2340.0,3420.0,0.004011357776247534,0.009100105417402166,0.038461538461538464,0.0,0.8076923076923077,0.868421052631579,0.6842105263157895
803,Ben Foster,Watford,cold,33,31,2970.0,2790.0,0.011591230490894024,0.0021802807046521094,0.0,0.03225806451612903,0.6060606060606061,1.096774193548387,0.9393939393939394
804,Craig Dawson,West Ham United,rain,45,90,3783.0,7620.0,0.09983228639943979,0.11214767395350053,0.047581284694686754,0.11811023622047244,1.2444444444444445,1.4666666666666666,0.49645669291338584
804,Craig Dawson,West Ham United,cold,61,74,5099.0,6304.0,0.0852133207875014,0.1265431618463333,0.035301039419494015,0.14276649746192893,1.1967213114754098,1.554054054054054,0.8088515228426396
807,Jonny Evans,Leicester City,rain,38,82,3125.0,6559.0,0.05756621307134628,0.08828324349127102,0.057600000000000005,0.096051227321238,1.5,1.5853658536585367,0.4764445799664583
807,Jonny Evans,Leicester City,cold,56,64,4533.0,5151.0,0.05722568904787479,0.09697925867854539,0.039708802117802776,0.12230634828188701,1.4107142857142858,1.6875,0.8800232964472918
813,Salomón Rondón,Everton,rain,7,20,237.0,623.0,0.37935345893419237,0.454354075024302,0.37974683544303794,0.14446227929373998,0.5714285714285714,1.05,0.38041733547351525
813,Salomón Rondón,Everton,cold,19,8,614.0,246.0,0.41091509873247684,0.4905182434382235,0.2931596091205212,0.0,1.1578947368421053,0.375,0.4006514657980456
822,Patrick Bamford,Leeds United,rain,24,51,1758.0,3408.0,0.5610784725524459,0.68830162354804,0.40955631399317405,0.6866197183098591,1.125,1.2745098039215685,0.5158450704225352
822,Patrick Bamford,Leeds United,cold,27,48,1753.0,3413.0,0.6509425358276194,0.6419588697606513,0.46206503137478605,0.6592440668033988,0.7407407407407407,1.5,0.5136243773806036
825,Adam Smith,Bournemouth,rain,29,60,2262.0,4958.0,0.06615308091163001,0.07605512508128427,0.03978779840848806,0.054457442517144,1.103448275862069,1.2,0.4562323517547398
825,Adam Smith,Bournemouth,cold,46,43,3642.0,3578.0,0.10429626626853984,0.04104879190192632,0.04942339373970346,0.05030743432084964,1.065217391304348,1.2790697674418605,0.9824272377814388
831,Fraser Forster,Southampton,rain,16,25,1440.0,2202.0,0.0,0.0,0.0,0.0,1.25,1.32,0.6539509536784741
831,Fraser Forster,Southampton,cold,11,30,990.0,2652.0,0.0,0.0,0.0,0.0,1.2727272727272727,1.3,0.3733031674208145
833,Virgil van Dijk,Liverpool,rain,33,112,2890.0,9976.0,0.10368723152882084,0.1307542410193895,0.18685121107266436,0.11728147554129911,2.272727272727273,2.2589285714285716,0.2896952686447474
833,Virgil van Dijk,Liverpool,cold,73,72,6507.0,6359.0,0.1311127862662468,0.11808609959006978,0.11065006915629322,0.15568485610945118,2.1506849315068495,2.375,0.9772552635623175
835,Ryan Bertrand,Southampton,rain,16,49,1392.0,4290.0,0.13812416289322843,0.10947409475391558,0.06465517241379311,0.04195804195804196,1.4375,1.1428571428571428,0.32447552447552447
835,Ryan Bertrand,Southampton,cold,27,38,2262.0,3420.0,0.07279097749814585,0.14539751758504854,0.0,0.07894736842105263,1.1111111111111112,1.2894736842105263,0.6614035087719298
838,Sadio Mané,Liverpool,rain,24,80,1899.0,6500.0,0.6235397871036382,0.7389909686176823,0.4265402843601896,0.72,2.0833333333333335,2.325,0.29215384615384615
838,Sadio Mané,Liverpool,cold,43,61,3367.0,5032.0,0.7423159200725797,0.693196671073205,0.7217107217107217,0.6081081081081081,2.372093023255814,2.19672131147541,0.6691176470588235
839,Shane Long,Southampton,rain,16,34,472.0,1418.0,0.6603356528143256,0.31806415067762345,0.3813559322033898,0.19040902679830748,1.5625,1.2941176470588236,0.3328631875881523
839,Shane Long,Southampton,cold,23,27,677.0,1213.0,0.23508518251921956,0.4975603670434625,0.1329394387001477,0.2967848309975268,1.3043478260869565,1.4444444444444444,0.5581203627370157
842,Oriol Romeu,Southampton,rain,26,62,1911.0,4713.0,0.10411321185529228,0.11892579625734732,0.09419152276295134,0.07638446849140675,1.3461538461538463,1.1935483870967742,0.4054742202418842
842,Oriol Romeu,Southampton,cold,43,45,3347.0,3277.0,0.07821727525147883,0.15186585454673235,0.0268897520167314,0.137320720170888,1.1395348837209303,1.3333333333333333,0.9790857484314311
843,James Ward-Prowse,Southampton,rain,53,134,4750.0,11715.0,0.32914586310912114,0.320087603187229,0.28421052631578947,0.38412291933418696,1.2641509433962264,1.044776119402985,0.40546308151941957
843,James Ward-Prowse,Southampton,cold,89,98,7783.0,8682.0,0.3192528952322359,0.3257917343370446,0.35847359629962744,0.3524533517622668,1.0786516853932584,1.1326530612244898,0.8964524303155955
844,Jay Rodriguez,Burnley,rain,36,81,1749.0,3612.0,0.3800516307839602,0.4504349553474902,0.2058319039451115,0.37375415282392027,0.9722222222222222,1.0740740740740742,0.48421926910299
844,Jay Rodriguez,Burnley,cold,41,76,1673.0,3688.0,0.47685762642433516,0.4050701062766725,0.37656903765690375,0.2928416485900217,1.0,1.0657894736842106,0.4536334056399132
845,Maya Yoshida,Southampton,rain,2,6,94.0,461.0,0.0,0.19724822639530104,0.0,0.0,3.0,0.3333333333333333,0.2039045553145336
845,Maya Yoshida,Southampton,cold,6,2,461.0,94.0,0.19724822639530104,0.0,0.0,0.0,0.6666666666666666,2.0,0.2039045553145336
847,Cédric Soares,Arsenal,rain,26,37,1677.0,2376.0,0.12728895330618334,0.09118316557512361,0.16100178890876565,0.07575757575757576,1.6538461538461537,1.8108108108108107,0.7058080808080808
847,Cédric Soares,Arsenal,cold,23,40,1342.0,2711.0,0.12010839411741792,0.09919930328122033,0.20119225037257824,0.06639616377720399,1.7391304347826086,1.75,0.4950202877167097
853,Paul Dummett,Newcastle United,rain,11,28,879.0,1814.0,0.0021696450512970616,0.04337748033102383,0.0,0.04961411245865491,1.5454545454545454,1.7142857142857142,0.48456449834619625
853,Paul Dummett,Newcastle United,cold,12,27,724.0,1969.0,0.004590186496260079,0.039243561349555645,0.0,0.0457084814626714,1.5,1.7407407407407407,0.36769933976637886
856,Jack Butland,Crystal Palace,rain,3,7,270.0,581.0,0.0,0.0,0.0,0.0,0.6666666666666666,1.5714285714285714,0.46471600688468157
856,Jack Butland,Crystal Palace,cold,5,5,450.0,401.0,0.0,0.0,0.0,0.0,1.6,1.0,0.8911111111111111
857,Phil Bardsley,Burnley,rain,8,17,632.0,1530.0,0.025817525552444213,0.10309781698400479,0.0,0.058823529411764705,0.75,1.8823529411764706,0.4130718954248366
857,Phil Bardsley,Burnley,cold,10,15,900.0,1262.0,0.11327610965818162,0.057137747577106664,0.0,0.07131537242472266,1.5,1.5333333333333334,0.7131537242472267
875,Ciaran Clark,Newcastle United,rain,17,32,1413.0,2685.0,0.07147686639029507,0.05691107984777934,0.0,0.1340782122905028,1.3529411764705883,0.9375,0.5262569832402234
875,Ciaran Clark,Newcastle United,cold,12,37,1053.0,3045.0,0.11264126620486249,0.04439796659673376,0.17094017094017094,0.05911330049261084,0.8333333333333334,1.162162162162162,0.3458128078817734
876,Fabian Delph,Everton,rain,11,24,855.0,1251.0,0.03787486274775703,0.025079309431125747,0.0,0.0,1.1818181818181819,1.2083333333333333,0.6834532374100719
876,Fabian Delph,Everton,cold,18,17,1090.0,1016.0,0.026060523960841853,0.03479453999050488,0.0,0.0,1.2222222222222223,1.1764705882352942,0.9321100917431193
882,Glenn Murray,Brighton,rain,7,16,256.0,505.0,0.6271093132090754,0.3011652186955555,0.703125,0.0,1.1428571428571428,1.0625,0.5069306930693069
882,Glenn Murray,Brighton,cold,14,9,370.0,391.0,0.6598815341555587,0.17512084906706418,0.24324324324324326,0.23017902813299235,1.2142857142857142,0.8888888888888888,0.9462915601023018
884,Matt Targett,Aston Villa,rain,34,85,2597.0,6648.0,0.09913162148636855,0.12559756622750592,0.0693107431651906,0.06768953068592058,1.588235294117647,1.2470588235294118,0.3906438026474128
884,Matt Targett,Aston Villa,cold,51,68,3499.0,5746.0,0.09994723125025264,0.12925549584683682,0.05144326950557302,0.07831534980856247,1.4901960784313726,1.2352941176470589,0.6089453532892447
885,Kyle Walker-Peters,Southampton,rain,32,74,2728.0,6163.0,0.10438304848537457,0.1059632718882839,0.09897360703812318,0.04380983287360052,0.96875,1.162162162162162,0.44264157066363785
885,Kyle Walker-Peters,Southampton,cold,55,51,4598.0,4293.0,0.1246237172491981,0.08497292080218559,0.078294910830796,0.041928721174004195,1.0727272727272728,1.1372549019607843,0.9336668116572423
887,Erik Pieters,Burnley,rain,15,41,892.0,2969.0,0.048301715243006305,0.12419240329315478,0.0,0.18187942068036375,1.1333333333333333,1.1951219512195121,0.30043785786460087
887,Erik Pieters,Burnley,cold,24,32,1588.0,2273.0,0.2146504190222592,0.03121315880633111,0.28337531486146095,0.03959524857017158,1.2083333333333333,1.15625,0.6986361636603607
888,Xherdan Shaqiri,Liverpool,rain,6,15,116.0,593.0,0.3807070565506302,0.4801705778964353,0.0,0.4553119730185497,1.6666666666666667,1.5333333333333334,0.19561551433389546
888,Xherdan Shaqiri,Liverpool,cold,6,15,81.0,628.0,0.9886587845782439,0.39621307277328266,1.1111111111111112,0.28662420382165604,1.6666666666666667,1.5333333333333334,0.12898089171974522
900,Adama Traoré,Wolverhampton Wanderers,rain,50,95,2675.0,5360.0,0.2986813973565803,0.3469282723876383,0.33644859813084116,0.26865671641791045,1.32,1.3263157894736841,0.49906716417910446
900,Adama Traoré,Wolverhampton Wanderers,cold,66,79,3541.0,4494.0,0.34529289020821385,0.3194984765686044,0.2541654899745835,0.3204272363150868,1.2424242424242424,1.3924050632911393,0.7879394748553628
902,Sam Byram,Norwich City,rain,14,18,969.0,1342.0,0.07761143090278366,0.15678281977706088,0.0,0.0,1.1428571428571428,0.6111111111111112,0.7220566318926974
902,Sam Byram,Norwich City,cold,11,21,737.0,1574.0,0.03703368203449118,0.16411321285018618,0.0,0.0,0.6363636363636364,0.9523809523809523,0.46823379923761116
910,Harrison Reed,Fulham,rain,32,63,2194.0,4269.0,0.13989142353630324,0.12328849549098321,0.1640838650865998,0.14757554462403374,1.34375,1.2063492063492063,0.5139376903256032
910,Harrison Reed,Fulham,cold,42,53,2773.0,3690.0,0.17561022559327955,0.09384097965297897,0.2596465921384782,0.07317073170731707,1.3571428571428572,1.169811320754717,0.7514905149051491
914,Nabil Bentaleb,Newcastle United,rain,2,10,10.0,740.0,0.0,0.03128272323944677,0.0,0.0,0.5,0.9,0.013513513513513514
914,Nabil Bentaleb,Newcastle United,cold,10,2,570.0,180.0,0.02269573259706556,0.056736931204795796,0.0,0.0,0.9,0.5,0.3157894736842105
922,Andreas Pereira,Fulham,rain,36,59,2873.0,4149.0,0.42854864812876503,0.33950152477641415,0.3132613992342499,0.3036876355748373,1.3888888888888888,1.3898305084745763,0.6924560134972283
922,Andreas Pereira,Fulham,cold,45,50,3281.0,3741.0,0.3542902879445327,0.39491731024465987,0.3017372752209692,0.31275060144346434,1.3111111111111111,1.46,0.8770382250735097
934,Axel Tuanzebe,Manchester United,rain,5,18,252.0,842.0,0.021009821710841963,0.010265622226047962,0.0,0.0,1.4,1.6111111111111112,0.2992874109263658
934,Axel Tuanzebe,Manchester United,cold,10,13,633.0,461.0,0.02201916111447797,0.0,0.0,0.0,1.5,1.6153846153846154,0.7282780410742496
935,Kurt Zouma,West Ham United,rain,43,91,3582.0,7704.0,0.07027777108415284,0.08895314737031601,0.05025125628140704,0.10514018691588785,1.6511627906976745,1.4285714285714286,0.4649532710280374
935,Kurt Zouma,West Ham United,cold,70,64,5872.0,5414.0,0.0683048989180328,0.09899217896521266,0.09196185286103542,0.08311784263021796,1.457142857142857,1.546875,0.9220027247956403
964,Kyle Bartley,West Bromwich Albion,rain,7,23,630.0,1951.0,0.06599328560488563,0.13375039030532843,0.14285714285714285,0.13839056893900564,1.1428571428571428,0.6086956521739131,0.3229113275243465
964,Kyle Bartley,West Bromwich Albion,cold,7,23,630.0,1951.0,0.018162456740226044,0.1491955067506055,0.0,0.18452075858534084,0.14285714285714285,0.9130434782608695,0.3229113275243465
966,Alex Oxlade-Chamberlain,Liverpool,rain,13,56,731.0,2139.0,0.32127726293091236,0.259636589149627,0.3693570451436389,0.33660589060308554,2.8461538461538463,1.9821428571428572,0.34174848059841045
966,Alex Oxlade-Chamberlain,Liverpool,cold,24,45,876.0,1994.0,0.15998411304891505,0.326013169690421,0.2054794520547945,0.40621865596790374,2.375,2.022222222222222,0.43931795386158473
971,Harry Winks,Tottenham Hotspur,rain,23,42,1504.0,2482.0,0.09595611455919656,0.055419386778774234,0.05984042553191489,0.0,1.608695652173913,1.6904761904761905,0.6059629331184528
971,Harry Winks,Tottenham Hotspur,cold,31,34,1886.0,2100.0,0.046529326808153894,0.0924355256770338,0.0,0.04285714285714286,1.6129032258064515,1.7058823529411764,0.8980952380952381
973,Paulo Gazzaniga,Tottenham Hotspur,rain,8,10,720.0,892.0,0.05000762641429901,0.0,0.0,0.0,1.0,1.2,0.8071748878923767
973,Paulo Gazzaniga,Tottenham Hotspur,cold,3,15,262.0,1350.0,0.0,0.02667073408762614,0.0,0.0,0.3333333333333333,1.2666666666666666,0.19407407407407407
978,Sam Johnstone,West Bromwich Albion,rain,20,46,1800.0,4140.0,0.00550585016608238,0.0,0.05,0.0,0.95,0.8695652173913043,0.43478260869565216
978,Sam Johnstone,West Bromwich Albion,cold,24,42,2160.0,3780.0,0.0,0.002621833412420181,0.0,0.02380952380952381,0.9583333333333334,0.8571428571428571,0.5714285714285714
982,Tim Krul,Norwich City,rain,21,44,1890.0,3960.0,0.0,0.010891068388115275,0.0,0.0,0.8095238095238095,0.4772727272727273,0.4772727272727273
982,Tim Krul,Norwich City,cold,32,33,2880.0,2970.0,0.0,0.014521424517487032,0.0,0.0,0.34375,0.8181818181818182,0.9696969696969697
985,Mason Holgate,Everton,rain,26,72,2087.0,5618.0,0.08646836190180567,0.1085602477108002,0.12937230474365116,0.06407974368102529,1.0769230769230769,1.2638888888888888,0.37148451406194377
985,Mason Holgate,Everton,cold,34,64,2258.0,5447.0,0.10357486574924603,0.10216245567588514,0.11957484499557129,0.06609142647328804,1.3235294117647058,1.15625,0.41454011382412337
986,Danny Ings,Southampton,rain,46,106,2504.0,6356.0,0.5404813603881877,0.47680754417464444,0.7188498402555911,0.6230333543108874,1.5217391304347827,1.1320754716981132,0.39395846444304594
986,Danny Ings,Southampton,cold,78,74,4565.0,4295.0,0.4649366225867745,0.5265467741740248,0.7294633077765609,0.5657741559953434,1.2179487179487178,1.2837837837837838,0.940854326396495
987,Joseph Gomez,Liverpool,rain,25,71,1724.0,4391.0,0.028657959050254703,0.05949559222768537,0.0,0.040992940104759734,2.2,2.23943661971831,0.39262127078114323
987,Joseph Gomez,Liverpool,cold,50,46,3215.0,2900.0,0.0433014297936094,0.05911633451308667,0.027993779160186624,0.031034482758620686,2.04,2.4347826086956523,0.9020217729393468
998,Ivan Toney,Brentford,rain,25,58,2179.0,5133.0,0.756487321782175,0.6486851058101303,0.7434603028912345,0.5084745762711864,1.24,1.206896551724138,0.42450808494058057
998,Ivan Toney,Brentford,cold,42,41,3697.0,3615.0,0.6250656615642436,0.7378198537991006,0.48688125507167973,0.6721991701244814,1.2857142857142858,1.146341463414634,0.9778198539356234
1006,Luke Shaw,Manchester United,rain,31,88,2397.0,7152.0,0.15864859610208504,0.18523967933087862,0.1501877346683354,0.10067114093959731,1.5806451612903225,1.8068181818181819,0.3351510067114094
1006,Luke Shaw,Manchester United,cold,49,70,4074.0,5475.0,0.1706560479068308,0.18444970452213935,0.04418262150220913,0.1643835616438356,1.6734693877551021,1.8,0.7441095890410959
1014,Tyler Roberts,Leeds United,rain,13,37,621.0,1651.0,0.2927413771765819,0.34354028109797263,0.0,0.27256208358570566,1.1538461538461537,1.1891891891891893,0.37613567534827375
1014,Tyler Roberts,Leeds United,cold,15,35,429.0,1843.0,0.4359376352358529,0.30491598144505117,0.2097902097902098,0.19533369506239825,1.1333333333333333,1.2,0.23277265328269126
1017,Matej Vydra,Burnley,rain,21,48,995.0,1796.0,0.33807219034201236,0.5625734924243343,0.36180904522613067,0.45100222717149224,1.0,1.0208333333333333,0.5540089086859689
1017,Matej Vydra,Burnley,cold,25,44,937.0,1854.0,0.42139851916561505,0.5134376533582662,0.48025613660619,0.38834951456310673,1.16,0.9318181818181818,0.5053937432578209
1018,Josh Cullen,Burnley,rain,7,18,541.0,1531.0,0.17714884999774516,0.081953066337311,0.6654343807763401,0.05878510777269758,0.7142857142857143,0.6111111111111112,0.35336381450032656
1018,Josh Cullen,Burnley,cold,15,10,1294.0,778.0,0.0897332427410014,0.13520932686934123,0.1391035548686244,0.34704370179948585,0.3333333333333333,1.1,0.6012364760432767
1024,Tyrone Mings,Aston Villa,rain,36,105,3240.0,9222.0,0.056171994889155016,0.07066750467834276,0.19444444444444442,0.07807417046193883,1.9722222222222223,1.1428571428571428,0.35133376707872477
1024,Tyrone Mings,Aston Villa,cold,64,77,5700.0,6762.0,0.06539412216822567,0.06816718355895489,0.12631578947368421,0.09316770186335405,1.234375,1.4545454545454546,0.8429458740017747
1025,Daniel Bachmann,Watford,rain,3,9,270.0,810.0,0.0,0.0,0.0,0.0,1.0,0.0,0.3333333333333333
1025,Daniel Bachmann,Watford,cold,6,6,540.0,540.0,0.0,0.0,0.0,0.0,0.5,0.0,1.0
1032,Kieran Dowell,Norwich City,rain,7,12,422.0,490.0,0.3772778484211149,0.13282051416380056,0.4265402843601896,0.0,0.42857142857142855,0.5,0.8612244897959184
1032,Kieran Dowell,Norwich City,cold,9,10,537.0,375.0,0.3376264568397452,0.11463439106941216,0.33519553072625696,0.0,0.4444444444444444,0.5,0.6983240223463687
1042,Tom Davies,Everton,rain,26,63,1080.0,3300.0,0.13783105299808082,0.1198309459384869,0.08333333333333334,0.05454545454545454,0.8461538461538461,1.4285714285714286,0.32727272727272727
1042,Tom Davies,Everton,cold,36,53,1722.0,2658.0,0.09750877803950875,0.14160629911621517,0.05226480836236934,0.06772009029345372,1.3611111111111112,1.1886792452830188,0.6478555304740407
1053,Keinan Davis,Aston Villa,rain,9,25,116.0,648.0,1.442290716804564,0.31399030755791396,1.5517241379310345,0.0,1.6666666666666667,0.56,0.17901234567901234
1053,Keinan Davis,Aston Villa,cold,18,16,562.0,202.0,0.27123807730597316,1.0808695198064393,0.0,0.8910891089108911,0.8888888888888888,0.8125,0.3594306049822064
1078,Sergi Canos,Brentford,rain,9,27,554.0,1629.0,0.3386403401701674,0.20162572106603754,0.48736462093862815,0.11049723756906077,0.6666666666666666,1.2962962962962963,0.34008594229588707
1078,Sergi Canos,Brentford,cold,16,20,984.0,1199.0,0.15703110126551328,0.3015316467269248,0.1829268292682927,0.22518765638031693,1.1875,1.1,0.8206839032527106
1084,Jonjoe Kenny,Everton,rain,6,13,382.0,713.0,0.03373506413138815,0.07514607512652036,0.0,0.12622720897615708,1.0,1.0,0.5357643758765779
1084,Jonjoe Kenny,Everton,cold,6,13,212.0,883.0,0.005231844393079542,0.07401675543835382,0.0,0.10192525481313704,1.0,1.0,0.24009060022650056
1123,Juraj Kucka,Watford,rain,11,15,721.0,1207.0,0.18490220254723716,0.1561250709546629,0.12482662968099861,0.07456503728251863,0.8181818181818182,0.4666666666666667,0.5973487986743994
1123,Juraj Kucka,Watford,cold,12,14,1035.0,893.0,0.09793444828170791,0.2468032415534921,0.08695652173913043,0.10078387458006718,0.8333333333333334,0.42857142857142855,0.8628019323671497
1142,Samir,Watford,rain,9,10,810.0,872.0,0.03658257755968302,0.02057001588507254,0.0,0.0,0.2222222222222222,0.8,0.9288990825688074
1142,Samir,Watford,cold,7,12,602.0,1080.0,0.03926040589240102,0.022161275303612123,0.0,0.0,0.14285714285714285,0.75,0.5574074074074075
1208,Felipe Anderson,West Ham United,rain,9,18,425.0,1108.0,0.4855027566937839,0.24284314776061344,0.6352941176470589,0.1624548736462094,1.0,0.7222222222222222,0.3835740072202166
1208,Felipe Anderson,West Ham United,cold,14,13,804.0,729.0,0.44215934274634755,0.16448939334095256,0.33582089552238803,0.24691358024691357,0.9285714285714286,0.6923076923076923,0.9067164179104478
1217,Moritz Leitner,Norwich City,rain,4,5,300.0,389.0,0.1281989386305213,0.03573418683480168,0.0,0.0,0.0,0.8,0.7712082262210797
1217,Moritz Leitner,Norwich City,cold,8,1,640.0,49.0,0.08181293791858475,0.0,0.0,0.0,0.5,0.0,0.0765625
1227,Lucas Torreira,Arsenal,rain,10,19,660.0,836.0,0.08497972134500736,0.17869453535205787,0.2727272727272727,0.0,0.8,1.8421052631578947,0.7894736842105263
1227,Lucas Torreira,Arsenal,cold,13,16,402.0,1094.0,0.2552675875598814,0.09401981484730614,0.22388059701492538,0.08226691042047532,1.7692307692307692,1.25,0.36745886654478976
1228,Bruno Fernandes,Manchester United,rain,41,118,3665.0,10245.0,0.6674273521480585,0.6826692391923284,0.6139154160982265,0.6149341142020498,1.7560975609756098,1.8389830508474576,0.35773548072230354
1228,Bruno Fernandes,Manchester United,cold,70,89,6120.0,7790.0,0.644270747598699,0.7056650354100131,0.6029411764705882,0.6238767650834403,1.7428571428571429,1.8764044943820224,0.785622593068036
1234,Dennis Praet,Leicester City,rain,20,44,824.0,1639.0,0.2521170910845682,0.18982050690374913,0.3276699029126214,0.16473459426479561,1.65,1.4090909090909092,0.5027455765710799
1234,Dennis Praet,Leicester City,cold,27,37,1123.0,1340.0,0.12474688639132867,0.28266383615781115,0.16028495102404275,0.26865671641791045,1.7407407407407407,1.2972972972972974,0.8380597014925373
1245,Emerson,West Ham United,rain,24,52,1749.0,3855.0,0.18866279601769623,0.09503173014939062,0.10291595197255575,0.04669260700389105,1.6666666666666667,1.1730769230769231,0.4536964980544747
1245,Emerson,West Ham United,cold,43,33,2892.0,2712.0,0.12088331453795871,0.12784808418771199,0.03112033195020747,0.09955752212389381,1.4186046511627908,1.2121212121212122,0.9377593360995851
1250,Mohamed Salah,Liverpool,rain,47,129,3903.0,10706.0,0.9442497293345292,0.9727037762855951,0.7609531129900077,0.991967121240426,2.021276595744681,2.1627906976744184,0.3645619278909023
1250,Mohamed Salah,Liverpool,cold,81,95,6977.0,7632.0,1.0326789946252473,0.9033244204672299,1.0061631073527304,0.8608490566037736,2.185185185185185,2.0736842105263156,0.9141771488469602
1257,Alisson,Liverpool,rain,42,121,3767.0,10838.0,0.0062814835910933835,0.003357984807564337,0.02389169100079639,0.024912345451190258,2.0,2.1487603305785123,0.34757335301716186
1257,Alisson,Liverpool,cold,73,90,6518.0,8087.0,0.0023283736723703485,0.0055496288407964785,0.013807916538815588,0.03338691727463831,2.1095890410958904,2.111111111111111,0.8059849140596018
1297,Neto,Bournemouth,rain,21,38,1890.0,3380.0,0.0,0.0,0.0,0.0,1.0952380952380953,1.2894736842105263,0.5591715976331361
1297,Neto,Bournemouth,cold,30,29,2660.0,2610.0,0.0,0.0,0.0,0.0,1.0,1.4482758620689655,0.981203007518797
1299,Mario Lemina,Wolverhampton Wanderers,rain,26,56,1885.0,4148.0,0.0805338159134359,0.16151053018206968,0.09549071618037135,0.10848601735776278,1.0384615384615385,1.1607142857142858,0.4544358727097396
1299,Mario Lemina,Wolverhampton Wanderers,cold,27,55,2067.0,3966.0,0.08432054198759296,0.16325299089856202,0.08708272859216255,0.11346444780635401,1.0740740740740742,1.1454545454545455,0.5211800302571861
1304,Moise Kean,Everton,rain,12,20,376.0,418.0,0.7485453687370456,0.7261807328918903,0.4787234042553191,0.43062200956937796,1.1666666666666667,1.15,0.8995215311004785
1304,Moise Kean,Everton,cold,18,14,427.0,367.0,0.7247884990756488,0.7507136672714911,0.4215456674473068,0.49046321525885556,1.1111111111111112,1.2142857142857142,0.8594847775175644
1374,José Reina,Aston Villa,rain,4,8,360.0,720.0,0.0,0.004878512583673,0.0,0.0,2.5,0.25,0.5
1374,José Reina,Aston Villa,cold,7,5,630.0,450.0,0.005575442952769144,0.0,0.0,0.0,1.1428571428571428,0.8,0.7142857142857143
1376,Kalidou Koulibaly,Chelsea,rain,9,14,647.0,1162.0,0.02715404357018387,0.09015531475509861,0.1391035548686244,0.1549053356282272,1.2222222222222223,1.2857142857142858,0.5567986230636833
1376,Kalidou Koulibaly,Chelsea,cold,14,9,1079.0,730.0,0.08500619157907084,0.041928029070570014,0.16682113067655235,0.12328767123287672,1.0714285714285714,1.5555555555555556,0.6765523632993512
1379,Allan,Everton,rain,17,35,1418.0,2829.0,0.03696787499458813,0.04212237350358244,0.0,0.06362672322375398,1.2941176470588236,1.3428571428571427,0.5012371862849063
1379,Allan,Everton,cold,22,30,1760.0,2487.0,0.043766657567836986,0.03801983275615907,0.05113636363636363,0.03618817852834741,1.5,1.2,0.7076799356654604
1389,Jorginho,Chelsea,rain,49,95,3379.0,6368.0,0.254219369519062,0.25703729133398956,0.2663509914175791,0.24026381909547737,2.0,1.894736842105263,0.5306218592964824
1389,Jorginho,Chelsea,cold,73,71,4897.0,4850.0,0.21143899356639392,0.3011142204794073,0.22054318970798448,0.27835051546391754,1.904109589041096,1.9577464788732395,0.9904022871145599
1441,Adam Masina,Watford,rain,16,25,1108.0,1783.0,0.07174151755418853,0.0741919471850421,0.1624548736462094,0.0,1.25,0.64,0.6214245653393158
1441,Adam Masina,Watford,cold,22,19,1559.0,1332.0,0.07867207794287136,0.06690996529131721,0.05772931366260423,0.06756756756756757,0.6818181818181818,1.105263157894737,0.8543938422065427
1488,Remo Freuler,Nottingham Forest,rain,12,16,941.0,1237.0,0.03470714634539719,0.0336512547700079,0.0,0.0,0.75,0.875,0.7607113985448666
1488,Remo Freuler,Nottingham Forest,cold,13,15,962.0,1216.0,0.019450721247683177,0.045702658734578384,0.0,0.0,0.9230769230769231,0.7333333333333333,0.7911184210526315
1537,Sasa Lukic,Fulham,rain,12,24,398.0,1110.0,0.11523262248959516,0.12078114531028104,0.0,0.08108108108108109,1.4166666666666667,1.0416666666666667,0.35855855855855856
1537,Sasa Lukic,Fulham,cold,17,19,801.0,707.0,0.13598981083192843,0.10042689755147968,0.0,0.1272984441301273,0.8823529411764706,1.4210526315789473,0.8826466916354557
1545,Emil Krafth,Newcastle United,rain,20,51,1262.0,3608.0,0.07045113059460356,0.07778290706168355,0.07131537242472266,0.04988913525498891,1.4,1.4705882352941178,0.34977827050997784
1545,Emil Krafth,Newcastle United,cold,30,41,2287.0,2583.0,0.09120406927870747,0.06231759545046067,0.03935286401399213,0.06968641114982578,1.5333333333333334,1.3902439024390243,0.8854045683313976
1621,Marcos Alonso,Chelsea,rain,19,40,1441.0,3142.0,0.2883306581211598,0.37251163911925683,0.31228313671061764,0.31508593252705286,1.8421052631578947,1.95,0.4586250795671547
1621,Marcos Alonso,Chelsea,cold,31,28,2555.0,2028.0,0.30999635512085805,0.39145727866444974,0.28180039138943247,0.3550295857988166,1.8387096774193548,2.0,0.7937377690802349
1651,Tom Heaton,Aston Villa,rain,6,14,537.0,1260.0,0.0,0.0,0.0,0.0,1.6666666666666667,0.7857142857142857,0.4261904761904762
1651,Tom Heaton,Aston Villa,cold,8,12,720.0,1077.0,0.0,0.0,0.0,0.0,1.0,1.0833333333333333,0.6685236768802229
1652,Matthew Lowton,Burnley,rain,22,54,1697.0,4681.0,0.1293293440261165,0.1018292128604444,0.15910430170889805,0.05767998290963469,1.2727272727272727,1.0,0.36252937406537067
1652,Matthew Lowton,Burnley,cold,27,49,2321.0,4057.0,0.13403371909776926,0.09490810455660276,0.11632916846186989,0.06655163914222331,0.9629629629629629,1.1428571428571428,0.5720976090707419
1653,Michael Keane,Everton,rain,33,86,2807.0,6942.0,0.13169074669283903,0.09098057459247785,0.28856430352689705,0.07778738115816768,1.2121212121212122,1.2790697674418605,0.40435033131662346
1653,Michael Keane,Everton,cold,53,66,4518.0,5231.0,0.12414167321609904,0.08418485857339802,0.1195219123505976,0.15484610973045307,1.2641509433962264,1.2575757575757576,0.8636971898298604
1654,Ben Mee,Burnley,rain,44,92,3836.0,8146.0,0.09321664705216041,0.1323809694469509,0.07038581856100104,0.11048367296832802,1.2045454545454546,1.3043478260869565,0.4709059661183403
1654,Ben Mee,Burnley,cold,46,90,4074.0,7908.0,0.1563828436668759,0.10101804882499964,0.11045655375552282,0.09104704097116845,1.3478260869565217,1.2333333333333334,0.5151745068285281
1660,Andre Gray,Watford,rain,10,13,205.0,520.0,0.9373166257651842,0.4016271272960763,0.43902439024390244,0.17307692307692307,0.5,0.7692307692307693,0.3942307692307692
1660,Andre Gray,Watford,cold,13,10,540.0,185.0,0.5267472645888724,0.630013468096385,0.16666666666666669,0.4864864864864865,0.5384615384615384,0.8,0.3425925925925926
1663,Johann Berg Gudmundsson,Burnley,rain,18,60,971.0,3312.0,0.36975614456066624,0.20859289284208382,0.1853759011328527,0.1902173913043478,0.8333333333333334,0.7,0.2931763285024155
1663,Johann Berg Gudmundsson,Burnley,cold,32,46,1754.0,2529.0,0.19684530364534256,0.27861851121686737,0.25655644241733183,0.1423487544483986,0.65625,0.782608695652174,0.6935547647291419
1665,James Tarkowski,Burnley,rain,56,129,5040.0,11568.0,0.13340764501065544,0.147843614596916,0.053571428571428575,0.0700207468879668,1.1964285714285714,1.0930232558139534,0.43568464730290457
1665,James Tarkowski,Burnley,cold,72,113,6438.0,10170.0,0.13202634503334088,0.15070244397110905,0.08387698042870456,0.05309734513274336,1.1666666666666667,1.0973451327433628,0.6330383480825958
1676,David Luiz,Arsenal,rain,17,36,1315.0,2913.0,0.08875611240306279,0.06965217992939612,0.13688212927756654,0.061791967044284246,1.1176470588235294,1.5833333333333333,0.45142464812907657
1676,David Luiz,Arsenal,cold,20,33,1502.0,2726.0,0.022627803547860908,0.10477774285233726,0.05992010652463382,0.09904622157006603,1.45,1.4242424242424243,0.5509904622157007
1677,Nathaniel Chalobah,Watford,rain,10,16,361.0,564.0,0.15668025142268127,0.25083557256755035,0.0,0.1595744680851064,1.1,1.25,0.6400709219858156
1677,Nathaniel Chalobah,Watford,cold,15,11,376.0,549.0,0.27859139023348684,0.16991342616374377,0.0,0.16393442622950818,0.8666666666666667,1.6363636363636365,0.6848816029143898
1678,Michy Batshuayi,Crystal Palace,rain,10,24,290.0,610.0,0.7629518928969728,0.5607719992088978,0.3103448275862069,0.5901639344262295,1.1,1.25,0.47540983606557374
1678,Michy Batshuayi,Crystal Palace,cold,10,24,234.0,666.0,1.2429719317991001,0.40911642104588647,1.1538461538461537,0.2702702702702703,1.9,0.9166666666666666,0.35135135135135137
1679,Dominic Solanke,Bournemouth,rain,34,69,2894.0,4943.0,0.4358050842275784,0.5408597770296812,0.34208707671043537,0.5098118551486951,1.1764705882352942,1.0289855072463767,0.5854744082540967
1679,Dominic Solanke,Bournemouth,cold,57,46,4261.0,3576.0,0.39887122527714325,0.6250278245823321,0.4013142454822811,0.5033557046979866,1.0175438596491229,1.1521739130434783,0.8392396151138231
1683,Ryan Fraser,Newcastle United,rain,24,57,1416.0,3343.0,0.27664174724338664,0.3087997909957354,0.2542372881355932,0.2153754113072091,1.0416666666666667,1.0526315789473684,0.4235716422375112
1683,Ryan Fraser,Newcastle United,cold,31,50,1392.0,3367.0,0.21781388939165597,0.33289144085601236,0.1939655172413793,0.24057024057024057,1.3548387096774193,0.86,0.41342441342441344
1685,Ahmed Elmohamady,Aston Villa,rain,10,22,604.0,1226.0,0.21588304815567189,0.16873903817164462,0.2980132450331126,0.0,1.6,0.6818181818181818,0.4926590538336052
1685,Ahmed Elmohamady,Aston Villa,cold,14,18,632.0,1198.0,0.2222477247838308,0.16427951571041827,0.14240506329113925,0.07512520868113523,1.0,0.9444444444444444,0.5275459098497496
1687,Harry Maguire,Manchester United,rain,36,104,2907.0,8475.0,0.06791840572682878,0.0973096319499005,0.030959752321981424,0.08495575221238938,1.8611111111111112,1.8846153846153846,0.34300884955752214
1687,Harry Maguire,Manchester United,cold,56,84,4485.0,6897.0,0.08526526883643203,0.09275383579699872,0.04013377926421405,0.09134406263592867,1.625,2.0476190476190474,0.6502827316224445
1688,Andrew Robertson,Liverpool,rain,44,116,3728.0,9620.0,0.30548394702888554,0.29174400721395893,0.28969957081545067,0.3367983367983368,2.159090909090909,2.1379310344827585,0.38752598752598755
1688,Andrew Robertson,Liverpool,cold,68,92,5640.0,7708.0,0.2682456904923186,0.31558326537951387,0.30319148936170215,0.33860923715620134,2.2058823529411766,2.097826086956522,0.7317073170731707
1689,Jake Livermore,West Bromwich Albion,rain,4,14,262.0,985.0,0.0727896647570469,0.0224188170419429,0.0,0.0,1.0,0.5714285714285714,0.265989847715736
1689,Jake Livermore,West Bromwich Albion,cold,7,11,564.0,683.0,0.045894319587882496,0.022355828265145414,0.0,0.0,0.2857142857142857,0.9090909090909091,0.8257686676427526
1691,Robert Snodgrass,West Ham United,rain,9,26,583.0,1472.0,0.39410574294588374,0.26369511041000643,0.7718696397941681,0.30570652173913043,0.8888888888888888,0.9230769230769231,0.3960597826086957
1691,Robert Snodgrass,West Ham United,cold,6,29,317.0,1738.0,0.5918153380675458,0.24759343411597678,0.5678233438485805,0.4142692750287687,1.3333333333333333,0.8275862068965517,0.18239355581127734
1699,Shkodran Mustafi,Arsenal,rain,5,13,428.0,823.0,0.1365118280105362,0.05409939402435989,0.2102803738317757,0.0,1.0,1.6923076923076923,0.520048602673147
1699,Shkodran Mustafi,Arsenal,cold,9,9,630.0,621.0,0.023568285363061058,0.14187253444739006,0.0,0.14492753623188406,1.4444444444444444,1.5555555555555556,0.9857142857142858
1707,Ben Gibson,Norwich City,rain,8,20,696.0,1800.0,0.00878860322951241,0.07038831021636724,0.0,0.0,1.5,0.5,0.38666666666666666
1707,Ben Gibson,Norwich City,cold,9,19,810.0,1686.0,0.1383156543597579,0.012325116373545528,0.0,0.0,0.5555555555555556,0.8947368421052632,0.4804270462633452
1711,Adam Forshaw,Leeds United,rain,8,26,490.0,1504.0,0.06807091258162137,0.09620019630405134,0.1836734693877551,0.0,1.125,0.7692307692307693,0.3257978723404255
1711,Adam Forshaw,Leeds United,cold,12,22,453.0,1541.0,0.09801021049304906,0.08672369698438447,0.0,0.05840363400389357,0.6666666666666666,0.9545454545454546,0.29396495781959764
1719,Javier Manquillo,Newcastle United,rain,15,42,1074.0,2645.0,0.010847497585765467,0.04556381506299587,0.0,0.13610586011342155,1.0,1.4285714285714286,0.40604914933837427
1719,Javier Manquillo,Newcastle United,cold,26,31,1727.0,1992.0,0.0531497160560593,0.02026955001000089,0.1563404748118124,0.04518072289156626,1.1153846153846154,1.4838709677419355,0.8669678714859438
1723,Roberto Pereyra,Watford,rain,9,19,499.0,1157.0,0.2921547174812079,0.22457801131571836,0.3607214428857715,0.07778738115816768,0.6666666666666666,1.0,0.4312878133102852
1723,Roberto Pereyra,Watford,cold,15,13,1036.0,620.0,0.27959134230124094,0.18704085885697302,0.08687258687258688,0.2903225806451613,0.4,1.4615384615384615,0.5984555984555985
1725,Christian Kabasele,Watford,rain,16,27,1229.0,2220.0,0.09642687099519734,0.06645437355178432,0.0,0.08108108108108109,0.9375,0.9629629629629629,0.5536036036036036
1725,Christian Kabasele,Watford,cold,23,20,1928.0,1521.0,0.10129779083576994,0.046505715323270407,0.046680497925311204,0.0591715976331361,0.6956521739130435,1.25,0.7889004149377593
1726,Abdoulaye Doucouré,Everton,rain,47,106,3835.0,8559.0,0.29878255450488533,0.2619232464391742,0.21121251629726207,0.24185068349106204,1.3191489361702127,1.2264150943396226,0.44806636289286134
1726,Abdoulaye Doucouré,Everton,cold,71,82,5729.0,6665.0,0.3384895363052356,0.21731817093869948,0.26706231454005935,0.20255063765941483,1.2535211267605635,1.2560975609756098,0.8595648912228057
1734,Sofiane Boufal,Southampton,rain,6,14,294.0,452.0,0.5559042328968643,0.3776925104975172,0.6122448979591837,0.0,1.6666666666666667,0.6428571428571429,0.6504424778761062
1734,Sofiane Boufal,Southampton,cold,9,11,406.0,340.0,0.5657325601526374,0.30725129351348557,0.4433497536945813,0.0,1.1111111111111112,0.8181818181818182,0.8374384236453202
1735,Jack Stephens,Southampton,rain,22,52,1705.0,4316.0,0.0818442588677504,0.054910567751373526,0.10557184750733138,0.04170528266913809,1.3636363636363635,1.1153846153846154,0.39504170528266913
1735,Jack Stephens,Southampton,cold,30,44,2220.0,3801.0,0.04870744865085626,0.07061508439346006,0.0,0.09471191791633782,1.2666666666666666,1.1363636363636365,0.5840568271507498
1736,Oliver McBurnie,Sheffield United,rain,33,47,2178.0,2541.0,0.36861392888740807,0.5139825163230985,0.3305785123966942,0.28335301062573787,0.42424242424242425,1.0851063829787233,0.8571428571428571
1736,Oliver McBurnie,Sheffield United,cold,30,50,2086.0,2633.0,0.29214998020961064,0.5694819036750933,0.21572387344199426,0.375996961640714,0.7333333333333333,0.86,0.7922521838207368
1737,Matt Phillips,West Bromwich Albion,rain,7,26,465.0,1358.0,0.1785060019502716,0.3477330648358115,0.0,0.19882179675994108,1.2857142857142858,0.5384615384615384,0.34241531664212077
1737,Matt Phillips,West Bromwich Albion,cold,7,26,166.0,1657.0,0.3444758089012409,0.3005695888209429,0.0,0.16294508147254072,0.42857142857142855,0.7692307692307693,0.10018105009052504
1738,Hal Robson-Kanu,West Bromwich Albion,rain,4,15,64.0,458.0,0.02499623398762186,0.33833647464040056,0.0,0.3930131004366812,1.0,0.6666666666666666,0.13973799126637554
1738,Hal Robson-Kanu,West Bromwich Albion,cold,4,15,97.0,425.0,0.01649236056915257,0.3646073067889493,0.0,0.4235294117647058,0.0,0.9333333333333333,0.22823529411764706
1739,Eric Bailly,Manchester United,rain,2,18,95.0,1183.0,0.0,0.006148802905342676,0.0,0.0,2.0,2.0,0.08030431107354184
1739,Eric Bailly,Manchester United,cold,7,13,348.0,930.0,0.0,0.007821541760236974,0.0,0.0,1.4285714285714286,2.3076923076923075,0.3741935483870968
1740,Paul Pogba,Manchester United,rain,14,48,1008.0,3462.0,0.25450350774917746,0.34944292524283943,0.26785714285714285,0.44194107452339687,1.8571428571428572,1.6875,0.29116117850953205
1740,Paul Pogba,Manchester United,cold,32,30,2421.0,2049.0,0.31059474660062875,0.3486388782243821,0.40892193308550184,0.3953147877013177,1.625,1.8333333333333333,0.8463444857496902
1746,Jeff Hendrick,Burnley,rain,15,34,974.0,2471.0,0.18329242205159313,0.1485668400054528,0.3696098562628337,0.14569000404694457,1.0,1.5,0.39417239983812224
1746,Jeff Hendrick,Burnley,cold,14,35,975.0,2470.0,0.16581872449471396,0.15545029325885806,0.5538461538461539,0.0728744939271255,1.5714285714285714,1.2571428571428571,0.39473684210526316
1747,Kevin Long,Burnley,rain,5,17,279.0,1322.0,0.011333838826225615,0.056946990369014586,0.0,0.0,1.4,0.8235294117647058,0.21104387291981846
1747,Kevin Long,Burnley,cold,15,7,1231.0,370.0,0.025019890883715035,0.12877453141216488,0.0,0.0,0.9333333333333333,1.0,0.3005686433793664
1748,Lys Mousset,Sheffield United,rain,13,28,557.0,947.0,0.5983577380073883,0.6901336995709721,0.32315978456014366,0.7602956705385427,0.8461538461538461,1.25,0.5881731784582893
1748,Lys Mousset,Sheffield United,cold,13,28,341.0,1163.0,0.5119051726922785,0.6984369816644532,0.7917888563049854,0.5417024935511607,1.3076923076923077,1.0357142857142858,0.293207222699914
1749,Rob Holding,Arsenal,rain,20,47,1336.0,3168.0,0.017108278722686318,0.048999317487786416,0.0,0.08522727272727273,1.6,1.9574468085106382,0.4217171717171717
1749,Rob Holding,Arsenal,cold,32,35,2008.0,2496.0,0.032102381253978636,0.04552280313174166,0.044820717131474105,0.07211538461538461,2.09375,1.6285714285714286,0.8044871794871795
1750,Ainsley Maitland-Niles,Arsenal,rain,25,51,1737.0,3000.0,0.0912559950733895,0.08296744865365321,0.05181347150259068,0.03,1.32,1.2352941176470589,0.579
1750,Ainsley Maitland-Niles,Arsenal,cold,36,40,1968.0,2769.0,0.14097450134946346,0.04693975830541462,0.09146341463414635,0.0,1.3611111111111112,1.175,0.7107258938244854
1760,Arthur Masuaku,West Ham United,rain,16,26,831.0,1737.0,0.2731093371603032,0.13889471696294028,0.10830324909747292,0.2072538860103627,1.4375,1.4230769230769231,0.4784110535405872
1760,Arthur Masuaku,West Ham United,cold,15,27,1115.0,1453.0,0.22687553981060132,0.14814023100895995,0.16143497757847533,0.1858224363386098,1.5333333333333334,1.3703703703703705,0.7673778389538886
1771,Reece Burke,Luton Town,rain,3,19,263.0,1428.0,0.03559721230100769,0.2761712462930869,0.0,0.25210084033613445,0.3333333333333333,0.7368421052631579,0.18417366946778713
1771,Reece Burke,Luton Town,cold,11,11,914.0,777.0,0.1325923206256111,0.3636360688415503,0.09846827133479212,0.3474903474903475,0.6363636363636364,0.7272727272727273,0.850109409190372
1776,Jarrod Bowen,West Ham United,rain,46,113,3846.0,8962.0,0.5987427773698002,0.4836230654343447,0.421216848673947,0.5523320687346575,1.3695652173913044,1.407079646017699,0.4291452800714126
1776,Jarrod Bowen,West Ham United,cold,79,80,6644.0,6164.0,0.46695936495894624,0.5734128185268673,0.3657435279951836,0.6716417910447761,1.2658227848101267,1.525,0.9277543648404576
1785,Nampalys Mendy,Leicester City,rain,21,42,1323.0,2219.0,0.021418341669906537,0.00884919019383236,0.1360544217687075,0.0,1.619047619047619,1.5238095238095237,0.5962145110410094
1785,Nampalys Mendy,Leicester City,cold,25,38,1482.0,2060.0,0.006698143577979869,0.018469014702346697,0.0,0.08737864077669903,1.8,1.394736842105263,0.7194174757281553
1789,Lewis Cook,Bournemouth,rain,32,56,1866.0,3958.0,0.128379234433222,0.10706980655768891,0.14469453376205788,0.045477513895907026,1.21875,0.875,0.4714502273875695
1789,Lewis Cook,Bournemouth,cold,48,40,3248.0,2576.0,0.1098601743200417,0.11898761631064807,0.05541871921182266,0.1048136645962733,0.8958333333333334,1.125,0.7931034482758621
1791,Trent Alexander-Arnold,Liverpool,rain,46,125,3691.0,10532.0,0.43062104670463597,0.41742939219208397,0.4389054456786779,0.34181541967337636,2.0869565217391304,2.128,0.35045575389289785
1791,Trent Alexander-Arnold,Liverpool,cold,77,94,6297.0,7926.0,0.4477948423167987,0.3994479586026947,0.35731300619342543,0.37471612414837246,2.1298701298701297,2.106382978723404,0.7944738834216503
1801,Pontus Jansson,Brentford,rain,16,33,1365.0,2684.0,0.1942873224206678,0.0806123518416916,0.13186813186813187,0.10059612518628912,0.6875,1.4545454545454546,0.5085692995529061
1801,Pontus Jansson,Brentford,cold,25,24,2134.0,1915.0,0.16345982350786095,0.06931722406346554,0.12652296157450796,0.09399477806788512,1.36,1.0416666666666667,0.8973758200562324
1822,Antonio Rüdiger,Chelsea,rain,24,49,2046.0,4410.0,0.12215477673888554,0.08548824236329108,0.13196480938416422,0.061224489795918366,2.0833333333333335,1.7755102040816326,0.4639455782312925
1822,Antonio Rüdiger,Chelsea,cold,27,46,2316.0,4140.0,0.12070240983691236,0.08390943015642137,0.07772020725388601,0.08695652173913043,1.9259259259259258,1.8478260869565217,0.5594202898550724
1823,Lucas Digne,Everton,rain,41,114,3393.0,8680.0,0.18376281885158474,0.18474610860798557,0.1856763925729443,0.16589861751152074,1.6585365853658536,1.368421052631579,0.3908986175115207
1823,Lucas Digne,Everton,cold,76,79,6184.0,5889.0,0.1506914648171369,0.21994013391943737,0.17464424320827943,0.16811003565970453,1.4210526315789473,1.4683544303797469,0.9522962483829237
1828,Alex Telles,Manchester United,rain,9,21,716.0,1639.0,0.1602805187332563,0.1248473361023156,0.25139664804469275,0.21964612568639413,1.6666666666666667,1.8571428571428572,0.4368517388651617
1828,Alex Telles,Manchester United,cold,7,23,543.0,1812.0,0.11224778204415381,0.14262422165272148,0.3314917127071823,0.1986754966887417,1.2857142857142858,1.9565217391304348,0.2996688741721854
1950,Martín Montoya,Brighton,rain,9,18,526.0,1386.0,0.08307171078972486,0.1877341700064671,0.0,0.06493506493506493,1.1111111111111112,1.0555555555555556,0.3795093795093795
1950,Martín Montoya,Brighton,cold,15,12,1116.0,796.0,0.09080354965502212,0.25447050011225375,0.08064516129032258,0.0,1.2,0.9166666666666666,0.7132616487455197
2163,Diego Llorente,Leeds United,rain,16,35,1358.0,2847.0,0.056858227611553666,0.08969517456106565,0.1325478645066274,0.06322444678609063,1.1875,1.4,0.4769933263083948
2163,Diego Llorente,Leeds United,cold,18,33,1497.0,2708.0,0.0811501838013022,0.07795192390003486,0.12024048096192386,0.06646971935007386,1.2777777777777777,1.3636363636363635,0.5528064992614475
2182,Jefferson Lerma,Bournemouth,rain,32,66,2771.0,5629.0,0.15135240721580503,0.1325957829767676,0.12991699747383614,0.09593178184402203,1.0,1.0606060606060606,0.49227216201812046
2182,Jefferson Lerma,Bournemouth,cold,52,46,4383.0,4017.0,0.09752099270295556,0.18380499670255573,0.08213552361396304,0.13442867811799852,1.1153846153846154,0.9565217391304348,0.9164955509924709
2190,Vicente Guaita,Crystal Palace,rain,47,82,4230.0,7339.0,0.0,0.0,0.0,0.0,1.127659574468085,1.1951219512195121,0.5763728028341736
2190,Vicente Guaita,Crystal Palace,cold,53,76,4770.0,6799.0,0.0,0.0,0.0,0.0,1.320754716981132,1.0657894736842106,0.7015737608471834
2199,Pablo Sarabia,Wolverhampton Wanderers,rain,14,29,697.0,1854.0,0.46138984561394064,0.5720982669843632,0.6456241032998565,0.33980582524271846,1.2142857142857142,1.4137931034482758,0.37594390507011866
2199,Pablo Sarabia,Wolverhampton Wanderers,cold,14,29,775.0,1776.0,0.7280116055280931,0.46061369093336363,0.4645161290322581,0.40540540540540543,1.2142857142857142,1.4137931034482758,0.4363738738738739
2203,Emiliano Buendía,Aston Villa,rain,31,78,2261.0,4554.0,0.3803045695383152,0.3461157290537366,0.437859354268023,0.2766798418972332,1.3225806451612903,1.0256410256410255,0.49648660518225735
2203,Emiliano Buendía,Aston Villa,cold,58,51,3531.0,3284.0,0.29242559203984064,0.42738273335693355,0.3058623619371283,0.35627283800243603,0.9137931034482759,1.3333333333333333,0.9300481450014161
2243,Keylor Navas,Nottingham Forest,rain,9,8,810.0,720.0,0.0,0.0,0.0,0.0,0.8888888888888888,1.0,0.8888888888888888
2243,Keylor Navas,Nottingham Forest,cold,6,11,540.0,990.0,0.0,0.0,0.0,0.0,1.3333333333333333,0.7272727272727273,0.5454545454545454
2245,Raphael Varane,Manchester United,rain,14,54,1093.0,4022.0,0.04830751564670676,0.059711100637342175,0.08234217749313816,0.04475385380407757,1.8571428571428572,1.8703703703703705,0.2717553455992044
2245,Raphael Varane,Manchester United,cold,33,35,2372.0,2743.0,0.0684287583040824,0.04762856240173433,0.11382799325463742,0.0,2.0303030303030303,1.7142857142857142,0.8647466277798032
2248,Casemiro,Manchester United,rain,11,42,894.0,3239.0,0.23015872672225204,0.2566520352084471,0.20134228187919462,0.22229083050324175,1.9090909090909092,1.8571428571428572,0.27601111454152516
2248,Casemiro,Manchester United,cold,34,19,2639.0,1494.0,0.23761621276894246,0.2744234660191528,0.20462296324365292,0.24096385542168675,1.8823529411764706,1.8421052631578947,0.566123531640773
2249,James Rodríguez,Everton,rain,7,16,612.0,1190.0,0.5022662965690389,0.40748349314226817,0.4411764705882353,0.5294117647058824,2.0,1.0625,0.5142857142857142
2249,James Rodríguez,Everton,cold,6,17,487.0,1315.0,0.6885340122135023,0.3475104687388405,1.108829568788501,0.2737642585551331,2.0,1.1176470588235294,0.3703422053231939
2251,Gareth Bale,Tottenham Hotspur,rain,2,18,144.0,765.0,1.29066351801157,0.655886657316895,3.125,0.9411764705882353,3.0,1.2777777777777777,0.18823529411764706
2251,Gareth Bale,Tottenham Hotspur,cold,6,14,245.0,664.0,0.6701990314284147,0.7882681878631463,0.7346938775510204,1.4909638554216869,1.5,1.4285714285714286,0.3689759036144578
2254,Mateo Kovacic,Chelsea,rain,42,98,2662.0,6038.0,0.14407460795047916,0.20044840213822018,0.20285499624342598,0.14905597880092747,1.8571428571428572,1.816326530612245,0.4408744617422988
2254,Mateo Kovacic,Chelsea,cold,67,73,4361.0,4339.0,0.16616778925951325,0.20031719970362097,0.18573721623480854,0.14519474533302604,1.8805970149253732,1.7808219178082192,0.9949552854849805
2266,Saúl Ñíguez,Chelsea,rain,5,5,311.0,166.0,0.07849038904981975,0.03418302904051468,0.0,0.0,2.6,2.2,0.5337620578778135
2266,Saúl Ñíguez,Chelsea,cold,3,7,179.0,298.0,0.08280598459630038,0.05121685427007252,0.0,0.0,2.3333333333333335,2.4285714285714284,0.6006711409395973
2280,Jonny,Wolverhampton Wanderers,rain,26,48,2076.0,3614.0,0.10397537383977642,0.09080156650421,0.13005780346820808,0.0996126175982291,1.0384615384615385,1.4375,0.5744327614831212
2280,Jonny,Wolverhampton Wanderers,cold,35,39,2818.0,2872.0,0.05261160136181316,0.13779604623955477,0.063875088715401,0.15668523676880222,1.3428571428571427,1.2564102564102564,0.9811977715877437
2310,Alphonse Areola,Fulham,rain,17,56,1432.0,4918.0,0.0,0.0,0.0,0.0,1.3529411764705883,0.9107142857142857,0.29117527450183
2310,Alphonse Areola,Fulham,cold,29,44,2492.0,3858.0,0.0,0.0,0.0,0.0,1.0344827586206897,1.0,0.6459305339554173
2328,Thomas Partey,Arsenal,rain,31,64,2258.0,4607.0,0.14620346882924154,0.1457181590986673,0.11957484499557129,0.09767744736270893,2.3225806451612905,2.015625,0.49012372476665944
2328,Thomas Partey,Arsenal,cold,42,53,3149.0,3716.0,0.11063830957476786,0.1757402999819816,0.057161003493172435,0.14531754574811626,2.3333333333333335,1.9433962264150944,0.8474165769644779
2335,Pablo Fornals,West Ham United,rain,49,103,2959.0,6538.0,0.26866958397287954,0.29048770593901485,0.21290976681311252,0.3028449066992964,1.3265306122448979,1.3883495145631068,0.45258488834505967
2335,Pablo Fornals,West Ham United,cold,75,77,4784.0,4713.0,0.23142788217350035,0.3367390053229374,0.2069397993311037,0.3437301082113304,1.2933333333333332,1.4415584415584415,0.9851588628762542
2344,Christian Atsu,Newcastle United,rain,6,13,326.0,407.0,0.16649516573621448,0.07862879993069076,0.8282208588957056,0.0,1.1666666666666667,1.0769230769230769,0.800982800982801
2344,Christian Atsu,Newcastle United,cold,9,10,454.0,279.0,0.16717535578994494,0.03721051639126187,0.39647577092511016,0.3225806451612903,1.2222222222222223,1.0,0.6145374449339207
2361,Willian José,Wolverhampton Wanderers,rain,4,13,330.0,793.0,0.2968111017888242,0.18295871681083944,0.2727272727272727,0.0,1.25,1.3076923076923077,0.416141235813367
2361,Willian José,Wolverhampton Wanderers,cold,3,14,67.0,1056.0,0.09435357776150771,0.22415931468871841,0.0,0.08522727272727273,1.0,1.3571428571428572,0.0634469696969697
2371,Cristiano Ronaldo,Manchester United,rain,9,31,605.0,2380.0,0.5797894364607727,0.7634456868698241,0.5950413223140496,0.680672268907563,1.2222222222222223,1.8387096774193548,0.2542016806722689
2371,Cristiano Ronaldo,Manchester United,cold,22,18,1521.0,1464.0,0.6929164902257495,0.7608247009396064,0.7692307692307693,0.5532786885245902,1.7272727272727273,1.6666666666666667,0.9625246548323472
2379,João Cancelo,Manchester City,rain,25,73,2130.0,5899.0,0.2560669166416349,0.25211084372303827,0.29577464788732394,0.13731140871334124,2.32,2.26027397260274,0.36107814883878625
2379,João Cancelo,Manchester City,cold,49,49,3959.0,4070.0,0.2629673352616058,0.24362081554500925,0.15913109371053297,0.19901719901719903,2.2857142857142856,2.2653061224489797,0.9727272727272728
2381,Rodrigo,Leeds United,rain,25,63,1624.0,3896.0,0.5190334059848574,0.4554989684762306,0.4433497536945813,0.5082135523613963,1.28,1.1587301587301588,0.41683778234086244
2381,Rodrigo,Leeds United,cold,38,50,2599.0,2921.0,0.5194169131873397,0.4339505905953121,0.5540592535590612,0.4313591235878124,0.8947368421052632,1.42,0.889763779527559
2383,André Gomes,Everton,rain,16,57,1089.0,3039.0,0.0472028327967263,0.11679361100875843,0.08264462809917356,0.08884501480750247,2.125,1.087719298245614,0.3583415597235933
2383,André Gomes,Everton,cold,29,44,1780.0,2348.0,0.1208330844999866,0.08145518669560291,0.050561797752808994,0.11499148211243611,1.6206896551724137,1.1136363636363635,0.75809199318569
2385,Mat Ryan,Brighton,rain,18,34,1620.0,3060.0,0.003351516607734889,0.0,0.0,0.0,0.8888888888888888,1.1470588235294117,0.5294117647058824
2385,Mat Ryan,Brighton,cold,26,26,2340.0,2340.0,0.0,0.002320280728431846,0.0,0.0,1.3076923076923077,0.8076923076923077,1.0
2446,Dani Ceballos,Arsenal,rain,15,34,1033.0,2302.0,0.11850336748684705,0.15342585223813499,0.08712487899322362,0.15638575152041703,1.1333333333333333,1.6764705882352942,0.44874022589053
2446,Dani Ceballos,Arsenal,cold,26,23,1676.0,1659.0,0.1618503126802549,0.12317008222663808,0.16109785202863963,0.10849909584086799,1.5769230769230769,1.434782608695652,0.9898568019093079
2496,Rodri,Manchester City,rain,53,119,4347.0,9698.0,0.2227833430527653,0.18967643667110018,0.2484472049689441,0.28768818313054234,2.339622641509434,2.3949579831932772,0.4482367498453289
2496,Rodri,Manchester City,cold,75,97,6114.0,7931.0,0.20373299837174572,0.1969862215410222,0.27968596663395484,0.2723490102130879,2.4,2.3608247422680413,0.7708990039087127
2498,Aymeric Laporte,Manchester City,rain,21,56,1763.0,4531.0,0.14792889263639378,0.11052839473815669,0.15314804310833807,0.03972632972853675,2.3333333333333335,2.5,0.38909732950783493
2498,Aymeric Laporte,Manchester City,cold,41,36,3279.0,3015.0,0.13477583666317577,0.10602747126301722,0.08234217749313816,0.05970149253731343,2.341463414634146,2.5833333333333335,0.9194876486733761
2517,Martin Odegaard,Arsenal,rain,45,77,3702.0,6286.0,0.4907494510117935,0.4411136646907049,0.4862236628849271,0.4867960547247852,2.2,2.051948051948052,0.5889277760101813
2517,Martin Odegaard,Arsenal,cold,62,60,5137.0,4851.0,0.47291648042066814,0.4453149874191834,0.508078645123613,0.46382189239332094,2.161290322580645,2.05,0.9443254817987152
2662,Christian Pulisic,Chelsea,rain,27,71,1431.0,4101.0,0.6567814270233583,0.483087115916311,0.6289308176100629,0.4169714703730798,1.6296296296296295,1.5211267605633803,0.34893928310168254
2662,Christian Pulisic,Chelsea,cold,49,49,2534.0,2998.0,0.5636528428738029,0.4978979921951302,0.5682715074980268,0.39026017344896596,1.5714285714285714,1.530612244897959,0.8452301534356238
2674,Thilo Kehrer,West Ham United,rain,13,18,942.0,1298.0,0.06534456649118925,0.04732471349748144,0.19108280254777069,0.0,1.0769230769230769,1.3333333333333333,0.7257318952234206
2674,Thilo Kehrer,West Ham United,cold,22,9,1671.0,569.0,0.04685508572167082,0.07853639984801276,0.0,0.3163444639718805,1.1818181818181819,1.3333333333333333,0.3405146618791143
2958,Oleksandr Zinchenko,Arsenal,rain,37,71,2704.0,4981.0,0.18820216966560102,0.14790935340324177,0.16642011834319526,0.09034330455731782,2.4864864864864864,2.1549295774647885,0.5428628789399719
2958,Oleksandr Zinchenko,Arsenal,cold,54,54,3684.0,4001.0,0.1969333984153436,0.13000062892157127,0.12214983713355049,0.11247188202949263,2.2037037037037037,2.3333333333333335,0.920769807548113
3203,Issa Diop,West Ham United,rain,38,68,3201.0,5348.0,0.07087917471236453,0.0573693313123902,0.11246485473289597,0.06731488406881077,1.0526315789473684,1.4411764705882353,0.5985415108451758
3203,Issa Diop,West Ham United,cold,53,53,4606.0,3943.0,0.05854376272674078,0.06696496347795426,0.03907946157186279,0.13695155972609688,1.1886792452830188,1.4150943396226414,0.8560573165436387
3253,Frederic Guilbert,Aston Villa,rain,8,17,627.0,1418.0,0.03471322954770476,0.09936342826336408,0.0,0.12693935119887165,2.125,0.5294117647058824,0.4421720733427362
3253,Frederic Guilbert,Aston Villa,cold,9,16,772.0,1273.0,0.0804977490532892,0.0789617234365451,0.11658031088082901,0.07069913589945012,1.3333333333333333,0.875,0.6064414768263944
3277,Alexandre Lacazette,Arsenal,rain,31,60,1887.0,3742.0,0.47664757930512264,0.6525634752386381,0.5246422893481717,0.6974879743452699,1.6129032258064515,1.5,0.5042757883484768
3277,Alexandre Lacazette,Arsenal,cold,35,56,1729.0,3900.0,0.5137184097664834,0.6290018912834616,0.6246385193753615,0.6461538461538462,1.5142857142857142,1.5535714285714286,0.44333333333333336
3278,Maxwel Cornet,Burnley,rain,15,32,519.0,1588.0,0.5808363183040839,0.39677578099634986,0.0,0.6234256926952141,0.6666666666666666,0.78125,0.32682619647355166
3278,Maxwel Cornet,Burnley,cold,23,24,874.0,1233.0,0.5101806821527483,0.3938654284026935,0.5148741418764302,0.43795620437956206,0.43478260869565216,1.0416666666666667,0.7088402270884022
3288,Thiago Silva,Chelsea,rain,38,75,3129.0,6329.0,0.08166662546826572,0.06133397871904752,0.05752636625119847,0.12798230368146626,1.6578947368421053,1.5333333333333334,0.49439089903618266
3288,Thiago Silva,Chelsea,cold,56,57,4751.0,4707.0,0.07947879079498003,0.05653577381264181,0.1326036623868659,0.07648183556405354,1.4821428571428572,1.6666666666666667,0.9907387918332983
3293,Lucas Moura,Tottenham Hotspur,rain,40,74,1685.0,3855.0,0.3800421220966192,0.3597732477962738,0.21364985163204747,0.4669260700389105,1.65,1.6891891891891893,0.437094682230869
3293,Lucas Moura,Tottenham Hotspur,cold,51,63,2514.0,3026.0,0.30956794613381056,0.4127703335780037,0.2863961813842482,0.4758757435558493,1.6862745098039216,1.6666666666666667,0.8307997356245869
3294,Edinson Cavani,Manchester United,rain,9,32,409.0,1691.0,0.6801388884523387,0.6813631744891193,1.1002444987775062,0.5854523950325251,2.2222222222222223,1.5625,0.24186871673565938
3294,Edinson Cavani,Manchester United,cold,15,26,714.0,1386.0,0.48903571030891985,0.7800796798539239,0.5042016806722689,0.7792207792207793,1.4,1.8846153846153846,0.5151515151515151
3303,Ricardo Pereira,Leicester City,rain,24,43,1663.0,3261.0,0.2196271520195348,0.13331176913596116,0.2164762477450391,0.22079116835326587,1.625,1.3953488372093024,0.509966268015946
3303,Ricardo Pereira,Leicester City,cold,23,44,1703.0,3221.0,0.14763275478024274,0.17030457981064961,0.26423957721667646,0.19559143123253647,1.7826086956521738,1.3181818181818181,0.5287177895063645
3357,Djibril Sidibe,Everton,rain,6,19,482.0,1324.0,0.0994523702560309,0.1586441309092808,0.18672199170124482,0.20392749244712993,1.3333333333333333,1.3157894736842106,0.3640483383685801
3357,Djibril Sidibe,Everton,cold,7,18,375.0,1431.0,0.04888555146753782,0.16746945491751777,0.0,0.25157232704402516,1.0,1.4444444444444444,0.2620545073375262
3358,Ibrahim Amadou,Norwich City,rain,5,6,407.0,350.0,0.08275024721019097,0.06912552959152625,0.0,0.0,0.6,0.8333333333333334,0.85995085995086
3358,Ibrahim Amadou,Norwich City,cold,7,4,529.0,228.0,0.08495062730488118,0.05672984266359549,0.0,0.0,0.5714285714285714,1.0,0.43100189035916825
3389,Benjamin Mendy,Manchester City,rain,9,24,702.0,1841.0,0.09032008978418808,0.10574552639792753,0.12820512820512822,0.24443237370994023,1.8888888888888888,2.2083333333333335,0.3813145029875068
3389,Benjamin Mendy,Manchester City,cold,10,23,767.0,1776.0,0.08007563988166959,0.11073434760013741,0.0,0.30405405405405406,2.2,2.0869565217391304,0.43186936936936937
3420,Fabinho,Liverpool,rain,32,91,2273.0,7364.0,0.12381356863450015,0.11187321355182925,0.1979762428508579,0.0977729494839761,1.90625,2.1648351648351647,0.30866376969038567
3420,Fabinho,Liverpool,cold,56,67,4317.0,5320.0,0.09906366577500098,0.12736931220887407,0.14593467685892983,0.10150375939849625,2.142857142857143,2.0597014925373136,0.8114661654135338
3422,João Moutinho,Wolverhampton Wanderers,rain,40,97,2991.0,7420.0,0.13459050150750687,0.14978069660311552,0.15045135406218657,0.1091644204851752,1.275,1.3711340206185567,0.403099730458221
3422,João Moutinho,Wolverhampton Wanderers,cold,59,78,4527.0,5884.0,0.1597628195142414,0.1343791085763256,0.07952286282306163,0.15295717199184228,1.3389830508474576,1.3461538461538463,0.7693745751189667
3428,Hélder Costa,Leeds United,rain,6,17,411.0,761.0,0.1940885681087953,0.27891373545734227,0.43795620437956206,0.4730617608409987,1.3333333333333333,1.1764705882352942,0.5400788436268068
3428,Hélder Costa,Leeds United,cold,6,17,453.0,719.0,0.10055135577818412,0.34280109875971476,0.5960264900662252,0.37552155771905427,0.6666666666666666,1.411764705882353,0.6300417246175244
3491,Romain Saiss,Wolverhampton Wanderers,rain,27,64,2357.0,5475.0,0.14551880751650714,0.13890194771173472,0.03818413237165889,0.11506849315068493,1.1851851851851851,1.421875,0.4305022831050228
3491,Romain Saiss,Wolverhampton Wanderers,cold,35,56,2886.0,4946.0,0.18756805050231345,0.11365843091154029,0.12474012474012475,0.07278608976951072,1.542857142857143,1.2321428571428572,0.5835018196522442
3585,Said Benrahma,West Ham United,rain,33,77,1806.0,4472.0,0.4707562868201801,0.4772971031232695,0.49833887043189373,0.42262969588550986,1.1515151515151516,1.5064935064935066,0.40384615384615385
3585,Said Benrahma,West Ham United,cold,52,58,2955.0,3323.0,0.4966932995821618,0.4564940712907668,0.3959390862944162,0.48751128498344865,1.2115384615384615,1.5689655172413792,0.8892566957568462
3600,Serge Aurier,Tottenham Hotspur,rain,30,58,2437.0,4699.0,0.1190096594945091,0.15964925464359234,0.07386130488305293,0.2298361353479464,1.4333333333333333,1.4655172413793103,0.5186209831879123
3600,Serge Aurier,Tottenham Hotspur,cold,39,49,3102.0,4034.0,0.06141293682230047,0.21063843771333243,0.17408123791102514,0.17848289538919185,1.5128205128205128,1.4081632653061225,0.7689638076351016
3621,Neal Maupay,Brighton,rain,43,117,2759.0,7302.0,0.5597834431793474,0.5304843910350696,0.39144617615077926,0.38208709942481506,0.8604651162790697,1.1452991452991452,0.37784168720898387
3621,Neal Maupay,Brighton,cold,67,93,4243.0,5818.0,0.5227394179238439,0.5500268464797231,0.4030167334433184,0.37126160192506014,1.2985074626865671,0.9032258064516129,0.7292884152629769
3635,Bernardo Silva,Manchester City,rain,45,117,3174.0,8584.0,0.5297037079535947,0.3838588356583761,0.7088846880907372,0.33550792171481825,2.2888888888888888,2.3504273504273505,0.36975768872320597
3635,Bernardo Silva,Manchester City,cold,74,88,5065.0,6693.0,0.44719154081010387,0.4050946750534938,0.5330700888450148,0.3630658897355446,2.2837837837837838,2.375,0.7567607948603018
3683,Ivan Cavaleiro,Fulham,rain,8,28,505.0,1972.0,0.1291599825467213,0.34249335085844684,0.0,0.13691683569979715,0.75,0.75,0.25608519269776875
3683,Ivan Cavaleiro,Fulham,cold,9,27,689.0,1788.0,0.1303045606275774,0.36400606085377546,0.0,0.15100671140939598,0.7777777777777778,0.7407407407407407,0.38534675615212527
3696,Morgan Sanson,Aston Villa,rain,7,14,312.0,330.0,0.034620374835167916,0.014947854575108372,0.0,0.0,1.7142857142857142,1.1428571428571428,0.9454545454545454
3696,Morgan Sanson,Aston Villa,cold,2,19,37.0,605.0,0.06860991889560528,0.021811209849951666,0.0,0.0,1.5,1.3157894736842106,0.06115702479338843
3697,Odsonne Edouard,Crystal Palace,rain,33,60,1965.0,2967.0,0.35263312070538066,0.5072272307812956,0.366412213740458,0.4853387259858443,1.0909090909090908,1.35,0.6622851365015167
3697,Odsonne Edouard,Crystal Palace,cold,46,47,2575.0,2357.0,0.552874124581808,0.3284753521917783,0.5941747572815533,0.26728892660161224,1.434782608695652,1.0851063829787233,0.9153398058252428
3729,Hassane Kamara,Watford,rain,9,10,794.0,833.0,0.030326270076073185,0.06027451112624903,0.0,0.10804321728691475,0.2222222222222222,0.7,0.9531812725090036
3729,Hassane Kamara,Watford,cold,7,12,551.0,1076.0,0.03772829351659366,0.0497206658744651,0.16333938294010888,0.0,0.0,0.75,0.5120817843866171
4105,Raúl Jiménez,Wolverhampton Wanderers,rain,41,80,2893.0,6116.0,0.5621983386309624,0.4565384842688674,0.49775319737296925,0.4267495094833224,1.1951219512195121,1.3875,0.47302158273381295
4105,Raúl Jiménez,Wolverhampton Wanderers,cold,60,61,4598.0,4411.0,0.40180371423657424,0.5828917899315345,0.39147455415398,0.510088415325323,1.25,1.3934426229508197,0.9593301435406698
4120,Álex Moreno,Aston Villa,rain,10,30,659.0,1720.0,0.26714341228825,0.19595499759063464,0.13657056145675267,0.20930232558139533,2.7,1.4666666666666666,0.38313953488372093
4120,Álex Moreno,Aston Villa,cold,11,29,576.0,1803.0,0.20649189187679434,0.21860830550904872,0.3125,0.1497504159733777,1.1818181818181819,2.0,0.3194675540765391
4381,Mateusz Klich,Leeds United,rain,23,59,1235.0,3510.0,0.2770297026585953,0.20321991489244953,0.21862348178137653,0.23076923076923078,1.173913043478261,1.11864406779661,0.35185185185185186
4381,Mateusz Klich,Leeds United,cold,29,53,1361.0,3384.0,0.23624812937796677,0.21687348698949477,0.33063923585598826,0.18617021276595744,0.8275862068965517,1.3018867924528301,0.4021867612293144
4391,Darnell Furlong,West Bromwich Albion,rain,8,27,700.0,2226.0,0.055083510173218574,0.16042764486890593,0.12857142857142856,0.12129380053908356,1.125,0.6296296296296297,0.31446540880503143
4391,Darnell Furlong,West Bromwich Albion,cold,10,25,808.0,2118.0,0.181367468540695,0.11762298395588104,0.0,0.16997167138810199,0.3,0.92,0.3814919735599622
4401,Emiliano Martinez,Aston Villa,rain,39,114,3510.0,10086.0,0.0013402410042591564,0.002043190285350721,0.0,0.0,1.794871794871795,1.4824561403508771,0.34800713860797144
4401,Emiliano Martinez,Aston Villa,cold,67,86,5935.0,7661.0,0.0021209519202707175,0.001660881542382235,0.0,0.0,1.4477611940298507,1.6511627906976745,0.7747030413784102
4419,Adam Armstrong,Southampton,rain,15,38,840.0,1905.0,0.3737896200535552,0.309067048411083,0.4285714285714286,0.14173228346456693,0.6666666666666666,0.8947368421052632,0.4409448818897638
4419,Adam Armstrong,Southampton,cold,34,19,1952.0,793.0,0.35266132843031806,0.270316639309103,0.2305327868852459,0.22698612862547288,0.7058823529411765,1.0526315789473684,0.40625
4422,Ashley Barnes,Burnley,rain,18,46,908.0,2607.0,0.24122659480076128,0.4054229357467387,0.19823788546255508,0.2761795166858458,1.0,1.0434782608695652,0.34829305715381664
4422,Ashley Barnes,Burnley,cold,23,41,1585.0,1930.0,0.34316548719203055,0.37930261366397444,0.28391167192429023,0.23316062176165803,0.8260869565217391,1.146341463414634,0.8212435233160622
4456,Chris Wood,Burnley,rain,48,107,3457.0,7109.0,0.5611771481886985,0.5172718850821614,0.44258027191206245,0.4557603038402025,1.0416666666666667,1.3177570093457944,0.48628499085666055
4456,Chris Wood,Burnley,cold,63,92,3477.0,7089.0,0.557062064921861,0.5191663750323182,0.4141501294219154,0.46974185357596276,1.3650793650793651,1.141304347826087,0.4904782056707575
4476,Callum Robinson,West Bromwich Albion,rain,12,32,540.0,1714.0,0.21797721677770215,0.270895665085493,0.33333333333333337,0.26254375729288215,0.75,0.84375,0.31505250875145857
4476,Callum Robinson,West Bromwich Albion,cold,18,26,1028.0,1226.0,0.22811520560227821,0.28345875665363146,0.08754863813229571,0.44045676998368677,0.6666666666666666,0.9230769230769231,0.8384991843393148
4490,Semi Ajayi,West Bromwich Albion,rain,6,27,492.0,2281.0,0.04352849885457898,0.07916159432990565,0.0,0.0789127575624726,0.8333333333333334,0.5925925925925926,0.21569487067075843
4490,Semi Ajayi,West Bromwich Albion,cold,9,24,749.0,2024.0,0.005707585903130796,0.09768213254027802,0.0,0.08893280632411067,0.2222222222222222,0.7916666666666666,0.3700592885375494
5043,Kiko Femenía,Watford,rain,23,32,1939.0,2471.0,0.07639027335606571,0.12100065975042547,0.13924703455389376,0.07284500202347229,0.6956521739130435,0.71875,0.7847025495750708
5043,Kiko Femenía,Watford,cold,26,29,1951.0,2459.0,0.10114211730395506,0.10157995096408966,0.04613018964633521,0.1464009760065067,0.5384615384615384,0.8620689655172413,0.7934119560797072
5050,Clement Lenglet,Tottenham Hotspur,rain,13,27,1015.0,2191.0,0.0428567065082013,0.12424169990286359,0.08866995073891625,0.08215426745778183,1.5384615384615385,1.4074074074074074,0.46325878594249204
5050,Clement Lenglet,Tottenham Hotspur,cold,18,22,1433.0,1773.0,0.08178027572899284,0.11196953551796485,0.0628053035589672,0.10152284263959392,1.6111111111111112,1.3181818181818181,0.8082346305696559
5061,Kepa,Chelsea,rain,28,45,2520.0,3959.0,0.0,0.0,0.0,0.0,1.5,1.4222222222222223,0.6365243748421319
5061,Kepa,Chelsea,cold,38,35,3377.0,3102.0,0.0,0.0,0.0,0.0,1.5263157894736843,1.3714285714285714,0.9185667752442996
5065,Diego Rico,Bournemouth,rain,10,17,835.0,1511.0,0.11588333154509876,0.10986026559545253,0.32335329341317365,0.05956320317670417,1.2,1.0,0.5526141628060887
5065,Diego Rico,Bournemouth,cold,15,12,1350.0,996.0,0.15828865909328058,0.0492688286937324,0.26666666666666666,0.0,1.3333333333333333,0.75,0.7377777777777778
5086,Marc Roca,Leeds United,rain,9,23,667.0,1708.0,0.3914100440523435,0.1268968193473368,0.13493253373313344,0.1053864168618267,1.0,0.8695652173913043,0.3905152224824356
5086,Marc Roca,Leeds United,cold,18,14,1340.0,1035.0,0.13073694257677262,0.2923891437442406,0.13432835820895522,0.08695652173913043,0.7222222222222222,1.1428571428571428,0.7723880597014925
5087,Roberto Jiménez,West Ham United,rain,0,8,0.0,687.0,0.0,0.0,0.0,0.0,0.0,0.25,0.0
5087,Roberto Jiménez,West Ham United,cold,4,4,327.0,360.0,0.0,0.0,0.0,0.0,0.5,0.0,0.9083333333333333
5136,Estupiñán,Brighton,rain,15,39,1055.0,2891.0,0.3469012578622707,0.255940065309096,0.4265402843601896,0.18678657903839502,1.8,1.4871794871794872,0.36492563126945693
5136,Estupiñán,Brighton,cold,30,24,2055.0,1891.0,0.3795047013945605,0.17240687175434705,0.35036496350364965,0.1427815970386039,1.5333333333333334,1.625,0.9201946472019464
5191,Álvaro Fernández,Brentford,rain,1,11,90.0,990.0,0.0,0.0,0.0,0.0,1.0,0.9090909090909091,0.09090909090909091
5191,Álvaro Fernández,Brentford,cold,3,9,270.0,810.0,0.0,0.0,0.0,0.0,1.0,0.8888888888888888,0.3333333333333333
5220,Kai Havertz,Chelsea,rain,45,83,2903.0,5713.0,0.5654037092747235,0.6071157274976745,0.4340337581811919,0.5041134255207422,1.8666666666666667,1.7349397590361446,0.5081393313495537
5220,Kai Havertz,Chelsea,cold,65,63,4255.0,4361.0,0.5259241019972062,0.658567316033163,0.3384253819036428,0.6191240541160284,1.7230769230769232,1.8412698412698412,0.9756936482458152
5221,Leon Bailey,Aston Villa,rain,22,64,1002.0,3864.0,0.591600050530703,0.527807932856105,0.8083832335329341,0.4891304347826087,1.8181818181818181,1.421875,0.2593167701863354
5221,Leon Bailey,Aston Villa,cold,37,49,2142.0,2724.0,0.5176587309297017,0.5592540754538669,0.46218487394957986,0.6277533039647577,1.3243243243243243,1.6734693877551021,0.7863436123348018
5232,Alexander Isak,Newcastle United,rain,13,39,950.0,2885.0,0.5070160127784076,0.9648890578748087,0.5684210526315789,0.8734835355285961,1.0,1.7692307692307692,0.3292894280762565
5232,Alexander Isak,Newcastle United,cold,23,29,1882.0,1953.0,0.9714049936839311,0.7358863010727865,0.7651434643995749,0.8294930875576036,1.608695652173913,1.5517241379310345,0.9636456733230927
5240,Ondrej Duda,Norwich City,rain,3,7,243.0,494.0,0.14332218785528777,0.3058313035786996,0.0,0.0,1.0,0.5714285714285714,0.49190283400809715
5240,Ondrej Duda,Norwich City,cold,4,6,240.0,497.0,0.06459292606450613,0.3428685178294388,0.0,0.0,0.0,1.1666666666666667,0.482897384305835
5245,Bernardo,Brighton,rain,4,13,331.0,548.0,0.1985662377627954,0.1898062887540372,0.0,0.0,0.5,0.9230769230769231,0.6040145985401459
5245,Bernardo,Brighton,cold,8,9,309.0,570.0,0.10772164368513718,0.23939172462805317,0.0,0.0,1.125,0.5555555555555556,0.5421052631578948
5247,Naby Keita,Liverpool,rain,14,45,571.0,2237.0,0.3084853230836929,0.3785038406881147,0.3152364273204904,0.28162717925793473,2.2142857142857144,2.2666666666666666,0.25525257040679483
5247,Naby Keita,Liverpool,cold,25,34,1349.0,1459.0,0.32462311813330275,0.4009195508829856,0.40029651593773163,0.1850582590815627,2.44,2.1176470588235294,0.9246058944482523
5248,Marcel Sabitzer,Manchester United,rain,3,8,257.0,378.0,0.37277228695409304,0.23752262461043533,0.0,0.23809523809523808,2.3333333333333335,1.5,0.6798941798941799
5248,Marcel Sabitzer,Manchester United,cold,3,8,113.0,522.0,0.1876627742848563,0.31490447577731356,0.0,0.17241379310344826,1.0,2.0,0.2164750957854406
5256,Oliver Burke,Sheffield United,rain,6,19,259.0,1013.0,0.20550913173834784,0.411601290492909,0.0,0.17769002961500494,0.5,0.6842105263157895,0.25567620927936824
5256,Oliver Burke,Sheffield United,cold,2,23,123.0,1149.0,0.09550902538183259,0.39898290884907184,0.0,0.1566579634464752,0.0,0.6956521739130435,0.10704960835509138
5264,Caglar Söyüncü,Leicester City,rain,29,63,2572.0,5299.0,0.045563865237192906,0.04850363806150197,0.06998444790046657,0.05095301000188715,1.8275862068965518,1.4444444444444444,0.4853745989809398
5264,Caglar Söyüncü,Leicester City,cold,37,55,3275.0,4596.0,0.04649596356481085,0.048289112011140896,0.08244274809160305,0.0391644908616188,1.3783783783783783,1.690909090909091,0.7125761531766753
5355,Jacob Bruun Larsen,Burnley,rain,10,22,468.0,804.0,0.46375317642321945,0.48554358169881257,0.38461538461538464,0.44776119402985076,0.8,0.6363636363636364,0.582089552238806
5355,Jacob Bruun Larsen,Burnley,cold,15,17,513.0,759.0,0.45234432542010344,0.49454662359868107,0.3508771929824561,0.47430830039525695,0.26666666666666666,1.0588235294117647,0.6758893280632411
5360,Weston McKennie,Leeds United,rain,8,11,657.0,793.0,0.10661390265577453,0.05870470201683522,0.136986301369863,0.0,0.75,0.6363636363636364,0.8284993694829761
5360,Weston McKennie,Leeds United,cold,7,12,575.0,875.0,0.08182307608101672,0.07948559314012522,0.1565217391304348,0.0,0.14285714285714285,1.0,0.6571428571428571
5543,Gabriel Jesus,Manchester City,rain,46,98,3103.0,6460.0,0.88300078579345,0.7715826228191793,0.8991298743151789,0.6269349845201239,2.3043478260869565,2.2142857142857144,0.4803405572755418
5543,Gabriel Jesus,Manchester City,cold,72,72,4956.0,4607.0,0.8094921561869056,0.8058458987772238,0.7445520581113801,0.6837421315389625,2.1944444444444446,2.2916666666666665,0.9295803066989508
5544,Angus Gunn,Southampton,rain,5,14,450.0,1260.0,0.0,0.0,0.0,0.0,1.8,0.2857142857142857,0.35714285714285715
5544,Angus Gunn,Southampton,cold,11,8,990.0,720.0,0.0,0.0,0.0,0.0,0.7272727272727273,0.625,0.7272727272727273
5545,Wilfred Ndidi,Leicester City,rain,34,70,2679.0,5493.0,0.033702047537565866,0.06733883574100412,0.0335946248600224,0.11469142545057345,1.5294117647058822,1.4,0.4877116329874386
5545,Wilfred Ndidi,Leicester City,cold,42,62,3445.0,4727.0,0.039523658530546,0.0685468598351478,0.0783744557329463,0.0951977998730696,1.2380952380952381,1.5806451612903225,0.7287920456949439
5549,Luka Milivojevic,Crystal Palace,rain,33,62,1813.0,4345.0,0.12273315163570675,0.1464638316562298,0.14892443463872035,0.06214039125431531,1.1818181818181819,1.2419354838709677,0.41726121979286535
5549,Luka Milivojevic,Crystal Palace,cold,39,56,2214.0,3944.0,0.1676594266077367,0.12365684126580269,0.08130081300813008,0.09127789046653144,1.2564102564102564,1.1964285714285714,0.5613590263691683
5552,Nick Pope,Burnley,rain,48,110,4320.0,9828.0,0.0,0.0035740817545643613,0.0,0.0,1.2083333333333333,1.5363636363636364,0.43956043956043955
5552,Nick Pope,Burnley,cold,69,89,6210.0,7938.0,0.0018244787132826376,0.002997740321790548,0.0,0.0,1.434782608695652,1.4382022471910112,0.782312925170068
5553,Declan Rice,West Ham United,rain,59,122,5228.0,10771.0,0.1275156603469823,0.13862555336596932,0.10328997704667177,0.21725002321047257,1.5932203389830508,1.5,0.4853774022839105
5553,Declan Rice,West Ham United,cold,89,92,7759.0,8240.0,0.12361688408791777,0.1457092601894084,0.15079262791596854,0.20752427184466019,1.4943820224719102,1.565217391304348,0.941626213592233
5555,Dominic Calvert-Lewin,Everton,rain,35,100,2825.0,7420.0,0.575529276830169,0.6307479585753126,0.44601769911504424,0.4245283018867924,1.542857142857143,1.21,0.3807277628032345
5555,Dominic Calvert-Lewin,Everton,cold,54,81,3876.0,6369.0,0.6686335070607982,0.5831993384057769,0.5572755417956656,0.3532736693358455,1.4074074074074074,1.2222222222222223,0.6085727743758832
5556,Ademola Lookman,Fulham,rain,14,46,917.0,3318.0,0.2893314900581553,0.4110836020163909,0.19629225736095965,0.325497287522604,0.8571428571428571,0.9782608695652174,0.27637130801687765
5556,Ademola Lookman,Fulham,cold,18,42,1005.0,3230.0,0.3603031253581171,0.39231818169932053,0.1791044776119403,0.33436532507739936,0.9444444444444444,0.9523809523809523,0.3111455108359133
5560,Scott McTominay,Manchester United,rain,33,112,2148.0,7148.0,0.27143892573255146,0.18657676664388995,0.25139664804469275,0.17627308337996642,1.696969696969697,1.8392857142857142,0.3005036373810856
5560,Scott McTominay,Manchester United,cold,67,78,4093.0,5203.0,0.19633028195702645,0.21393843866883272,0.13193256779868068,0.2421679800115318,1.6865671641791045,1.9102564102564104,0.7866615414184125
5568,Connor Roberts,Burnley,rain,11,24,758.0,1732.0,0.1347836843227333,0.02909096196620759,0.11873350923482849,0.10392609699769052,1.5454545454545454,0.6666666666666666,0.4376443418013857
5568,Connor Roberts,Burnley,cold,15,20,1087.0,1403.0,0.07855008178919196,0.04787429788827638,0.0827966881324747,0.12829650748396293,0.4666666666666667,1.3,0.774768353528154
5569,Rhian Brewster,Sheffield United,rain,14,26,485.0,919.0,0.21378973462455658,0.29315649693927054,0.0,0.0,0.2857142857142857,0.7692307692307693,0.5277475516866159
5569,Rhian Brewster,Sheffield United,cold,8,32,250.0,1154.0,0.2940969724953174,0.2595967061146189,0.0,0.0,0.0,0.75,0.21663778162911612
5584,Aaron Wan-Bissaka,Manchester United,rain,34,96,2896.0,8254.0,0.0988134232192758,0.10596102221162822,0.03107734806629834,0.11994184637751393,1.7058823529411764,1.7708333333333333,0.35086018899927307
5584,Aaron Wan-Bissaka,Manchester United,cold,55,75,4677.0,6473.0,0.09718612651265988,0.1091034199409998,0.13470173187940987,0.0695195427158968,1.6181818181818182,1.8533333333333333,0.7225397806272208
5587,Josh Maja,Fulham,rain,4,11,239.0,570.0,0.7807963272891784,0.5664380016295534,0.37656903765690375,0.3157894736842105,1.25,0.7272727272727273,0.4192982456140351
5587,Josh Maja,Fulham,cold,3,12,135.0,674.0,0.06382926801840459,0.7431202254725139,0.0,0.40059347181008903,1.0,0.8333333333333334,0.20029673590504452
5590,Tosin Adarabioyo,Fulham,rain,26,52,2336.0,4318.0,0.03714402729313664,0.058250158344494214,0.038527397260273974,0.041685965724872626,1.1923076923076923,1.1730769230769231,0.5409911996294581
5590,Tosin Adarabioyo,Fulham,cold,29,49,2417.0,4237.0,0.02226658882153245,0.06714049712217354,0.037236243276789406,0.04248288883644088,1.3103448275862069,1.1020408163265305,0.5704507906537645
5595,Daniel James,Manchester United,rain,34,72,2154.0,4363.0,0.42760658277650054,0.35006598046477666,0.29247910863509746,0.3506761402704561,1.3823529411764706,1.4166666666666667,0.49369699747879897
5595,Daniel James,Manchester United,cold,48,58,2421.0,4096.0,0.2869802889618399,0.42813065734662814,0.18587360594795538,0.41748046875,1.2916666666666667,1.5,0.591064453125
5596,Harry Wilson,Fulham,rain,34,61,1515.0,2820.0,0.25531792378809187,0.3610809602021695,0.6534653465346535,0.35106382978723405,1.1470588235294117,1.1311475409836065,0.5372340425531915
5596,Harry Wilson,Fulham,cold,50,45,2385.0,1950.0,0.27987900562584395,0.37822745327766116,0.37735849056603776,0.5538461538461539,1.12,1.1555555555555554,0.8176100628930818
5603,Aaron Ramsdale,Arsenal,rain,54,99,4860.0,8910.0,0.010166609245869849,0.0006070515197334859,0.018518518518518517,0.0,1.6481481481481481,1.3535353535353536,0.5454545454545454
5603,Aaron Ramsdale,Arsenal,cold,71,82,6390.0,7380.0,0.007484835218375838,0.0009472158442183232,0.01408450704225352,0.0,1.7464788732394365,1.2073170731707317,0.8658536585365854
5609,Yves Bissouma,Brighton,rain,40,95,2487.0,7146.0,0.07715268229079326,0.057971997324949655,0.03618817852834741,0.05037783375314862,1.45,1.3789473684210527,0.34802686817800166
5609,Yves Bissouma,Brighton,cold,67,68,4536.0,5097.0,0.06333997380727571,0.06255375565067499,0.07936507936507936,0.017657445556209534,1.6417910447761195,1.161764705882353,0.8899352560329605
5612,Anwar El Ghazi,Aston Villa,rain,17,56,901.0,3173.0,0.48773827838538814,0.4690798331026236,0.5993340732519422,0.39710053577056414,1.3529411764705883,0.9642857142857143,0.2839583989914907
5612,Anwar El Ghazi,Aston Villa,cold,26,47,1513.0,2561.0,0.3672381763710281,0.5358106748967175,0.4163912756113682,0.45685279187817257,1.0,1.0851063829787233,0.5907848496680984
5613,Gabriel,Arsenal,rain,47,85,4117.0,7418.0,0.08616397456818624,0.13191078598572134,0.08744231236337138,0.10919385279050957,2.297872340425532,1.9529411764705882,0.5550013480722567
5613,Gabriel,Arsenal,cold,66,66,5695.0,5840.0,0.12128270441654795,0.11002505001490806,0.1264266900790167,0.07705479452054795,2.242424242424242,1.9090909090909092,0.9751712328767124
5619,Pierre Lees-Melou,Norwich City,rain,11,22,791.0,1502.0,0.11402995413929856,0.13263404329050668,0.11378002528445007,0.0,0.8181818181818182,0.4090909090909091,0.5266311584553928
5619,Pierre Lees-Melou,Norwich City,cold,12,21,1045.0,1248.0,0.14499473685853212,0.11049240923826935,0.0,0.07211538461538461,0.4166666666666667,0.6190476190476191,0.8373397435897436
5648,Malang Sarr,Chelsea,rain,3,5,211.0,338.0,0.01091725568141417,0.10188377936254944,0.0,0.0,2.0,2.0,0.6242603550295858
5648,Malang Sarr,Chelsea,cold,4,4,212.0,337.0,0.010865759192350895,0.10218610511733445,0.0,0.0,1.75,2.25,0.629080118694362
5656,Nicolas Pepe,Arsenal,rain,27,53,1468.0,2801.0,0.4939181174402828,0.44049320603836883,0.24523160762942778,0.6426276329882186,1.5185185185185186,1.6603773584905661,0.5240985362370582
5656,Nicolas Pepe,Arsenal,cold,34,46,1888.0,2381.0,0.4313744429471286,0.4806628803996755,0.4290254237288136,0.5669886602267955,1.6470588235294117,1.5869565217391304,0.7929441411171777
5675,Ismaila Sarr,Watford,rain,22,28,1696.0,2214.0,0.41625758708248195,0.39231610931153216,0.3714622641509434,0.3658536585365854,1.0454545454545454,0.75,0.7660343270099368
5675,Ismaila Sarr,Watford,cold,27,23,2097.0,1813.0,0.29722725764684405,0.5246967316173137,0.2575107296137339,0.49641478212906787,0.7037037037037037,1.0869565217391304,0.8645684310920363
5681,Giovani Lo Celso,Tottenham Hotspur,rain,22,55,848.0,2273.0,0.21577918368286253,0.30391507813181706,0.1061320754716981,0.27716673999120106,1.5909090909090908,1.5272727272727273,0.37307523097228334
5681,Giovani Lo Celso,Tottenham Hotspur,cold,37,40,1302.0,1819.0,0.3542298214801925,0.22681280527184,0.2073732718894009,0.2473886750962067,1.6756756756756757,1.425,0.7157778999450247
5682,Gonçalo Guedes,Wolverhampton Wanderers,rain,6,7,353.0,365.0,0.22290542563449886,0.23196151311675156,0.0,0.4931506849315069,0.16666666666666666,1.2857142857142858,0.9671232876712329
5682,Gonçalo Guedes,Wolverhampton Wanderers,cold,11,2,621.0,97.0,0.20647121890299552,0.36219526389517726,0.14492753623188406,0.9278350515463918,0.6363636363636364,1.5,0.15619967793880837
5708,Fernando Marçal,Wolverhampton Wanderers,rain,8,23,627.0,1452.0,0.07426096545309539,0.06342071976343334,0.0,0.0,1.625,1.5217391304347827,0.4318181818181818
5708,Fernando Marçal,Wolverhampton Wanderers,cold,13,18,892.0,1187.0,0.049550822819061056,0.0795696516267848,0.0,0.0,1.6153846153846154,1.5,0.7514743049705139
5712,Diego Carlos,Aston Villa,rain,7,23,469.0,1518.0,0.15130145338250753,0.11297066489845631,0.0,0.0,1.8571428571428572,1.391304347826087,0.3089591567852437
5712,Diego Carlos,Aston Villa,cold,13,17,883.0,1104.0,0.20139135121835114,0.05853377520511653,0.0,0.0,1.1538461538461537,1.7647058823529411,0.7998188405797102
5722,Ibrahim Sangare,Nottingham Forest,rain,4,13,227.0,826.0,0.07181185572551732,0.10936396052163387,0.0,0.0,1.0,0.8461538461538461,0.274818401937046
5722,Ibrahim Sangare,Nottingham Forest,cold,7,10,433.0,620.0,0.06561854819812339,0.12616627624318483,0.0,0.0,0.8571428571428571,0.9,0.6983870967741935
5735,Jean-Philippe Mateta,Crystal Palace,rain,38,55,1489.0,2897.0,0.4209091824456258,0.6050641707108994,0.48354600402955006,0.6834656541249569,0.8947368421052632,1.290909090909091,0.5139799792889196
5735,Jean-Philippe Mateta,Crystal Palace,cold,37,56,1626.0,2760.0,0.5816395815145705,0.5195140274160581,0.7195571955719556,0.5543478260869565,1.135135135135135,1.125,0.5891304347826087
5759,Matteo Guendouzi,Arsenal,rain,8,16,509.0,1235.0,0.13835370902901545,0.059081976562135104,0.1768172888015717,0.0,1.0,1.4375,0.4121457489878543
5759,Matteo Guendouzi,Arsenal,cold,11,13,947.0,797.0,0.11320417703629923,0.04540015470091636,0.09503695881731784,0.0,1.4545454545454546,1.1538461538461537,0.8416050686378036
5786,Yoane Wissa,Brentford,rain,31,71,1586.0,3783.0,0.36938419035890735,0.4855454386441622,0.45397225725094575,0.5947660586835845,1.2903225806451613,1.2816901408450705,0.41924398625429554
5786,Yoane Wissa,Brentford,cold,51,51,2840.0,2529.0,0.48519512311830904,0.41309117067777595,0.6971830985915493,0.3914590747330961,1.4313725490196079,1.1372549019607843,0.8904929577464789
5789,Boubacar Kamara,Aston Villa,rain,14,30,1126.0,2350.0,0.08100509245716178,0.03841096436644486,0.07992895204262877,0.03829787234042553,2.0,1.7333333333333334,0.47914893617021276
5789,Boubacar Kamara,Aston Villa,cold,23,21,1825.0,1651.0,0.03976656207176918,0.06596215904720219,0.0,0.10902483343428225,1.608695652173913,2.0476190476190474,0.9046575342465754
5956,Youri Tielemans,Leicester City,rain,51,119,3920.0,8871.0,0.23063672429226256,0.2517488303804996,0.2755102040816326,0.30436252959080146,1.607843137254902,1.5210084033613445,0.4418893022207192
5956,Youri Tielemans,Leicester City,cold,77,93,5898.0,6893.0,0.29283582977097883,0.204586407883628,0.3662258392675483,0.23502103583345424,1.5064935064935066,1.5806451612903225,0.8556506600899463
5962,Tanguy NDombele Alvaro,Tottenham Hotspur,rain,18,45,1057.0,2576.0,0.1243250981209378,0.157655987231298,0.17029328287606432,0.3144409937888199,1.4444444444444444,1.2666666666666666,0.41032608695652173
5962,Tanguy NDombele Alvaro,Tottenham Hotspur,cold,28,35,1520.0,2113.0,0.16530148357177443,0.13548281911621285,0.35526315789473684,0.2129673450070989,1.3571428571428572,1.2857142857142858,0.7193563653573118
5973,Kenny Tete,Fulham,rain,25,42,1956.0,2996.0,0.09317678060851119,0.10491214646896883,0.13803680981595093,0.15020026702269693,1.44,0.9523809523809523,0.6528704939919893
5973,Kenny Tete,Fulham,cold,29,38,2175.0,2777.0,0.10988772708023413,0.09274928602512397,0.2896551724137931,0.03240907454087145,1.3448275862068966,0.9736842105263158,0.7832193014043932
5989,Moussa Niakhate,Nottingham Forest,rain,14,21,1083.0,1533.0,0.12237167491518228,0.06547771407010619,0.0,0.05870841487279843,0.7857142857142857,1.1428571428571428,0.7064579256360078
5989,Moussa Niakhate,Nottingham Forest,cold,16,19,1088.0,1528.0,0.1029584271942868,0.07911458822986334,0.0,0.05890052356020943,1.3125,0.7368421052631579,0.7120418848167539
6026,Richarlison,Everton,rain,46,109,3132.0,7876.0,0.5148632320757398,0.5016615930526082,0.4885057471264368,0.4913661757237176,1.5434782608695652,1.4678899082568808,0.3976637887252412
6026,Richarlison,Everton,cold,71,84,4712.0,6296.0,0.5155491803718195,0.49783523059586177,0.5348047538200339,0.457433290978399,1.6901408450704225,1.3214285714285714,0.7484116899618806
6027,Jairo Riedewald,Crystal Palace,rain,25,43,1249.0,1682.0,0.03495522407148242,0.07491693108848665,0.0,0.1070154577883472,0.8,1.4883720930232558,0.7425683709869203
6027,Jairo Riedewald,Crystal Palace,cold,26,42,779.0,2152.0,0.06901839104826549,0.053858748294385354,0.11553273427471115,0.04182156133828996,1.2307692307692308,1.2380952380952381,0.36198884758364314
6030,Zanka,Brentford,rain,12,28,894.0,1784.0,0.06867893727733783,0.08718125429213244,0.10067114093959731,0.05044843049327354,1.6666666666666667,1.1071428571428572,0.5011210762331838
6030,Zanka,Brentford,cold,21,19,1329.0,1349.0,0.09665462589963562,0.06558660471644814,0.13544018058690743,0.0,1.380952380952381,1.1578947368421053,0.9851742031134173
6033,Aaron Mooy,Brighton,rain,11,20,799.0,1296.0,0.3532824539422093,0.2174256974831223,0.3379224030037547,0.06944444444444445,1.0909090909090908,1.0,0.6165123456790124
6033,Aaron Mooy,Brighton,cold,15,16,759.0,1336.0,0.2220587006111154,0.2960432865824215,0.11857707509881424,0.20209580838323352,1.2,0.875,0.5681137724550899
6034,Philip Billing,Bournemouth,rain,29,70,1959.0,4764.0,0.2508817228900802,0.24913582272278675,0.22970903522205205,0.17002518891687657,1.206896551724138,1.0285714285714285,0.41120906801007556
6034,Philip Billing,Bournemouth,cold,57,42,3975.0,2748.0,0.1884954197648561,0.338097183780102,0.15849056603773584,0.2292576419213974,1.0526315789473684,1.119047619047619,0.6913207547169812
6042,Jan Bednarek,Southampton,rain,37,87,3255.0,7324.0,0.06725401239049049,0.06144963691630596,0.08294930875576037,0.06144183506280721,1.2432432432432432,1.0114942528735633,0.4444292736209721
6042,Jan Bednarek,Southampton,cold,49,75,3987.0,6592.0,0.041894684451091894,0.07614302854969174,0.04514672686230248,0.08191747572815535,1.1428571428571428,1.04,0.6048240291262136
6044,Charlie Taylor,Burnley,rain,35,77,2921.0,6512.0,0.08883254250236687,0.07513297925541904,0.030811365970558027,0.08292383292383293,0.9714285714285714,1.051948051948052,0.44855651105651106
6044,Charlie Taylor,Burnley,cold,43,69,3624.0,5809.0,0.0371068514288335,0.10574463556250813,0.04966887417218543,0.07746600103288002,0.8372093023255814,1.144927536231884,0.6238595283181271
6047,Shane Duffy,Brighton,rain,9,33,342.0,2332.0,0.0,0.09352260013630107,0.0,0.07718696397941681,1.6666666666666667,1.2727272727272727,0.14665523156089194
6047,Shane Duffy,Brighton,cold,25,17,1580.0,1094.0,0.0944151378979411,0.06299706182733744,0.11392405063291139,0.0,1.56,1.0588235294117647,0.6924050632911393
6048,Lewis Dunk,Brighton,rain,50,117,4490.0,10386.0,0.1061730225941784,0.10540842114942892,0.0801781737193764,0.11265164644714037,1.34,1.3076923076923077,0.43231272867321396
6048,Lewis Dunk,Brighton,cold,80,87,7119.0,7757.0,0.09453561054554432,0.11582953745418327,0.07585335018963338,0.1276266597911564,1.5125,1.1379310344827587,0.9177517081345881
6049,Solly March,Brighton,rain,33,78,2373.0,5482.0,0.4365513050356495,0.33361537436370603,0.2654867256637168,0.26267785479751915,1.2424242424242424,1.3076923076923077,0.43287121488507846
6049,Solly March,Brighton,cold,57,54,4021.0,3834.0,0.276100473639177,0.45764625054989616,0.22382491917433472,0.30516431924882625,1.4385964912280702,1.1296296296296295,0.953494155682666
6050,Davy Pröpper,Brighton,rain,13,29,969.0,2058.0,0.15517227040263518,0.14483403854354474,0.09287925696594426,0.08746355685131195,1.1538461538461537,1.1724137931034482,0.4708454810495627
6050,Davy Pröpper,Brighton,cold,19,23,1386.0,1641.0,0.2127465787162254,0.09357929508962835,0.06493506493506493,0.1096892138939671,1.263157894736842,1.0869565217391304,0.8446069469835467
6051,Dale Stephens,Brighton,rain,15,28,1023.0,1884.0,0.06827764344180429,0.05060794327265702,0.0,0.04777070063694267,1.0,1.0357142857142858,0.5429936305732485
6051,Dale Stephens,Brighton,cold,24,19,1771.0,1136.0,0.04633706211328569,0.07317821951058331,0.0,0.07922535211267606,1.125,0.8947368421052632,0.6414455110107284
6054,Ederson,Manchester City,rain,49,127,4327.0,11258.0,0.0,0.005305959489199847,0.0,0.015988630307337003,2.204081632653061,2.338582677165354,0.3843489074435957
6054,Ederson,Manchester City,cold,79,97,7089.0,8496.0,0.0045750138179962265,0.003213538014787739,0.012695725772323318,0.01059322033898305,2.240506329113924,2.350515463917526,0.8343926553672316
6055,Phil Foden,Manchester City,rain,46,100,2790.0,6577.0,0.6172425134047386,0.610563000863775,0.8064516129032258,0.7389387258628554,2.260869565217391,2.41,0.4242055648471948
6055,Phil Foden,Manchester City,cold,65,81,4437.0,4930.0,0.5824018878065064,0.639688091862637,0.7910750507099391,0.7302231237322515,2.3230769230769233,2.3950617283950617,0.9
6062,Isaac Hayden,Newcastle United,rain,18,49,1546.0,3632.0,0.07025444334948776,0.09723176194010257,0.05821474773609315,0.07433920704845816,1.0555555555555556,1.0,0.42566079295154186
6062,Isaac Hayden,Newcastle United,cold,28,39,2112.0,3066.0,0.12212987587025219,0.06647776612745859,0.1278409090909091,0.029354207436399216,1.0357142857142858,1.0,0.6888454011741683
6063,Jacob Murphy,Newcastle United,rain,33,83,1226.0,4234.0,0.3650805276938597,0.41299434144592745,0.22022838499184338,0.44638639584317436,1.303030303030303,1.6144578313253013,0.28956069910250354
6063,Jacob Murphy,Newcastle United,cold,49,67,2153.0,3307.0,0.41239843162661693,0.3956192758822566,0.4180213655364608,0.38100997883277893,1.6734693877551021,1.4179104477611941,0.6510432416087087
6080,Victor Lindelöf,Manchester United,rain,36,95,3087.0,7639.0,0.04751492785860079,0.023621069603882563,0.11661807580174927,0.03534494043723,1.7222222222222223,1.831578947368421,0.40411048566566304
6080,Victor Lindelöf,Manchester United,cold,60,71,4915.0,5811.0,0.030978171891956324,0.03009158804931926,0.03662258392675483,0.07743933918430562,1.6333333333333333,1.943661971830986,0.845809671313027
6088,Orel Mangala,Nottingham Forest,rain,19,28,1304.0,1876.0,0.08871045740652667,0.033174515989765924,0.13803680981595093,0.04797441364605544,0.7368421052631579,1.25,0.6950959488272921
6088,Orel Mangala,Nottingham Forest,cold,22,25,1436.0,1744.0,0.054853838118711515,0.056848461534657044,0.06267409470752089,0.10321100917431193,1.3181818181818181,0.8,0.823394495412844
6104,Will Hughes,Crystal Palace,rain,42,61,2408.0,3683.0,0.1300628538950473,0.13416079662440825,0.07475083056478406,0.0977464023893565,0.9523809523809523,1.278688524590164,0.653814824871029
6104,Will Hughes,Crystal Palace,cold,49,54,2871.0,3220.0,0.15777829873921537,0.11003853120083297,0.12539184952978058,0.055900621118012424,1.1020408163265305,1.1851851851851851,0.8916149068322982
6108,Rodrigo Bentancur,Tottenham Hotspur,rain,21,37,1601.0,2307.0,0.28294327170317574,0.15003012452075937,0.4497189256714553,0.19505851755526657,2.0,1.5405405405405406,0.693974859124404
6108,Rodrigo Bentancur,Tottenham Hotspur,cold,30,28,2189.0,1719.0,0.22107942996894642,0.183344271706895,0.41114664230242115,0.15706806282722513,1.8333333333333333,1.5714285714285714,0.7852900867976245
6122,Douglas Luiz,Aston Villa,rain,40,135,3116.0,11016.0,0.1465578242689275,0.23061796353241193,0.25994865211810014,0.2369281045751634,1.825,1.2222222222222223,0.28286129266521426
6122,Douglas Luiz,Aston Villa,cold,78,97,6180.0,7952.0,0.18992710655139192,0.22930233252105453,0.23300970873786409,0.24899396378269617,1.2564102564102564,1.443298969072165,0.7771629778672032
6143,Jetro Willems,Newcastle United,rain,6,13,408.0,1093.0,0.0575981935595764,0.10761573580106461,0.4411764705882353,0.16468435498627632,1.0,1.3076923076923077,0.37328453796889294
6143,Jetro Willems,Newcastle United,cold,7,12,566.0,935.0,0.120560396396861,0.07795388004518444,0.4770318021201414,0.0962566844919786,1.1428571428571428,1.25,0.6053475935828877
6144,Sébastien Haller,West Ham United,rain,15,33,994.0,2187.0,0.5625329908335831,0.3417568785663494,0.3621730382293763,0.28806584362139914,1.3333333333333333,1.1818181818181819,0.454503886602652
6144,Sébastien Haller,West Ham United,cold,21,27,1122.0,2059.0,0.496404881833151,0.3640669300128181,0.48128342245989303,0.2185526954832443,1.2857142857142858,1.1851851851851851,0.5449247207382224
6157,Timothy Castagne,Leicester City,rain,46,79,3781.0,6570.0,0.12537395079363764,0.11899289269357509,0.2142290399365247,0.0821917808219178,1.3695652173913044,1.2784810126582278,0.5754946727549467
6157,Timothy Castagne,Leicester City,cold,55,70,4541.0,5810.0,0.1162483716398753,0.12529059506555223,0.09909711517286943,0.1549053356282272,1.2727272727272727,1.3428571428571427,0.7815834767641997
6163,Nélson Semedo,Wolverhampton Wanderers,rain,42,89,3318.0,7600.0,0.06160126151062314,0.08728391667705418,0.054249547920433995,0.035526315789473684,1.0714285714285714,1.2808988764044944,0.43657894736842107
6163,Nélson Semedo,Wolverhampton Wanderers,cold,52,79,4048.0,6870.0,0.08452755691006908,0.07650410510420665,0.022233201581027668,0.052401746724890834,1.0576923076923077,1.3164556962025316,0.5892285298398835
6221,Pau Torres,Aston Villa,rain,7,22,624.0,1843.0,0.16739321809906796,0.04848834226737671,0.14423076923076922,0.048833423765599564,2.2857142857142856,2.0,0.33857840477482365
6221,Pau Torres,Aston Villa,cold,14,15,1230.0,1237.0,0.05955070214028037,0.09746970029106615,0.07317073170731707,0.07275666936135812,1.7857142857142858,2.3333333333333335,0.994341147938561
6249,Davinson Sánchez,Tottenham Hotspur,rain,31,58,2052.0,4409.0,0.0369008437305558,0.07395393266026785,0.0,0.04082558403266047,1.7741935483870968,1.6551724137931034,0.4654116579723293
6249,Davinson Sánchez,Tottenham Hotspur,cold,41,48,2940.0,3521.0,0.07648762425749883,0.050244193444241685,0.030612244897959183,0.025560920193126953,1.7804878048780488,1.625,0.8349900596421471
6252,Lyanco,Southampton,rain,11,25,634.0,1424.0,0.051150877169724114,0.07460444338300547,0.14195583596214512,0.06320224719101124,0.7272727272727273,1.04,0.4452247191011236
6252,Lyanco,Southampton,cold,21,15,1201.0,857.0,0.08245587135687606,0.04625073746020621,0.1498751040799334,0.0,1.0,0.8666666666666667,0.7135720233139051
6253,Gianluca Scamacca,West Ham United,rain,5,11,246.0,694.0,0.49222584086947335,0.3012525138474721,0.3658536585365854,0.25936599423631124,0.6,1.0,0.35446685878962536
6253,Gianluca Scamacca,West Ham United,cold,14,2,837.0,103.0,0.37260190383481084,0.17756318402232457,0.3225806451612903,0.0,1.0,0.0,0.12305854241338113
6273,Robin Koch,Leeds United,rain,25,48,1962.0,3921.0,0.05016572564122597,0.05152859333503557,0.0,0.0,1.2,1.0208333333333333,0.5003825554705432
6273,Robin Koch,Leeds United,cold,31,42,2728.0,3155.0,0.05368132707683361,0.04881968554965382,0.0,0.0,0.7096774193548387,1.3571428571428572,0.8646592709984152
6274,Andriy Yarmolenko,West Ham United,rain,14,43,322.0,1278.0,0.30140139093125073,0.49617843577821896,0.0,0.5633802816901409,1.3571428571428572,1.3255813953488371,0.2519561815336463
6274,Andriy Yarmolenko,West Ham United,cold,34,23,994.0,606.0,0.5805564548827752,0.2542808129553599,0.6338028169014085,0.1485148514851485,1.2941176470588236,1.391304347826087,0.6096579476861167
6276,Nikola Vlasic,West Ham United,rain,8,11,276.0,272.0,0.08485261998746697,0.4142925265135571,0.0,0.33088235294117646,1.25,1.4545454545454546,0.9855072463768116
6276,Nikola Vlasic,West Ham United,cold,6,13,209.0,339.0,0.22735740062580137,0.261325054859693,0.0,0.2654867256637168,1.5,1.3076923076923077,0.616519174041298
6310,Boubakary Soumare,Leicester City,rain,19,26,1109.0,1633.0,0.0200474171372713,0.03717814227115572,0.0811541929666366,0.0,1.1578947368421053,1.1538461538461537,0.6791181873851806
6310,Boubakary Soumare,Leicester City,cold,26,19,1694.0,1048.0,0.028477878416443073,0.03311351707688607,0.0,0.08587786259541984,1.2692307692307692,1.0,0.6186540731995277
6314,Joachim Andersen,Crystal Palace,rain,43,92,3718.0,8137.0,0.09034113240948784,0.09456940210693675,0.024206562668101127,0.11060587440088483,1.0,1.3043478260869565,0.4569251566916554
6314,Joachim Andersen,Crystal Palace,cold,58,77,5048.0,6807.0,0.09461303894841973,0.09222755026164205,0.07131537242472266,0.09255178492728075,1.3793103448275863,1.077922077922078,0.7415895401792273
6326,Ibrahima Konaté,Liverpool,rain,13,38,854.0,3236.0,0.12388899454528537,0.053267596385640846,0.0,0.0,1.4615384615384615,2.1315789473684212,0.26390605686032137
6326,Ibrahima Konaté,Liverpool,cold,27,24,2093.0,1997.0,0.07195835535285917,0.06387897120284089,0.0,0.0,2.074074074074074,1.8333333333333333,0.9541328236980411
6329,Harry Souttar,Leicester City,rain,5,7,450.0,541.0,0.14722311943769456,0.11983140552495627,0.2,0.0,0.8,0.5714285714285714,0.8317929759704251
6329,Harry Souttar,Leicester City,cold,3,9,181.0,810.0,0.056273371228197006,0.14925149869587684,0.0,0.1111111111111111,0.6666666666666666,0.6666666666666666,0.2234567901234568
6345,Jadon Sancho,Manchester United,rain,17,41,1108.0,2561.0,0.30455067964768306,0.46632899685658447,0.40613718411552346,0.3514252245216712,1.5294117647058822,1.829268292682927,0.43264349863334634
6345,Jadon Sancho,Manchester United,cold,31,27,1859.0,1810.0,0.33710834939451606,0.5000145262292488,0.24206562668101128,0.49723756906077343,1.8709677419354838,1.5925925925925926,0.9736417428725122
6352,Valentino Lazaro,Newcastle United,rain,2,11,3.0,452.0,0.0,0.13370455485826305,0.0,0.19911504424778761,0.5,1.0909090909090908,0.00663716814159292
6352,Valentino Lazaro,Newcastle United,cold,10,3,331.0,124.0,0.17979332265581963,0.007442491910149959,0.2719033232628399,0.0,0.9,1.3333333333333333,0.37462235649546827
6369,Ethan Ampadu,Sheffield United,rain,8,17,611.0,1484.0,0.05199588809326998,0.05000181648016697,0.0,0.0,0.0,0.7647058823529411,0.41172506738544473
6369,Ethan Ampadu,Sheffield United,cold,4,21,305.0,1790.0,0.057642136227156276,0.04938063225266652,0.0,0.0,0.0,0.6190476190476191,0.17039106145251395
6377,Joe Rodon,Tottenham Hotspur,rain,5,10,283.0,533.0,0.005829137990205105,0.0,0.0,0.0,2.2,1.6,0.5309568480300187
6377,Joe Rodon,Tottenham Hotspur,cold,5,10,183.0,633.0,0.0,0.002606075910312867,0.0,0.0,1.8,1.8,0.2890995260663507
6382,Pedro Neto,Wolverhampton Wanderers,rain,37,74,2281.0,4168.0,0.3949932013472957,0.4575842498706013,0.5918456817185445,0.32389635316698656,1.1081081081081081,1.4054054054054055,0.5472648752399232
6382,Pedro Neto,Wolverhampton Wanderers,cold,48,63,2879.0,3570.0,0.4696368906690961,0.4078728396351597,0.5001736714136853,0.3529411764705882,1.3125,1.3015873015873016,0.8064425770308123
6418,Hamza Choudhury,Leicester City,rain,11,25,480.0,1000.0,0.047761500114574945,0.05965084757655856,0.375,0.0,2.0,1.44,0.48
6418,Hamza Choudhury,Leicester City,cold,14,22,483.0,997.0,0.04091882661725417,0.06300157911275905,0.1863354037267081,0.09027081243731194,1.5714285714285714,1.6363636363636365,0.4844533600802407
6424,Ben Johnson,West Ham United,rain,21,47,1161.0,2371.0,0.06425855045979334,0.05032062301516708,0.0,0.07591733445803459,1.0,1.702127659574468,0.48966680725432304
6424,Ben Johnson,West Ham United,cold,30,38,1609.0,1923.0,0.04184365759310214,0.06582835631070194,0.0,0.093603744149766,1.4333333333333333,1.5263157894736843,0.8367134685387415
6434,Franck Zambo,Fulham,rain,6,30,459.0,2123.0,0.11054380194229232,0.13463496055508406,0.19607843137254904,0.08478568064060292,0.5,0.7333333333333333,0.21620348563353745
6434,Franck Zambo,Fulham,cold,10,26,787.0,1795.0,0.12807782079073032,0.1313495160933988,0.11435832274459976,0.10027855153203342,0.7,0.6923076923076923,0.4384401114206128
6441,Ferrán Torres,Manchester City,rain,6,22,288.0,1325.0,0.48923447291599587,0.6044871987036937,0.9375,0.6113207547169811,2.0,2.1818181818181817,0.21735849056603773
6441,Ferrán Torres,Manchester City,cold,11,17,703.0,910.0,0.5594460557017523,0.6028071311251311,0.5120910384068279,0.7912087912087912,1.8181818181818181,2.3529411764705883,0.7725274725274726
6456,Callum Hudson-Odoi,Chelsea,rain,27,62,1524.0,3155.0,0.3817513414409275,0.40662486364448025,0.41338582677165353,0.45641838351822506,1.2962962962962963,1.6290322580645162,0.48304278922345484
6456,Callum Hudson-Odoi,Chelsea,cold,31,58,1640.0,3039.0,0.48085053095298746,0.3540953005565677,0.5487804878048781,0.384995064165844,1.8387096774193548,1.3620689655172413,0.5396512010529779
6477,Cenk Tosun,Everton,rain,4,12,131.0,375.0,0.31964688789355383,0.5146894848346709,0.0,0.48,0.25,1.3333333333333333,0.34933333333333333
6477,Cenk Tosun,Everton,cold,3,13,54.0,452.0,0.25630515844871565,0.4890305764841294,0.0,0.39823008849557523,1.0,1.0769230769230769,0.11946902654867257
6482,Eddie Nketiah,Arsenal,rain,40,68,1669.0,2221.0,0.8315769422167679,0.6112468010296844,0.701018573996405,0.4052228725799189,2.225,1.6323529411764706,0.7514633048176497
6482,Eddie Nketiah,Arsenal,cold,57,51,2233.0,1657.0,0.6495393736207039,0.7815688837366824,0.5239587998208688,0.5431502715751357,2.0526315789473686,1.6274509803921569,0.74205105239588
6485,Júnior Firpo,Leeds United,rain,12,31,910.0,2189.0,0.1382561625278258,0.12967406072202417,0.1978021978021978,0.08222932846048424,1.0833333333333333,0.6774193548387096,0.41571493832800366
6485,Júnior Firpo,Leeds United,cold,18,25,1377.0,1722.0,0.1245548842730475,0.13830287524787802,0.06535947712418301,0.156794425087108,0.6111111111111112,0.92,0.7996515679442509
6490,Manuel Akanji,Manchester City,rain,19,40,1470.0,3319.0,0.08403574188753048,0.07333813043230984,0.061224489795918366,0.05423320277191925,2.473684210526316,2.45,0.4429044893040072
6490,Manuel Akanji,Manchester City,cold,26,33,2102.0,2687.0,0.09882712984842187,0.059250900088620516,0.0428163653663178,0.06698920729438035,2.576923076923077,2.3636363636363638,0.7822850762932638
6492,Reiss Nelson,Arsenal,rain,15,31,245.0,842.0,0.6599488875695635,0.42526394156451525,0.7346938775510204,0.4275534441805226,2.0,1.8387096774193548,0.29097387173396677
6492,Reiss Nelson,Arsenal,cold,26,20,642.0,445.0,0.6590558849623269,0.21718165866528324,0.5607476635514018,0.40449438202247195,2.076923076923077,1.65,0.6931464174454829
6500,Romain Perraud,Southampton,rain,13,36,812.0,2660.0,0.09341756090650268,0.12748057286682205,0.0,0.16917293233082706,0.38461538461538464,0.8888888888888888,0.30526315789473685
6500,Romain Perraud,Southampton,cold,27,22,1825.0,1647.0,0.1737201714250322,0.0594499516886114,0.19726027397260273,0.054644808743169404,0.8518518518518519,0.6363636363636364,0.9024657534246575
6504,Michael Obafemi,Southampton,rain,7,20,268.0,447.0,0.22621176733788265,0.5794311884865664,0.0,1.0067114093959733,1.8571428571428572,1.3,0.5995525727069351
6504,Michael Obafemi,Southampton,cold,12,15,262.0,453.0,0.6892233307807498,0.3069624331909299,1.0305343511450382,0.3973509933774834,1.4166666666666667,1.4666666666666666,0.5783664459161147
6521,Yerry Mina,Everton,rain,21,52,1613.0,4052.0,0.18089125528746852,0.11847884585917257,0.16738995660260383,0.08884501480750247,1.2380952380952381,1.6538461538461537,0.3980750246791708
6521,Yerry Mina,Everton,cold,34,39,2613.0,3052.0,0.111469237602195,0.15746551780652637,0.06888633754305397,0.1474442988204456,1.588235294117647,1.4871794871794872,0.8561598951507209
6523,Milot Rashica,Norwich City,rain,12,19,900.0,1348.0,0.15857141911983483,0.19352163903232802,0.1,0.13353115727002968,1.0,0.42105263157894735,0.6676557863501483
6523,Milot Rashica,Norwich City,cold,13,18,904.0,1344.0,0.18649496349291791,0.174843749721601,0.09955752212389381,0.13392857142857142,0.3076923076923077,0.8888888888888888,0.6726190476190477
6532,Martin Dubravka,Newcastle United,rain,30,72,2700.0,6370.0,0.0,0.0021679700444360334,0.0,0.0,1.2666666666666666,1.4444444444444444,0.423861852433281
6532,Martin Dubravka,Newcastle United,cold,35,67,3150.0,5920.0,0.0009547914245298915,0.0018247257087480365,0.0,0.0,1.4285714285714286,1.373134328358209,0.5320945945945946
6552,Bryan Mbeumo,Brentford,rain,32,66,2524.0,5355.0,0.5178924596450761,0.5259798839844826,0.49920760697305866,0.48739495798319327,1.28125,1.4090909090909092,0.47133520074696544
6552,Bryan Mbeumo,Brentford,cold,53,45,4443.0,3436.0,0.5270807710800075,0.5186155357894654,0.44564483457123566,0.550058207217695,1.4339622641509433,1.288888888888889,0.7733513391852352
6556,Moussa Diaby,Aston Villa,rain,7,31,551.0,1682.0,0.5497916196954661,0.6267373165941834,0.32667876588021777,0.6420927467300832,2.2857142857142856,1.6774193548387097,0.3275862068965517
6556,Moussa Diaby,Aston Villa,cold,15,23,1018.0,1215.0,0.6276521253562395,0.591076119630425,0.618860510805501,0.5185185185185186,1.6666666666666667,1.8695652173913044,0.8378600823045268
6557,Louis Beyer,Burnley,rain,4,11,360.0,892.0,0.043309004977345425,0.067073037104489,0.0,0.10089686098654709,0.75,0.7272727272727273,0.40358744394618834
6557,Louis Beyer,Burnley,cold,7,8,608.0,644.0,0.0,0.1171124082128083,0.0,0.13975155279503104,0.7142857142857143,0.75,0.9440993788819876
6615,Trevoh Chalobah,Chelsea,rain,21,37,1550.0,2451.0,0.09402628265201082,0.046008236346039066,0.17419354838709677,0.07343941248470012,1.7619047619047619,1.8108108108108107,0.6323949408404733
6615,Trevoh Chalobah,Chelsea,cold,35,23,2525.0,1476.0,0.07346105971696351,0.04947002006058648,0.10693069306930693,0.12195121951219512,1.6857142857142857,1.9565217391304348,0.5845544554455445
6630,Joe Willock,Newcastle United,rain,39,84,2260.0,4890.0,0.2326403856607137,0.447284358559302,0.19911504424778761,0.3128834355828221,1.2307692307692308,1.6904761904761905,0.4621676891615542
6630,Joe Willock,Newcastle United,cold,50,73,3032.0,4118.0,0.395272229435684,0.3677810551965045,0.23746701846965698,0.305973773676542,1.72,1.4246575342465753,0.7362797474502185
6651,Grady Diangana,West Bromwich Albion,rain,4,16,268.0,981.0,0.08269468697705369,0.09299303635681436,0.33582089552238803,0.0,1.0,0.25,0.273190621814475
6651,Grady Diangana,West Bromwich Albion,cold,8,12,514.0,735.0,0.08013596540817018,0.09822919531440247,0.17509727626459143,0.0,0.25,0.5,0.6993197278911565
6665,Curtis Jones,Liverpool,rain,21,65,1084.0,3278.0,0.19088068147055884,0.24749466809577658,0.08302583025830258,0.30201342281879195,1.9523809523809523,2.0615384615384613,0.3306894447834045
6665,Curtis Jones,Liverpool,cold,42,44,2080.0,2282.0,0.21951088154366089,0.24610847814251824,0.34615384615384615,0.15775635407537247,2.0238095238095237,2.0454545454545454,0.9114811568799299
6674,Rayan Ait Nouri,Wolverhampton Wanderers,rain,28,70,1796.0,4885.0,0.14256485499844018,0.149890545486809,0.05011135857461024,0.1473899692937564,0.8571428571428571,1.2,0.3676560900716479
6674,Rayan Ait Nouri,Wolverhampton Wanderers,cold,40,58,2914.0,3767.0,0.10156143146682739,0.18378332439233488,0.06177076183939602,0.16724183700557474,1.025,1.1551724137931034,0.7735598619591186
6681,Harvey Barnes,Leicester City,rain,43,105,2852.0,6780.0,0.4575151479561378,0.4930082947774006,0.5680224403927069,0.6238938053097345,1.3255813953488371,1.4952380952380953,0.4206489675516224
6681,Harvey Barnes,Leicester City,cold,71,77,4237.0,5395.0,0.49820585276580703,0.4701633442804368,0.6160018881283927,0.6005560704355885,1.5070422535211268,1.3896103896103895,0.785356811862836
6686,Nicolo Zaniolo,Aston Villa,rain,6,19,273.0,547.0,0.22337110610781125,0.6032868515924844,0.0,0.3290676416819013,2.1666666666666665,1.4210526315789473,0.4990859232175503
6686,Nicolo Zaniolo,Aston Villa,cold,10,15,400.0,420.0,0.3734127511270343,0.5752693317564469,0.225,0.2142857142857143,1.9,1.4,0.9523809523809523
6691,Dejan Kulusevski,Tottenham Hotspur,rain,33,51,2743.0,3440.0,0.42169785171861285,0.44115874946095734,0.5249726576740794,0.44476744186046513,1.9696969696969697,1.5686274509803921,0.7973837209302326
6691,Dejan Kulusevski,Tottenham Hotspur,cold,41,43,2788.0,3395.0,0.4266865528556097,0.4373199399258935,0.5164992826398852,0.4506627393225332,1.8780487804878048,1.5813953488372092,0.8212076583210604
6722,Konstantinos Mavropanos,West Ham United,rain,5,14,333.0,1157.0,0.02832162672200716,0.06777725453740473,0.0,0.07778738115816768,1.4,1.2857142857142858,0.2878133102852204
6722,Konstantinos Mavropanos,West Ham United,cold,8,11,603.0,887.0,0.07795272506217454,0.04604722884522481,0.1492537313432836,0.0,1.5,1.1818181818181819,0.6798196166854565
6736,Ibrahima Diallo,Southampton,rain,14,49,580.0,2248.0,0.059143220363505895,0.0995295949518892,0.0,0.08007117437722419,0.8571428571428571,1.1020408163265305,0.2580071174377224
6736,Ibrahima Diallo,Southampton,cold,25,38,921.0,1907.0,0.07037012983441154,0.10132915977199125,0.09771986970684039,0.04719454640797063,1.24,0.9210526315789473,0.48295752490823285
6756,Dwight McNeil,Burnley,rain,58,125,4927.0,10064.0,0.30821037182732974,0.2854970022334549,0.21920032474122184,0.20568362480127186,1.1551724137931034,1.128,0.489566772655008
6756,Dwight McNeil,Burnley,cold,71,112,5623.0,9368.0,0.28170669960494393,0.2997179291836191,0.16005690912324383,0.2401793339026473,1.1830985915492958,1.1071428571428572,0.6002348420153715
6817,Fred,Manchester United,rain,33,89,2128.0,5668.0,0.192732500631005,0.18307018343190967,0.08458646616541353,0.17466478475652789,1.8181818181818181,1.853932584269663,0.37544107268877913
6817,Fred,Manchester United,cold,49,73,2526.0,5270.0,0.1577185693743357,0.19912323620403624,0.10688836104513065,0.17077798861480076,1.653061224489796,1.9726027397260273,0.4793168880455408
6818,James Maddison,Leicester City,rain,50,105,3500.0,8426.0,0.4777391950307147,0.4624896907085566,0.54,0.566104913363399,1.62,1.5047619047619047,0.41538096368383576
6818,James Maddison,Leicester City,cold,72,83,5500.0,6426.0,0.47891827235337003,0.4567343321777566,0.6218181818181818,0.5042016806722689,1.6111111111111112,1.4819277108433735,0.8558979147214442
6820,David Brooks,Bournemouth,rain,9,19,342.0,598.0,0.245735711712194,0.537465161871302,0.0,0.45150501672240806,0.6666666666666666,0.6842105263157895,0.5719063545150501
6820,David Brooks,Bournemouth,cold,22,6,909.0,31.0,0.400761260125454,1.3275417661474591,0.198019801980198,2.903225806451613,0.45454545454545453,1.5,0.034103410341034104
6827,Bobby Reid,Fulham,rain,39,63,2285.0,4051.0,0.27166977547378124,0.25450797438192985,0.2363238512035011,0.3110343125154283,1.2307692307692308,1.1428571428571428,0.5640582572204395
6827,Bobby Reid,Fulham,cold,47,55,2878.0,3458.0,0.3002864672074934,0.2277480591543152,0.3127171646977067,0.26026604973973394,1.2340425531914894,1.1272727272727272,0.832272990167727
6834,Joe Bryan,Fulham,rain,3,13,185.0,473.0,0.017510399222373924,0.15565578055904725,0.0,0.19027484143763215,0.3333333333333333,0.7692307692307693,0.39112050739957716
6834,Joe Bryan,Fulham,cold,7,9,455.0,203.0,0.15281960433656033,0.03611669008587965,0.1978021978021978,0.0,0.5714285714285714,0.7777777777777778,0.4461538461538462
6835,Tom Cairney,Fulham,rain,31,46,1240.0,1878.0,0.2241559192733538,0.2771229123303922,0.14516129032258066,0.3354632587859425,1.1612903225806452,1.173913043478261,0.6602768903088392
6835,Tom Cairney,Fulham,cold,41,36,1659.0,1459.0,0.2124288735092763,0.3056687238543837,0.162748643761302,0.3701165181631254,1.2195121951219512,1.1111111111111112,0.8794454490657022
6837,Ryan Sessegnon,Tottenham Hotspur,rain,20,18,1317.0,899.0,0.28256136890084976,0.2827286931403287,0.20501138952164008,0.10011123470522804,1.9,1.7222222222222223,0.6826119969627942
6837,Ryan Sessegnon,Tottenham Hotspur,cold,20,18,1217.0,999.0,0.3942854640639602,0.14660761582556067,0.2218570254724733,0.09009009009009009,1.95,1.6666666666666667,0.8208709942481512
6840,Neeskens Kebano,Fulham,rain,10,12,461.0,421.0,0.26350314747097686,0.26730050102778813,0.39045553145336226,0.2137767220902613,1.1,1.25,0.913232104121475
6840,Neeskens Kebano,Fulham,cold,19,3,876.0,6.0,0.26713294739362914,0.0,0.3082191780821918,0.0,1.1578947368421053,1.3333333333333333,0.00684931506849315
6841,Ken Sema,Watford,rain,4,14,210.0,625.0,0.29531592875719065,0.15103208041191094,0.0,0.0,1.0,0.7857142857142857,0.336
6841,Ken Sema,Watford,cold,11,7,673.0,162.0,0.23240920549250282,0.0,0.0,0.0,0.6363636363636364,1.1428571428571428,0.24071322436849926
6842,Alireza Jahanbakhsh,Brighton,rain,10,21,231.0,582.0,0.9669180838512136,0.6503030144100643,0.7792207792207793,0.15463917525773196,0.5,1.0,0.39690721649484534
6842,Alireza Jahanbakhsh,Brighton,cold,8,23,278.0,535.0,0.250752985129039,0.9946263586736726,0.0,0.5046728971962616,1.25,0.6956521739130435,0.5196261682242991
6849,Rui Patrício,Wolverhampton Wanderers,rain,23,52,2070.0,4680.0,0.0,0.0,0.0,0.0,1.434782608695652,1.3653846153846154,0.4423076923076923
6849,Rui Patrício,Wolverhampton Wanderers,cold,28,47,2520.0,4230.0,0.0,0.0,0.0,0.0,1.6071428571428572,1.2553191489361701,0.5957446808510638
6850,Willy Boly,Wolverhampton Wanderers,rain,27,57,2154.0,4754.0,0.0702691328268197,0.08410982199312571,0.04178272980501393,0.11358855700462768,1.4074074074074074,1.2456140350877194,0.4530921329406815
6850,Willy Boly,Wolverhampton Wanderers,cold,46,38,3885.0,3023.0,0.08852859779933472,0.068569038509386,0.09266409266409266,0.08931524975190208,1.5217391304347827,1.0263157894736843,0.7781209781209781
6851,Conor Coady,Wolverhampton Wanderers,rain,39,98,3502.0,8688.0,0.046582223838466455,0.039800841606335284,0.02569960022844089,0.06215469613259668,1.205128205128205,1.336734693877551,0.40308471454880296
6851,Conor Coady,Wolverhampton Wanderers,cold,61,76,5381.0,6809.0,0.03783886207524139,0.044839145679435526,0.06690206281360342,0.03965339991188133,1.4098360655737705,1.2105263157894737,0.7902775737993831
6852,Matt Doherty,Wolverhampton Wanderers,rain,40,70,2452.0,4234.0,0.2809784931873638,0.22477830713328864,0.2936378466557912,0.1913084553613604,1.525,1.7142857142857142,0.5791213982050071
6852,Matt Doherty,Wolverhampton Wanderers,cold,50,60,2857.0,3829.0,0.18124723982680055,0.2932481727638002,0.18900945047252363,0.2585531470357796,1.54,1.7333333333333334,0.7461478192739619
6853,Rúben Neves,Wolverhampton Wanderers,rain,46,96,3502.0,7956.0,0.1467455585813229,0.1758892094712215,0.10279840091376356,0.2149321266968326,1.1521739130434783,1.3229166666666667,0.44017094017094016
6853,Rúben Neves,Wolverhampton Wanderers,cold,65,77,5166.0,6292.0,0.1415024024275381,0.18790147580485844,0.156794425087108,0.2002542911633821,1.2461538461538462,1.2857142857142858,0.8210425937698665
6854,Diogo Jota,Liverpool,rain,39,92,2392.0,5748.0,0.4810848839995279,0.8150020484192324,0.4138795986622074,0.7672233820459291,1.564102564102564,2.1739130434782608,0.41614474599860823
6854,Diogo Jota,Liverpool,cold,62,69,3852.0,4288.0,0.6037246703091904,0.8185259764014966,0.6308411214953271,0.6926305970149254,2.0,1.9855072463768115,0.898320895522388
6856,Rúben Vinagre,Wolverhampton Wanderers,rain,5,15,236.0,575.0,0.204248292908325,0.058186206804669405,0.0,0.0,0.2,1.6,0.41043478260869565
6856,Rúben Vinagre,Wolverhampton Wanderers,cold,11,9,485.0,326.0,0.006174593779844097,0.24130364434302212,0.0,0.0,1.0909090909090908,1.4444444444444444,0.6721649484536083
6857,Morgan Gibbs-White,Nottingham Forest,rain,33,61,2440.0,4425.0,0.40115914582351186,0.4198455826205722,0.2213114754098361,0.46779661016949153,0.7272727272727273,1.0819672131147542,0.5514124293785311
6857,Morgan Gibbs-White,Nottingham Forest,cold,49,45,3545.0,3320.0,0.37073065803421723,0.4585556735464158,0.3300423131170663,0.4337349397590362,1.1224489795918366,0.7777777777777778,0.9365303244005642
6859,Kortney Hause,Aston Villa,rain,8,24,491.0,2073.0,0.12996128644574195,0.17250214180438717,0.0,0.13024602026049203,1.625,0.9166666666666666,0.23685479980704294
6859,Kortney Hause,Aston Villa,cold,14,18,1084.0,1480.0,0.20606609642148233,0.13380559667869393,0.16605166051660517,0.060810810810810814,0.7142857142857143,1.3888888888888888,0.7324324324324324
6880,Edouard Mendy,Chelsea,rain,22,53,1980.0,4681.0,0.0,0.0,0.0,0.0,1.8181818181818181,1.8113207547169812,0.4229865413373211
6880,Edouard Mendy,Chelsea,cold,34,41,3013.0,3648.0,0.0,0.0,0.0,0.0,1.7058823529411764,1.9024390243902438,0.8259320175438597
6885,Axel Disasi,Chelsea,rain,6,25,540.0,2046.0,0.04374145747472839,0.114874527584816,0.0,0.08797653958944282,2.1666666666666665,1.36,0.26392961876832843
6885,Axel Disasi,Chelsea,cold,16,15,1325.0,1261.0,0.09001343199666939,0.11053598182339407,0.06792452830188679,0.07137192704203013,1.375,1.6666666666666667,0.9516981132075472
6888,William Saliba,Arsenal,rain,26,39,2340.0,3498.0,0.05866843218413683,0.07793800169713856,0.07692307692307693,0.10291595197255575,2.6153846153846154,2.230769230769231,0.6689536878216124
6888,William Saliba,Arsenal,cold,37,28,3318.0,2520.0,0.04677002801548075,0.10108266202067688,0.10849909584086799,0.07142857142857142,2.4864864864864864,2.25,0.759493670886076
6891,Ryan Fredericks,West Ham United,rain,16,44,1121.0,2498.0,0.21525544927760387,0.07793416141989444,0.2408563782337199,0.07205764611689351,1.0625,1.1590909090909092,0.4487590072057646
6891,Ryan Fredericks,West Ham United,cold,30,30,2002.0,1617.0,0.1554273479207829,0.07718945165719412,0.13486513486513488,0.11131725417439704,1.1333333333333333,1.1333333333333333,0.8076923076923077
6892,Fabián Balbuena,West Ham United,rain,9,22,713.0,1658.0,0.09855415227954885,0.11493776105928478,0.0,0.10856453558504221,1.6666666666666667,1.3181818181818181,0.43003618817852834
6892,Fabián Balbuena,West Ham United,cold,13,18,814.0,1557.0,0.1293401280074799,0.09990562248781237,0.11056511056511056,0.057803468208092484,1.3846153846153846,1.4444444444444444,0.5228002569043031
6893,Stuart Armstrong,Southampton,rain,35,85,2057.0,5309.0,0.22921382175648908,0.2461748523225407,0.17501215362177927,0.30514221133923525,1.2,1.1176470588235294,0.38745526464494257
6893,Stuart Armstrong,Southampton,cold,57,63,2929.0,4437.0,0.32606088863822447,0.18557646597072505,0.3687265278251963,0.2028397565922921,1.1403508771929824,1.1428571428571428,0.6601307189542484
6894,Mohamed Elyounoussi,Southampton,rain,21,42,1313.0,2947.0,0.3693208834390465,0.25391920653311195,0.1370906321401371,0.18323719036308111,0.8095238095238095,0.9523809523809523,0.44553783508652867
6894,Mohamed Elyounoussi,Southampton,cold,36,27,2559.0,1701.0,0.2934094661779063,0.2835881232564884,0.1406799531066823,0.21164021164021163,0.8333333333333334,1.0,0.6647127784290738
6903,Matz Sels,Nottingham Forest,rain,4,12,360.0,1080.0,0.01741316728293895,0.0,0.0,0.0,1.0,1.0,0.3333333333333333
6903,Matz Sels,Nottingham Forest,cold,7,9,630.0,810.0,0.009950381304536543,0.0,0.0,0.0,1.5714285714285714,0.5555555555555556,0.7777777777777778
6912,Pedro Porro,Tottenham Hotspur,rain,15,35,1156.0,3099.0,0.27605075874143503,0.3050577118749381,0.23356401384083045,0.37754114230396907,1.6666666666666667,1.5714285714285714,0.3730235559858019
6912,Pedro Porro,Tottenham Hotspur,cold,24,26,2025.0,2230.0,0.3221186047419905,0.2745284087905835,0.4,0.2825112107623318,1.75,1.4615384615384615,0.9080717488789237
6923,Mohammed Salisu,Southampton,rain,18,50,1476.0,4305.0,0.06934537944134048,0.08504910727489076,0.0,0.020905923344947737,0.7222222222222222,1.02,0.34285714285714286
6923,Mohammed Salisu,Southampton,cold,37,31,3239.0,2542.0,0.07127883641366126,0.09347680398504109,0.02778635381290522,0.0,0.8918918918918919,1.0,0.7848101265822784
6932,Okay Yokuslu,West Bromwich Albion,rain,5,11,450.0,878.0,0.07235001921653741,0.08203193645050282,0.0,0.10250569476082004,1.6,0.5454545454545454,0.5125284738041003
6932,Okay Yokuslu,West Bromwich Albion,cold,2,14,180.0,1148.0,0.0092962998896837,0.08964130215229987,0.0,0.078397212543554,0.5,0.9285714285714286,0.156794425087108
6935,Naif Aguerd,West Ham United,rain,14,25,1240.0,2231.0,0.16114544799371108,0.11535148725334382,0.07258064516129033,0.08068130883012102,1.4285714285714286,0.96,0.5558045719408337
6935,Naif Aguerd,West Ham United,cold,18,21,1592.0,1879.0,0.16546756054869097,0.10311078615268535,0.11306532663316583,0.04789781798829164,0.8888888888888888,1.3333333333333333,0.8472591804151144
6954,Juan Camilo Hernández,Watford,rain,8,17,285.0,840.0,0.6154625039351612,0.25876173995701324,1.263157894736842,0.3214285714285714,1.25,0.4117647058823529,0.3392857142857143
6954,Juan Camilo Hernández,Watford,cold,10,15,461.0,664.0,0.18869065798802898,0.4605124726700764,0.39045553145336226,0.677710843373494,0.6,0.7333333333333333,0.6942771084337349
6962,Robin Olsen,Aston Villa,rain,0,17,0.0,1395.0,0.0,0.0,0.0,0.0,0.0,1.0,0.0
6962,Robin Olsen,Aston Villa,cold,7,10,596.0,799.0,0.0,0.0,0.0,0.0,0.8571428571428571,1.1,0.7459324155193993
6963,Justin Kluivert,Bournemouth,rain,11,21,738.0,1291.0,0.399527731919434,0.39667428528138315,0.4878048780487805,0.278853601859024,1.3636363636363635,1.1428571428571428,0.5716498838109992
6963,Justin Kluivert,Bournemouth,cold,15,17,884.0,1145.0,0.3660025953091849,0.42219360192269734,0.40723981900452494,0.314410480349345,0.5333333333333333,1.8235294117647058,0.7720524017467248
6986,Hamed Junior Traore,Bournemouth,rain,5,5,313.0,154.0,0.3725740735749371,0.2810934103735081,0.0,0.0,0.2,1.2,0.49201277955271566
6986,Hamed Junior Traore,Bournemouth,cold,4,6,114.0,353.0,0.24088381323963384,0.3751935283772162,0.0,0.0,0.75,0.6666666666666666,0.32294617563739375
6996,William Troost-Ekong,Watford,rain,4,13,293.0,1088.0,0.003806416472935024,0.013430597096243316,0.0,0.0,2.5,0.23076923076923078,0.2693014705882353
6996,William Troost-Ekong,Watford,cold,12,5,998.0,383.0,0.007480605102269221,0.02157212996140472,0.0,0.0,0.8333333333333334,0.6,0.3837675350701403
7007,Duje Caleta-Car,Southampton,rain,3,10,238.0,709.0,0.0,0.1434333441970799,0.0,0.12693935119887165,0.0,0.9,0.33568406205923834
7007,Duje Caleta-Car,Southampton,cold,9,4,630.0,317.0,0.0810692100120442,0.15968655750202457,0.0,0.28391167192429023,0.5555555555555556,1.0,0.5031746031746032
7027,Arijanet Muric,Burnley,rain,4,6,360.0,540.0,0.0071538221091032,0.05732795565078655,0.0,0.0,1.0,1.0,0.6666666666666666
7027,Arijanet Muric,Burnley,cold,5,5,450.0,450.0,0.06323771476745606,0.011278889700770362,0.0,0.0,0.2,1.8,1.0
7047,Mark Flekken,Brentford,rain,8,29,720.0,2573.0,0.0,0.010185258986418963,0.0,0.03497862417411582,1.5,0.9310344827586207,0.27982899339292655
7047,Mark Flekken,Brentford,cold,17,20,1530.0,1763.0,0.0014320559361401706,0.013622022569348571,0.0,0.05104934770277936,1.2941176470588236,0.85,0.867838910947249
7052,Wout Weghorst,Burnley,rain,16,21,1034.0,1223.0,0.47591259860662416,0.37769445261551715,0.2611218568665377,0.22076860179885527,1.625,1.1904761904761905,0.8454619787408013
7052,Wout Weghorst,Burnley,cold,10,27,363.0,1894.0,0.9103775652479533,0.3292222208674867,0.24793388429752067,0.23759239704329463,1.1,1.4814814814814814,0.19165786694825765
7063,Bernard,Everton,rain,8,31,481.0,1224.0,0.25870718662152664,0.24542090619969006,0.37422037422037424,0.29411764705882354,0.625,1.1612903225806452,0.3929738562091503
7063,Bernard,Everton,cold,19,20,756.0,949.0,0.23203590618712552,0.2628179145162361,0.11904761904761904,0.47418335089567965,1.0,1.1,0.7966280295047419
7069,Saman Ghoddos,Brentford,rain,18,33,664.0,629.0,0.12050370438899614,0.38138811495776953,0.0,0.4292527821939586,1.0,1.0,0.947289156626506
7069,Saman Ghoddos,Brentford,cold,25,26,484.0,809.0,0.44720621987376813,0.12788599951029256,0.371900826446281,0.11124845488257107,1.2,0.8076923076923077,0.5982694684796045
7078,Sean Longstaff,Newcastle United,rain,39,98,2597.0,6864.0,0.25446852966411476,0.207822521826109,0.1039661147477859,0.1966783216783217,1.4102564102564104,1.5612244897959184,0.37835081585081587
7078,Sean Longstaff,Newcastle United,cold,60,77,4155.0,5306.0,0.27855615890063745,0.1752634227515963,0.21660649819494585,0.1356954391255183,1.6333333333333333,1.4285714285714286,0.783075763286845
7080,Matheus Cunha,Wolverhampton Wanderers,rain,18,31,1236.0,2241.0,0.2611086193643944,0.5231253464283593,0.36407766990291257,0.642570281124498,1.0555555555555556,1.4838709677419355,0.5515394912985274
7080,Matheus Cunha,Wolverhampton Wanderers,cold,22,27,1605.0,1872.0,0.48483506938285914,0.382956126346611,0.5607476635514018,0.5288461538461539,1.1818181818181819,1.4444444444444444,0.8573717948717948
7083,Christian Nørgaard,Brentford,rain,22,66,1860.0,5558.0,0.251409605445881,0.23353018569711426,0.24193548387096775,0.14573587621446563,1.0909090909090908,1.2727272727272727,0.33465275278877293
7083,Christian Nørgaard,Brentford,cold,37,51,3120.0,4298.0,0.2890305592445656,0.2009788956237448,0.2019230769230769,0.1465798045602606,1.3783783783783783,1.1176470588235294,0.7259190321079572
7134,Marc Cucurella,Chelsea,rain,21,59,1657.0,4915.0,0.10044874465480828,0.10680861935769853,0.05431502715751358,0.09155645981688708,1.3333333333333333,1.423728813559322,0.33713123092573755
7134,Marc Cucurella,Chelsea,cold,41,39,3235.0,3337.0,0.08197888729653363,0.12772137657531296,0.1391035548686244,0.02697033263410249,1.6097560975609757,1.1794871794871795,0.9694336230146838
7152,Björn Engels,Aston Villa,rain,2,15,167.0,1280.0,0.06004239716929586,0.05738702905364333,0.0,0.0703125,3.0,0.3333333333333333,0.13046875
7152,Björn Engels,Aston Villa,cold,8,9,707.0,740.0,0.022775537770404822,0.09105428690845899,0.0,0.12162162162162163,1.0,0.3333333333333333,0.9554054054054054
7153,Matheus Pereira,West Bromwich Albion,rain,7,26,592.0,2002.0,0.48050940700655653,0.4559866781183681,1.0641891891891893,0.44955044955044954,1.1428571428571428,0.6538461538461539,0.2957042957042957
7153,Matheus Pereira,West Bromwich Albion,cold,9,24,762.0,1832.0,0.4402100682757266,0.47047315857792066,0.47244094488188976,0.638646288209607,0.3333333333333333,0.9166666666666666,0.41593886462882096
7166,Mathias Jensen,Brentford,rain,28,72,1887.0,4903.0,0.29574579085461755,0.19790113116526187,0.2861685214626391,0.22027330205996332,1.3214285714285714,1.1805555555555556,0.38486640832143587
7166,Mathias Jensen,Brentford,cold,51,49,3654.0,3136.0,0.19262274831597656,0.26292666808015436,0.24630541871921183,0.22959183673469385,1.3137254901960784,1.1224489795918366,0.8582375478927203
7184,Tim Ream,Fulham,rain,24,34,2015.0,3028.0,0.06584195208460757,0.0015729431879843204,0.08933002481389578,0.0,1.4166666666666667,1.0294117647058822,0.6654557463672391
7184,Tim Ream,Fulham,cold,34,24,2959.0,2084.0,0.04117306082655183,0.0074871969471851756,0.03041568097330179,0.04318618042226487,1.1764705882352942,1.2083333333333333,0.7042919905373437
7187,Sergio Reguilón,Tottenham Hotspur,rain,19,58,1308.0,4418.0,0.20678750354659936,0.23573234412547633,0.06880733944954129,0.2240832956088728,1.9473684210526316,1.4655172413793103,0.2960615663196016
7187,Sergio Reguilón,Tottenham Hotspur,cold,29,48,2384.0,3342.0,0.15047723544611522,0.28522017405199507,0.18875838926174496,0.18850987432675043,1.5862068965517242,1.5833333333333333,0.713345302214243
7198,Oliver Skipp,Tottenham Hotspur,rain,22,47,1204.0,2376.0,0.04669478837635822,0.08553926984666646,0.07475083056478406,0.0,1.7727272727272727,1.7234042553191489,0.5067340067340067
7198,Oliver Skipp,Tottenham Hotspur,cold,41,28,1906.0,1674.0,0.02234841265949221,0.12954943598077817,0.0,0.05376344086021505,1.7317073170731707,1.75,0.8782791185729276
7218,Cristian Romero,Tottenham Hotspur,rain,29,53,2416.0,4597.0,0.04990076280772586,0.10816214480963066,0.0,0.13704589949967372,1.9310344827586208,1.6037735849056605,0.5255601479225582
7218,Cristian Romero,Tottenham Hotspur,cold,43,39,3636.0,3377.0,0.08863683642432238,0.08750313455567119,0.07425742574257425,0.10660349422564405,1.7209302325581395,1.7179487179487178,0.9287678767876788
7230,Emile Smith-Rowe,Arsenal,rain,23,57,979.0,2958.0,0.5016770956997851,0.34343290169162266,0.6435137895812053,0.4259634888438134,2.1739130434782608,1.8245614035087718,0.33096686950642323
7230,Emile Smith-Rowe,Arsenal,cold,38,42,1651.0,2286.0,0.31576771958128086,0.43118280615276233,0.4906117504542702,0.47244094488188976,1.763157894736842,2.0714285714285716,0.7222222222222222
7235,Jason Steele,Brighton,rain,6,27,540.0,2430.0,0.0,0.0069931850389197995,0.0,0.037037037037037035,2.1666666666666665,1.1111111111111112,0.2222222222222222
7235,Jason Steele,Brighton,cold,16,17,1440.0,1530.0,0.0,0.011106823297107918,0.0,0.058823529411764705,1.6875,0.9411764705882353,0.9411764705882353
7236,Leander Dendoncker,Wolverhampton Wanderers,rain,42,91,2782.0,5457.0,0.10639325018113813,0.15685297183717029,0.06470165348670022,0.1319406267179769,1.5714285714285714,1.4395604395604396,0.5098039215686274
7236,Leander Dendoncker,Wolverhampton Wanderers,cold,55,78,2960.0,5279.0,0.15895019721938294,0.12908507398181301,0.12162162162162163,0.10229210077666225,1.4363636363636363,1.5128205128205128,0.5607122561091116
7240,Benoit Badiashile Mukinayi,Chelsea,rain,10,19,873.0,1366.0,0.16355070208688985,0.15750437121331076,0.0,0.13177159590043924,1.7,1.5789473684210527,0.6390922401171303
7240,Benoit Badiashile Mukinayi,Chelsea,cold,14,15,978.0,1261.0,0.07733347500028782,0.22386883064944954,0.09202453987730062,0.07137192704203013,1.9285714285714286,1.3333333333333333,0.7755749405233942
7277,Ryan John Giles,Luton Town,rain,5,6,141.0,351.0,0.09273972600064372,0.05844312552840279,0.0,0.0,1.4,0.0,0.4017094017094017
7277,Ryan John Giles,Luton Town,cold,4,7,266.0,226.0,0.07711856037770443,0.057859740557923735,0.0,0.0,0.25,0.8571428571428571,0.849624060150376
7278,Imran Louza,Watford,rain,7,13,472.0,971.0,0.2192177658829585,0.07933631721580921,0.0,0.0,0.5714285714285714,0.46153846153846156,0.486096807415036
7278,Imran Louza,Watford,cold,6,14,408.0,1035.0,0.2088022707304095,0.09209180971526577,0.0,0.0,0.0,0.7142857142857143,0.39420289855072466
7280,Yan Valery,Southampton,rain,7,13,400.0,907.0,0.0,0.20479914584415812,0.0,0.0,1.2857142857142858,0.6153846153846154,0.4410143329658214
7280,Yan Valery,Southampton,cold,9,11,675.0,632.0,0.18045921325683592,0.10117540558906195,0.0,0.0,1.0,0.7272727272727273,0.9362962962962963
7281,Diogo Dalot,Manchester United,rain,19,71,1420.0,5770.0,0.1230244001662227,0.1321488954368946,0.06338028169014084,0.10918544194107452,1.4736842105263157,1.6619718309859155,0.24610051993067592
7281,Diogo Dalot,Manchester United,cold,44,46,3490.0,3700.0,0.1317390407779838,0.12903365475452824,0.07736389684813753,0.12162162162162163,1.4772727272727273,1.7608695652173914,0.9432432432432433
7295,Joshua Sargent,Norwich City,rain,6,20,466.0,1112.0,0.18463973163790967,0.13367378841348573,0.38626609442060084,0.08093525179856116,1.5,0.35,0.41906474820143885
7295,Joshua Sargent,Norwich City,cold,8,18,364.0,1214.0,0.16531403156017854,0.1437504614259943,0.0,0.22240527182866554,0.5,0.6666666666666666,0.29983525535420097
7298,Ben White,Arsenal,rain,49,94,3999.0,8207.0,0.09791305784027063,0.12065202545860775,0.09002250562640661,0.12062873157061045,2.0408163265306123,1.8191489361702127,0.48726696722310225
7298,Ben White,Arsenal,cold,66,77,5732.0,6474.0,0.1255405284704826,0.10227790887383836,0.0471039776692254,0.16682113067655235,2.0606060606060606,1.7532467532467533,0.8853877046648131
7322,Bukayo Saka,Arsenal,rain,55,114,4568.0,9018.0,0.547332010784834,0.5263171067085868,0.4137478108581436,0.5988023952095808,2.036363636363636,1.8333333333333333,0.5065424706143269
7322,Bukayo Saka,Arsenal,cold,80,89,6455.0,7131.0,0.5020354027238745,0.5617587672108466,0.5437645236250969,0.5300799326882626,1.975,1.8314606741573034,0.9052026363763848
7332,Max Kilman,Wolverhampton Wanderers,rain,40,86,3405.0,7492.0,0.08707707390878429,0.05125356903493609,0.02643171806167401,0.03603844100373732,1.025,1.4186046511627908,0.454484783769354
7332,Max Kilman,Wolverhampton Wanderers,cold,54,72,4840.0,6057.0,0.052545108335970085,0.07036005473387097,0.01859504132231405,0.04457652303120356,1.1666666666666667,1.3888888888888888,0.7990754498926862
7352,Tyler Adams,Leeds United,rain,10,17,814.0,1456.0,0.07023611067078035,0.05570045135055593,0.0,0.0,0.6,1.3529411764705883,0.5590659340659341
7352,Tyler Adams,Leeds United,cold,16,11,1280.0,990.0,0.05758138168312141,0.06522008353336287,0.0,0.0,1.0,1.1818181818181819,0.7734375
7365,Lucas Paquetá,West Ham United,rain,21,38,1769.0,3116.0,0.31184296951818213,0.3530881142713588,0.3561334087054833,0.28883183568677795,1.5714285714285714,1.236842105263158,0.5677150192554558
7365,Lucas Paquetá,West Ham United,cold,32,27,2635.0,2250.0,0.37761072481521163,0.29194156322628256,0.23908918406072105,0.4,1.28125,1.4444444444444444,0.8538899430740038
7366,Maximilian Wöber,Leeds United,rain,6,10,540.0,723.0,0.12596116711695984,0.05613342735189863,0.0,0.0,0.3333333333333333,0.8,0.7468879668049793
7366,Maximilian Wöber,Leeds United,cold,6,10,437.0,826.0,0.0432566223448692,0.10859607052527019,0.0,0.0,0.16666666666666666,0.9,0.5290556900726392
7376,Ozan Kabak,Norwich City,rain,6,14,537.0,1196.0,0.011670469363641436,0.04942952874069876,0.0,0.0,1.3333333333333333,0.5714285714285714,0.4489966555183946
7376,Ozan Kabak,Norwich City,cold,7,13,566.0,1167.0,0.009142362295449185,0.05159398574372486,0.0,0.0,0.2857142857142857,1.0769230769230769,0.48500428449014565
7382,Dan Burn,Newcastle United,rain,42,119,3611.0,9685.0,0.1555638558924305,0.11842549227035774,0.04984768762115757,0.055756324212700055,1.2619047619047619,1.6218487394957983,0.37284460505937017
7382,Dan Burn,Newcastle United,cold,77,84,6364.0,6932.0,0.14628986821297407,0.11219031375629178,0.07071024512884978,0.038949798038084245,1.7012987012987013,1.369047619047619,0.9180611656087709
7384,Chris Mepham,Bournemouth,rain,15,33,1195.0,2521.0,0.03760985428444011,0.0676691312880766,0.0,0.07140023800079334,1.0666666666666667,1.0303030303030303,0.4740182467274891
7384,Chris Mepham,Bournemouth,cold,26,22,1931.0,1785.0,0.06828672349537855,0.04687730687819106,0.0932159502848265,0.0,1.1923076923076923,0.8636363636363636,0.9243915069911963
7390,Karlan Grant,West Bromwich Albion,rain,3,18,92.0,1048.0,0.07980622837077014,0.1513036098402306,0.0,0.08587786259541984,0.6666666666666666,0.3888888888888889,0.08778625954198473
7390,Karlan Grant,West Bromwich Albion,cold,5,16,398.0,742.0,0.1925642917578543,0.12030696496367453,0.22613065326633167,0.0,0.4,0.4375,0.5363881401617251
7395,Carlos Vinicius,Fulham,rain,22,28,879.0,786.0,0.4856026617638487,0.33555211883237335,0.40955631399317405,0.6870229007633587,1.6363636363636365,1.1785714285714286,0.89419795221843
7395,Carlos Vinicius,Fulham,cold,20,30,883.0,782.0,0.45336016648926786,0.37119140419775565,0.6115515288788222,0.4603580562659847,1.45,1.3333333333333333,0.8856172140430351
7420,Miguel Almirón,Newcastle United,rain,49,118,3540.0,8228.0,0.2744947405752994,0.3184096772939294,0.22881355932203387,0.2187651920272241,1.3061224489795917,1.3983050847457628,0.4302382109868741
7420,Miguel Almirón,Newcastle United,cold,75,92,5378.0,6390.0,0.3308463041038886,0.2836142070329105,0.2844923763480848,0.16901408450704225,1.4533333333333334,1.3043478260869565,0.8416275430359937
7430,Emerson,Tottenham Hotspur,rain,31,48,1957.0,3217.0,0.17083750298655054,0.10010114212062717,0.09197751660705161,0.111905502020516,1.8064516129032258,1.6875,0.608330742928194
7430,Emerson,Tottenham Hotspur,cold,47,32,3124.0,2050.0,0.09528585367391261,0.1749665173997239,0.057618437900128036,0.17560975609756097,1.6808510638297873,1.8125,0.6562099871959027
7438,James Garner,Everton,rain,18,36,1307.0,2491.0,0.17422089356766593,0.22602050758102651,0.20657995409334354,0.03613006824568447,1.7777777777777777,0.8333333333333334,0.5246888799678844
7438,James Garner,Everton,cold,23,31,1589.0,2209.0,0.25760250098656334,0.17265433146655826,0.11327879169288861,0.08148483476686283,1.2173913043478262,1.096774193548387,0.7193300135808058
7439,Tahith Chong,Luton Town,rain,9,27,468.0,1539.0,0.14947824108485988,0.1901368723299942,0.19230769230769232,0.17543859649122806,0.8888888888888888,0.48148148148148145,0.30409356725146197
7439,Tahith Chong,Luton Town,cold,15,21,918.0,1089.0,0.15381385152246435,0.20328314751694512,0.09803921568627452,0.24793388429752067,0.4,0.7142857142857143,0.8429752066115702
7470,Mathias Normann,Norwich City,rain,8,15,630.0,1031.0,0.16983764804899687,0.1690723059227406,0.14285714285714285,0.17458777885548013,0.75,0.6,0.6110572259941804
7470,Mathias Normann,Norwich City,cold,9,14,720.0,941.0,0.26177982357330615,0.09865015165189496,0.25,0.09564293304994687,0.5555555555555556,0.7142857142857143,0.7651434643995749
7490,Mason Greenwood,Manchester United,rain,19,61,1117.0,3317.0,0.5460268053607207,0.3591326591360809,0.4834377797672337,0.5426590292432921,1.7894736842105263,1.6721311475409837,0.3367500753693096
7490,Mason Greenwood,Manchester United,cold,35,45,2049.0,2385.0,0.3727606170992114,0.4349553322876399,0.527086383601757,0.5283018867924528,1.4857142857142858,1.8666666666666667,0.8591194968553459
7498,Lyle Foster,Burnley,rain,7,17,541.0,1397.0,0.41758613092842023,0.296157090448019,0.33271719038817005,0.38654259126700075,1.1428571428571428,0.6470588235294118,0.38725841088045815
7498,Lyle Foster,Burnley,cold,12,12,1067.0,871.0,0.3055755205403563,0.36004187344615124,0.42174320524835984,0.3099885189437428,0.4166666666666667,1.1666666666666667,0.8163074039362699
7546,Harvey Elliott,Liverpool,rain,20,54,824.0,2399.0,0.3475751952964414,0.4050581972764998,0.5461165048543689,0.2626094205919133,2.05,1.9814814814814814,0.34347644852021675
7546,Harvey Elliott,Liverpool,cold,42,32,1881.0,1342.0,0.3680341764749807,0.42165744429295965,0.28708133971291866,0.40238450074515647,2.0238095238095237,1.96875,0.7134502923976608
7582,Mark Travers,Bournemouth,rain,5,12,450.0,1030.0,0.0,0.0,0.0,0.0,1.2,0.5,0.4368932038834951
7582,Mark Travers,Bournemouth,cold,11,6,940.0,540.0,0.0,0.0,0.0,0.0,0.5454545454545454,1.0,0.574468085106383
7589,Wesley Fofana,Leicester City,rain,16,36,1337.0,2939.0,0.05564486353658834,0.07130423502748759,0.06731488406881077,0.0,1.0,1.5555555555555556,0.45491663831235113
7589,Wesley Fofana,Leicester City,cold,20,32,1698.0,2578.0,0.061038664621119974,0.06994440526281727,0.0,0.03491078355314197,1.35,1.40625,0.6586501163692785
7603,Marc Guehi,Crystal Palace,rain,37,61,3192.0,5386.0,0.05941825896095398,0.08950604532554474,0.0,0.08354994430003714,1.027027027027027,1.3934426229508197,0.5926476049015967
7603,Marc Guehi,Crystal Palace,cold,51,47,4411.0,4167.0,0.07900532011582016,0.0775738362601071,0.02040353661301292,0.08639308855291576,1.4313725490196079,1.0638297872340425,0.9446837451824983
7688,Max Aarons,Norwich City,rain,26,64,2037.0,5304.0,0.0686102466649528,0.11104499836920072,0.04418262150220913,0.05090497737556562,0.6923076923076923,0.53125,0.38404977375565613
7688,Max Aarons,Norwich City,cold,48,42,3883.0,3458.0,0.07432824873276477,0.12727737246310694,0.023177955189286635,0.07807981492192019,0.3958333333333333,0.7857142857142857,0.8905485449394798
7689,Ben Godfrey,Everton,rain,28,84,2233.0,7062.0,0.08078055788270302,0.07574077210165146,0.04030452306314375,0.025488530161427356,0.9642857142857143,0.9642857142857143,0.3161993769470405
7689,Ben Godfrey,Everton,cold,37,75,3093.0,6202.0,0.07276623046421285,0.07903875645084298,0.02909796314258002,0.029022895840051594,0.7567567567567568,1.0666666666666667,0.49871009351821993
7690,Grant Hanley,Norwich City,rain,17,31,1450.0,2710.0,0.06150413126010317,0.05124937721641518,0.06206896551724137,0.0,1.0,0.45161290322580644,0.5350553505535055
7690,Grant Hanley,Norwich City,cold,18,30,1610.0,2550.0,0.06824703881320374,0.04634865493897128,0.0,0.03529411764705882,0.2777777777777778,0.8666666666666667,0.6313725490196078
7691,Jamal Lewis,Norwich City,rain,15,44,1076.0,3324.0,0.05560618316318462,0.04959951173379639,0.0,0.05415162454873646,0.8666666666666667,0.7045454545454546,0.3237063778580024
7691,Jamal Lewis,Norwich City,cold,32,27,2411.0,1989.0,0.05599447992278398,0.04509720411910188,0.0,0.09049773755656107,0.65625,0.8518518518518519,0.8249688925756947
7692,Tom Trybull,Norwich City,rain,3,13,143.0,1016.0,0.0,0.05264230139414212,0.0,0.0,0.3333333333333333,0.6923076923076923,0.140748031496063
7692,Tom Trybull,Norwich City,cold,8,8,574.0,585.0,0.042294385836488854,0.04992752264325433,0.0,0.0,0.5,0.75,0.9811965811965812
7693,Kenny McLean,Norwich City,rain,21,47,1621.0,4044.0,0.0637431724375041,0.12672370933935884,0.05552128315854411,0.044510385756676554,0.8095238095238095,0.40425531914893614,0.40084075173095945
7693,Kenny McLean,Norwich City,cold,31,37,2428.0,3237.0,0.11471473674797734,0.10419245667762506,0.03706754530477759,0.05560704355885079,0.25806451612903225,0.7567567567567568,0.7500772320049428
7694,Marco Stiepermann,Norwich City,rain,10,14,563.0,638.0,0.20542071993275812,0.13347165145236864,0.0,0.0,0.5,0.5,0.8824451410658307
7694,Marco Stiepermann,Norwich City,cold,14,10,954.0,247.0,0.1775046729676003,0.12739806047636962,0.0,0.0,0.42857142857142855,0.6,0.2589098532494759
7695,Todd Cantwell,Norwich City,rain,13,32,812.0,2159.0,0.38786070649580917,0.20523339470278165,0.33251231527093594,0.20842982862436313,0.8461538461538461,0.40625,0.3761000463177397
7695,Todd Cantwell,Norwich City,cold,26,19,1764.0,1207.0,0.2763900950988184,0.2241007995721517,0.20408163265306123,0.29826014913007454,0.2692307692307692,0.8947368421052632,0.6842403628117913
7696,Teemu Pukki,Norwich City,rain,24,49,2055.0,4131.0,0.5540069557291312,0.3922843936149006,0.5693430656934306,0.32679738562091504,0.8333333333333334,0.46938775510204084,0.4974582425562818
7696,Teemu Pukki,Norwich City,cold,34,39,2700.0,3486.0,0.46800751890987147,0.4289704024641038,0.4666666666666667,0.36144578313253006,0.35294117647058826,0.7948717948717948,0.774526678141136
7697,Onel Hernández,Norwich City,rain,7,19,394.0,983.0,0.22466160775384467,0.16890921562697844,0.22842639593908629,0.18311291963377416,0.2857142857142857,0.3684210526315789,0.4008138351983723
7697,Onel Hernández,Norwich City,cold,13,13,778.0,599.0,0.18921292220555944,0.17920998153657652,0.11568123393316194,0.3005008347245409,0.07692307692307693,0.6153846153846154,0.7699228791773779
7698,Leandro Trossard,Brighton,rain,55,115,3680.0,7727.0,0.4419617426591803,0.49168189910763677,0.4157608695652174,0.5241361459816228,1.4545454545454546,1.4869565217391305,0.47625210301540055
7698,Leandro Trossard,Brighton,cold,76,94,5437.0,5970.0,0.516035728501209,0.4388541024337386,0.5793636196431855,0.40703517587939697,1.5526315789473684,1.4148936170212767,0.9107202680067001
7699,Adam Webster,Brighton,rain,37,87,2961.0,6868.0,0.11803265822354962,0.05972340148936002,0.09118541033434652,0.052417006406523005,1.2702702702702702,1.3908045977011494,0.43112987769365174
7699,Adam Webster,Brighton,cold,63,61,5083.0,4746.0,0.05093035374819562,0.10551960268157957,0.017706079087153256,0.11378002528445007,1.4444444444444444,1.2622950819672132,0.9337005705292151
7700,Che Adams,Southampton,rain,34,90,2284.0,5555.0,0.47824883586833095,0.5546031690476769,0.3152364273204904,0.48604860486048607,1.1764705882352942,1.0555555555555556,0.41116111611161116
7700,Che Adams,Southampton,cold,58,66,3762.0,4077.0,0.6088691791207596,0.4617549897794494,0.4545454545454546,0.4194260485651214,1.0862068965517242,1.0909090909090908,0.9227373068432672
7701,Moussa Djenepo,Southampton,rain,26,47,1233.0,2067.0,0.3193695106319267,0.15078580011012155,0.36496350364963503,0.08708272859216255,1.3076923076923077,0.8085106382978723,0.5965166908563135
7701,Moussa Djenepo,Southampton,cold,32,41,1651.0,1649.0,0.21068507294959724,0.21686828380655052,0.2180496668685645,0.1637355973317162,0.84375,1.0975609756097562,0.9987886129618413
7702,Dean Henderson,Sheffield United,rain,28,57,2472.0,5130.0,0.0012029417184660728,0.0003836631709546368,0.0,0.0,1.3214285714285714,1.6842105263157894,0.4818713450292398
7702,Dean Henderson,Sheffield United,cold,43,42,3870.0,3732.0,0.0012769674405802116,0.0,0.0,0.0,1.1627906976744187,1.9761904761904763,0.9643410852713178
7703,John Egan,Sheffield United,rain,22,51,1771.0,4541.0,0.062144871081742485,0.06468349495323067,0.0,0.059458269103721643,0.7272727272727273,1.0784313725490196,0.39000220215811493
7703,John Egan,Sheffield United,cold,29,44,2443.0,3869.0,0.0776623310486935,0.05532624515803261,0.07367990176013099,0.023261824760920133,0.8620689655172413,1.0454545454545454,0.6314293098991988
7704,Chris Basham,Sheffield United,rain,23,54,1733.0,4442.0,0.08606284688051144,0.04503423178871233,0.0,0.040522287257991896,0.5652173913043478,1.0925925925925926,0.390139576767222
7704,Chris Basham,Sheffield United,cold,33,44,2371.0,3804.0,0.05751145541281423,0.05594881978591061,0.03795866722901729,0.02365930599369085,0.7575757575757576,1.0681818181818181,0.6232912723449001
7705,Jack O&#039;Connell,Sheffield United,rain,13,22,1170.0,1923.0,0.03964463148552636,0.18117068498141117,0.0,0.046801872074883,0.8461538461538461,1.7727272727272727,0.608424336973479
7705,Jack O&#039;Connell,Sheffield United,cold,16,19,1383.0,1710.0,0.0777894680927671,0.16794889572223548,0.0,0.052631578947368425,1.0625,1.736842105263158,0.8087719298245614
7706,George Baldock,Sheffield United,rain,26,57,2294.0,4878.0,0.13206989117902104,0.07134195133645044,0.11769834350479512,0.09225092250922509,0.6153846153846154,1.1403508771929824,0.4702747027470275
7706,George Baldock,Sheffield United,cold,29,54,2522.0,4650.0,0.0833208232225878,0.09480414039064798,0.035685963521015066,0.13548387096774195,0.8620689655172413,1.037037037037037,0.5423655913978495
7707,Enda Stevens,Sheffield United,rain,23,45,2070.0,3980.0,0.1174033391086951,0.16491264079805068,0.043478260869565216,0.135678391959799,0.6521739130434783,1.1777777777777778,0.5201005025125628
7707,Enda Stevens,Sheffield United,cold,25,43,2250.0,3800.0,0.12424338959157463,0.1631130515132099,0.16,0.07105263157894737,0.96,1.0232558139534884,0.5921052631578947
7708,John Lundstram,Sheffield United,rain,21,41,1338.0,3144.0,0.195348990325202,0.2914869263483822,0.06726457399103139,0.25763358778625955,0.7142857142857143,1.1951219512195121,0.4255725190839695
7708,John Lundstram,Sheffield United,cold,21,41,1531.0,2951.0,0.34707984827449123,0.219055438084103,0.17635532331809275,0.2134869535750593,0.6666666666666666,1.2195121951219512,0.5188071840054219
7709,John Fleck,Sheffield United,rain,21,44,1583.0,3588.0,0.15152327912851965,0.1758925274970713,0.05685407454200884,0.20066889632107024,0.5238095238095238,1.1363636363636365,0.4411928651059086
7709,John Fleck,Sheffield United,cold,17,48,1246.0,3925.0,0.13165262103959746,0.1801081716444841,0.0,0.20636942675159234,0.7058823529411765,1.0208333333333333,0.31745222929936306
7710,Oliver Norwood,Sheffield United,rain,34,63,2214.0,4557.0,0.09958629397963115,0.12135419624883965,0.0,0.05924950625411455,0.5,1.126984126984127,0.4858459512837393
7710,Oliver Norwood,Sheffield United,cold,32,65,2324.0,4447.0,0.08941344343359849,0.12720896888625652,0.0387263339070568,0.0404767258826175,0.78125,0.9692307692307692,0.5225995052844614
7711,David McGoldrick,Sheffield United,rain,20,43,1390.0,2860.0,0.3917185807493415,0.42430852574354905,0.2589928057553957,0.28321678321678323,0.4,1.2790697674418605,0.486013986013986
7711,David McGoldrick,Sheffield United,cold,19,44,1050.0,3200.0,0.48914665656962564,0.3888772567093838,0.17142857142857143,0.309375,0.8947368421052632,1.0454545454545454,0.328125
7712,Billy Sharp,Sheffield United,rain,13,28,417.0,1351.0,0.71453738689637,0.4932978089214981,0.2158273381294964,0.46632124352331605,0.38461538461538464,1.2142857142857142,0.30866025166543304
7712,Billy Sharp,Sheffield United,cold,14,27,680.0,1088.0,0.7177507197895251,0.43780968817265914,0.39705882352941174,0.4136029411764706,0.5714285714285714,1.1481481481481481,0.625
7714,Ben Osborn,Sheffield United,rain,20,41,1110.0,2426.0,0.2031997352888857,0.1277903802170796,0.16216216216216217,0.03709810387469085,0.65,0.975609756097561,0.45754328112118714
7714,Ben Osborn,Sheffield United,cold,21,40,1319.0,2217.0,0.08570341019834003,0.1905856429976039,0.0,0.12178619756427606,0.8571428571428571,0.875,0.5949481281010375
7721,Conor Hourihane,Aston Villa,rain,10,21,573.0,1212.0,0.3510898156627934,0.49096405098104084,0.6282722513089005,0.44554455445544555,1.8,0.7619047619047619,0.47277227722772275
7721,Conor Hourihane,Aston Villa,cold,18,13,1065.0,720.0,0.4585720124641354,0.42756069567985827,0.5915492957746479,0.375,1.1111111111111112,1.0769230769230769,0.676056338028169
7722,Trézéguet,Aston Villa,rain,17,39,1124.0,2014.0,0.277548897812587,0.40281531395891895,0.4804270462633452,0.17874875868917575,2.0588235294117645,0.6666666666666666,0.5580933465739821
7722,Trézéguet,Aston Villa,cold,24,32,1525.0,1613.0,0.3079694826827674,0.40519624449063246,0.2360655737704918,0.33477991320520767,1.0833333333333333,1.09375,0.9454432734035958
7723,John McGinn,Aston Villa,rain,40,129,3484.0,11013.0,0.1560108474349917,0.23757894133509125,0.1549942594718714,0.23699264505584308,1.9,1.255813953488372,0.31635340052665034
7723,John McGinn,Aston Villa,cold,79,90,6670.0,7827.0,0.21304369991648006,0.22217927621616831,0.2293853073463268,0.20697585281717132,1.2911392405063291,1.511111111111111,0.8521783569694646
7724,Wesley,Aston Villa,rain,7,18,524.0,1297.0,0.7359788318001133,0.27076526587353633,0.8587786259541985,0.06939090208172706,1.5714285714285714,0.7777777777777778,0.40400925212027755
7724,Wesley,Aston Villa,cold,11,14,715.0,1106.0,0.6451576931232755,0.24913897569447913,0.6293706293706294,0.081374321880651,1.0,1.0,0.6464737793851718
7726,Ezri Konsa Ngoyo,Aston Villa,rain,44,119,3744.0,10411.0,0.08331085557494167,0.07974442291009001,0.04807692307692308,0.05186821630967246,1.9090909090909092,1.2773109243697478,0.35961963308039574
7726,Ezri Konsa Ngoyo,Aston Villa,cold,72,91,6192.0,7963.0,0.07095467892128887,0.08825614194510965,0.0436046511627907,0.056511365063418306,1.2916666666666667,1.5714285714285714,0.7775963832726359
7752,Gabriel Martinelli,Arsenal,rain,44,84,2918.0,5090.0,0.6906353508270995,0.5347202804107913,0.67854694996573,0.45972495088408644,2.1136363636363638,1.9523809523809523,0.5732809430255402
7752,Gabriel Martinelli,Arsenal,cold,57,71,3590.0,4418.0,0.6297603243790711,0.5604709408065955,0.5515320334261838,0.5296514259846085,2.2280701754385963,1.8309859154929577,0.8125848800362154
7753,James Justin,Leicester City,rain,20,43,1661.0,3664.0,0.12080543941982459,0.11119713298630729,0.10836845273931367,0.04912663755458515,1.35,1.627906976744186,0.45332969432314413
7753,James Justin,Leicester City,cold,33,30,2967.0,2358.0,0.054984376271405,0.1886961347501696,0.03033367037411527,0.11450381679389314,1.3636363636363635,1.7333333333333334,0.7947421638018201
7762,Jean-Ricner Bellegarde,Wolverhampton Wanderers,rain,9,13,533.0,405.0,0.08625404095001106,0.40126959689789343,0.0,0.6666666666666667,0.7777777777777778,1.5384615384615385,0.7598499061913696
7762,Jean-Ricner Bellegarde,Wolverhampton Wanderers,cold,7,15,316.0,622.0,0.2521992330969888,0.20706211078995862,0.2848101265822785,0.28938906752411575,1.0,1.3333333333333333,0.5080385852090032
7768,Mason Mount,Chelsea,rain,48,95,3690.0,6645.0,0.4788255094573265,0.42973516331502054,0.5609756097560976,0.3656884875846501,1.8125,1.5789473684210527,0.5553047404063205
7768,Mason Mount,Chelsea,cold,68,75,4987.0,5348.0,0.3854787920241051,0.504875384125212,0.32484459594946863,0.5385190725504861,1.661764705882353,1.6533333333333333,0.9324981301421092
7814,Taiwo Awoniyi,Nottingham Forest,rain,15,32,733.0,1759.0,0.5190684813319986,0.5905430310635047,0.7366984993178717,0.7163160886867539,0.8666666666666667,1.03125,0.4167140420693576
7814,Taiwo Awoniyi,Nottingham Forest,cold,31,16,1664.0,828.0,0.6280867732801617,0.45181883782472304,0.8653846153846154,0.43478260869565216,1.1935483870967742,0.5625,0.49759615384615385
7823,Jack Stacey,Bournemouth,rain,8,21,642.0,1199.0,0.009796261595927662,0.22109728567519718,0.0,0.1501251042535446,1.5,0.7142857142857143,0.5354462051709759
7823,Jack Stacey,Bournemouth,cold,17,12,943.0,898.0,0.026489186020664777,0.2743937005029622,0.0,0.20044543429844097,1.2941176470588236,0.4166666666666667,0.9522799575821845
7891,Renan Lodi,Nottingham Forest,rain,13,15,1092.0,1144.0,0.13122272191589673,0.0376102132266843,0.08241758241758242,0.0,1.0,1.2,0.9545454545454546
7891,Renan Lodi,Nottingham Forest,cold,15,13,1167.0,1069.0,0.10390909728630034,0.060860037165924766,0.07712082262210797,0.0,1.2,1.0,0.9160239931448158
7892,João Félix,Chelsea,rain,8,8,519.0,434.0,0.41860876109644846,0.5228395214999599,0.17341040462427745,0.6221198156682028,0.875,0.875,0.8362235067437379
7892,João Félix,Chelsea,cold,7,9,366.0,587.0,0.6910553598990204,0.3257990419369641,0.7377049180327869,0.15332197614991483,0.8571428571428571,0.8888888888888888,0.6235093696763203
7904,Caoimhin Kelleher,Liverpool,rain,3,12,270.0,1080.0,0.0,0.003733986057341092,0.0,0.0,2.3333333333333335,2.25,0.25
7904,Caoimhin Kelleher,Liverpool,cold,5,10,450.0,900.0,0.0,0.00448078326880931,0.0,0.0,1.8,2.5,0.5
7921,Felipe,Nottingham Forest,rain,10,13,826.0,970.0,0.1538471772942069,0.14347773995826535,0.0,0.09278350515463918,0.5,1.0769230769230769,0.8515463917525773
7921,Felipe,Nottingham Forest,cold,7,16,623.0,1173.0,0.16115331780135533,0.14139186633784134,0.0,0.07672634271099744,1.5714285714285714,0.5,0.5311167945439045
7927,Sofyan Amrabat,Manchester United,rain,1,20,1.0,921.0,0.0,0.033346151854199736,0.0,0.0,3.0,1.65,0.0010857763300760044
7927,Sofyan Amrabat,Manchester United,cold,11,10,606.0,316.0,0.03261900138073035,0.03463509816770685,0.0,0.0,1.5454545454545454,1.9,0.5214521452145214
7931,Takehiro Tomiyasu,Arsenal,rain,25,39,1311.0,2115.0,0.12794802777332762,0.10550986333413322,0.20594965675057209,0.0851063829787234,2.56,2.051282051282051,0.6198581560283688
7931,Takehiro Tomiyasu,Arsenal,cold,42,22,2042.0,1384.0,0.09464090476569649,0.14280093773914163,0.0881488736532811,0.1950867052023121,2.380952380952381,2.0,0.6777668952007836
7943,Igor Julio,Brighton,rain,5,19,362.0,1278.0,0.05978997601247623,0.042326892726123305,0.0,0.0,1.6,1.0526315789473684,0.28325508607198746
7943,Igor Julio,Brighton,cold,12,12,890.0,750.0,0.03521193908213562,0.059198819249868376,0.0,0.0,1.3333333333333333,1.0,0.8426966292134831
7967,Anssumane Fati,Brighton,rain,5,14,86.0,370.0,1.2025409172354047,0.8089376907493615,0.0,0.4864864864864865,2.6,0.7857142857142857,0.23243243243243245
7967,Anssumane Fati,Brighton,cold,10,9,165.0,291.0,1.263633532957597,0.6674430636477838,0.5454545454545454,0.30927835051546393,1.2,1.3333333333333333,0.5670103092783505
7988,Billy Gilmour,Brighton,rain,18,61,1025.0,3954.0,0.17332544203665923,0.08769498309134661,0.08780487804878048,0.045523520485584223,1.9444444444444444,1.0163934426229508,0.25923115832068794
7988,Billy Gilmour,Brighton,cold,41,38,2333.0,2646.0,0.12548980328856782,0.0875422638543203,0.07715387912558937,0.034013605442176874,1.3658536585365855,1.0789473684210527,0.881708238851096
7990,Christoph Zimmermann,Norwich City,rain,8,12,612.0,974.0,0.016259750323917913,0.02404503421991817,0.0,0.09240246406570843,0.625,0.5,0.6283367556468172
7990,Christoph Zimmermann,Norwich City,cold,7,13,459.0,1127.0,0.010907666794225255,0.0251678895030068,0.0,0.07985803016858918,0.0,0.8461538461538461,0.4072759538598048
7991,Aaron Connolly,Brighton,rain,15,30,715.0,1515.0,0.319328244280565,0.4861474515556699,0.1258741258741259,0.3564356435643564,0.6666666666666666,1.2333333333333334,0.47194719471947194
7991,Aaron Connolly,Brighton,cold,20,25,1082.0,1148.0,0.36127471408071665,0.4999423720662965,0.4158964879852126,0.156794425087108,1.4,0.76,0.9425087108013938
8016,Matthew Longstaff,Newcastle United,rain,5,9,299.0,641.0,0.11424311103430076,0.11516721319122449,0.0,0.28081123244929795,1.2,0.4444444444444444,0.4664586583463339
8016,Matthew Longstaff,Newcastle United,cold,4,10,203.0,737.0,0.10032495125907978,0.11888047320113655,0.4433497536945813,0.12211668928086837,0.75,0.7,0.27544097693351427
8020,Steven Alzate,Brighton,rain,12,31,796.0,1694.0,0.16548309844904505,0.12720120313149622,0.0,0.053128689492325853,0.9166666666666666,1.096774193548387,0.46989374262101535
8020,Steven Alzate,Brighton,cold,15,28,976.0,1514.0,0.12369387020685202,0.1495892781692912,0.0,0.059445178335535004,1.5333333333333334,0.7857142857142857,0.6446499339498019
8021,Adam Idah,Norwich City,rain,6,23,285.0,523.0,0.33472898327990575,0.3737251070037796,0.3157894736842105,0.17208413001912046,1.1666666666666667,0.30434782608695654,0.5449330783938815
8021,Adam Idah,Norwich City,cold,18,11,261.0,547.0,0.40801258532908435,0.3370469952959029,0.0,0.3290676416819013,0.2222222222222222,0.9090909090909091,0.47714808043875684
8026,Raphinha,Leeds United,rain,16,49,1311.0,3998.0,0.6451142627055366,0.5293865697253393,0.5491990846681922,0.4727363681840921,0.8125,1.469387755102041,0.32791395697848924
8026,Raphinha,Leeds United,cold,16,49,1251.0,4058.0,0.4296112379474605,0.5975329338335613,0.3597122302158273,0.5322819122720552,1.0625,1.3877551020408163,0.3082799408575653
8040,Marvelous Nakamba,Aston Villa,rain,16,55,1104.0,3534.0,0.015503377881427475,0.027737399359219417,0.0,0.0,1.4375,0.9636363636363636,0.31239388794567063
8040,Marvelous Nakamba,Aston Villa,cold,32,39,1770.0,2868.0,0.03213244684482527,0.020315644212425602,0.0,0.0,0.9375,1.1794871794871795,0.6171548117154811
8045,Eric Garcia,Manchester City,rain,8,11,472.0,686.0,0.1167465864396575,0.038997275162890054,0.0,0.0,2.625,2.0,0.6880466472303207
8045,Eric Garcia,Manchester City,cold,10,9,715.0,443.0,0.11343699370647643,0.001690900815192501,0.0,0.0,2.2,2.3333333333333335,0.6195804195804195
8066,Arnaut Danjuma Groeneveld,Bournemouth,rain,13,24,619.0,718.0,0.4199439312161362,0.4076204344650994,0.14539579967689822,0.12534818941504178,0.8461538461538461,0.3333333333333333,0.862116991643454
8066,Arnaut Danjuma Groeneveld,Bournemouth,cold,22,15,799.0,538.0,0.4540604155729798,0.3528299132452024,0.11264080100125157,0.16728624535315983,0.5909090909090909,0.4,0.6733416770963705
8067,Reece James,Chelsea,rain,38,70,2864.0,4533.0,0.29481487618251984,0.32713027479907353,0.4085195530726257,0.19854401058901391,1.631578947368421,1.7,0.6318111625854842
8067,Reece James,Chelsea,cold,45,63,2865.0,4532.0,0.33060345644648154,0.30451289460100783,0.3769633507853404,0.21844660194174756,1.8666666666666667,1.5396825396825398,0.632171226831421
8075,Brandon Williams,Norwich City,rain,14,33,919.0,2391.0,0.09091075833063972,0.11722460953539778,0.09793253536452666,0.037641154328732745,1.5714285714285714,1.0606060606060606,0.3843580092011711
8075,Brandon Williams,Norwich City,cold,13,34,871.0,2439.0,0.12845975107349772,0.1032974928741195,0.0,0.07380073800738007,1.3076923076923077,1.1764705882352942,0.35711357113571135
8089,Kieran Tierney,Arsenal,rain,27,64,1545.0,4415.0,0.09825052971978784,0.12150772510566835,0.0,0.22423556058890148,1.8518518518518519,1.96875,0.34994337485843713
8089,Kieran Tierney,Arsenal,cold,51,40,2912.0,3048.0,0.09095447234218362,0.13890887509782127,0.12362637362637363,0.20669291338582677,1.9411764705882353,1.925,0.9553805774278216
8090,Lloyd Kelly,Bournemouth,rain,18,36,1441.0,2804.0,0.07151546528708966,0.04832372573880576,0.062456627342123525,0.06419400855920114,1.0555555555555556,1.1111111111111112,0.5139087018544936
8090,Lloyd Kelly,Bournemouth,cold,33,21,2616.0,1629.0,0.04269853830252081,0.07787239794408417,0.06880733944954129,0.055248618784530384,0.8787878787878788,1.4285714285714286,0.6227064220183486
8119,Boubacar Traore,Wolverhampton Wanderers,rain,13,21,496.0,663.0,0.008106703152729823,0.1197994416116049,0.0,0.13574660633484165,0.23076923076923078,1.2380952380952381,0.7481146304675717
8119,Boubacar Traore,Wolverhampton Wanderers,cold,20,14,657.0,502.0,0.01413137422338737,0.1477363380228736,0.0,0.17928286852589642,0.7,1.0714285714285714,0.7640791476407914
8127,Amad Diallo Traore,Manchester United,rain,2,10,68.0,479.0,0.10327542091117174,0.3666816607490959,0.0,0.5636743215031316,2.0,1.1,0.1419624217118998
8127,Amad Diallo Traore,Manchester United,cold,6,6,282.0,265.0,0.3270803185853552,0.34123243124417524,0.6382978723404256,0.33962264150943394,1.3333333333333333,1.1666666666666667,0.9397163120567376
8150,Anthony Gordon,Everton,rain,32,84,2062.0,5271.0,0.39901942953243336,0.44170118515858364,0.2618816682832202,0.443938531587934,1.03125,1.3452380952380953,0.3911971162967179
8150,Anthony Gordon,Everton,cold,58,58,3535.0,3798.0,0.4614253167479261,0.4001702253719994,0.38189533239038187,0.40284360189573454,1.3620689655172413,1.1551724137931034,0.930753027909426
8204,Neco Williams,Nottingham Forest,rain,20,50,1296.0,2679.0,0.16489239778214443,0.12653717721112628,0.0,0.10078387458006718,0.8,1.28,0.48376259798432253
8204,Neco Williams,Nottingham Forest,cold,32,38,1730.0,2245.0,0.18315532054709036,0.10504897137095771,0.05202312138728324,0.0801781737193764,1.34375,0.9736842105263158,0.7706013363028953
8214,Tyrick Mitchell,Crystal Palace,rain,47,85,3828.0,7292.0,0.08250128795308143,0.10383831770825992,0.07053291536050156,0.09873834339001646,1.0212765957446808,1.3176470588235294,0.5249588590235875
8214,Tyrick Mitchell,Crystal Palace,cold,64,68,5184.0,5936.0,0.10551326626834148,0.08861576325437077,0.10416666666666666,0.07580862533692723,1.34375,1.088235294117647,0.8733153638814016
8222,Japhet Tanganga,Tottenham Hotspur,rain,9,18,662.0,1266.0,0.02060835438237448,0.10006414682238023,0.0,0.0,1.2222222222222223,1.6666666666666667,0.5229067930489731
8222,Japhet Tanganga,Tottenham Hotspur,cold,9,18,687.0,1241.0,0.06510524087337423,0.07703194198086796,0.0,0.0,1.3333333333333333,1.6111111111111112,0.5535858178887993
8224,William Smallbone,Southampton,rain,4,12,207.0,504.0,0.021953391640082608,0.10380398149469064,0.0,0.3571428571428571,0.25,1.5,0.4107142857142857
8224,William Smallbone,Southampton,cold,12,4,504.0,207.0,0.0805263746795909,0.07862930388554282,0.3571428571428571,0.0,1.5833333333333333,0.0,0.4107142857142857
8226,Tariq Lamptey,Brighton,rain,32,57,1481.0,2927.0,0.1393021905894097,0.19924623873256597,0.3038487508440243,0.09224461906388795,1.5,1.1754385964912282,0.505978817902289
8226,Tariq Lamptey,Brighton,cold,46,43,2220.0,2188.0,0.1790597477197848,0.17915340269433921,0.20270270270270271,0.12340036563071298,1.2608695652173914,1.3255813953488371,0.9855855855855856
8228,Nathaniel Phillips,Liverpool,rain,6,13,451.0,1067.0,0.02655840105069448,0.15541799724339428,0.0,0.16869728209934395,1.8333333333333333,2.3846153846153846,0.422680412371134
8228,Nathaniel Phillips,Liverpool,cold,6,13,348.0,1170.0,0.19570574726395562,0.09376345460231483,0.25862068965517243,0.07692307692307693,2.1666666666666665,2.230769230769231,0.29743589743589743
8235,Jeremy Ngakia,Watford,rain,7,14,423.0,914.0,0.018548553294323828,0.08663226629218138,0.0,0.0,0.8571428571428571,0.5,0.462800875273523
8235,Jeremy Ngakia,Watford,cold,12,9,737.0,600.0,0.10422772912402083,0.01702015511691567,0.0,0.0,0.6666666666666666,0.5555555555555556,0.8141112618724559
8239,Takumi Minamino,Southampton,rain,6,34,284.0,1115.0,0.3470524529021391,0.4696518352981907,0.0,0.484304932735426,2.6666666666666665,1.7352941176470589,0.2547085201793722
8239,Takumi Minamino,Southampton,cold,15,25,518.0,881.0,0.40400964776089976,0.4687261015227514,0.5212355212355212,0.3064699205448354,2.3333333333333335,1.6,0.5879682179341658
8252,Nicolás Domínguez,Nottingham Forest,rain,7,19,467.0,1076.0,0.05753304091395856,0.19343208308681337,0.0,0.33457249070631967,0.2857142857142857,1.1578947368421053,0.4340148698884758
8252,Nicolás Domínguez,Nottingham Forest,cold,10,16,544.0,999.0,0.15071255137787795,0.15316638994861287,0.33088235294117646,0.18018018018018017,1.0,0.875,0.5445445445445446
8260,Erling Haaland,Manchester City,rain,25,41,2026.0,3358.0,1.1936747277686914,1.290374791161992,1.1994076999012833,1.3132817153067302,2.32,2.3658536585365852,0.6033353186420488
8260,Erling Haaland,Manchester City,cold,36,30,3088.0,2296.0,1.3887151082376876,1.0727836641739366,1.2823834196891193,1.254355400696864,2.388888888888889,2.3,0.7435233160621761
8272,João Pedro,Brighton,rain,19,43,1046.0,2613.0,0.4968460948236756,0.6253550418820467,0.6022944550669217,0.3099885189437428,1.263157894736842,0.6744186046511628,0.4003061615001913
8272,João Pedro,Brighton,cold,34,28,1828.0,1831.0,0.7671003778163481,0.41042831729932727,0.4923413566739606,0.2949208083014746,0.9705882352941176,0.7142857142857143,0.9983615510649918
8285,Sander Berge,Burnley,rain,21,45,1675.0,3418.0,0.14007262667613238,0.18455616702560515,0.16119402985074627,0.1053247513165594,0.6666666666666666,0.6888888888888889,0.49005266237565825
8285,Sander Berge,Burnley,cold,31,35,2270.0,2823.0,0.18855333558000653,0.15494812497677127,0.19823788546255508,0.06376195536663125,0.5483870967741935,0.8,0.804109103790294
8286,Jack Robinson,Sheffield United,rain,16,35,1319.0,2952.0,0.07588840090091407,0.09154785004239982,0.06823351023502654,0.06097560975609756,0.1875,0.7428571428571429,0.4468157181571816
8286,Jack Robinson,Sheffield United,cold,21,30,1814.0,2457.0,0.0999478746078243,0.07693960503657984,0.09922822491730982,0.03663003663003663,0.47619047619047616,0.6333333333333333,0.7382987382987383
8287,Mbwana Samatta,Aston Villa,rain,3,11,252.0,710.0,0.25654225277581383,0.2688769563560334,0.0,0.1267605633802817,2.3333333333333335,0.2727272727272727,0.35492957746478876
8287,Mbwana Samatta,Aston Villa,cold,11,3,696.0,266.0,0.17860952764749521,0.49337990778057195,0.0,0.3383458646616541,0.9090909090909091,0.0,0.382183908045977
8288,Tomas Soucek,West Ham United,rain,46,113,3847.0,9401.0,0.2755181348396255,0.24370731180697222,0.16376397192617625,0.25848314009147966,1.326086956521739,1.3805309734513274,0.40921178598021485
8288,Tomas Soucek,West Ham United,cold,78,81,6495.0,6753.0,0.2576245118242282,0.2484435804423254,0.20785219399538105,0.25322079075966236,1.2435897435897436,1.4814814814814814,0.9617947578853843
8291,Daniel Podence,Wolverhampton Wanderers,rain,32,59,1968.0,3294.0,0.3137258552412343,0.3342916033245989,0.3658536585365854,0.2459016393442623,1.21875,1.4067796610169492,0.5974499089253188
8291,Daniel Podence,Wolverhampton Wanderers,cold,41,50,2314.0,2948.0,0.3780994093320883,0.28617604859956763,0.3500432152117545,0.24423337856173674,1.3170731707317074,1.36,0.7849389416553596
8300,Steven Bergwijn,Tottenham Hotspur,rain,19,41,577.0,1857.0,0.508297407609028,0.29961394233349253,0.3119584055459272,0.48465266558966075,2.0,1.7317073170731707,0.31071620893914914
8300,Steven Bergwijn,Tottenham Hotspur,cold,26,34,978.0,1456.0,0.3849003597682604,0.3250261972873256,0.4601226993865031,0.4326923076923077,1.6923076923076923,1.911764705882353,0.6717032967032966
8323,Josh Brownhill,Burnley,rain,32,79,2656.0,6152.0,0.10015721738630205,0.10384491228490036,0.2033132530120482,0.08777633289986997,1.03125,0.9620253164556962,0.4317295188556567
8323,Josh Brownhill,Burnley,cold,45,66,3418.0,5390.0,0.0893382862294196,0.11122694015261021,0.07899356348741954,0.150278293135436,0.7333333333333333,1.1515151515151516,0.6341372912801484
8327,Bruno Guimarães,Newcastle United,rain,23,63,1992.0,5093.0,0.3452490776754826,0.31091759989106493,0.36144578313253006,0.38876889848812096,1.6521739130434783,1.9523809523809523,0.3911250736304732
8327,Bruno Guimarães,Newcastle United,cold,40,46,3517.0,3568.0,0.3935267439417653,0.24865637346736733,0.5117998294000569,0.2522421524663677,2.1,1.673913043478261,0.9857062780269058
8351,Ki-Jana Hoever,Wolverhampton Wanderers,rain,6,14,282.0,590.0,0.0,0.05519794647471378,0.0,0.0,1.0,0.6428571428571429,0.47796610169491527
8351,Ki-Jana Hoever,Wolverhampton Wanderers,cold,7,13,306.0,566.0,0.06777085363864897,0.020899129340379054,0.0,0.0,1.4285714285714286,0.38461538461538464,0.5406360424028268
8379,Alexis Mac Allister,Brighton,rain,41,90,2914.0,6198.0,0.33163955593360206,0.3669812389183338,0.2779684282772821,0.3194578896418199,1.4878048780487805,1.6,0.4701516618263956
8379,Alexis Mac Allister,Brighton,cold,66,65,4493.0,4619.0,0.3064543400486301,0.4035609514976953,0.28043623414199864,0.3312405282528686,1.6363636363636365,1.4923076923076923,0.9727213682615284
8380,Pablo Marí,Arsenal,rain,4,10,360.0,833.0,0.003559124888852225,0.05819090895828792,0.0,0.0,1.75,1.6,0.43217286914765907
8380,Pablo Marí,Arsenal,cold,5,9,383.0,810.0,0.10763790652972907,0.010529622125128889,0.0,0.0,0.6,2.2222222222222223,0.4728395061728395
8384,Armando Broja,Southampton,rain,20,46,695.0,2061.0,0.4947754296092249,0.33651896561272276,0.12949640287769784,0.34934497816593885,1.3,1.391304347826087,0.3372149442018438
8384,Armando Broja,Southampton,cold,32,34,1134.0,1622.0,0.405987776845457,0.35576101896639006,0.3968253968253968,0.2219482120838471,1.3125,1.411764705882353,0.6991368680641183
8430,Chris Richards,Crystal Palace,rain,13,22,941.0,1576.0,0.031839758553616405,0.12156763654745886,0.0,0.11421319796954314,0.9230769230769231,1.5,0.5970812182741116
8430,Chris Richards,Crystal Palace,cold,13,22,687.0,1830.0,0.13908013933252816,0.06885450944060183,0.13100436681222707,0.04918032786885246,1.5384615384615385,1.1363636363636365,0.37540983606557377
8456,Nathan Tella,Southampton,rain,5,28,218.0,1348.0,0.16551940975317705,0.2711097557561952,0.0,0.20029673590504452,1.2,0.8214285714285714,0.16172106824925817
8456,Nathan Tella,Southampton,cold,13,20,509.0,1057.0,0.20369048912831977,0.28179822433228857,0.5304518664047151,0.0,1.0,0.8,0.4815515610217597
8476,Jarrad Branthwaite,Everton,rain,14,31,1162.0,2640.0,0.009293869096086873,0.11335584299575367,0.0,0.13636363636363635,1.6428571428571428,0.8709677419354839,0.4401515151515151
8476,Jarrad Branthwaite,Everton,cold,17,28,1393.0,2409.0,0.01598488224893593,0.1194653218869551,0.0,0.149439601494396,1.1764705882352942,1.0714285714285714,0.5782482357824824
8496,Tommy Doyle,Wolverhampton Wanderers,rain,10,17,302.0,886.0,0.18176986780387677,0.05657939308661431,0.0,0.0,0.7,1.411764705882353,0.34085778781038373
8496,Tommy Doyle,Wolverhampton Wanderers,cold,11,16,296.0,892.0,0.09870753617252441,0.08498476641753792,0.0,0.0,1.5454545454545454,0.875,0.33183856502242154
8497,Cole Palmer,Chelsea,rain,18,34,1024.0,2075.0,1.0523794777236617,0.8675559585532511,0.966796875,0.9975903614457832,2.2777777777777777,1.9705882352941178,0.49349397590361443
8497,Cole Palmer,Chelsea,cold,30,22,1612.0,1487.0,0.8627445321407623,1.0000477561372676,0.7258064516129032,1.2710154673839946,2.066666666666667,2.090909090909091,0.9224565756823822
8562,Luke Thomas,Leicester City,rain,20,48,1606.0,3565.0,0.061328792213874,0.09566613295615803,0.05603985056039851,0.05049088359046284,1.1,1.0208333333333333,0.45049088359046285
8562,Luke Thomas,Leicester City,cold,29,39,2250.0,2921.0,0.062207495868205995,0.1025597187883333,0.04,0.06162273194111605,1.0689655172413792,1.0256410256410255,0.7702841492639507
8635,Sven Botman,Newcastle United,rain,15,38,1135.0,3389.0,0.08081939899350311,0.11915795092285995,0.0,0.10622602537621717,1.4666666666666666,1.868421052631579,0.3349070522277958
8635,Sven Botman,Newcastle United,cold,26,27,2152.0,2372.0,0.14595138875864525,0.07650460578692826,0.08364312267657992,0.07588532883642496,2.0384615384615383,1.4814814814814814,0.9072512647554806
8646,Wout Faes,Leicester City,rain,13,18,1170.0,1620.0,0.10319716053513377,0.01832730235118003,0.15384615384615385,0.05555555555555555,1.1538461538461537,0.9444444444444444,0.7222222222222222
8646,Wout Faes,Leicester City,cold,13,18,1170.0,1620.0,0.06439555407716675,0.0463506847930451,0.15384615384615385,0.05555555555555555,1.3846153846153846,0.7777777777777778,0.7222222222222222
8666,Cheick Oumar Doucoure,Crystal Palace,rain,21,24,1733.0,2018.0,0.06355165383540438,0.12215811841381842,0.05193306405077899,0.08919722497522299,1.0952380952380953,1.375,0.8587710604558969
8666,Cheick Oumar Doucoure,Crystal Palace,cold,28,17,2403.0,1348.0,0.0886092391492945,0.10661876660243821,0.03745318352059925,0.13353115727002968,1.3928571428571428,1.0,0.5609654598418643
8706,Eberechi Eze,Crystal Palace,rain,42,70,2983.0,4938.0,0.3647335646396169,0.42362355932939616,0.45256453234998323,0.4738760631834751,1.1666666666666667,1.3285714285714285,0.6040907249898745
8706,Eberechi Eze,Crystal Palace,cold,48,64,3547.0,4374.0,0.4738017619034254,0.3427705783761056,0.45672399210600506,0.4732510288065843,1.5,1.09375,0.8109282121627801
8715,Illan Meslier,Leeds United,rain,32,75,2856.0,6750.0,0.003131892837333576,0.0,0.0,0.0,1.0625,1.16,0.4231111111111111
8715,Illan Meslier,Leeds United,cold,37,70,3330.0,6276.0,0.0011404675205011622,0.0008200970522874163,0.0,0.0,0.8378378378378378,1.2857142857142858,0.5305927342256214
8716,Luke Ayling,Leeds United,rain,28,65,2286.0,5420.0,0.18746387345467022,0.12612600433829194,0.11811023622047244,0.06642066420664207,0.8928571428571429,1.2153846153846153,0.4217712177121771
8716,Luke Ayling,Leeds United,cold,26,67,1870.0,5836.0,0.17944871103341242,0.13306652991748408,0.1443850267379679,0.061686086360520906,0.6153846153846154,1.3134328358208955,0.32042494859492804
8717,Pascal Struijk,Leeds United,rain,25,60,1826.0,4516.0,0.12699113379927252,0.11562521074072805,0.09857612267250822,0.059787422497785646,0.96,1.2166666666666666,0.40434012400354297
8717,Pascal Struijk,Leeds United,cold,34,51,2459.0,3883.0,0.12823787842047385,0.11298282744956327,0.10980073200488003,0.04635591037857327,0.8823529411764706,1.3137254901960784,0.6332732423383981
8718,Stuart Dallas,Leeds United,rain,19,53,1710.0,4631.0,0.13666189055105568,0.1780230266367242,0.052631578947368425,0.2137767220902613,1.105263157894737,1.3584905660377358,0.3692507017922695
8718,Stuart Dallas,Leeds United,cold,17,55,1512.0,4829.0,0.13958590387898895,0.17541159298652798,0.11904761904761904,0.18637399047421824,1.0,1.3818181818181818,0.3131083039966867
8719,Kalvin Phillips,Leeds United,rain,24,49,1436.0,3230.0,0.21953935012439246,0.07320882771567844,0.06267409470752089,0.08359133126934984,1.7916666666666667,1.6122448979591837,0.44458204334365325
8719,Kalvin Phillips,Leeds United,cold,28,45,1735.0,2931.0,0.06550703611579163,0.14946035914001035,0.1037463976945245,0.061412487205731836,1.5,1.7777777777777777,0.5919481405663596
8720,Jack Harrison,Leeds United,rain,39,97,3090.0,7463.0,0.4408601206248101,0.3107259892706942,0.4368932038834951,0.3376658180356425,1.2820512820512822,1.1030927835051547,0.41404261021037114
8720,Jack Harrison,Leeds United,cold,43,93,3143.0,7410.0,0.26857786842408804,0.3828698502295473,0.3436207445116131,0.3765182186234818,0.9069767441860465,1.2688172043010753,0.4241565452091768
8721,Jamie Shackleton,Leeds United,rain,6,21,191.0,947.0,0.06778983643073683,0.014982396213548235,0.0,0.0,0.5,1.2857142857142858,0.2016895459345301
8721,Jamie Shackleton,Leeds United,cold,11,16,554.0,584.0,0.02027275983835923,0.027234724352825177,0.0,0.0,1.0,1.1875,0.9486301369863014
8722,Ezgjan Alioski,Leeds United,rain,10,26,632.0,1843.0,0.08829592397035672,0.21776434818886084,0.0,0.24416711882799783,1.1,1.8461538461538463,0.34291915355398805
8722,Ezgjan Alioski,Leeds United,cold,4,32,163.0,2312.0,0.5242804770409328,0.16076340826283042,0.0,0.19463667820069205,1.75,1.625,0.07050173010380623
8756,Dara O&#039;Shea,Burnley,rain,19,42,1555.0,3442.0,0.04936000232815357,0.04922199659893707,0.11575562700964631,0.13073794305636258,0.8947368421052632,0.5238095238095238,0.4517722254503196
8756,Dara O&#039;Shea,Burnley,cold,17,44,1430.0,3567.0,0.02041772710667413,0.06082970735948308,0.1258741258741259,0.1261564339781329,0.11764705882352941,0.8409090909090909,0.40089711241940007
8757,Romaine Sawyers,West Bromwich Albion,rain,3,16,238.0,1257.0,0.0,0.05958447495124217,0.0,0.0,0.3333333333333333,0.5625,0.18933969769291964
8757,Romaine Sawyers,West Bromwich Albion,cold,6,13,369.0,1126.0,0.011321000027947269,0.06280660391065618,0.0,0.0,0.16666666666666666,0.6923076923076923,0.327708703374778
8776,Wes Foderingham,Sheffield United,rain,12,18,1024.0,1620.0,0.005716780797229146,0.0,0.0,0.0,0.08333333333333333,0.6666666666666666,0.6320987654320988
8776,Wes Foderingham,Sheffield United,cold,13,17,1170.0,1474.0,0.0050034047319338845,0.0,0.0,0.0,0.07692307692307693,0.7058823529411765,0.7937584803256446
8777,Vitinha,Wolverhampton Wanderers,rain,5,14,44.0,456.0,0.27852094986221987,0.24648947512583894,2.0454545454545454,0.0,2.0,0.6428571428571429,0.09649122807017543
8777,Vitinha,Wolverhampton Wanderers,cold,5,14,170.0,330.0,0.2686524871627196,0.23934302919290265,0.0,0.2727272727272727,1.2,0.9285714285714286,0.5151515151515151
8778,Fabio Silva,Wolverhampton Wanderers,rain,17,45,643.0,1513.0,0.4045455096489395,0.5186982762489544,0.0,0.4163912756113682,0.8823529411764706,1.2444444444444445,0.4249834765366821
8778,Fabio Silva,Wolverhampton Wanderers,cold,23,39,617.0,1539.0,0.4311671784537054,0.5060968847063025,0.1458670988654781,0.3508771929824561,1.0,1.2307692307692308,0.400909681611436
8780,Joël Veltman,Brighton,rain,40,80,3156.0,5784.0,0.09510896783038801,0.08898229399576194,0.08555133079847908,0.07780082987551867,1.475,1.25,0.5456431535269709
8780,Joël Veltman,Brighton,cold,49,71,3621.0,5319.0,0.06971697448795255,0.1057327178648835,0.09942004971002485,0.0676818950930626,1.4489795918367347,1.2394366197183098,0.6807670614777214
8786,Stefan Ortega Moreno,Manchester City,rain,6,6,533.0,363.0,0.0,0.0,0.0,0.0,2.3333333333333335,2.6666666666666665,0.6810506566604128
8786,Stefan Ortega Moreno,Manchester City,cold,6,6,471.0,425.0,0.0,0.0,0.0,0.0,2.6666666666666665,2.3333333333333335,0.9023354564755839
8808,Wataru Endo,Liverpool,rain,7,22,375.0,1343.0,0.11193059742450709,0.09816109877542954,0.0,0.06701414743112435,2.2857142857142856,2.1818181818181817,0.27922561429635145
8808,Wataru Endo,Liverpool,cold,13,16,682.0,1036.0,0.02405610511794988,0.1519286351343149,0.0,0.08687258687258688,2.1538461538461537,2.25,0.6583011583011583
8816,Liam Cooper,Leeds United,rain,16,48,1424.0,4000.0,0.027689479390849887,0.07747188059147445,0.06320224719101124,0.045,1.0625,1.1666666666666667,0.356
8816,Liam Cooper,Leeds United,cold,27,37,2325.0,3099.0,0.05451805603600315,0.07181763818482113,0.03870967741935484,0.05808325266214908,0.9629629629629629,1.2702702702702702,0.750242013552759
8821,Donny van de Beek,Manchester United,rain,15,27,382.0,807.0,0.7321839743532748,0.05421433158108063,0.9424083769633509,0.0,1.2,1.7407407407407407,0.47335811648079307
8821,Donny van de Beek,Manchester United,cold,13,29,156.0,1033.0,0.6317529461991327,0.21770743870456757,1.1538461538461537,0.17424975798644723,1.0,1.793103448275862,0.1510164569215876
8831,Iyenoma Destiny Udogie,Tottenham Hotspur,rain,4,24,337.0,2100.0,0.11228165282516872,0.2118818886311991,0.0,0.2142857142857143,2.25,1.875,0.16047619047619047
8831,Iyenoma Destiny Udogie,Tottenham Hotspur,cold,13,15,1114.0,1323.0,0.19237734063041914,0.20293463769109069,0.16157989228007183,0.20408163265306123,2.076923076923077,1.8,0.8420256991685563
8845,Hee-Chan Hwang,Wolverhampton Wanderers,rain,31,55,1931.0,3144.0,0.23649598167970937,0.44636384228543013,0.2796478508544795,0.5438931297709924,0.7419354838709677,1.5818181818181818,0.6141857506361323
8845,Hee-Chan Hwang,Wolverhampton Wanderers,cold,44,42,2250.0,2825.0,0.4810265234857797,0.27530335678793155,0.64,0.2867256637168142,1.1818181818181819,1.380952380952381,0.7964601769911505
8852,Konstantinos Tsimikas,Liverpool,rain,13,35,448.0,1843.0,0.06889885790379977,0.2795815870127419,0.0,0.4395008138903961,1.4615384615384615,2.085714285714286,0.24308193163320674
8852,Konstantinos Tsimikas,Liverpool,cold,29,19,1462.0,829.0,0.1771763777080031,0.34632531845148995,0.24623803009575923,0.5428226779252111,2.103448275862069,1.631578947368421,0.56703146374829
8858,Guglielmo Vicario,Tottenham Hotspur,rain,8,30,720.0,2700.0,0.0,0.0,0.0,0.0,2.25,1.6,0.26666666666666666
8858,Guglielmo Vicario,Tottenham Hotspur,cold,19,19,1710.0,1710.0,0.0,0.0,0.0,0.0,1.894736842105263,1.5789473684210527,1.0
8859,Mikkel Damsgaard,Brentford,rain,12,37,586.0,1174.0,0.38370616978778155,0.3888498849649572,0.0,0.15332197614991483,1.8333333333333333,1.0,0.4991482112436116
8859,Mikkel Damsgaard,Brentford,cold,25,24,1026.0,734.0,0.4810215008298033,0.25590397900970246,0.08771929824561403,0.12261580381471389,1.36,1.0416666666666667,0.7153996101364523
8864,Matthew Cash,Aston Villa,rain,29,92,2304.0,7435.0,0.09963996457372556,0.15831614785627898,0.0390625,0.15736381977135172,1.7241379310344827,1.4021739130434783,0.30988567585743104
8864,Matthew Cash,Aston Villa,cold,54,67,4413.0,5326.0,0.13572857715189454,0.15164867193353126,0.16315431679129844,0.10138941043935411,1.3888888888888888,1.5522388059701493,0.8285767930904995
8865,Ollie Watkins,Aston Villa,rain,34,112,2872.0,9828.0,0.5208033621038795,0.6194252383318685,0.5327298050139275,0.6227106227106227,1.8823529411764706,1.4107142857142858,0.2922262922262922
8865,Ollie Watkins,Aston Villa,cold,59,87,5067.0,7633.0,0.5694771994097195,0.6154745878263981,0.586145648312611,0.6131272107952312,1.3559322033898304,1.632183908045977,0.6638281147648369
8905,Conor Townsend,West Bromwich Albion,rain,5,20,450.0,1787.0,0.22078280188143254,0.11923189028976641,0.0,0.10072747621712368,1.6,0.6,0.2518186905428092
8905,Conor Townsend,West Bromwich Albion,cold,7,18,630.0,1607.0,0.1303352879892502,0.14331575442515843,0.14285714285714285,0.056004978220286245,0.42857142857142855,0.9444444444444444,0.39203484754200374
8918,Max Lowe,Sheffield United,rain,8,10,438.0,615.0,0.19781627641250824,0.03867859434245562,0.0,0.0,0.125,1.0,0.7121951219512195
8918,Max Lowe,Sheffield United,cold,5,13,316.0,737.0,0.003701030141143481,0.14825147769971167,0.0,0.0,0.0,0.8461538461538461,0.4287652645861601
8923,Ivo Grbic,Sheffield United,rain,5,4,416.0,360.0,0.0,0.0,0.0,0.0,0.2,0.5,0.8653846153846154
8923,Ivo Grbic,Sheffield United,cold,2,7,180.0,596.0,0.0,0.0,0.0,0.0,0.5,0.2857142857142857,0.30201342281879195
8934,Trincão,Wolverhampton Wanderers,rain,6,22,213.0,1146.0,0.48110142533837896,0.3102068191989085,0.8450704225352113,0.07853403141361257,0.6666666666666666,1.3636363636363635,0.18586387434554974
8934,Trincão,Wolverhampton Wanderers,cold,11,17,679.0,680.0,0.41878111026797094,0.25532241842216424,0.1325478645066274,0.2647058823529412,0.9090909090909091,1.411764705882353,0.9985294117647059
8940,Antonee Robinson,Fulham,rain,35,65,2998.0,5538.0,0.04997521620542005,0.10625284105611968,0.03002001334222815,0.09750812567713976,1.2285714285714286,1.123076923076923,0.5413506681112314
8940,Antonee Robinson,Fulham,cold,42,58,3711.0,4825.0,0.0608082642220111,0.10623719449217761,0.024252223120452707,0.11191709844559584,1.2142857142857142,1.1206896551724137,0.7691191709844559
8941,Jacob Ramsey,Aston Villa,rain,26,81,1682.0,4903.0,0.23367788661470662,0.3023129009324301,0.267538644470868,0.312053844584948,1.8846153846153846,1.4320987654320987,0.34305527228227617
8941,Jacob Ramsey,Aston Villa,cold,42,65,2757.0,3828.0,0.271128322361635,0.29461483119295023,0.2611534276387378,0.329153605015674,1.2857142857142858,1.7076923076923076,0.7202194357366771
8942,Aaron Hickey,Brentford,rain,12,23,891.0,1816.0,0.040180585488225465,0.03875548194371784,0.10101010101010102,0.0,1.4166666666666667,1.3478260869565217,0.4906387665198238
8942,Aaron Hickey,Brentford,cold,25,10,2038.0,669.0,0.04105165595292925,0.03365856808330442,0.04416094210009813,0.0,1.36,1.4,0.3282630029440628
8961,Rúben Dias,Manchester City,rain,35,82,2958.0,6851.0,0.1319291195822747,0.10738044798155583,0.060851926977687626,0.06568384177492337,2.4,2.4390243902439024,0.4317617866004963
8961,Rúben Dias,Manchester City,cold,53,64,4489.0,5320.0,0.12357036207401555,0.10736887772476536,0.020049008687903765,0.10150375939849625,2.2830188679245285,2.546875,0.843796992481203
8965,Vladimir Coufal,West Ham United,rain,36,89,3137.0,7431.0,0.17073745545086524,0.14714113245261354,0.14344915524386356,0.16955995155429957,1.3611111111111112,1.4382022471910112,0.4221504508141569
8965,Vladimir Coufal,West Ham United,cold,56,69,4754.0,5814.0,0.13876197470385745,0.16672423895125507,0.17038283550694153,0.15479876160990713,1.1964285714285714,1.5942028985507246,0.8176814585483316
8966,Filip Krovinovic,West Bromwich Albion,rain,1,10,9.0,528.0,0.0,0.06606082225599404,0.0,0.0,1.0,0.5,0.017045454545454544
8966,Filip Krovinovic,West Bromwich Albion,cold,5,6,343.0,194.0,0.05909104082114316,0.07531900592532347,0.0,0.0,0.4,0.6666666666666666,0.565597667638484
8970,Sékou Mara,Southampton,rain,8,14,190.0,320.0,0.33560165086467003,0.3939012308546806,0.9473684210526315,0.28125,0.5,0.8571428571428571,0.59375
8970,Sékou Mara,Southampton,cold,14,8,329.0,181.0,0.45867969194217645,0.21495629220336496,0.547112462006079,0.49723756906077343,0.6428571428571429,0.875,0.5501519756838906
8973,Lorenz Assignon,Burnley,rain,6,9,449.0,800.0,0.16726211995251458,0.1855491769267246,0.40089086859688194,0.1125,0.6666666666666666,0.7777777777777778,0.56125
8973,Lorenz Assignon,Burnley,cold,6,9,490.0,759.0,0.04482008777178668,0.26558391355979344,0.0,0.3557312252964427,0.16666666666666666,1.1111111111111112,0.6455862977602108
8981,Jéremy Doku,Manchester City,rain,8,21,503.0,1113.0,0.521610884169935,0.5119147565406608,0.3578528827037773,0.7277628032345014,2.125,2.4761904761904763,0.4519317160826595
8981,Jéremy Doku,Manchester City,cold,12,17,648.0,968.0,0.5357767765720685,0.5009793879633601,0.5555555555555556,0.6508264462809917,2.3333333333333335,2.411764705882353,0.6694214876033058
8992,Hakim Ziyech,Chelsea,rain,25,39,1270.0,1846.0,0.5137711899413719,0.45448507077362327,0.4251968503937008,0.4387865655471289,1.72,1.358974358974359,0.6879739978331527
8992,Hakim Ziyech,Chelsea,cold,25,39,783.0,2333.0,0.33575157774077047,0.5266075295767799,0.574712643678161,0.3857693956279469,1.28,1.641025641025641,0.33561937419631377
9017,Malo Gusto,Chelsea,rain,7,20,356.0,1398.0,0.5005897943642033,0.3365444162532751,0.25280898876404495,0.3218884120171674,2.2857142857142856,1.65,0.25464949928469244
9017,Malo Gusto,Chelsea,cold,16,11,1066.0,688.0,0.37121502500845155,0.36770907566384514,0.33771106941838647,0.2616279069767442,1.5625,2.1818181818181817,0.6454033771106942
9021,Pape Sarr,Tottenham Hotspur,rain,12,33,745.0,1596.0,0.11906178633138634,0.3107931846192568,0.12080536912751677,0.3383458646616541,2.0,1.606060606060606,0.4667919799498747
9021,Pape Sarr,Tottenham Hotspur,cold,24,21,1361.0,980.0,0.27792983126609655,0.21067801338373393,0.19838354151359294,0.3673469387755102,1.7916666666666667,1.619047619047619,0.7200587803085966
9040,Conor Gallagher,Chelsea,rain,36,100,2696.0,7457.0,0.2992032565665638,0.25936209325052556,0.23367952522255192,0.28966072146975996,1.3611111111111112,1.21,0.36153949309373745
9040,Conor Gallagher,Chelsea,cold,65,71,4697.0,5456.0,0.3343132663615743,0.21452450457703634,0.2874175005322546,0.26392961876832843,1.323076923076923,1.1830985915492958,0.8608870967741935
9077,James Trafford,Burnley,rain,7,21,630.0,1890.0,0.0,0.0,0.0,0.0,0.5714285714285714,0.47619047619047616,0.3333333333333333
9077,James Trafford,Burnley,cold,12,16,1080.0,1440.0,0.0,0.0,0.0,0.0,0.4166666666666667,0.5625,0.75
9086,Rhys Williams,Liverpool,rain,2,7,93.0,568.0,0.0,0.12286985345499613,0.0,0.0,1.5,2.7142857142857144,0.1637323943661972
9086,Rhys Williams,Liverpool,cold,1,8,90.0,571.0,0.0455790981650352,0.11504020652816922,0.0,0.0,3.0,2.375,0.15761821366024517
9098,Robert Sánchez,Brighton,rain,30,73,2700.0,6568.0,0.0,0.009069361065454262,0.0,0.0,1.3,1.36986301369863,0.4110840438489647
9098,Robert Sánchez,Brighton,cold,46,57,4140.0,5128.0,0.014388300356981545,0.0,0.0,0.0,1.3478260869565217,1.3508771929824561,0.8073322932917316
9154,Elliot Anderson,Newcastle United,rain,9,35,352.0,1001.0,0.42627487918997004,0.3494877512050377,0.5113636363636364,0.0899100899100899,1.3333333333333333,1.9142857142857144,0.3516483516483517
9154,Elliot Anderson,Newcastle United,cold,28,16,1024.0,329.0,0.4357478149904636,0.16316180510905,0.263671875,0.0,1.8571428571428572,1.6875,0.3212890625
9156,Kevin Schade,Brentford,rain,8,21,289.0,730.0,0.13500819027836344,0.5982483572849672,0.31141868512110726,0.3698630136986301,2.375,1.3333333333333333,0.3958904109589041
9156,Kevin Schade,Brentford,cold,16,13,610.0,409.0,0.3912572815220375,0.5796374720783134,0.29508196721311475,0.4400977995110024,1.6875,1.5384615384615385,0.6704918032786885
9163,Kean Bryan,Sheffield United,rain,4,9,360.0,652.0,0.12399614788591856,0.11857108130159737,0.0,0.13803680981595093,0.75,0.6666666666666666,0.5521472392638037
9163,Kean Bryan,Sheffield United,cold,1,12,90.0,922.0,0.5502456147223711,0.07855190121752577,0.0,0.09761388286334056,0.0,0.75,0.09761388286334056
9205,Jayden Bogle,Sheffield United,rain,19,31,1542.0,2384.0,0.10102693564059201,0.1407267379374462,0.058365758754863814,0.15100671140939598,0.21052631578947367,0.7741935483870968,0.6468120805369127
9205,Jayden Bogle,Sheffield United,cold,13,37,937.0,2989.0,0.18164304569125045,0.1074193858106266,0.192102454642476,0.09033121445299432,0.07692307692307693,0.7297297297297297,0.31348277015724324
9284,Jakub Moder,Brighton,rain,13,44,701.0,2237.0,0.2677774330476211,0.25639402539796946,0.0,0.1206973625391149,1.3076923076923077,1.2272727272727273,0.3133661153330353
9284,Jakub Moder,Brighton,cold,24,33,1164.0,1774.0,0.24438849751136651,0.26876956272740105,0.07731958762886598,0.10146561443066515,1.4166666666666667,1.121212121212121,0.6561443066516347
9290,Mbaye Diagne,West Bromwich Albion,rain,5,11,415.0,790.0,0.2742668219718588,0.680041337338618,0.2168674698795181,0.45569620253164556,1.6,0.6363636363636364,0.5253164556962026
9290,Mbaye Diagne,West Bromwich Albion,cold,2,14,147.0,1058.0,0.9288249354885548,0.48631013430908515,0.0,0.42533081285444235,0.5,1.0,0.1389413988657845
9301,Emmanuel Dennis,Watford,rain,20,32,1240.0,2077.0,0.4857678858022535,0.2755109588653709,0.7258064516129032,0.4333172845450169,0.7,0.375,0.5970149253731343
9301,Emmanuel Dennis,Watford,cold,25,27,1513.0,1804.0,0.3015645393782885,0.3981825343008977,0.5948446794448117,0.4988913525498892,0.48,0.5185185185185185,0.8386917960088692
9339,Joe Gelhardt,Leeds United,rain,9,26,277.0,600.0,0.3432695557521353,0.9406816321425139,0.0,0.9,0.8888888888888888,0.6538461538461539,0.46166666666666667
9339,Joe Gelhardt,Leeds United,cold,18,17,425.0,452.0,0.6205722210161825,0.8755563103915314,0.4235294117647058,0.7964601769911505,0.7222222222222222,0.7058823529411765,0.9402654867256637
9356,Carney Chukwuemeka,Chelsea,rain,12,25,271.0,553.0,0.14718384801571655,0.38934130302443415,0.0,0.488245931283906,1.75,1.32,0.49005424954792043
9356,Carney Chukwuemeka,Chelsea,cold,20,17,593.0,231.0,0.32110157747820484,0.2804299910830985,0.30354131534569984,0.38961038961038963,1.15,1.8235294117647058,0.38954468802698144
9453,Moisés Caicedo,Brighton,rain,27,53,2169.0,4536.0,0.09358085266843866,0.10499756804497408,0.08298755186721991,0.11904761904761904,1.7777777777777777,1.7358490566037736,0.4781746031746032
9453,Moisés Caicedo,Brighton,cold,45,35,3721.0,2984.0,0.10876220943432752,0.09200457667048027,0.14512227895726953,0.06032171581769437,1.6666666666666667,1.8571428571428572,0.8019349637194303
9487,Maxime Estève,Burnley,rain,6,10,533.0,781.0,0.040670168755565485,0.0014172086465946297,0.0,0.0,0.6666666666666666,0.8,0.6824583866837388
9487,Maxime Estève,Burnley,cold,6,10,470.0,844.0,0.009466857253078428,0.021723479846871976,0.0,0.0,0.16666666666666666,1.1,0.556872037914692
9492,Crysencio Summerville,Leeds United,rain,13,21,615.0,900.0,0.32954064238725633,0.3102433344349264,0.14634146341463414,0.5,0.7692307692307693,0.9047619047619048,0.6833333333333333
9492,Crysencio Summerville,Leeds United,cold,19,15,712.0,803.0,0.2923592425663065,0.340880093838588,0.5056179775280899,0.22415940224159403,0.5263157894736842,1.2666666666666666,0.8866749688667497
9493,Sam Greenwood,Leeds United,rain,11,14,286.0,309.0,0.2596915037846647,0.41483385108628307,0.3146853146853147,1.1650485436893205,1.0,0.9285714285714286,0.9255663430420712
9493,Sam Greenwood,Leeds United,cold,12,13,322.0,273.0,0.272521673707488,0.4201591616639722,0.0,1.6483516483516485,1.0,0.9230769230769231,0.8478260869565217
9501,Fabio Carvalho,Liverpool,rain,3,14,26.0,559.0,0.9267078569302192,0.4012912129300224,3.4615384615384617,0.3220035778175313,2.3333333333333335,1.1428571428571428,0.046511627906976744
9501,Fabio Carvalho,Liverpool,cold,14,3,483.0,102.0,0.3996566275817266,0.5429611880989635,0.5590062111801242,0.0,1.6428571428571428,0.0,0.2111801242236025
9512,Valentino Livramento,Southampton,rain,15,41,944.0,2552.0,0.15898662702164656,0.15799059502657814,0.0,0.10579937304075236,1.2666666666666666,1.4390243902439024,0.36990595611285265
9512,Valentino Livramento,Southampton,cold,23,33,1431.0,2065.0,0.17014945956802213,0.15002009577453854,0.06289308176100629,0.08716707021791767,1.434782608695652,1.3636363636363635,0.6929782082324455
9524,Anthony Elanga,Nottingham Forest,rain,21,54,1265.0,2948.0,0.35805673443752783,0.5089581448501392,0.2845849802371542,0.4884667571234735,1.0952380952380953,1.462962962962963,0.4291044776119403
9524,Anthony Elanga,Nottingham Forest,cold,29,46,1533.0,2680.0,0.5163088106639581,0.43352573631859526,0.46966731898238745,0.40298507462686567,1.5172413793103448,1.2608695652173914,0.5720149253731344
9556,William Osula,Sheffield United,rain,7,14,148.0,621.0,0.4448889251294973,0.20861931091201472,0.0,0.0,0.0,0.42857142857142855,0.23832528180354268
9556,William Osula,Sheffield United,cold,4,17,272.0,497.0,0.06642623626462674,0.35679721676367865,0.0,0.0,0.0,0.35294117647058826,0.5472837022132797
9619,Issa Kabore,Luton Town,rain,6,18,498.0,1250.0,0.3074562990566692,0.1260662598162889,0.18072289156626503,0.07200000000000001,0.8333333333333334,0.5,0.3984
9619,Issa Kabore,Luton Town,cold,10,14,760.0,988.0,0.302217482981321,0.08199471116880412,0.11842105263157894,0.09109311740890688,0.7,0.5,0.7692307692307693
9630,Kamaldeen Sulemana,Southampton,rain,6,12,392.0,558.0,0.27290396808114425,0.3092561890521356,0.4591836734693877,0.16129032258064516,0.6666666666666666,0.5,0.7025089605734767
9630,Kamaldeen Sulemana,Southampton,cold,8,10,315.0,635.0,0.5175737839724335,0.18347648350800574,0.8571428571428572,0.0,0.625,0.5,0.49606299212598426
9662,Dango Ouattara,Bournemouth,rain,20,29,1123.0,1331.0,0.36763621910490946,0.380571079681817,0.16028495102404275,0.33809166040571,0.8,1.6896551724137931,0.8437265214124718
9662,Dango Ouattara,Bournemouth,cold,21,28,1096.0,1358.0,0.248609265001545,0.4763768974003081,0.0,0.4639175257731959,1.0,1.5714285714285714,0.8070692194403535
9667,Amadou Onana,Everton,rain,19,44,1513.0,3109.0,0.1480894413901651,0.22077249363663873,0.05948446794448116,0.11579285944033452,1.2105263157894737,1.0,0.48665165648118364
9667,Amadou Onana,Everton,cold,31,32,2424.0,2198.0,0.1970916574055531,0.19685661054984938,0.07425742574257425,0.12283894449499545,1.2258064516129032,0.90625,0.9067656765676567
9676,David Raya,Brentford,rain,33,61,2970.0,5490.0,0.001242303035475991,0.004296596787992069,0.0,0.0,1.696969696969697,1.819672131147541,0.5409836065573771
9676,David Raya,Brentford,cold,52,42,4680.0,3780.0,0.002633653867703217,0.0039556762647061094,0.0,0.0,1.7307692307692308,1.8333333333333333,0.8076923076923077
9677,Kristoffer Ajer,Brentford,rain,16,45,1173.0,3465.0,0.10840601942804462,0.15511284850828058,0.07672634271099744,0.15584415584415584,0.9375,1.288888888888889,0.3385281385281385
9677,Kristoffer Ajer,Brentford,cold,31,30,2358.0,2280.0,0.15361017874577118,0.1326374909595439,0.11450381679389314,0.15789473684210525,1.3225806451612903,1.0666666666666667,0.9669211195928753
9678,Ethan Pinnock,Brentford,rain,27,64,2229.0,5693.0,0.08988490471087425,0.14884800784978225,0.040376850605652756,0.09485332864921833,1.4074074074074074,1.28125,0.3915334621464957
9678,Ethan Pinnock,Brentford,cold,41,50,3441.0,4481.0,0.1612487008004289,0.10999517559363382,0.10462074978204011,0.060254407498326265,1.4634146341463414,1.2,0.7679089488953359
9679,Rico Henry,Brentford,rain,26,50,2141.0,4316.0,0.14247990070221464,0.12983142969045747,0.08407286314806164,0.08341056533827618,1.2307692307692308,1.46,0.49606116774791476
9679,Rico Henry,Brentford,cold,42,34,3620.0,2837.0,0.1377007413259321,0.12933564834246802,0.0994475138121547,0.06344730348960169,1.4285714285714286,1.3235294117647058,0.7837016574585636
9680,Vitaly Janelt,Brentford,rain,33,71,2481.0,5190.0,0.16977556522804993,0.17532338228916497,0.10882708585247883,0.15606936416184972,1.3333333333333333,1.295774647887324,0.47803468208092487
9680,Vitaly Janelt,Brentford,cold,51,53,3836.0,3835.0,0.15608096851678843,0.19098173042533445,0.14077163712200208,0.1408083441981747,1.411764705882353,1.2075471698113207,0.9997393117831074
9681,Frank Onyeka,Brentford,rain,17,50,800.0,2203.0,0.1762797206290997,0.22131412212673063,0.225,0.12256014525646845,1.5294117647058822,1.2,0.3631411711302769
9681,Frank Onyeka,Brentford,cold,39,28,1515.0,1488.0,0.2525630382507449,0.16528614556356783,0.1782178217821782,0.12096774193548387,1.4615384615384615,1.0357142857142858,0.9821782178217822
9683,Mads Bech Sørensen,Brentford,rain,6,9,334.0,520.0,0.08078502468809393,0.019712301974113156,0.0,0.0,1.3333333333333333,1.7777777777777777,0.6423076923076924
9683,Mads Bech Sørensen,Brentford,cold,12,3,673.0,181.0,0.039521099897143024,0.05875632619660198,0.0,0.0,1.75,1.0,0.2689450222882615
9685,Mads Roerslev,Brentford,rain,20,55,1260.0,3078.0,0.08091835012393339,0.16226065680057852,0.07142857142857142,0.11695906432748537,1.7,1.309090909090909,0.4093567251461988
9685,Mads Roerslev,Brentford,cold,32,43,1618.0,2720.0,0.145622003323897,0.1344775814008351,0.11124845488257107,0.09926470588235294,1.5625,1.302325581395349,0.5948529411764706
9689,Albert Sambi Lokonga,Luton Town,rain,20,31,1279.0,1909.0,0.121710472510861,0.0993765651352309,0.14073494917904614,0.09429020429544265,1.6,1.1290322580645162,0.6699842849659507
9689,Albert Sambi Lokonga,Luton Town,cold,24,27,1333.0,1855.0,0.08155759637763149,0.12758020550574892,0.06751687921980495,0.14555256064690028,1.5416666666666667,1.1111111111111112,0.7185983827493262
9691,Nuno Tavares,Arsenal,rain,10,20,636.0,973.0,0.17625517137172922,0.18479144426573824,0.0,0.18499486125385406,1.9,1.45,0.6536485097636177
9691,Nuno Tavares,Arsenal,cold,20,10,997.0,612.0,0.1541444029726289,0.22584704983541187,0.09027081243731194,0.14705882352941177,1.65,1.5,0.6138415245737212
9710,Armel Bella Kotchap,Southampton,rain,5,19,435.0,1455.0,0.033641669770766935,0.15901555009570315,0.0,0.12371134020618557,0.8,0.6842105263157895,0.29896907216494845
9710,Armel Bella Kotchap,Southampton,cold,17,7,1260.0,630.0,0.09785503614693877,0.19476889872125214,0.07142857142857142,0.14285714285714285,0.7058823529411765,0.7142857142857143,0.5
9733,Nathan Collins,Brentford,rain,26,51,1881.0,4225.0,0.10345090608419984,0.11039876642488163,0.04784688995215312,0.06390532544378698,1.1923076923076923,1.0196078431372548,0.445207100591716
9733,Nathan Collins,Brentford,cold,40,37,3322.0,2784.0,0.09900294196069202,0.11930250333911127,0.027092113184828417,0.09698275862068965,0.925,1.2432432432432432,0.8380493678506924
9734,Enock Mwepu,Brighton,rain,8,16,393.0,821.0,0.19089386961956048,0.35943511669295997,0.22900763358778628,0.6577344701583434,2.0,1.875,0.47868453105968334
9734,Enock Mwepu,Brighton,cold,17,7,696.0,518.0,0.22208476543490735,0.4161129822832277,0.12931034482758622,1.0424710424710424,1.8235294117647058,2.142857142857143,0.7442528735632183
9738,Patson Daka,Leicester City,rain,24,29,966.0,1362.0,0.7657818286245839,0.36395560773622876,0.9316770186335404,0.39647577092511016,1.0,0.9655172413793104,0.7092511013215859
9738,Patson Daka,Leicester City,cold,29,24,1225.0,1103.0,0.6392256661337248,0.4101553428597268,0.8081632653061225,0.40797824116047143,1.0689655172413792,0.875,0.9004081632653061
9739,Kiernan Dewsbury-Hall,Leicester City,rain,23,36,1729.0,2706.0,0.17389987632546067,0.19652822476186,0.05205320994794679,0.19955654101995565,1.0,1.3611111111111112,0.638950480413895
9739,Kiernan Dewsbury-Hall,Leicester City,cold,27,32,2027.0,2408.0,0.15734771247282361,0.21326181444763337,0.1332017760236803,0.14950166112956811,1.3333333333333333,1.125,0.8417774086378738
9740,José Sá,Wolverhampton Wanderers,rain,35,73,3082.0,6490.0,0.01153527261625243,0.0,0.029201817001946784,0.0,0.9428571428571428,1.36986301369863,0.474884437596302
9740,José Sá,Wolverhampton Wanderers,cold,50,58,4461.0,5111.0,0.00796944859970634,0.0,0.020174848688634835,0.0,1.1,1.3448275862068966,0.8728233222461358
9745,Dimitris Giannoulis,Norwich City,rain,6,12,412.0,758.0,0.024676208601342228,0.06286232814556449,0.0,0.11873350923482849,1.0,0.6666666666666666,0.5435356200527705
9745,Dimitris Giannoulis,Norwich City,cold,10,8,692.0,478.0,0.03117597430427637,0.07582106372286952,0.0,0.18828451882845187,0.5,1.125,0.6907514450867052
9748,Jacob Sørensen,Norwich City,rain,4,6,290.0,305.0,0.00838843440829678,0.04856016193745566,0.0,0.0,1.5,0.16666666666666666,0.9508196721311475
9748,Jacob Sørensen,Norwich City,cold,4,6,229.0,366.0,0.014594934360168904,0.03798157213347366,0.0,0.0,0.25,1.0,0.6256830601092896
9788,Dominik Szoboszlai,Liverpool,rain,9,24,595.0,1540.0,0.3877086944627661,0.3865044438401115,0.3025210084033614,0.17532467532467533,2.0,2.1666666666666665,0.38636363636363635
9788,Dominik Szoboszlai,Liverpool,cold,16,17,1138.0,997.0,0.4777466152796295,0.2830770998303903,0.23725834797891038,0.18054162487462388,2.0625,2.176470588235294,0.8760984182776801
9790,Josko Gvardiol,Manchester City,rain,6,22,540.0,1795.0,0.3036180554578701,0.16925290740071725,0.33333333333333337,0.15041782729805014,2.1666666666666665,2.590909090909091,0.3008356545961003
9790,Josko Gvardiol,Manchester City,cold,14,14,1135.0,1200.0,0.29492955856714476,0.11084805813152337,0.31718061674008813,0.07500000000000001,2.642857142857143,2.357142857142857,0.9458333333333333
9833,Andrew Omobamidele,Nottingham Forest,rain,3,13,200.0,951.0,0.009265271108597505,0.02925326336727531,0.0,0.0946372239747634,0.3333333333333333,0.7692307692307693,0.2103049421661409
9833,Andrew Omobamidele,Nottingham Forest,cold,7,9,541.0,610.0,0.03988887698091769,0.013267254487412863,0.16635859519408502,0.0,1.1428571428571428,0.3333333333333333,0.8868852459016393
9892,Matias Viña,Bournemouth,rain,4,8,123.0,330.0,0.02681361011615612,0.23843020539392124,0.0,0.5454545454545454,0.0,1.875,0.37272727272727274
9892,Matias Viña,Bournemouth,cold,7,5,367.0,86.0,0.11958271965425084,0.44294399664152495,0.24523160762942778,1.0465116279069768,1.2857142857142858,1.2,0.23433242506811988
9897,Gonzalo Montiel,Nottingham Forest,rain,5,9,304.0,505.0,0.042342740037527506,0.3041929340746143,0.0,0.3564356435643564,1.0,1.4444444444444444,0.601980198019802
9897,Gonzalo Montiel,Nottingham Forest,cold,9,5,425.0,384.0,0.04846726051148245,0.37992458062944934,0.0,0.46875,1.3333333333333333,1.2,0.9035294117647059
9912,Cameron Archer,Sheffield United,rain,17,22,974.0,947.0,0.29172980112790503,0.5360100500840288,0.09240246406570843,0.3801478352692714,0.23529411764705882,1.0454545454545454,0.9722792607802875
9912,Cameron Archer,Sheffield United,cold,20,19,739.0,1182.0,0.3016237532329292,0.48125752122590526,0.2435723951285521,0.22842639593908629,0.75,0.631578947368421,0.6252115059221658
9913,Aaron Ramsey,Burnley,rain,3,11,106.0,410.0,0.09022589280920199,0.15086283480248797,0.0,0.0,0.0,0.45454545454545453,0.25853658536585367
9913,Aaron Ramsey,Burnley,cold,7,7,289.0,227.0,0.16803495611698976,0.10068548277086091,0.0,0.0,0.5714285714285714,0.14285714285714285,0.7854671280276817
9914,Shandon Baptiste,Brentford,rain,22,33,537.0,1143.0,0.3560593267434468,0.12236350677966126,0.33519553072625696,0.15748031496062992,1.1818181818181819,1.1515151515151516,0.46981627296587924
9914,Shandon Baptiste,Brentford,cold,29,26,831.0,849.0,0.1255873588018038,0.2670226755548702,0.0,0.4240282685512367,1.4827586206896552,0.8076923076923077,0.9787985865724381
9948,Michael Olise,Crystal Palace,rain,29,53,2025.0,3155.0,0.3945185769763257,0.5217971769818318,0.5333333333333333,0.6846275752773376,1.103448275862069,1.3773584905660377,0.6418383518225039
9948,Michael Olise,Crystal Palace,cold,36,46,2193.0,2987.0,0.4971906150883591,0.4535758931590116,0.8618331053351573,0.4519584867760295,1.5,1.108695652173913,0.734181452962839
9983,Beto,Everton,rain,10,20,296.0,602.0,1.1185941659543361,0.7000050923873691,0.0,0.4485049833887043,2.0,0.8,0.49169435215946844
9983,Beto,Everton,cold,8,22,287.0,611.0,0.7162873156024759,0.8951431737508496,0.0,0.44189852700491,1.25,1.1818181818181819,0.469721767594108
10004,Romeo Lavia,Southampton,rain,10,20,835.0,1455.0,0.03788224918890496,0.026565798452680853,0.0,0.061855670103092786,0.5,0.9,0.5738831615120275
10004,Romeo Lavia,Southampton,cold,18,12,1354.0,936.0,0.030862395658516784,0.03044575972195999,0.06646971935007386,0.0,0.8333333333333334,0.6666666666666666,0.691285081240768
10012,Jakub Kiwior,Arsenal,rain,10,17,322.0,1057.0,0.05796300640665226,0.1722210213231837,0.2795031055900621,0.34058656575212864,2.3,2.5294117647058822,0.304635761589404
10012,Jakub Kiwior,Arsenal,cold,12,15,737.0,642.0,0.1888773543317897,0.09579298669629005,0.36635006784260515,0.2803738317757009,2.1666666666666665,2.6666666666666665,0.8710990502035278
10041,Yasser Larouci,Sheffield United,rain,6,5,275.0,256.0,0.17132650041444725,0.016024843353079618,0.0,0.0,0.16666666666666666,0.2,0.9309090909090909
10041,Yasser Larouci,Sheffield United,cold,8,3,393.0,138.0,0.05815499128048652,0.20552344883427665,0.0,0.0,0.125,0.3333333333333333,0.3511450381679389
10048,Nicolas Jackson,Chelsea,rain,7,28,584.0,2234.0,1.0308640216451699,0.7434922568550069,0.7705479452054794,0.5640107430617726,1.8571428571428572,1.5714285714285714,0.26141450313339304
10048,Nicolas Jackson,Chelsea,cold,20,15,1577.0,1241.0,0.7219171180574668,0.9061426231089761,0.45656309448319593,0.7977437550362612,1.6,1.6666666666666667,0.7869372225745086
10050,Micky van de Ven,Tottenham Hotspur,rain,5,22,405.0,1940.0,0.06341219610638088,0.033446471370065324,0.2222222222222222,0.09278350515463918,2.4,1.7272727272727273,0.20876288659793815
10050,Micky van de Ven,Tottenham Hotspur,cold,18,9,1620.0,725.0,0.053939092697368726,0.0043955361534809174,0.16666666666666669,0.0,2.0,1.5555555555555556,0.44753086419753085
10072,Samuel Edozie,Southampton,rain,4,13,185.0,355.0,0.4178776477237005,0.13758108612727105,0.0,0.0,0.0,0.38461538461538464,0.5211267605633803
10072,Samuel Edozie,Southampton,cold,11,6,244.0,296.0,0.2350396682034994,0.23242895730544585,0.0,0.0,0.18181818181818182,0.5,0.8243243243243243
10097,Przemyslaw Placheta,Norwich City,rain,4,8,99.0,414.0,0.547593193636699,0.08304938997911362,0.0,0.0,0.75,0.125,0.2391304347826087
10097,Przemyslaw Placheta,Norwich City,cold,4,8,114.0,399.0,0.01890181514777629,0.21664001677829509,0.0,0.0,0.0,0.5,0.2857142857142857
10120,Conor Bradley,Liverpool,rain,1,10,12.0,764.0,0.0,0.3362557247125041,0.0,0.47120418848167545,3.0,2.3,0.015706806282722512
10120,Conor Bradley,Liverpool,cold,4,7,255.0,521.0,0.28009412043234877,0.3559987964877239,0.3529411764705882,0.5182341650671786,2.5,2.2857142857142856,0.4894433781190019
10126,James McAtee,Sheffield United,rain,14,19,839.0,1024.0,0.33590951261773294,0.2834244780297012,0.3218116805721096,0.263671875,0.2857142857142857,1.0526315789473684,0.8193359375
10126,James McAtee,Sheffield United,cold,10,23,458.0,1405.0,0.09755677208060384,0.3753549786304451,0.0,0.3843416370106762,0.4,0.8695652173913043,0.32597864768683277
10140,Hugo Bueno,Wolverhampton Wanderers,rain,15,28,834.0,1192.0,0.10570467154917523,0.1002105289676395,0.1079136690647482,0.0,0.5333333333333333,1.3928571428571428,0.6996644295302014
10140,Hugo Bueno,Wolverhampton Wanderers,cold,23,20,913.0,1113.0,0.1071048486949253,0.09867198539350551,0.09857612267250822,0.0,0.8260869565217391,1.4,0.8203054806828391
10177,Evan Ferguson,Brighton,rain,13,34,543.0,1791.0,0.3252832364105716,0.45271508985353465,0.49723756906077343,0.5527638190954774,1.9230769230769231,1.3529411764705883,0.30318257956448913
10177,Evan Ferguson,Brighton,cold,20,27,968.0,1366.0,0.5789136927582569,0.31263035776619935,0.743801652892562,0.3953147877013177,1.6,1.4444444444444444,0.7086383601756955
10187,Jarell Quansah,Liverpool,rain,5,12,369.0,813.0,0.2669568273534136,0.04513151428191422,0.24390243902439024,0.11070110701107011,3.0,2.0833333333333335,0.45387453874538747
10187,Jarell Quansah,Liverpool,cold,7,10,468.0,714.0,0.25642288741297453,0.02127882226237225,0.38461538461538464,0.0,2.4285714285714284,2.3,0.6554621848739496
10216,Lewis Hall,Newcastle United,rain,11,16,623.0,794.0,0.30460473688178796,0.23283326996007098,0.0,0.11335012594458438,0.9090909090909091,1.375,0.7846347607052897
10216,Lewis Hall,Newcastle United,cold,15,12,985.0,432.0,0.3165179076722733,0.14552830640847475,0.09137055837563453,0.0,1.4,0.9166666666666666,0.4385786802030457
10290,Edo Kayembe,Watford,rain,6,7,410.0,383.0,0.10036031447532698,0.023612216256033602,0.0,0.0,0.16666666666666666,0.2857142857142857,0.9341463414634147
10290,Edo Kayembe,Watford,cold,6,7,441.0,352.0,0.03373255097896463,0.10032713857733387,0.0,0.0,0.16666666666666666,0.2857142857142857,0.7981859410430839
10291,Vitalii Mykolenko,Everton,rain,23,52,1756.0,4436.0,0.12402958062144336,0.07125468462759353,0.10250569476082004,0.02028854824165915,1.1304347826086956,1.0769230769230769,0.3958521190261497
10291,Vitalii Mykolenko,Everton,cold,32,43,2708.0,3484.0,0.09347961195146157,0.08057948777689483,0.03323485967503693,0.05166475315729047,1.40625,0.8604651162790697,0.7772675086107922
10292,Nathan Patterson,Everton,rain,12,27,620.0,1631.0,0.26805048577126955,0.09726064211153894,0.14516129032258066,0.0551808706315144,1.0833333333333333,0.8148148148148148,0.3801348865726548
10292,Nathan Patterson,Everton,cold,22,17,1503.0,748.0,0.16429850865088536,0.1041213234757038,0.059880239520958084,0.12032085561497326,0.9090909090909091,0.8823529411764706,0.4976713240186294
10293,Toti,Wolverhampton Wanderers,rain,19,37,1403.0,2719.0,0.07268987972414118,0.07327482681796801,0.0,0.16550202280250093,0.9473684210526315,1.5945945945945945,0.5159985288709085
10293,Toti,Wolverhampton Wanderers,cold,25,31,1792.0,2330.0,0.052713272052642396,0.08873646860630469,0.10044642857142856,0.11587982832618027,1.2,1.5161290322580645,0.769098712446352
10386,Anel Ahmedhodzic,Sheffield United,rain,15,16,1300.0,1346.0,0.09563954567106868,0.20283336747011493,0.06923076923076923,0.06686478454680535,0.13333333333333333,0.5625,0.9658246656760773
10386,Anel Ahmedhodzic,Sheffield United,cold,13,18,1170.0,1476.0,0.1065898870046322,0.18471202858519262,0.0,0.12195121951219512,0.15384615384615385,0.5,0.7926829268292683
10405,Josh Dasilva,Brentford,rain,18,30,533.0,1099.0,0.25616884629956777,0.210149878291947,0.6754221388367729,0.1637852593266606,1.3333333333333333,1.4333333333333333,0.48498635122838946
10405,Josh Dasilva,Brentford,cold,27,21,882.0,750.0,0.2518138460510847,0.1938571988046169,0.40816326530612246,0.24,1.5555555555555556,1.1904761904761905,0.8503401360544217
10408,Luis Díaz,Liverpool,rain,18,49,1088.0,3577.0,0.60532482837409,0.6040321039528005,0.4136029411764706,0.5283757338551859,2.0,2.2653061224489797,0.30416550181716523
10408,Luis Díaz,Liverpool,cold,37,30,2621.0,2044.0,0.5630304186524258,0.6572962435529205,0.44639450591377333,0.5724070450097847,1.972972972972973,2.466666666666667,0.7798550171690195
10527,Carlos Baleba,Brighton,rain,6,21,204.0,1099.0,0.042241092442589605,0.09201817839466592,0.0,0.0,2.3333333333333335,0.7142857142857143,0.18562329390354868
10527,Carlos Baleba,Brighton,cold,14,13,677.0,626.0,0.10415684015653812,0.06266929732915305,0.0,0.0,1.1428571428571428,1.0,0.9246676514032496
10536,Tetê,Leicester City,rain,5,8,309.0,447.0,0.0841632382311288,0.393389413420786,0.0,0.20134228187919462,0.8,0.875,0.6912751677852349
10536,Tetê,Leicester City,cold,3,10,136.0,620.0,0.11733151260105999,0.29982971403026765,0.0,0.14516129032258066,0.3333333333333333,1.0,0.21935483870967742
10552,Alejandro Garnacho,Manchester United,rain,16,41,560.0,2607.0,0.7771777449774423,0.5511918276016813,0.6428571428571428,0.4142692750287687,1.5,1.7073170731707317,0.21480629075565785
10552,Alejandro Garnacho,Manchester United,cold,24,33,1177.0,1990.0,0.6271595605977429,0.569854185387642,0.5352591333899746,0.40703517587939697,1.5,1.7575757575757576,0.5914572864321608
10620,Luca Koleosho,Burnley,rain,2,13,166.0,849.0,0.05611465233995248,0.38984328857211675,0.0,0.21201413427561835,0.0,0.5384615384615384,0.1955241460541814
10620,Luca Koleosho,Burnley,cold,10,5,652.0,363.0,0.30430592050878724,0.3908664576155095,0.13803680981595093,0.24793388429752067,0.4,0.6,0.5567484662576687
10697,Ryan Gravenberch,Liverpool,rain,8,18,257.0,859.0,0.4490769920501031,0.15956222520961183,0.35019455252918286,0.0,1.875,2.388888888888889,0.2991850989522701
10697,Ryan Gravenberch,Liverpool,cold,14,12,441.0,675.0,0.26785019100928786,0.19904415433605505,0.0,0.13333333333333333,2.0,2.5,0.6533333333333333
10700,Matt Turner,Nottingham Forest,rain,3,14,270.0,1260.0,0.0,0.0,0.0,0.0,0.3333333333333333,1.1428571428571428,0.21428571428571427
10700,Matt Turner,Nottingham Forest,cold,9,8,810.0,720.0,0.0,0.0,0.0,0.0,1.0,1.0,0.8888888888888888
10715,João Palhinha,Fulham,rain,31,37,2731.0,3135.0,0.10906488038885942,0.10770600270390791,0.09886488465763456,0.14354066985645933,1.3870967741935485,1.1891891891891893,0.8711323763955343
10715,João Palhinha,Fulham,cold,36,32,3146.0,2720.0,0.07563137025107583,0.14616846176795656,0.14303877940241577,0.09926470588235294,1.3333333333333333,1.21875,0.8645899554990464
10716,Manor Solomon,Fulham,rain,12,12,339.0,391.0,0.28081332168550077,0.3759222845439715,0.5309734513274336,0.9207161125319694,1.25,1.6666666666666667,0.8670076726342711
10716,Manor Solomon,Fulham,cold,14,10,362.0,368.0,0.40622570901820987,0.25849897457468923,0.49723756906077343,0.9782608695652174,1.7142857142857142,1.1,0.9836956521739131
10717,Rodrigo Muniz,Fulham,rain,11,15,479.0,1123.0,0.45610553007533994,0.5964843179443428,0.1878914405010438,0.7212822796081922,1.0,1.0666666666666667,0.42653606411398043
10717,Rodrigo Muniz,Fulham,cold,11,15,466.0,1136.0,0.5406808728040415,0.560184111999033,0.19313304721030042,0.7130281690140845,1.0,1.0666666666666667,0.4102112676056338
10720,Darwin Núñez,Liverpool,rain,18,47,1010.0,2729.0,1.2403323250997922,1.0302910925468962,0.8910891089108911,0.6925613777940638,2.0555555555555554,2.0638297872340425,0.37009893733968485
10720,Darwin Núñez,Liverpool,cold,33,32,1599.0,2140.0,1.235854938385159,0.9758261651557948,1.0694183864915574,0.5046728971962616,2.0606060606060606,2.0625,0.747196261682243
10723,Stefan Bajcetic,Liverpool,rain,3,9,180.0,377.0,0.38105059834197164,0.2261670463686359,0.0,0.23872679045092837,1.6666666666666667,2.3333333333333335,0.47745358090185674
10723,Stefan Bajcetic,Liverpool,cold,2,10,41.0,516.0,0.0,0.29816682981110587,0.0,0.1744186046511628,3.0,2.0,0.07945736434108527
10740,Jordan Zemura,Bournemouth,rain,7,12,607.0,858.0,0.24579038232859515,0.08716405867566385,0.0,0.1048951048951049,1.1428571428571428,0.8333333333333334,0.7074592074592074
10740,Jordan Zemura,Bournemouth,cold,13,6,948.0,517.0,0.10422120905257289,0.24212730799871904,0.09493670886075949,0.0,1.2307692307692308,0.3333333333333333,0.5453586497890295
10741,Marcus Tavernier,Bournemouth,rain,17,36,1113.0,2820.0,0.38391395627628916,0.40004499530063026,0.3234501347708895,0.3829787234042553,1.588235294117647,1.25,0.3946808510638298
10741,Marcus Tavernier,Bournemouth,cold,30,23,2238.0,1695.0,0.3040558929447753,0.5161923490695457,0.28150134048257375,0.47787610619469023,1.1333333333333333,1.6521739130434783,0.7573726541554959
10743,Kieffer Moore,Bournemouth,rain,10,25,449.0,900.0,0.6300214694642808,0.39397356305271386,0.6013363028953229,0.2,1.3,0.68,0.4988888888888889
10743,Kieffer Moore,Bournemouth,cold,26,9,933.0,416.0,0.47927056687773234,0.45744328759610653,0.3858520900321543,0.21634615384615385,0.8846153846153846,0.7777777777777778,0.44587352625937837
10744,Ryan Christie,Bournemouth,rain,24,45,1584.0,3247.0,0.2554079373790458,0.24098892873746816,0.11363636363636365,0.13858946720049276,1.1666666666666667,1.1555555555555554,0.4878349245457345
10744,Ryan Christie,Bournemouth,cold,39,30,2698.0,2133.0,0.22133884574524815,0.27655181368883647,0.13343217197924387,0.12658227848101267,0.9230769230769231,1.4666666666666666,0.7905856189770201
10746,Jaidon Anthony,Bournemouth,rain,10,23,410.0,947.0,0.25268809620018406,0.15132555322585875,0.43902439024390244,0.1900739176346357,0.8,0.9565217391304348,0.43294614572333684
10746,Jaidon Anthony,Bournemouth,cold,20,13,637.0,720.0,0.1967421786280661,0.16886479244567446,0.42386185243328095,0.125,0.95,0.8461538461538461,0.8847222222222222
10750,Rasmus Kristensen,Leeds United,rain,8,18,630.0,1334.0,0.09005652381373301,0.097679091949781,0.2857142857142857,0.13493253373313344,1.125,0.7777777777777778,0.47226386806596704
10750,Rasmus Kristensen,Leeds United,cold,18,8,1554.0,410.0,0.09450087280634745,0.09801259103072124,0.11583011583011582,0.43902439024390244,0.7222222222222222,1.25,0.26383526383526384
10751,Brenden Aaronson,Leeds United,rain,12,24,649.0,1766.0,0.26004854460549637,0.27678355304598123,0.27734976887519264,0.10192525481313704,0.9166666666666666,0.8333333333333334,0.3674971687429219
10751,Brenden Aaronson,Leeds United,cold,20,16,1356.0,1059.0,0.30405734463767925,0.2316048166189585,0.19911504424778761,0.08498583569405099,0.7,1.0625,0.7809734513274337
10756,Joe Worrall,Nottingham Forest,rain,15,22,1170.0,1480.0,0.051948210654350416,0.061676326019034985,0.0,0.060810810810810814,0.9333333333333333,1.3636363636363635,0.7905405405405406
10756,Joe Worrall,Nottingham Forest,cold,23,14,1700.0,950.0,0.04932381311321959,0.07179988071714576,0.0,0.09473684210526316,1.3043478260869565,1.0,0.5588235294117647
10757,Scott McKenna,Nottingham Forest,rain,9,16,646.0,1342.0,0.017886998235671858,0.07789930697924688,0.0,0.0,0.8888888888888888,1.0,0.481371087928465
10757,Scott McKenna,Nottingham Forest,cold,18,7,1590.0,398.0,0.05106895062018113,0.08767899331735007,0.0,0.0,0.8888888888888888,1.1428571428571428,0.25031446540880503
10758,Harry Toffolo,Nottingham Forest,rain,16,26,1003.0,1358.0,0.14366510133830046,0.13251200156486612,0.0,0.2650957290132548,0.625,1.1538461538461537,0.7385861561119293
10758,Harry Toffolo,Nottingham Forest,cold,19,23,879.0,1482.0,0.043434082393760134,0.1928939516486426,0.10238907849829351,0.18218623481781376,1.2105263157894737,0.7391304347826086,0.5931174089068826
10759,Lewis O&#039;Brien,Nottingham Forest,rain,6,7,326.0,246.0,0.1114749427930526,0.07262575644545433,0.27607361963190186,0.0,1.0,0.8571428571428571,0.754601226993865
10759,Lewis O&#039;Brien,Nottingham Forest,cold,10,3,500.0,72.0,0.10460462674498554,0.026450750883668626,0.18,0.0,0.8,1.3333333333333333,0.144
10760,Brennan Johnson,Nottingham Forest,rain,25,48,1815.0,3487.0,0.42565387709081665,0.599683191040213,0.396694214876033,0.46458273587611126,1.28,1.2291666666666667,0.5205047318611987
10760,Brennan Johnson,Nottingham Forest,cold,38,35,2766.0,2536.0,0.511700836507252,0.571093280874604,0.2928416485900217,0.6033123028391167,1.236842105263158,1.2571428571428571,0.9168474331164136
10765,Gavin Bazunu,Southampton,rain,10,22,900.0,1980.0,0.0,0.0019471636888655727,0.0,0.0,0.4,0.9090909090909091,0.45454545454545453
10765,Gavin Bazunu,Southampton,cold,19,13,1710.0,1170.0,0.002254610587107505,0.0,0.0,0.0,0.8421052631578947,0.6153846153846154,0.6842105263157895
10766,Joe Ayodele-Aribo,Southampton,rain,6,15,254.0,970.0,0.29116778832486295,0.20601528940587926,0.3543307086614173,0.09278350515463918,0.16666666666666666,0.7333333333333333,0.2618556701030928
10766,Joe Ayodele-Aribo,Southampton,cold,18,3,1109.0,115.0,0.24221920027885482,0.04495961607798279,0.1623083859332732,0.0,0.6666666666666666,0.0,0.1036970243462579
10802,Lisandro Martínez,Manchester United,rain,13,25,1044.0,1735.0,0.030963358083932548,0.02297897029786184,0.17241379310344826,0.0,1.3846153846153846,2.08,0.6017291066282421
10802,Lisandro Martínez,Manchester United,cold,21,17,1645.0,1134.0,0.007238086499839918,0.05316367461567832,0.0547112462006079,0.07936507936507936,1.9523809523809523,1.7058823529411764,0.6893617021276596
10803,Tyrell Malacia,Manchester United,rain,7,15,376.0,1000.0,0.040284502022760946,0.06722926083952188,0.0,0.0,1.8571428571428572,2.066666666666667,0.376
10803,Tyrell Malacia,Manchester United,cold,12,10,845.0,531.0,0.05580182025242133,0.06633464310128807,0.0,0.0,2.0,2.0,0.6284023668639053
10804,Deniz Undav,Brighton,rain,10,12,282.0,312.0,1.246129074629317,0.8108187051346668,0.6382978723404256,0.8653846153846154,1.8,1.0833333333333333,0.9038461538461539
10804,Deniz Undav,Brighton,cold,15,7,425.0,169.0,0.7946620502892661,1.577825228843463,1.0588235294117647,0.0,1.3333333333333333,1.5714285714285714,0.3976470588235294
10805,Levi Colwill,Chelsea,rain,11,29,709.0,2317.0,0.05355501127112734,0.14702377696173888,0.12693935119887165,0.11652999568407424,1.7272727272727273,1.5517241379310345,0.3059991368148468
10805,Levi Colwill,Chelsea,cold,23,17,1723.0,1303.0,0.13461338653425384,0.11257538696320715,0.1567034242600116,0.06907137375287797,1.391304347826087,1.8823529411764706,0.7562391178177598
10806,Kaoru Mitoma,Brighton,rain,17,35,1123.0,2665.0,0.6594078397695124,0.5444333467975007,0.4808548530721282,0.43902439024390244,1.7058823529411764,1.5142857142857142,0.4213883677298311
10806,Kaoru Mitoma,Brighton,cold,29,23,1855.0,1933.0,0.69096297625141,0.4706122878065888,0.4366576819407008,0.46559751681324363,1.5862068965517242,1.565217391304348,0.9596482152095189
10807,Jan Paul van Hecke,Brighton,rain,8,28,646.0,2007.0,0.10417279836378598,0.08422535063172666,0.0,0.0,1.875,1.2142857142857142,0.3218734429496761
10807,Jan Paul van Hecke,Brighton,cold,17,19,1218.0,1435.0,0.07368177661828215,0.10215435717060171,0.0,0.0,1.6470588235294117,1.105263157894737,0.848780487804878
10808,Daniel Iversen,Leicester City,rain,5,7,450.0,630.0,0.0,0.0,0.0,0.0,1.0,0.7142857142857143,0.7142857142857143
10808,Daniel Iversen,Leicester City,cold,6,6,540.0,540.0,0.0,0.0,0.0,0.0,1.0,0.6666666666666666,1.0
10809,Keane Lewis-Potter,Brentford,rain,11,29,503.0,1236.0,0.5707140309480621,0.6636096369836804,0.17892644135188865,0.29126213592233013,1.2727272727272727,1.0,0.406957928802589
10809,Keane Lewis-Potter,Brentford,cold,20,20,786.0,953.0,0.7181654190146969,0.5695830530253437,0.11450381679389314,0.3777544596012592,1.15,1.0,0.8247639034627492
10822,Wilson Odobert,Burnley,rain,10,19,786.0,1364.0,0.28434590422299516,0.2961543369956336,0.22900763358778628,0.19794721407624635,0.8,0.47368421052631576,0.5762463343108505
10822,Wilson Odobert,Burnley,cold,10,19,763.0,1387.0,0.363337297827435,0.25250471387093404,0.23591087811271297,0.1946647440519106,0.2,0.7894736842105263,0.5501081470800289
10845,Flynn Downes,West Ham United,rain,10,11,326.0,412.0,0.033981289623156614,0.05500029410841391,0.0,0.0,1.4,1.0,0.7912621359223301
10845,Flynn Downes,West Ham United,cold,11,10,544.0,194.0,0.03320238683098813,0.08080372759669092,0.0,0.0,0.9090909090909091,1.5,0.35661764705882354
10846,Julián Álvarez,Manchester City,rain,22,45,1220.0,2878.0,0.75441365946298,0.618250718100166,0.7377049180327869,0.5628908964558722,2.272727272727273,2.488888888888889,0.42390548992355803
10846,Julián Álvarez,Manchester City,cold,35,32,1916.0,2182.0,0.5907973220196625,0.7184888002967187,0.6106471816283925,0.6186984417965169,2.342857142857143,2.5,0.8780934922089826
10847,Rico Lewis,Manchester City,rain,14,16,667.0,1039.0,0.08679855651204013,0.3080824460507988,0.0,0.17324350336862368,2.0714285714285716,2.4375,0.641963426371511
10847,Rico Lewis,Manchester City,cold,16,14,860.0,846.0,0.23852297977739295,0.2043292388082184,0.20930232558139533,0.0,2.375,2.142857142857143,0.9837209302325581
10864,Marcos Senesi,Bournemouth,rain,22,40,1674.0,3087.0,0.1321260826361756,0.1273471329350339,0.3225806451612903,0.1457725947521866,1.0,1.025,0.5422740524781341
10864,Marcos Senesi,Bournemouth,cold,32,30,2345.0,2416.0,0.033697886348787384,0.22155551250641606,0.15351812366737738,0.26076158940397354,0.71875,1.3333333333333333,0.9706125827814569
10866,Luis Sinisterra,Leeds United,rain,14,25,554.0,1007.0,0.8221903421482346,0.2956523395179518,0.8122743682310469,0.3574975173783515,1.3571428571428572,0.84,0.5501489572989077
10866,Luis Sinisterra,Leeds United,cold,17,22,837.0,724.0,0.36241821063462115,0.6213692170490628,0.4301075268817204,0.6215469613259669,0.7058823529411765,1.2727272727272727,0.8649940262843488
10872,Vinicius Souza,Sheffield United,rain,15,21,1225.0,1451.0,0.0321920012332955,0.052336432703409305,0.0,0.06202618883528601,0.13333333333333333,0.6666666666666666,0.8442453480358374
10872,Vinicius Souza,Sheffield United,cold,14,22,975.0,1701.0,0.0188359605005154,0.05703133678743762,0.0,0.05291005291005291,0.14285714285714285,0.6363636363636364,0.5731922398589065
10913,André Onana,Manchester United,rain,7,31,630.0,2790.0,0.0,0.004249614212782148,0.0,0.0,1.4285714285714286,1.6129032258064515,0.22580645161290322
10913,André Onana,Manchester United,cold,19,19,1710.0,1710.0,0.0,0.006933581084012979,0.0,0.0,1.4210526315789473,1.736842105263158,1.0
10945,Santiago Bueno,Wolverhampton Wanderers,rain,2,10,180.0,637.0,0.0866945832967758,0.0024749038907665574,0.0,0.0,0.0,1.1,0.282574568288854
10945,Santiago Bueno,Wolverhampton Wanderers,cold,6,6,391.0,426.0,0.0439425544036776,0.0,0.0,0.0,1.1666666666666667,0.6666666666666666,0.9178403755868545
11000,Matheus Nunes,Wolverhampton Wanderers,rain,17,36,1122.0,2202.0,0.09298978694639894,0.2342863844032589,0.08021390374331551,0.12261580381471389,1.0,1.8055555555555556,0.5095367847411444
11000,Matheus Nunes,Wolverhampton Wanderers,cold,28,25,1826.0,1498.0,0.2251818753842178,0.13955344122713886,0.09857612267250822,0.12016021361815754,1.0357142857142858,2.12,0.8203723986856517
11003,Ryan Yates,Nottingham Forest,rain,21,40,1269.0,2540.0,0.1658746129866187,0.1450541878786436,0.2127659574468085,0.03543307086614173,0.7619047619047619,1.15,0.4996062992125984
11003,Ryan Yates,Nottingham Forest,cold,33,28,2250.0,1559.0,0.17135780863463876,0.1240394173597413,0.12,0.05772931366260423,1.1818181818181819,0.8214285714285714,0.6928888888888889
11007,Fábio Vieira,Arsenal,rain,15,18,344.0,401.0,0.5444020973951664,0.7563052567980828,0.7848837209302325,0.6733167082294265,2.3333333333333335,2.0555555555555554,0.85785536159601
11007,Fábio Vieira,Arsenal,cold,19,14,481.0,264.0,0.8603767561968297,0.2905739005655049,1.1226611226611227,0.0,2.3684210526315788,1.9285714285714286,0.5488565488565489
11055,Rasmus Højlund,Manchester United,rain,7,23,498.0,1712.0,0.7151755026306015,0.3764564862744621,0.5421686746987953,0.4731308411214953,1.4285714285714286,1.6521739130434783,0.2908878504672897
11055,Rasmus Højlund,Manchester United,cold,16,14,1161.0,1049.0,0.35805793002594344,0.5576221621084826,0.3875968992248062,0.6005719733079123,1.3125,1.9285714285714286,0.9035314384151594
11058,Julio Enciso,Brighton,rain,7,25,281.0,993.0,0.9251863085184233,0.6570567641395997,1.281138790035587,0.36253776435045315,1.5714285714285714,1.56,0.28298086606243705
11058,Julio Enciso,Brighton,cold,19,13,965.0,309.0,0.6628775747174426,0.8827115206536158,0.5595854922279793,0.5825242718446603,1.4210526315789473,1.7692307692307692,0.32020725388601035
11094,Antony,Manchester United,rain,11,43,727.0,2443.0,0.5216038948824266,0.40539272478733984,0.12379642365887208,0.25787965616045844,1.8181818181818181,1.5813953488372092,0.29758493655341794
11094,Antony,Manchester United,cold,24,30,1497.0,1673.0,0.43056688187475906,0.43336630966436407,0.30060120240480964,0.16138673042438734,1.5416666666666667,1.7,0.8947997609085475
11155,Wilfried Gnonto,Leeds United,rain,7,17,420.0,924.0,0.26347132798816464,0.3433804874393072,0.2142857142857143,0.487012987012987,0.2857142857142857,0.9411764705882353,0.45454545454545453
11155,Wilfried Gnonto,Leeds United,cold,10,14,487.0,857.0,0.23647603802612432,0.3649681419255852,0.3696098562628337,0.4200700116686114,0.5,0.9285714285714286,0.5682613768961493
11174,Kobbie Mainoo,Manchester United,rain,4,21,357.0,1630.0,0.05333120895533995,0.07769971151202,0.5042016806722689,0.11042944785276074,1.75,1.5238095238095237,0.21901840490797547
11174,Kobbie Mainoo,Manchester United,cold,10,15,845.0,1142.0,0.08304010313996193,0.06613037146092919,0.21301775147928995,0.1576182136602452,1.5,1.6,0.7399299474605955
11269,Jack Hinshelwood,Brighton,rain,4,9,290.0,601.0,0.2619474342670934,0.323134227446629,0.6206896551724138,0.1497504159733777,2.25,0.7777777777777778,0.4825291181364393
11269,Jack Hinshelwood,Brighton,cold,6,7,377.0,514.0,0.4999442023054673,0.15892891510451349,0.23872679045092837,0.35019455252918286,1.0,1.4285714285714286,0.7334630350194552
11295,David Datro Fofana,Burnley,rain,5,13,199.0,742.0,0.7156439831283823,0.5282212226372964,0.0,0.6064690026954178,0.8,0.6153846153846154,0.26819407008086255
11295,David Datro Fofana,Burnley,cold,7,11,272.0,669.0,0.3648820852600585,0.6503817229427296,0.0,0.6726457399103138,0.14285714285714285,1.0,0.40657698056801195
11296,Cody Gakpo,Liverpool,rain,17,39,929.0,2194.0,0.774213520667653,0.5965546893130786,0.581270182992465,0.6563354603463992,2.0,2.128205128205128,0.4234275296262534
11296,Cody Gakpo,Liverpool,cold,25,31,1438.0,1685.0,0.7184580746929321,0.5904704080977496,0.7510431154381085,0.5341246290801187,2.12,2.064516129032258,0.8534124629080119
11297,Carlos Alcaraz,Southampton,rain,6,12,403.0,647.0,0.14395093277244647,0.2876095094903727,0.6699751861042184,0.41731066460587324,0.6666666666666666,0.75,0.6228748068006182
11297,Carlos Alcaraz,Southampton,cold,8,10,503.0,547.0,0.21882650807174012,0.24501982630252617,0.3578528827037773,0.6581352833638026,0.625,0.8,0.9195612431444241
11305,Mykhailo Mudryk,Chelsea,rain,14,32,582.0,1635.0,0.33546779232733326,0.5207335023260717,0.15463917525773196,0.4403669724770642,1.0,1.34375,0.3559633027522936
11305,Mykhailo Mudryk,Chelsea,cold,22,24,963.0,1254.0,0.5024553838003182,0.4487854839217933,0.4672897196261683,0.28708133971291866,1.4090909090909092,1.0833333333333333,0.7679425837320574
11317,Danilo,Nottingham Forest,rain,15,27,965.0,1833.0,0.18120520464458298,0.18270789944367102,0.18652849740932642,0.3436988543371522,0.8,1.2592592592592593,0.5264593562465902
11317,Danilo,Nottingham Forest,cold,16,26,1244.0,1554.0,0.24106011877938427,0.13506294362980537,0.3617363344051447,0.23166023166023164,1.5625,0.8076923076923077,0.8005148005148005
11356,Enzo Fernández,Chelsea,rain,17,29,1404.0,2392.0,0.20024141947476137,0.35108605072285387,0.12820512820512822,0.18812709030100333,1.2352941176470589,1.206896551724138,0.5869565217391305
11356,Enzo Fernández,Chelsea,cold,21,25,1845.0,1951.0,0.29616794003764296,0.2944679328048079,0.04878048780487805,0.2767811378780113,1.0952380952380953,1.32,0.9456688877498719
11357,Noni Madueke,Chelsea,rain,12,23,469.0,1259.0,0.1936194211689393,0.40386472748055446,0.0,0.5718824463860206,1.4166666666666667,1.434782608695652,0.3725178713264496
11357,Noni Madueke,Chelsea,cold,21,14,1093.0,635.0,0.3867633931665985,0.2780170262915881,0.4117108874656908,0.4251968503937008,1.4761904761904763,1.3571428571428572,0.5809698078682525
11362,Facundo Buonanotte,Brighton,rain,9,31,465.0,1496.0,0.22146326255413787,0.3493959010693239,0.1935483870967742,0.30080213903743314,2.2222222222222223,1.032258064516129,0.3108288770053476
11362,Facundo Buonanotte,Brighton,cold,21,19,1069.0,892.0,0.1997416106839398,0.46205482428951905,0.08419083255378859,0.5044843049327354,1.5238095238095237,1.0526315789473684,0.8344246959775491
11363,Antoine Semenyo,Bournemouth,rain,15,29,739.0,1639.0,0.3996284999185227,0.40560776474610044,0.2435723951285521,0.4942037827943868,1.2,1.5172413793103448,0.45088468578401464
11363,Antoine Semenyo,Bournemouth,cold,17,27,895.0,1483.0,0.40111602122723716,0.4053390079974846,0.6033519553072626,0.30343897505057316,1.0588235294117647,1.6296296296296295,0.6035064059339177
11366,Jhon Durán,Aston Villa,rain,9,26,110.0,387.0,0.22129928337579405,0.6272229658396437,0.8181818181818181,0.9302325581395349,2.3333333333333335,1.3846153846153846,0.2842377260981912
11366,Jhon Durán,Aston Villa,cold,17,18,257.0,240.0,0.5309631891824043,0.5442527888808397,1.4007782101167314,0.375,1.3529411764705883,1.8888888888888888,0.933852140077821
11367,Victor Kristiansen,Leicester City,rain,5,7,450.0,452.0,0.11139698177576063,0.045367527126738416,0.0,0.19911504424778761,0.8,1.0,0.995575221238938
11367,Victor Kristiansen,Leicester City,cold,2,10,78.0,824.0,0.032496896500770804,0.08264563851130817,0.0,0.10922330097087378,0.5,1.0,0.09466019417475728
11384,João Gomes,Wolverhampton Wanderers,rain,17,28,1235.0,2105.0,0.09818352241566786,0.0925016945754476,0.0728744939271255,0.12826603325415678,1.0588235294117647,1.4285714285714286,0.5866983372921615
11384,João Gomes,Wolverhampton Wanderers,cold,21,24,1634.0,1706.0,0.08407494137599386,0.10468596896617412,0.055079559363525085,0.1582649472450176,1.0476190476190477,1.5,0.9577960140679953
11386,Lewis Miley,Newcastle United,rain,6,12,354.0,879.0,0.32952522637985515,0.14650811705064443,0.5084745762711864,0.20477815699658702,1.1666666666666667,1.1666666666666667,0.40273037542662116
11386,Lewis Miley,Newcastle United,cold,2,16,65.0,1168.0,0.8321278439118311,0.16382213627715422,1.3846153846153846,0.23116438356164382,2.0,1.0625,0.05565068493150685
11486,Illia Zabarnyi,Bournemouth,rain,16,26,1351.0,2269.0,0.03938939063902875,0.06062481196908342,0.0,0.03966505068312032,0.9375,1.2692307692307692,0.5954164830321728
11486,Illia Zabarnyi,Bournemouth,cold,23,19,1999.0,1621.0,0.05107637692341631,0.05470147294341081,0.04502251125562781,0.0,0.7391304347826086,1.631578947368421,0.8109054527263632
11699,Ameen Al Dakhil,Burnley,rain,2,11,106.0,949.0,0.13883774766241602,0.10970125243742924,0.0,0.09483667017913593,0.5,0.36363636363636365,0.11169652265542676
11699,Ameen Al Dakhil,Burnley,cold,10,3,859.0,196.0,0.029731734641702947,0.4759373967250695,0.0,0.4591836734693877,0.4,0.3333333333333333,0.2281722933643772
11700,Vitinho,Burnley,rain,11,21,815.0,1509.0,0.1652965667469004,0.07763201148650989,0.22085889570552147,0.0,0.7272727272727273,0.5714285714285714,0.5400927766732936
11700,Vitinho,Burnley,cold,11,21,621.0,1703.0,0.10059123804819753,0.11121329912151297,0.14492753623188406,0.05284791544333529,0.18181818181818182,0.8571428571428571,0.3646506165590135
11701,Zeki Amdouni,Burnley,rain,11,23,649.0,1376.0,0.3136271613726079,0.3488571275713268,0.13867488443759632,0.3270348837209302,0.7272727272727273,0.5652173913043478,0.47165697674418605
11701,Zeki Amdouni,Burnley,cold,15,19,841.0,1184.0,0.2976016041586854,0.36595311332053526,0.1070154577883472,0.3800675675675676,0.3333333333333333,0.8421052631578947,0.7103040540540541
11709,Milos Kerkez,Bournemouth,rain,10,18,658.0,1324.0,0.2641861341854042,0.07866819989881572,0.0,0.06797583081570997,1.2,1.1111111111111112,0.49697885196374625
11709,Milos Kerkez,Bournemouth,cold,15,13,1069.0,913.0,0.17391575230294234,0.1008491059673413,0.0,0.09857612267250822,0.7333333333333333,1.6153846153846154,0.8540692235734331
11710,Simon Adingra,Brighton,rain,7,24,621.0,1635.0,0.2787640895964442,0.35643759759467675,0.2898550724637681,0.27522935779816515,2.0,0.9583333333333334,0.3798165137614679
11710,Simon Adingra,Brighton,cold,18,13,1221.0,1035.0,0.48139948663313203,0.1624146845677624,0.44226044226044225,0.08695652173913043,1.3888888888888888,0.9230769230769231,0.8476658476658476
11711,Bart Verbruggen,Brighton,rain,6,15,540.0,1350.0,0.0,0.0,0.0,0.0,1.8333333333333333,1.2,0.4
11711,Bart Verbruggen,Brighton,cold,13,8,1170.0,720.0,0.0,0.0,0.0,0.0,1.3846153846153846,1.375,0.6153846153846154
11712,Thomas Kaminski,Luton Town,rain,11,27,980.0,2430.0,0.0035483360442580005,0.0,0.0,0.0,1.0909090909090908,0.5185185185185185,0.40329218106995884
11712,Thomas Kaminski,Luton Town,cold,15,23,1340.0,2070.0,0.002595051733860329,0.0,0.0,0.0,0.4666666666666667,0.8260869565217391,0.6473429951690821
11713,Amari&#039;i Bell,Luton Town,rain,7,14,619.0,1105.0,0.10701287147379888,0.008813974426477729,0.0,0.0,1.5714285714285714,0.5,0.5601809954751131
11713,Amari&#039;i Bell,Luton Town,cold,8,13,650.0,1074.0,0.0702060022463019,0.028255593783466645,0.0,0.0,0.5,1.0769230769230769,0.6052141527001862
11714,Tom Lockyer,Luton Town,rain,6,8,498.0,687.0,0.11032523789319645,0.18140921263455304,0.0,0.26200873362445415,0.8333333333333334,0.5,0.7248908296943232
11714,Tom Lockyer,Luton Town,cold,7,7,597.0,588.0,0.22646822185073068,0.07545675018004007,0.15075376884422112,0.15306122448979592,0.5714285714285714,0.7142857142857143,0.9849246231155779
11716,Pelly Ruddock Mpanzu,Luton Town,rain,8,19,197.0,871.0,0.0973241379115787,0.16316433049028414,0.0,0.0,1.25,0.47368421052631576,0.2261768082663605
11716,Pelly Ruddock Mpanzu,Luton Town,cold,12,15,515.0,553.0,0.2881736636017132,0.023290325986864736,0.0,0.0,0.3333333333333333,1.0,0.9312839059674503
11717,Carlton Morris,Luton Town,rain,11,27,689.0,2190.0,0.53074154410787,0.4905029046030281,0.5224963715529753,0.4520547945205479,1.0909090909090908,0.5185185185185185,0.31461187214611874
11717,Carlton Morris,Luton Town,cold,15,23,1329.0,1550.0,0.5464319134673469,0.4604350141760322,0.47404063205417607,0.4645161290322581,0.4666666666666667,0.8260869565217391,0.8574193548387097
11718,Elijah Adebayo,Luton Town,rain,11,16,485.0,937.0,0.2774531910791224,0.5714354974793203,0.0,0.96051227321238,1.0909090909090908,0.5625,0.5176093916755603
11718,Elijah Adebayo,Luton Town,cold,10,17,496.0,926.0,0.21008511918837255,0.6110125698640008,0.1814516129032258,0.8747300215982722,0.4,1.0,0.5356371490280778
11719,Chiedozie Ogbene,Luton Town,rain,11,19,632.0,1352.0,0.31961841529376706,0.4014847278126553,0.14240506329113925,0.2662721893491124,1.0909090909090908,0.5263157894736842,0.46745562130177515
11719,Chiedozie Ogbene,Luton Town,cold,12,18,681.0,1303.0,0.31459545224314217,0.4071885552500315,0.13215859030837004,0.2762854950115119,0.3333333333333333,1.0,0.5226400613967767
11720,Jacob Brown,Luton Town,rain,7,12,391.0,640.0,0.5135213425549704,0.23769338568672535,0.4603580562659847,0.0,1.5714285714285714,0.4166666666666667,0.6109375
11720,Jacob Brown,Luton Town,cold,8,11,445.0,586.0,0.46036276681704463,0.2526436528070184,0.0,0.30716723549488056,0.5,1.0909090909090908,0.7593856655290102
11723,Alfie Doughty,Luton Town,rain,10,27,778.0,2202.0,0.21267985987326166,0.2699814611736289,0.4627249357326478,0.24523160762942778,1.2,0.5185185185185185,0.3533151680290645
11723,Alfie Doughty,Luton Town,cold,15,22,1110.0,1870.0,0.3568118559448299,0.19460050715880595,0.32432432432432434,0.2887700534759358,0.4666666666666667,0.8636363636363636,0.5935828877005348
11728,Calvin Bassey,Fulham,rain,9,20,635.0,1643.0,0.013435755981000377,0.02079643719510485,0.0,0.054777845404747415,1.7777777777777777,1.1,0.386488131466829
11728,Calvin Bassey,Fulham,cold,12,17,748.0,1530.0,0.0,0.027908661019276148,0.0,0.058823529411764705,1.25,1.3529411764705883,0.4888888888888889
11731,Andre Brooks,Sheffield United,rain,8,12,366.0,582.0,0.03961433183218611,0.06584438572148067,0.0,0.0,0.0,0.4166666666666667,0.6288659793814433
11731,Andre Brooks,Sheffield United,cold,6,14,189.0,759.0,0.06460167733686306,0.05350535036075725,0.0,0.0,0.0,0.35714285714285715,0.2490118577075099
11732,Auston Trusty,Sheffield United,rain,15,17,1093.0,1483.0,0.04847167088749859,0.0714431576737261,0.0,0.0,0.06666666666666667,0.6470588235294118,0.7370195549561699
11732,Auston Trusty,Sheffield United,cold,10,22,698.0,1878.0,0.022094119873890542,0.07641535859328868,0.0,0.0,0.1,0.5,0.37167199148029817
11772,Yehor Yarmolyuk,Brentford,rain,7,20,215.0,404.0,0.059661351317583045,0.21685461665844846,0.0,0.0,1.7142857142857142,1.0,0.5321782178217822
11772,Yehor Yarmolyuk,Brentford,cold,9,18,180.0,439.0,0.37642592936754216,0.07444143138299762,0.0,0.0,1.6666666666666667,0.9444444444444444,0.41002277904328016
11815,Ben Brereton Díaz,Sheffield United,rain,7,7,575.0,559.0,0.6312669219530147,0.5908918107504921,0.782608695652174,0.3220035778175313,0.14285714285714285,0.42857142857142855,0.9721739130434782
11815,Ben Brereton Díaz,Sheffield United,cold,5,9,435.0,699.0,0.6627232732957807,0.5794025442758854,0.20689655172413793,0.7725321888412017,0.2,0.3333333333333333,0.6223175965665236
11839,Gustavo Hamer,Sheffield United,rain,16,20,1377.0,1609.0,0.26647038508230947,0.2977512073700215,0.26143790849673204,0.3356121814791796,0.125,0.7,0.855811062771908
11839,Gustavo Hamer,Sheffield United,cold,14,22,1212.0,1774.0,0.2237311697860091,0.3240412824893246,0.22277227722772278,0.35512965050732803,0.14285714285714285,0.6363636363636364,0.6832018038331454
11926,Edson Álvarez,West Ham United,rain,9,22,659.0,1746.0,0.034025460721893774,0.08018651223482236,0.0,0.10309278350515465,1.5555555555555556,1.4545454545454546,0.3774341351660939
11926,Edson Álvarez,West Ham United,cold,17,14,1288.0,1117.0,0.045297003520351826,0.09318342743376425,0.0,0.1611459265890779,1.2352941176470589,1.7857142857142858,0.8672360248447205
11998,Hannes Delcroix,Burnley,rain,3,9,165.0,410.0,0.029296539723873107,0.08398649968752042,0.0,0.0,1.0,0.5555555555555556,0.4024390243902439
11998,Hannes Delcroix,Burnley,cold,7,5,317.0,258.0,0.10862607215105166,0.0187361591257328,0.0,0.0,0.5714285714285714,0.8,0.8138801261829653
12027,Mohammed Kudus,West Ham United,rain,10,23,678.0,1812.0,0.4248923144871945,0.2724518441897354,0.9292035398230089,0.347682119205298,1.7,1.1304347826086956,0.3741721854304636
12027,Mohammed Kudus,West Ham United,cold,16,17,1051.0,1439.0,0.23268684365571277,0.37331887297565275,0.25689819219790677,0.6879777623349548,1.125,1.4705882352941178,0.7303683113273106
12032,Djordje Petrovic,Chelsea,rain,5,18,450.0,1532.0,0.0,0.0,0.0,0.0,2.6,1.7222222222222223,0.293733681462141
12032,Djordje Petrovic,Chelsea,cold,11,12,990.0,992.0,0.0,0.0,0.0,0.0,2.090909090909091,1.75,0.9979838709677419
12073,Teden Mengi,Luton Town,rain,9,21,724.0,1741.0,0.03773429191758783,0.037421984084502556,0.12430939226519336,0.0,1.2222222222222223,0.5238095238095238,0.41585295807007466
12073,Teden Mengi,Luton Town,cold,9,21,611.0,1854.0,0.019317537381537794,0.04351040253469953,0.0,0.04854368932038834,0.6666666666666666,0.7619047619047619,0.3295577130528587
12123,Murillo,Nottingham Forest,rain,10,22,900.0,1913.0,0.1251082820817828,0.07674751076915469,0.0,0.09409304756926293,0.5,1.0909090909090908,0.47046523784631467
12123,Murillo,Nottingham Forest,cold,10,22,900.0,1913.0,0.12442443892359728,0.07706923520322001,0.0,0.09409304756926293,1.3,0.7272727272727273,0.47046523784631467
12149,Alex Scott,Bournemouth,rain,5,18,150.0,847.0,0.19190878719091406,0.2542736309381485,0.0,0.21251475796930341,1.0,1.2777777777777777,0.1770956316410862
12149,Alex Scott,Bournemouth,cold,10,13,407.0,590.0,0.1355097157747944,0.32034513417441957,0.0,0.30508474576271183,1.0,1.3846153846153846,0.6898305084745763
12151,Gabriel Osho,Luton Town,rain,9,12,810.0,1043.0,0.0014624278992414444,0.11457473471803607,0.0,0.1725790987535954,1.2222222222222223,0.5,0.7766059443911792
12151,Gabriel Osho,Luton Town,cold,3,18,270.0,1583.0,0.08059336679677168,0.062492612681092144,0.0,0.11370814908401768,0.0,0.9444444444444444,0.17056222362602652
12187,Jordan Clark,Luton Town,rain,6,17,273.0,1053.0,0.21956804505252572,0.18024013656326845,0.0,0.17094017094017094,0.6666666666666666,0.5294117647058824,0.25925925925925924
12187,Jordan Clark,Luton Town,cold,7,16,504.0,822.0,0.24647539281951525,0.15269019722557847,0.3571428571428571,0.0,0.42857142857142855,0.625,0.6131386861313869
12408,Daniel Muñoz,Crystal Palace,rain,3,13,270.0,1170.0,0.3688986549774805,0.2872086353600025,0.0,0.3076923076923077,1.0,1.6923076923076923,0.23076923076923078
12408,Daniel Muñoz,Crystal Palace,cold,5,11,450.0,990.0,0.4521705135703087,0.23450505970553914,0.6000000000000001,0.09090909090909091,1.8,1.4545454545454546,0.45454545454545453
12409,Adam Wharton,Crystal Palace,rain,3,13,243.0,1090.0,0.05176385795628577,0.2288830161197196,0.3703703703703704,0.1651376146788991,1.0,1.6923076923076923,0.22293577981651377
12409,Adam Wharton,Crystal Palace,cold,5,11,449.0,884.0,0.14292971079625633,0.22385256211125873,0.40089086859688194,0.10180995475113123,1.8,1.4545454545454546,0.5079185520361991
12412,Morgan Rogers,Aston Villa,rain,2,9,180.0,472.0,0.161642144434154,0.31805873240770416,0.5,0.5720338983050848,3.0,1.6666666666666667,0.3813559322033898
12412,Morgan Rogers,Aston Villa,cold,4,7,252.0,400.0,0.16444991342723364,0.344444823777303,0.3571428571428571,0.6749999999999999,1.25,2.2857142857142856,0.63
12449,Oliver Arblaster,Sheffield United,rain,6,6,489.0,465.0,0.01657017203836351,0.18608511419546217,0.0,0.0,0.16666666666666666,0.3333333333333333,0.950920245398773
12449,Oliver Arblaster,Sheffield United,cold,5,7,403.0,551.0,0.20364005761059278,0.02280480764170737,0.0,0.0,0.2,0.2857142857142857,0.7313974591651543
12509,Daiki Hashioka,Luton Town,rain,1,9,90.0,493.0,0.36673659086227406,0.04606345615540505,0.0,0.0,0.0,0.4444444444444444,0.18255578093306288
12509,Daiki Hashioka,Luton Town,cold,5,5,406.0,177.0,0.11748482688821006,0.04529230138760496,0.0,0.0,0.6,0.2,0.43596059113300495
