date,home_team,away_team,home_goals,away_goals,temperature,apparent_temperature,humidity,rain,wind,weather_code,heavy_rain_flag,strong_wind_flag,freezing_flag,heatwave_flag,storm_flag,extreme_weather_flag,total_goals,goal_difference,match_result,rain_flag,cold_flag,hot_flag,windy_flag,humidity_flag,apparent_cold_flag,apparent_hot_flag,apparent_temperature_gap,home_advantage,match_month,calendar_year,season_year_start,seasonal_indicator,is_winter_match,is_spring_match,is_summer_match,is_autumn_match,season_match_index,season_progress,home_team_points_avg_last_5,home_team_goals_for_avg_last_5,home_team_goals_against_avg_last_5,home_team_goal_difference_avg_last_5,away_team_points_avg_last_5,away_team_goals_for_avg_last_5,away_team_goals_against_avg_last_5,away_team_goal_difference_avg_last_5,home_team_strength_proxy,away_team_strength_proxy,strength_gap,match_importance_proxy
2019-08-09,Liverpool,Norwich City,4,1,18.8,17.1,81,13.4,28.7,63,1,0,0,0,0,1,5,3,win,1,0,0,0,0,0,0,-1.6999999999999993,1,8,2019,2019,summer,0,0,1,0,1,0.002631578947368421,0.0,0.0,0.0,0.0,0.0,0.0,0.0,0.0,0.0,0.0,0.0,0.0
2019-08-10,Bournemouth,Sheffield United,1,1,17.7,12.4,75,2.3,54.8,51,0,1,0,0,0,1,2,0,draw,1,0,0,1,0,0,0,-5.299999999999999,1,8,2019,2019,summer,0,0,1,0,2,0.005263157894736842,0.0,0.0,0.0,0.0,0.0,0.0,0.0,0.0,0.0,0.0,0.0,0.0
2019-08-10,Burnley,Southampton,3,0,15.8,13.3,90,20.8,35.2,63,1,0,0,0,0,1,3,3,win,1,0,0,1,1,0,0,-2.5,1,8,2019,2019,summer,0,0,1,0,3,0.007894736842105263,0.0,0.0,0.0,0.0,0.0,0.0,0.0,0.0,0.0,0.0,0.0,0.0
2019-08-10,Crystal Palace,Everton,0,0,18.1,13.6,72,1.4,47.1,53,0,0,0,0,0,0,0,0,draw,1,0,0,1,0,0,0,-4.500000000000002,1,8,2019,2019,summer,0,0,1,0,4,0.010526315789473684,0.0,0.0,0.0,0.0,0.0,0.0,0.0,0.0,0.0,0.0,0.0,0.0
2019-08-10,Tottenham Hotspur,Aston Villa,3,1,18.1,13.9,72,2.4,44.6,55,0,0,0,0,0,0,4,2,win,1,0,0,1,0,0,0,-4.200000000000001,1,8,2019,2019,summer,0,0,1,0,5,0.013157894736842105,0.0,0.0,0.0,0.0,0.0,0.0,0.0,0.0,0.0,0.0,0.0,0.0
2019-08-10,Watford,Brighton,0,3,17.7,13.7,73,2.2,44.6,53,0,0,0,0,0,0,3,-3,loss,1,0,0,1,0,0,0,-4.0,1,8,2019,2019,summer,0,0,1,0,6,0.015789473684210527,0.0,0.0,0.0,0.0,0.0,0.0,0.0,0.0,0.0,0.0,0.0,0.0
2019-08-10,West Ham United,Manchester City,0,5,18.4,14.1,70,1.9,45.8,53,0,0,0,0,0,0,5,-5,loss,1,0,0,1,0,0,0,-4.299999999999999,1,8,2019,2019,summer,0,0,1,0,7,0.018421052631578946,0.0,0.0,0.0,0.0,0.0,0.0,0.0,0.0,0.0,0.0,0.0,0.0
2019-08-11,Leicester City,Wolverhampton Wanderers,0,0,16.0,13.4,79,8.8,35.1,63,0,0,0,0,0,0,0,0,draw,1,0,0,1,0,0,0,-2.5999999999999996,1,8,2019,2019,summer,0,0,1,0,8,0.021052631578947368,0.0,0.0,0.0,0.0,0.0,0.0,0.0,0.0,0.0,0.0,0.0,0.0
2019-08-11,Manchester United,Chelsea,4,0,14.9,12.7,81,4.6,24.5,53,0,0,0,0,0,0,4,4,win,1,0,0,0,0,0,0,-2.200000000000001,1,8,2019,2019,summer,0,0,1,0,9,0.02368421052631579,0.0,0.0,0.0,0.0,0.0,0.0,0.0,0.0,0.0,0.0,0.0,0.0
2019-08-11,Newcastle United,Arsenal,0,1,14.8,14.3,89,18.7,16.3,63,1,0,0,0,0,1,1,-1,loss,1,0,0,0,1,0,0,-0.5,1,8,2019,2019,summer,0,0,1,0,10,0.02631578947368421,0.0,0.0,0.0,0.0,0.0,0.0,0.0,0.0,0.0,0.0,0.0,0.0
2019-08-17,Arsenal,Burnley,2,1,18.2,16.4,76,0.6,26.4,51,0,0,0,0,0,0,3,1,win,1,0,0,0,0,0,0,-1.8000000000000007,1,8,2019,2019,summer,0,0,1,0,11,0.02894736842105263,3.0,1.0,0.0,1.0,3.0,3.0,0.0,3.0,2.3999999999999995,2.9999999999999996,-0.6000000000000001,0.07815789473684208
2019-08-17,Aston Villa,Bournemouth,1,2,15.7,12.9,73,0.8,25.8,53,0,0,0,0,0,0,3,-1,loss,1,0,0,0,0,0,0,-2.799999999999999,1,8,2019,2019,summer,0,0,1,0,12,0.031578947368421054,0.0,1.0,3.0,-2.0,1.0,1.0,1.0,0.0,0.3,1.0,-0.7,0.020526315789473684
2019-08-17,Brighton,West Ham United,1,1,17.6,15.3,83,1.8,32.0,53,0,0,0,0,0,0,2,0,draw,1,0,0,1,0,0,0,-2.3000000000000007,1,8,2019,2019,summer,0,0,1,0,13,0.034210526315789476,3.0,3.0,0.0,3.0,0.0,0.0,5.0,-5.0,2.9999999999999996,0.0,2.9999999999999996,0.051315789473684204
2019-08-17,Everton,Watford,1,0,16.0,13.0,71,1.5,28.0,53,0,0,0,0,0,0,1,1,win,1,0,0,0,0,0,0,-3.0,1,8,2019,2019,summer,0,0,1,0,14,0.03684210526315789,1.0,0.0,0.0,0.0,0.0,0.0,3.0,-3.0,0.7,0.0,0.7,0.012894736842105261
2019-08-17,Manchester City,Tottenham Hotspur,2,2,15.8,13.0,72,0.8,25.9,51,0,0,0,0,0,0,4,0,draw,1,0,0,0,0,0,0,-2.8000000000000007,1,8,2019,2019,summer,0,0,1,0,15,0.039473684210526314,3.0,5.0,0.0,5.0,3.0,3.0,1.0,2.0,3.5999999999999996,2.9999999999999996,0.6000000000000001,0.13026315789473683
2019-08-17,Norwich City,Newcastle United,3,1,18.4,16.1,68,0.3,26.8,51,0,0,0,0,0,0,4,2,win,1,0,0,0,0,0,0,-2.299999999999997,1,8,2019,2019,summer,0,0,1,0,16,0.042105263157894736,0.0,1.0,4.0,-3.0,0.0,0.0,1.0,-1.0,0.3,0.0,0.3,0.00631578947368421
2019-08-17,Southampton,Liverpool,1,2,17.4,15.9,79,0.1,23.8,51,0,0,0,0,0,0,3,-1,loss,1,0,0,0,0,0,0,-1.4999999999999982,1,8,2019,2019,summer,0,0,1,0,17,0.04473684210526316,0.0,0.0,3.0,-3.0,3.0,4.0,1.0,3.0,0.0,3.3,-3.3,0.07381578947368421
2019-08-18,Chelsea,Leicester City,1,1,16.7,14.7,72,1.5,25.9,53,0,0,0,0,0,0,2,0,draw,1,0,0,0,0,0,0,-2.0,1,8,2019,2019,summer,0,0,1,0,18,0.04736842105263158,0.0,0.0,4.0,-4.0,1.0,0.0,0.0,0.0,0.0,0.7,-0.7,0.01657894736842105
2019-08-18,Sheffield United,Crystal Palace,1,0,15.0,11.9,70,0.2,28.1,51,0,0,0,0,0,0,1,1,win,1,0,0,0,0,0,0,-3.0999999999999996,1,8,2019,2019,summer,0,0,1,0,19,0.05,1.0,1.0,1.0,0.0,1.0,0.0,0.0,0.0,1.0,0.7,0.30000000000000004,0.0425
2019-08-19,Wolverhampton Wanderers,Manchester United,1,1,14.4,12.2,74,1.7,20.7,53,0,0,0,0,0,0,2,0,draw,1,0,0,0,0,0,0,-2.200000000000001,1,8,2019,2019,summer,0,0,1,0,20,0.05263157894736842,1.0,0.0,0.0,0.0,3.0,4.0,0.0,4.0,0.7,3.3,-2.5999999999999996,0.10526315789473684
2019-08-23,Aston Villa,Everton,2,0,17.8,17.6,81,0.0,14.6,3,0,0,0,0,0,0,2,2,win,0,0,0,0,0,0,0,-0.1999999999999993,1,8,2019,2019,summer,0,0,1,0,21,0.05526315789473684,0.0,1.0,2.5,-1.5,2.0,0.5,0.0,0.5,0.3,1.5499999999999998,-1.2499999999999998,0.05111842105263158
2019-08-24,Brighton,Southampton,0,2,20.0,19.7,67,0.0,13.0,3,0,0,0,0,0,0,2,-2,loss,0,0,0,0,0,0,0,-0.3000000000000007,1,8,2019,2019,summer,0,0,1,0,22,0.05789473684210526,2.0,2.0,0.5,1.5,0.0,0.5,2.5,-2.0,2.0,0.15,1.85,0.06223684210526315
2019-08-24,Liverpool,Arsenal,3,1,19.0,18.6,74,0.0,17.2,3,0,0,0,0,0,0,4,2,win,0,0,0,0,0,0,0,-0.3999999999999986,1,8,2019,2019,summer,0,0,1,0,23,0.060526315789473685,3.0,3.0,1.0,2.0,3.0,1.5,0.5,1.0,2.9999999999999996,2.55,0.44999999999999973,0.16796052631578945
2019-08-24,Manchester United,Crystal Palace,1,2,19.4,19.3,71,0.0,13.1,1,0,0,0,0,0,0,3,-1,loss,0,0,0,0,0,0,0,-0.09999999999999787,1,8,2019,2019,summer,0,0,1,0,24,0.06315789473684211,2.0,2.5,0.5,2.0,0.5,0.0,0.5,-0.5,2.15,0.35,1.7999999999999998,0.07894736842105263
2019-08-24,Norwich City,Chelsea,2,3,19.1,19.4,75,0.0,13.5,3,0,0,0,0,0,0,5,-1,loss,0,0,0,0,0,0,0,0.29999999999999716,1,8,2019,2019,summer,0,0,1,0,25,0.06578947368421052,1.5,2.0,2.5,-0.5,0.5,0.5,2.5,-2.0,1.65,0.5,1.15,0.07072368421052631
2019-08-24,Sheffield United,Leicester City,1,2,19.0,19.0,74,0.0,13.4,3,0,0,0,0,0,0,3,-1,loss,0,0,0,0,0,0,0,0.0,1,8,2019,2019,summer,0,0,1,0,26,0.06842105263157895,2.0,1.0,0.5,0.5,1.0,0.5,0.5,0.0,1.7,0.85,0.85,0.08723684210526315
2019-08-24,Watford,West Ham United,1,3,19.5,19.5,70,0.0,10.5,3,0,0,0,0,0,0,4,-2,loss,0,0,0,0,0,0,0,0.0,1,8,2019,2019,summer,0,0,1,0,27,0.07105263157894737,0.0,0.0,2.0,-2.0,0.5,0.5,3.0,-2.5,0.0,0.5,-0.5,0.017763157894736842
2019-08-25,Bournemouth,Manchester City,1,3,20.8,21.2,71,0.2,14.5,51,0,0,0,0,0,0,4,-2,loss,1,0,0,0,0,0,0,0.3999999999999986,1,8,2019,2019,summer,0,0,1,0,28,0.07368421052631578,2.0,1.5,1.0,0.5,2.0,3.5,1.0,2.5,1.8499999999999999,2.45,-0.6000000000000003,0.15842105263157893
2019-08-25,Tottenham Hotspur,Newcastle United,0,1,22.1,22.9,68,0.0,9.0,3,0,0,0,0,0,0,1,-1,loss,0,0,0,0,0,0,0,0.7999999999999972,1,8,2019,2019,summer,0,0,1,0,29,0.07631578947368421,2.0,2.5,1.5,1.0,0.0,0.5,2.0,-1.5,2.15,0.15,2.0,0.08776315789473683
2019-08-25,Wolverhampton Wanderers,Burnley,1,1,21.0,21.1,66,0.0,12.1,3,0,0,0,0,0,0,2,0,draw,0,0,0,0,0,0,0,0.10000000000000142,1,8,2019,2019,summer,0,0,1,0,30,0.07894736842105263,1.0,0.5,0.5,0.0,1.5,2.0,1.0,1.0,0.85,1.65,-0.7999999999999999,0.09868421052631579
2019-08-31,Burnley,Liverpool,0,3,13.7,10.5,83,2.9,33.7,53,0,0,0,0,0,0,3,-3,loss,1,0,0,1,0,0,0,-3.1999999999999993,1,8,2019,2019,summer,0,0,1,0,31,0.08157894736842106,1.3333333333333333,1.6666666666666667,1.0,0.6666666666666666,3.0,3.0,1.0,2.0,1.4333333333333331,2.9999999999999996,-1.5666666666666664,0.18083333333333332
2019-08-31,Chelsea,Sheffield United,2,2,17.1,15.6,72,0.3,27.0,51,0,0,0,0,0,0,4,0,draw,1,0,0,0,0,0,0,-1.5000000000000018,1,8,2019,2019,summer,0,0,1,0,32,0.08421052631578947,1.3333333333333333,1.3333333333333333,2.3333333333333335,-1.0,1.3333333333333333,1.0,1.0,0.0,1.3333333333333333,1.2333333333333332,0.10000000000000009,0.10807017543859648
2019-08-31,Crystal Palace,Aston Villa,1,0,17.0,15.5,73,0.2,25.4,51,0,0,0,0,0,0,1,1,win,1,0,0,0,0,0,0,-1.5,1,8,2019,2019,summer,0,0,1,0,33,0.0868421052631579,1.3333333333333333,0.6666666666666666,0.6666666666666666,0.0,1.0,1.3333333333333333,1.6666666666666667,-0.3333333333333333,1.1333333333333333,1.0999999999999999,0.03333333333333344,0.09697368421052632
2019-08-31,Leicester City,Bournemouth,3,1,15.0,12.1,77,0.8,32.4,51,0,0,0,0,0,0,4,2,win,1,0,0,1,0,0,0,-2.9000000000000004,1,8,2019,2019,summer,0,0,1,0,34,0.08947368421052632,1.6666666666666667,1.0,0.6666666666666666,0.3333333333333333,1.3333333333333333,1.3333333333333333,1.6666666666666667,-0.3333333333333333,1.4666666666666668,1.3333333333333333,0.13333333333333353,0.12526315789473683
2019-08-31,Manchester City,Brighton,4,0,14.7,11.9,76,1.7,28.0,53,0,0,0,0,0,0,4,4,win,1,0,0,0,0,0,0,-2.799999999999999,1,8,2019,2019,summer,0,0,1,0,35,0.09210526315789473,2.3333333333333335,3.3333333333333335,1.0,2.3333333333333335,1.3333333333333333,1.3333333333333333,1.0,0.3333333333333333,2.6333333333333333,1.3333333333333333,1.3,0.1826754385964912
2019-08-31,Newcastle United,Watford,1,1,15.3,12.1,71,0.1,29.8,51,0,0,0,0,0,0,2,0,draw,1,0,0,0,0,0,0,-3.200000000000001,1,8,2019,2019,summer,0,0,1,0,36,0.09473684210526316,1.0,0.6666666666666666,1.3333333333333333,-0.6666666666666666,0.0,0.3333333333333333,2.3333333333333335,-2.0,0.8999999999999999,0.09999999999999999,0.7999999999999999,0.047368421052631574
2019-08-31,Southampton,Manchester United,1,1,16.0,14.2,77,0.7,27.8,51,0,0,0,0,0,0,2,0,draw,1,0,0,0,0,0,0,-1.8000000000000007,1,8,2019,2019,summer,0,0,1,0,37,0.09736842105263158,1.0,1.0,1.6666666666666667,-0.6666666666666666,1.3333333333333333,2.0,1.0,1.0,1.0,1.5333333333333332,-0.5333333333333332,0.12333333333333332
2019-08-31,West Ham United,Norwich City,2,0,17.2,15.9,71,0.4,26.5,51,0,0,0,0,0,0,2,2,win,1,0,0,0,0,0,0,-1.299999999999999,1,8,2019,2019,summer,0,0,1,0,38,0.1,1.3333333333333333,1.3333333333333333,2.3333333333333335,-1.0,1.0,2.0,2.6666666666666665,-0.6666666666666666,1.3333333333333333,1.2999999999999998,0.03333333333333344,0.13166666666666665
2019-09-01,Arsenal,Tottenham Hotspur,2,2,15.1,12.2,57,0.0,19.7,3,0,0,0,0,0,0,4,0,draw,0,0,0,0,0,0,0,-2.9000000000000004,1,9,2019,2019,autumn,0,0,0,1,39,0.10263157894736842,2.0,1.3333333333333333,1.3333333333333333,0.0,1.3333333333333333,1.6666666666666667,1.3333333333333333,0.3333333333333333,1.7999999999999998,1.4333333333333331,0.3666666666666667,0.1659210526315789
2019-09-01,Everton,Wolverhampton Wanderers,3,2,13.8,10.1,70,2.2,31.8,51,0,0,0,0,0,0,5,1,win,1,0,0,1,0,0,0,-3.700000000000001,1,9,2019,2019,autumn,0,0,0,1,40,0.10526315789473684,1.3333333333333333,0.3333333333333333,0.6666666666666666,-0.3333333333333333,1.0,0.6666666666666666,0.6666666666666666,0.0,1.0333333333333332,0.8999999999999999,0.1333333333333333,0.10175438596491226
2019-09-14,Brighton,Burnley,1,1,15.0,14.1,77,0.0,15.0,3,0,0,0,0,0,0,2,0,draw,0,0,0,0,0,0,0,-0.9000000000000004,1,9,2019,2019,autumn,0,0,0,1,41,0.10789473684210527,1.0,1.0,1.75,-0.75,1.0,1.25,1.5,-0.25,1.0,1.075,-0.07499999999999996,0.11194078947368422
2019-09-14,Liverpool,Newcastle United,3,1,13.3,11.5,78,0.0,14.7,3,0,0,0,0,0,0,4,2,win,0,0,0,0,0,0,0,-1.8000000000000007,1,9,2019,2019,autumn,0,0,0,1,42,0.11052631578947368,3.0,3.0,0.75,2.25,1.0,0.75,1.25,-0.5,2.9999999999999996,0.9249999999999999,2.0749999999999997,0.21690789473684208
2019-09-14,Manchester United,Leicester City,1,0,12.6,10.9,76,0.0,15.8,3,0,0,0,0,0,0,1,1,win,0,0,0,0,0,0,0,-1.6999999999999993,1,9,2019,2019,autumn,0,0,0,1,43,0.11315789473684211,1.25,1.75,1.0,0.75,2.0,1.5,0.75,0.75,1.4,1.8499999999999999,-0.44999999999999996,0.18388157894736842
2019-09-14,Norwich City,Manchester City,3,2,14.2,12.8,72,0.0,15.6,3,0,0,0,0,0,0,5,1,win,0,0,0,0,0,0,0,-1.3999999999999986,1,9,2019,2019,autumn,0,0,0,1,44,0.11578947368421053,0.75,1.5,2.5,-1.0,2.5,3.5,0.75,2.75,0.9749999999999999,2.8,-1.825,0.21855263157894733
2019-09-14,Sheffield United,Southampton,0,1,13.4,10.9,72,0.0,22.1,3,0,0,0,0,0,0,1,-1,loss,0,0,0,0,0,0,0,-2.5,1,9,2019,2019,autumn,0,0,0,1,45,0.11842105263157894,1.25,1.25,1.25,0.0,1.0,1.0,1.5,-0.5,1.25,1.0,0.25,0.1332236842105263
2019-09-14,Tottenham Hotspur,Crystal Palace,4,0,14.9,14.0,70,0.0,10.3,3,0,0,0,0,0,0,4,4,win,0,0,0,0,0,0,0,-0.9000000000000004,1,9,2019,2019,autumn,0,0,0,1,46,0.12105263157894737,1.25,1.75,1.5,0.25,1.75,0.75,0.5,0.25,1.4,1.4499999999999997,-0.04999999999999982,0.1725
2019-09-14,Wolverhampton Wanderers,Chelsea,2,5,12.7,10.8,77,0.0,14.7,3,0,0,0,0,0,0,7,-3,loss,0,0,0,0,0,0,0,-1.8999999999999986,1,9,2019,2019,autumn,0,0,0,1,47,0.12368421052631579,0.75,1.0,1.25,-0.25,1.25,1.5,2.25,-0.75,0.825,1.325,-0.5,0.13296052631578947
2019-09-15,Bournemouth,Everton,3,1,16.2,15.8,80,0.0,13.2,3,0,0,0,0,0,0,4,2,win,0,0,0,0,0,0,0,-0.3999999999999986,1,9,2019,2019,autumn,0,0,0,1,48,0.12631578947368421,1.0,1.25,2.0,-0.75,1.75,1.0,1.0,0.0,1.075,1.525,-0.44999999999999996,0.16421052631578945
2019-09-15,Watford,Arsenal,2,2,16.9,16.2,72,0.0,15.0,3,0,0,0,0,0,0,4,0,draw,0,0,0,0,0,0,0,-0.6999999999999993,1,9,2019,2019,autumn,0,0,0,1,49,0.12894736842105264,0.25,0.5,2.0,-1.5,1.75,1.5,1.5,0.0,0.32499999999999996,1.6749999999999998,-1.3499999999999999,0.12894736842105262
2019-09-16,Aston Villa,West Ham United,0,0,13.8,13.2,89,1.8,13.5,61,0,0,0,0,0,0,0,0,draw,1,0,0,0,1,0,0,-0.6000000000000014,1,9,2019,2019,autumn,0,0,0,1,50,0.13157894736842105,0.75,1.0,1.5,-0.5,1.75,1.5,1.75,-0.25,0.825,1.6749999999999998,-0.8499999999999999,0.1644736842105263
2019-09-20,Southampton,Bournemouth,1,3,15.6,12.2,60,0.0,23.9,0,0,0,0,0,0,0,4,-2,loss,0,0,0,0,0,0,0,-3.4000000000000004,1,9,2019,2019,autumn,0,0,0,1,51,0.13421052631578947,1.4,1.0,1.2,-0.2,1.4,1.6,1.8,-0.2,1.2799999999999998,1.46,-0.18000000000000016,0.18386842105263157
2019-09-21,Burnley,Norwich City,2,0,14.6,11.6,75,0.0,25.4,3,0,0,0,0,0,0,2,2,win,0,0,0,0,0,0,0,-3.0,1,9,2019,2019,autumn,0,0,0,1,52,0.1368421052631579,1.0,1.2,1.4,-0.2,1.2,1.8,2.4,-0.6,1.06,1.38,-0.31999999999999984,0.16694736842105265
2019-09-21,Everton,Sheffield United,0,2,16.4,12.8,64,0.0,28.6,3,0,0,0,0,0,0,2,-2,loss,0,0,0,0,0,0,0,-3.599999999999998,1,9,2019,2019,autumn,0,0,0,1,53,0.1394736842105263,1.4,1.0,1.4,-0.4,1.0,1.0,1.2,-0.2,1.2799999999999998,1.0,0.2799999999999998,0.15899999999999997
2019-09-21,Leicester City,Tottenham Hotspur,2,1,16.1,13.1,64,0.0,22.1,3,0,0,0,0,0,0,3,1,win,0,0,0,0,0,0,0,-3.0000000000000018,1,9,2019,2019,autumn,0,0,0,1,54,0.14210526315789473,1.6,1.2,0.8,0.4,1.6,2.2,1.2,1.0,1.48,1.7799999999999998,-0.2999999999999998,0.2316315789473684
2019-09-21,Manchester City,Watford,8,0,16.5,14.0,64,0.0,20.3,3,0,0,0,0,0,0,8,8,win,0,0,0,0,0,0,0,-2.5,1,9,2019,2019,autumn,0,0,0,1,55,0.14473684210526316,2.0,3.2,1.2,2.0,0.4,0.8,2.0,-1.2,2.36,0.52,1.8399999999999999,0.20842105263157895
2019-09-21,Newcastle United,Brighton,0,0,13.6,11.7,82,0.0,22.9,1,0,0,0,0,0,0,0,0,draw,0,0,0,0,0,0,0,-1.9000000000000004,1,9,2019,2019,autumn,0,0,0,1,56,0.14736842105263157,0.8,0.8,1.6,-0.8,1.0,1.0,1.6,-0.6,0.7999999999999999,1.0,-0.20000000000000007,0.1326315789473684
2019-09-22,Arsenal,Aston Villa,3,2,17.7,17.0,80,5.7,22.0,61,0,0,0,0,0,0,5,1,win,1,0,0,0,0,0,0,-0.6999999999999993,1,9,2019,2019,autumn,0,0,0,1,57,0.15,1.6,1.6,1.6,0.0,0.8,0.8,1.2,-0.4,1.5999999999999999,0.7999999999999999,0.7999999999999999,0.18
2019-09-22,Chelsea,Liverpool,1,2,17.9,17.2,79,4.0,21.3,55,0,0,0,0,0,0,3,-1,loss,1,0,0,0,0,0,0,-0.6999999999999993,1,9,2019,2019,autumn,0,0,0,1,58,0.15263157894736842,1.6,2.2,2.2,0.0,3.0,3.0,0.8,2.2,1.7799999999999998,2.9999999999999996,-1.2199999999999998,0.3647894736842105
2019-09-22,Crystal Palace,Wolverhampton Wanderers,1,1,18.0,17.0,79,5.8,21.2,61,0,0,0,0,0,0,2,0,draw,1,0,0,0,0,0,0,-1.0,1,9,2019,2019,autumn,0,0,0,1,59,0.15526315789473685,1.4,0.6,1.2,-0.6,0.6,1.2,2.0,-0.8,1.16,0.78,0.3799999999999999,0.15060526315789474
2019-09-22,West Ham United,Manchester United,2,0,17.8,17.2,80,4.7,22.3,55,0,0,0,0,0,0,2,2,win,1,0,0,0,0,0,0,-0.6000000000000014,1,9,2019,2019,autumn,0,0,0,1,60,0.15789473684210525,1.6,1.2,1.4,-0.2,1.6,1.6,0.8,0.8,1.48,1.5999999999999999,-0.11999999999999988,0.2431578947368421
2019-09-28,Aston Villa,Burnley,2,2,13.6,10.5,81,20.4,30.3,63,1,0,0,0,0,1,4,0,draw,1,0,0,1,0,0,0,-3.0999999999999996,1,9,2019,2019,autumn,0,0,0,1,61,0.16052631578947368,0.8,1.0,1.2,-0.2,1.0,1.0,1.4,-0.4,0.8599999999999999,1.0,-0.14000000000000012,0.14928947368421053
2019-09-28,Bournemouth,West Ham United,2,2,15.6,12.1,81,10.4,39.3,63,1,0,0,0,0,1,4,0,draw,1,0,0,1,0,0,0,-3.5,1,9,2019,2019,autumn,0,0,0,1,62,0.1631578947368421,1.8,2.0,1.8,0.2,2.2,1.6,0.4,1.2,1.8599999999999999,2.02,-0.16000000000000014,0.3165263157894737
2019-09-28,Chelsea,Brighton,2,0,15.1,12.0,78,6.1,33.0,63,0,0,0,0,0,0,2,2,win,1,0,0,1,0,0,0,-3.0999999999999996,1,9,2019,2019,autumn,0,0,0,1,63,0.16578947368421051,1.6,2.4,1.8,0.6,0.6,0.4,1.6,-1.2,1.8399999999999999,0.54,1.2999999999999998,0.19728947368421051
2019-09-28,Crystal Palace,Norwich City,2,0,15.0,11.9,78,5.3,32.8,63,0,0,0,0,0,0,2,2,win,1,0,0,1,0,0,0,-3.0999999999999996,1,9,2019,2019,autumn,0,0,0,1,64,0.16842105263157894,1.4,0.8,1.4,-0.6,1.2,1.6,2.0,-0.4,1.2199999999999998,1.3199999999999998,-0.10000000000000009,0.21389473684210522
2019-09-28,Everton,Manchester City,1,3,13.8,11.0,85,15.8,36.8,63,1,0,0,0,0,1,4,-2,loss,1,0,0,1,1,0,0,-2.8000000000000007,1,9,2019,2019,autumn,0,0,0,1,65,0.17105263157894737,1.2,1.0,1.8,-0.8,2.0,3.8,1.2,2.6,1.14,2.54,-1.4000000000000001,0.31473684210526315
2019-09-28,Sheffield United,Liverpool,0,1,13.5,10.9,84,9.4,26.6,61,0,0,0,0,0,0,1,-1,loss,1,0,0,0,0,0,0,-2.5999999999999996,1,9,2019,2019,autumn,0,0,0,1,66,0.1736842105263158,1.4,1.2,1.0,0.2,3.0,2.6,0.8,1.8,1.3399999999999999,2.88,-1.54,0.36647368421052634
2019-09-28,Tottenham Hotspur,Southampton,2,1,14.8,11.8,79,6.7,33.0,63,0,0,0,0,0,0,3,1,win,1,0,0,1,0,0,0,-3.0,1,9,2019,2019,autumn,0,0,0,1,67,0.1763157894736842,1.0,1.8,1.4,0.4,1.4,1.2,1.2,0.0,1.24,1.3399999999999999,-0.09999999999999987,0.22744736842105262
2019-09-28,Wolverhampton Wanderers,Watford,2,0,13.7,10.9,82,18.2,25.5,63,1,0,0,0,0,1,2,2,win,1,0,0,0,0,0,0,-2.799999999999999,1,9,2019,2019,autumn,0,0,0,1,68,0.17894736842105263,0.6,1.4,2.2,-0.8,0.4,0.8,3.0,-2.2,0.84,0.52,0.31999999999999995,0.12168421052631578
2019-09-29,Leicester City,Newcastle United,5,0,14.6,12.2,90,13.6,31.4,63,1,0,0,0,0,1,5,5,win,1,0,0,1,1,0,0,-2.4000000000000004,1,9,2019,2019,autumn,0,0,0,1,69,0.18157894736842106,2.0,1.6,1.0,0.6,1.0,0.8,1.4,-0.6,1.88,0.94,0.94,0.25602631578947366
2019-09-30,Manchester United,Arsenal,1,1,12.3,11.0,88,16.4,19.8,63,1,0,0,0,0,1,2,0,draw,1,0,0,0,1,0,0,-1.3000000000000007,1,9,2019,2019,autumn,0,0,0,1,70,0.18421052631578946,1.0,0.8,1.2,-0.4,1.6,2.0,2.0,0.0,0.94,1.7199999999999998,-0.7799999999999998,0.24499999999999997
2019-10-05,Brighton,Tottenham Hotspur,3,0,12.4,11.1,86,0.9,14.8,51,0,0,0,0,0,0,3,3,win,1,0,0,0,1,0,0,-1.3000000000000007,1,10,2019,2019,autumn,0,0,0,1,71,0.1868421052631579,0.4,0.2,1.8,-1.6,1.4,1.8,1.2,0.6,0.33999999999999997,1.52,-1.1800000000000002,0.17376315789473684
2019-10-05,Burnley,Everton,1,0,10.8,8.4,86,6.3,24.6,61,0,0,0,0,0,0,1,1,win,1,0,0,0,1,1,0,-2.4000000000000004,1,10,2019,2019,autumn,0,0,0,1,72,0.18947368421052632,1.2,1.2,1.4,-0.2,0.6,1.0,2.4,-1.4,1.2,0.72,0.48,0.18189473684210528
2019-10-05,Liverpool,Leicester City,2,1,12.1,9.5,85,6.1,25.3,61,0,0,0,0,0,0,3,1,win,1,0,0,0,1,1,0,-2.5999999999999996,1,10,2019,2019,autumn,0,0,0,1,73,0.19210526315789472,3.0,2.4,0.6,1.8,2.4,2.4,0.8,1.6,2.8199999999999994,2.4,0.4199999999999995,0.5013947368421051
2019-10-05,Norwich City,Aston Villa,1,5,12.6,10.4,76,0.0,17.3,3,0,0,0,0,0,0,6,-4,loss,0,0,0,0,0,0,0,-2.1999999999999993,1,10,2019,2019,autumn,0,0,0,1,74,0.19473684210526315,0.6,1.0,2.2,-1.2,1.0,1.2,1.2,0.0,0.72,1.06,-0.3400000000000001,0.1733157894736842
2019-10-05,Watford,Sheffield United,0,0,12.0,10.6,88,2.6,13.0,61,0,0,0,0,0,0,0,0,draw,1,0,0,0,1,0,0,-1.4000000000000004,1,10,2019,2019,autumn,0,0,0,1,75,0.19736842105263158,0.4,0.8,3.2,-2.4,0.8,1.0,1.2,-0.2,0.52,0.8599999999999999,-0.33999999999999986,0.13618421052631577
2019-10-05,West Ham United,Crystal Palace,1,2,12.2,10.9,87,1.2,12.6,53,0,0,0,0,0,0,3,-1,loss,1,0,0,0,1,0,0,-1.299999999999999,1,10,2019,2019,autumn,0,0,0,1,76,0.2,2.2,1.8,0.6,1.2,2.0,1.2,1.2,0.0,2.08,1.7599999999999998,0.3200000000000003,0.384
2019-10-06,Arsenal,Bournemouth,1,0,13.5,10.6,80,11.9,28.4,61,1,0,0,0,0,1,1,1,win,1,0,0,0,0,0,0,-2.9000000000000004,1,10,2019,2019,autumn,0,0,0,1,77,0.2026315789473684,1.2,1.8,2.0,-0.2,1.4,2.0,2.0,0.0,1.38,1.5799999999999998,-0.19999999999999996,0.29989473684210527
2019-10-06,Manchester City,Wolverhampton Wanderers,0,2,11.9,9.6,91,11.6,24.3,63,1,0,0,0,0,1,2,-2,loss,1,0,0,0,1,1,0,-2.3000000000000007,1,10,2019,2019,autumn,0,0,0,1,78,0.20526315789473684,2.4,4.0,1.0,3.0,1.0,1.6,2.0,-0.4,2.88,1.18,1.7,0.41668421052631577
2019-10-06,Newcastle United,Manchester United,1,0,11.1,8.0,89,21.9,30.5,63,1,0,0,0,0,1,1,1,win,1,0,0,1,1,1,0,-3.0999999999999996,1,10,2019,2019,autumn,0,0,0,1,79,0.20789473684210527,1.0,0.6,1.8,-1.2,1.0,0.8,1.2,-0.4,0.8799999999999999,0.94,-0.06000000000000005,0.1891842105263158
2019-10-06,Southampton,Chelsea,1,4,13.9,11.0,78,5.6,26.1,61,0,0,0,0,0,0,5,-3,loss,1,0,0,0,0,0,0,-2.9000000000000004,1,10,2019,2019,autumn,0,0,0,1,80,0.21052631578947367,1.4,1.2,1.2,0.0,2.0,2.6,1.6,1.0,1.3399999999999999,2.1799999999999997,-0.8399999999999999,0.3705263157894736
2019-10-19,Aston Villa,Brighton,2,1,8.7,6.0,88,0.2,21.3,51,0,0,0,0,0,0,3,1,win,1,1,0,0,1,1,0,-2.6999999999999993,1,10,2019,2019,autumn,0,0,0,1,81,0.2131578947368421,1.0,1.8,1.4,0.4,1.0,0.8,1.4,-0.6,1.24,0.94,0.30000000000000004,0.23234210526315785
2019-10-19,Bournemouth,Norwich City,0,0,11.2,8.6,80,0.5,25.8,51,0,0,0,0,0,0,0,0,draw,1,0,0,0,0,1,0,-2.5999999999999996,1,10,2019,2019,autumn,0,0,0,1,82,0.21578947368421053,1.4,1.8,1.6,0.2,0.6,0.8,2.6,-1.8,1.52,0.6599999999999999,0.8600000000000001,0.23521052631578945
2019-10-19,Chelsea,Newcastle United,1,0,10.7,8.0,83,0.2,20.8,51,0,0,0,0,0,0,1,1,win,1,0,0,0,0,1,0,-2.6999999999999993,1,10,2019,2019,autumn,0,0,0,1,83,0.21842105263157896,2.0,2.8,1.4,1.4,1.0,0.6,1.8,-1.2,2.2399999999999998,0.8799999999999999,1.3599999999999999,0.3407368421052631
2019-10-19,Crystal Palace,Manchester City,0,2,10.8,8.1,82,0.5,20.0,51,0,0,0,0,0,0,2,-2,loss,1,0,0,0,0,1,0,-2.700000000000001,1,10,2019,2019,autumn,0,0,0,1,84,0.22105263157894736,2.0,1.2,1.2,0.0,1.8,3.4,1.2,2.2,1.7599999999999998,2.2800000000000002,-0.5200000000000005,0.44652631578947366
2019-10-19,Everton,West Ham United,2,0,9.6,7.6,88,0.8,19.1,51,0,0,0,0,0,0,2,2,win,1,1,0,0,1,1,0,-2.0,1,10,2019,2019,autumn,0,0,0,1,85,0.2236842105263158,0.6,1.0,2.2,-1.2,1.6,1.4,0.8,0.6,0.72,1.5399999999999998,-0.8199999999999998,0.2527631578947368
2019-10-19,Leicester City,Burnley,2,1,9.3,6.5,87,0.6,24.5,51,0,0,0,0,0,0,3,1,win,1,1,0,0,1,1,0,-2.8000000000000007,1,10,2019,2019,autumn,0,0,0,1,86,0.22631578947368422,1.8,2.2,1.0,1.2,1.6,1.2,1.2,0.0,1.92,1.48,0.43999999999999995,0.38473684210526315
2019-10-19,Tottenham Hotspur,Watford,1,1,10.7,8.1,82,0.3,19.3,51,0,0,0,0,0,0,2,0,draw,1,0,0,0,0,1,0,-2.5999999999999996,1,10,2019,2019,autumn,0,0,0,1,87,0.22894736842105262,1.4,1.8,1.6,0.2,0.6,0.6,2.6,-2.0,1.52,0.6,0.92,0.24268421052631578
2019-10-19,Wolverhampton Wanderers,Southampton,1,1,8.7,6.1,87,0.4,16.5,51,0,0,0,0,0,0,2,0,draw,1,1,0,0,1,1,0,-2.5999999999999996,1,10,2019,2019,autumn,0,0,0,1,88,0.23157894736842105,1.4,1.8,1.8,0.0,0.8,1.0,2.0,-1.0,1.52,0.8599999999999999,0.6600000000000001,0.27557894736842103
2019-10-20,Manchester United,Liverpool,1,1,8.4,5.7,81,0.7,20.4,51,0,0,0,0,0,0,2,0,draw,1,1,0,0,0,1,0,-2.7,1,10,2019,2019,autumn,0,0,0,1,89,0.23421052631578948,1.0,0.6,1.0,-0.4,3.0,2.2,0.6,1.6,0.8799999999999999,2.76,-1.88,0.42626315789473684
2019-10-21,Sheffield United,Arsenal,1,0,9.0,6.0,88,0.1,22.7,51,0,0,0,0,0,0,1,1,win,1,1,0,0,1,1,0,-3.0,1,10,2019,2019,autumn,0,0,0,1,90,0.23684210526315788,1.0,0.8,0.8,0.0,1.8,1.8,1.4,0.4,0.94,1.8,-0.8600000000000001,0.3244736842105263
2019-10-25,Southampton,Leicester City,0,9,13.5,10.3,87,5.0,39.8,55,0,0,0,0,0,0,9,-9,loss,1,0,0,1,1,0,0,-3.1999999999999993,1,10,2019,2019,autumn,0,0,0,1,91,0.2394736842105263,0.8,1.0,2.0,-1.0,1.8,2.0,1.0,1.0,0.8599999999999999,1.8599999999999999,-1.0,0.32568421052631574
2019-10-26,Brighton,Everton,3,2,14.7,10.1,82,11.0,42.4,61,1,0,0,0,0,1,5,1,win,1,0,0,1,0,0,0,-4.6,1,10,2019,2019,autumn,0,0,0,1,92,0.24210526315789474,1.0,1.0,1.0,0.0,0.6,0.8,1.8,-1.0,1.0,0.6599999999999999,0.3400000000000001,0.20094736842105262
2019-10-26,Burnley,Chelsea,2,4,5.9,3.2,88,17.2,21.7,61,1,0,0,0,0,1,6,-2,loss,1,1,0,0,1,1,0,-2.7,1,10,2019,2019,autumn,0,0,0,1,93,0.24473684210526317,1.6,1.4,1.0,0.4,2.4,2.6,1.0,1.6,1.5399999999999998,2.46,-0.9200000000000002,0.48947368421052634
2019-10-26,Manchester City,Aston Villa,3,0,6.8,4.3,87,24.9,18.8,63,1,0,0,0,0,1,3,3,win,1,1,0,0,1,1,0,-2.5,1,10,2019,2019,autumn,0,0,0,1,94,0.24736842105263157,1.8,3.0,1.2,1.8,1.6,2.2,1.4,0.8,2.16,1.7799999999999998,0.38000000000000034,0.4873157894736842
2019-10-26,Watford,Bournemouth,0,0,12.9,9.3,86,8.0,34.0,61,0,0,0,0,0,0,0,0,draw,1,0,0,1,1,1,0,-3.5999999999999996,1,10,2019,2019,autumn,0,0,0,1,95,0.25,0.6,0.6,2.6,-2.0,1.6,1.6,1.0,0.6,0.6,1.5999999999999999,-0.9999999999999999,0.27499999999999997
2019-10-26,West Ham United,Sheffield United,1,1,14.0,10.4,82,5.5,35.3,61,0,0,0,0,0,0,2,0,draw,1,0,0,1,0,0,0,-3.5999999999999996,1,10,2019,2019,autumn,0,0,0,1,96,0.25263157894736843,1.0,1.0,1.2,-0.2,1.4,0.6,0.4,0.2,1.0,1.16,-0.15999999999999992,0.27284210526315794
2019-10-27,Arsenal,Crystal Palace,2,2,6.9,4.0,79,0.0,12.3,3,0,0,0,0,0,0,4,0,draw,0,1,0,0,0,1,0,-2.9000000000000004,1,10,2019,2019,autumn,0,0,0,1,97,0.25526315789473686,1.6,1.4,1.2,0.2,1.4,1.0,1.6,-0.6,1.5399999999999998,1.2799999999999998,0.26,0.3599210526315789
2019-10-27,Liverpool,Tottenham Hotspur,2,1,9.3,4.6,68,0.0,28.2,3,0,0,0,0,0,0,3,1,win,0,1,0,0,0,1,0,-4.700000000000001,1,10,2019,2019,autumn,0,0,0,1,98,0.2578947368421053,2.6,1.8,0.8,1.0,1.4,1.6,1.4,0.2,2.36,1.46,0.8999999999999999,0.49257894736842106
2019-10-27,Newcastle United,Wolverhampton Wanderers,1,1,7.1,2.1,77,0.0,37.4,0,0,0,0,0,0,0,2,0,draw,0,1,0,1,0,1,0,-5.0,1,10,2019,2019,autumn,0,0,0,1,99,0.26052631578947366,0.8,0.4,1.8,-1.4,1.6,1.6,1.4,0.2,0.6799999999999999,1.5999999999999999,-0.9199999999999999,0.29699999999999993
2019-10-27,Norwich City,Manchester United,1,3,7.4,3.4,75,0.0,20.9,3,0,0,0,0,0,0,4,-2,loss,0,1,0,0,0,1,0,-4.0,1,10,2019,2019,autumn,0,0,0,1,100,0.2631578947368421,0.8,0.8,2.2,-1.4,1.0,0.6,1.0,-0.4,0.7999999999999999,0.8799999999999999,-0.07999999999999996,0.2210526315789473
2019-11-02,Arsenal,Wolverhampton Wanderers,1,1,11.3,6.6,83,5.7,47.1,63,0,0,0,0,0,0,2,0,draw,1,0,0,1,0,1,0,-4.700000000000001,1,11,2019,2019,autumn,0,0,0,1,101,0.2657894736842105,1.6,1.4,1.2,0.2,1.8,1.4,0.6,0.8,1.5399999999999998,1.68,-0.14000000000000012,0.4279210526315789
2019-11-02,Aston Villa,Liverpool,1,2,9.2,5.5,88,13.0,26.8,63,1,0,0,0,0,1,3,-1,loss,1,1,0,0,1,1,0,-3.6999999999999993,1,11,2019,2019,autumn,0,0,0,1,102,0.26842105263157895,1.4,2.2,2.0,0.2,2.6,1.6,0.8,0.8,1.64,2.3,-0.6599999999999999,0.5287894736842105
2019-11-02,Bournemouth,Manchester United,1,0,11.6,5.6,80,10.6,66.6,63,1,1,0,0,0,1,1,1,win,1,0,0,1,0,1,0,-6.0,1,11,2019,2019,autumn,0,0,0,1,103,0.2710526315789474,1.2,1.0,0.8,0.2,1.0,1.0,1.2,-0.2,1.14,1.0,0.1399999999999999,0.29002631578947363
2019-11-02,Brighton,Norwich City,2,0,11.9,5.4,84,16.9,60.2,63,1,1,0,0,0,1,2,2,win,1,0,0,1,0,1,0,-6.5,1,11,2019,2019,autumn,0,0,0,1,104,0.2736842105263158,1.4,1.4,1.2,0.2,0.2,0.4,2.4,-2.0,1.4,0.26,1.14,0.22715789473684211
2019-11-02,Manchester City,Southampton,2,1,8.9,6.4,88,2.1,23.1,53,0,0,0,0,0,0,3,1,win,1,1,0,0,1,1,0,-2.5,1,11,2019,2019,autumn,0,0,0,1,105,0.27631578947368424,2.4,3.2,0.6,2.6,0.2,0.8,3.8,-3.0,2.6399999999999997,0.38,2.26,0.41723684210526313
2019-11-02,Sheffield United,Burnley,3,0,8.6,5.7,90,6.5,21.6,61,0,0,0,0,0,0,3,3,win,1,1,0,0,1,1,0,-2.8999999999999995,1,11,2019,2019,autumn,0,0,0,1,106,0.2789473684210526,1.6,0.8,0.4,0.4,1.4,1.6,1.6,0.0,1.3599999999999999,1.46,-0.10000000000000009,0.3933157894736842
2019-11-02,Watford,Chelsea,1,2,10.7,6.4,86,6.7,41.3,63,0,0,0,0,0,0,3,-1,loss,1,0,0,1,1,1,0,-4.299999999999999,1,11,2019,2019,autumn,0,0,0,1,107,0.28157894736842104,0.6,0.2,2.2,-2.0,2.4,2.4,1.0,1.4,0.48,2.4,-1.92,0.40547368421052626
2019-11-02,West Ham United,Newcastle United,2,3,11.5,7.0,82,4.1,46.5,61,0,0,0,0,0,0,5,-1,loss,1,0,0,1,0,1,0,-4.5,1,11,2019,2019,autumn,0,0,0,1,108,0.28421052631578947,1.0,1.2,1.4,-0.2,1.0,0.4,1.4,-1.0,1.06,0.82,0.2400000000000001,0.2671578947368421
2019-11-03,Crystal Palace,Leicester City,0,2,9.0,6.7,89,1.5,18.0,53,0,0,0,0,0,0,2,-2,loss,1,1,0,0,1,1,0,-2.3,1,11,2019,2019,autumn,0,0,0,1,109,0.2868421052631579,1.6,1.4,1.2,0.2,2.4,3.8,0.8,3.0,1.5399999999999998,2.82,-1.28,0.6253157894736842
2019-11-03,Everton,Tottenham Hotspur,1,1,7.9,5.7,91,0.5,16.8,51,0,0,0,0,0,0,2,0,draw,1,1,0,0,1,1,0,-2.2,1,11,2019,2019,autumn,0,0,0,1,110,0.2894736842105263,0.6,1.0,1.8,-0.8,0.8,1.0,1.8,-0.8,0.72,0.8599999999999999,-0.1399999999999999,0.22868421052631577
2019-11-08,Norwich City,Watford,0,2,5.5,2.1,89,0.8,23.3,51,0,0,0,0,0,0,2,-2,loss,1,1,0,0,1,1,0,-3.4,1,11,2019,2019,autumn,0,0,0,1,111,0.29210526315789476,0.2,0.4,2.4,-2.0,0.6,0.4,1.0,-0.6,0.26,0.54,-0.28,0.11684210526315791
2019-11-09,Burnley,West Ham United,3,0,2.6,-1.4,91,2.8,21.3,71,0,0,1,0,0,1,3,3,win,1,1,0,0,1,1,0,-4.0,1,11,2019,2019,autumn,0,0,0,1,112,0.29473684210526313,0.8,1.2,2.2,-1.0,0.4,1.2,2.0,-0.8,0.9199999999999999,0.6399999999999999,0.28,0.2298947368421052
2019-11-09,Chelsea,Crystal Palace,2,0,5.0,1.9,92,5.0,21.0,55,0,0,0,0,0,0,2,2,win,1,1,0,0,1,1,0,-3.1,1,11,2019,2019,autumn,0,0,0,1,113,0.29736842105263156,3.0,2.6,0.8,1.8,1.4,1.2,1.4,-0.2,2.88,1.3399999999999999,1.54,0.6274473684210525
2019-11-09,Leicester City,Arsenal,2,0,2.6,-1.1,92,10.3,26.2,61,1,0,1,0,0,1,2,2,win,1,1,0,0,1,1,0,-3.7,1,11,2019,2019,autumn,0,0,0,1,114,0.3,2.4,3.8,0.6,3.2,1.2,1.0,1.0,0.0,2.82,1.14,1.68,0.594
2019-11-09,Newcastle United,Bournemouth,2,1,3.5,0.1,78,0.2,14.7,51,0,0,0,0,0,0,3,1,win,1,1,0,0,0,1,0,-3.4,1,11,2019,2019,autumn,0,0,0,1,115,0.3026315789473684,1.4,1.0,1.8,-0.8,1.2,0.6,0.6,0.0,1.2799999999999998,1.02,0.2599999999999998,0.34802631578947363
2019-11-09,Southampton,Everton,1,2,3.8,0.8,95,10.3,18.3,63,1,0,0,0,0,1,3,-1,loss,1,1,0,0,1,1,0,-3.0,1,11,2019,2019,autumn,0,0,0,1,116,0.30526315789473685,0.2,0.8,3.6,-2.8,0.8,1.2,1.6,-0.4,0.38,0.9199999999999999,-0.5399999999999999,0.19842105263157891
2019-11-09,Tottenham Hotspur,Sheffield United,1,1,4.8,1.6,92,5.2,19.4,55,0,0,0,0,0,0,2,0,draw,1,1,0,0,1,1,0,-3.1999999999999997,1,11,2019,2019,autumn,0,0,0,1,117,0.3078947368421053,1.0,1.0,1.6,-0.6,1.6,1.0,0.4,0.6,1.0,1.42,-0.41999999999999993,0.37255263157894736
2019-11-10,Liverpool,Manchester City,3,1,4.2,0.6,82,3.1,25.1,61,0,0,0,0,0,0,4,2,win,1,1,0,0,0,1,0,-3.6,1,11,2019,2019,autumn,0,0,0,1,118,0.3105263157894737,2.6,1.6,0.8,0.8,2.4,2.0,0.8,1.2,2.3,2.28,0.020000000000000018,0.7111052631578948
2019-11-10,Manchester United,Brighton,3,1,5.1,1.8,78,2.0,20.2,55,0,0,0,0,0,0,4,2,win,1,1,0,0,0,1,0,-3.3,1,11,2019,2019,autumn,0,0,0,1,119,0.3131578947368421,1.0,1.0,1.0,0.0,1.8,1.8,1.2,0.6,1.0,1.8,-0.8,0.4384210526315789
2019-11-10,Wolverhampton Wanderers,Aston Villa,2,1,5.1,1.5,84,3.5,22.5,55,0,0,0,0,0,0,3,1,win,1,1,0,0,0,1,0,-3.5999999999999996,1,11,2019,2019,autumn,0,0,0,1,120,0.3157894736842105,1.8,1.4,0.6,0.8,1.4,2.0,1.8,0.2,1.68,1.5799999999999998,0.10000000000000009,0.514736842105263
2019-11-23,Arsenal,Southampton,2,2,8.4,5.4,91,2.5,20.5,51,0,0,0,0,0,0,4,0,draw,1,1,0,0,1,1,0,-3.0,1,11,2019,2019,autumn,0,0,0,1,121,0.31842105263157894,1.0,0.8,1.2,-0.4,0.2,0.8,3.6,-2.8,0.94,0.38,0.5599999999999999,0.21015789473684207
2019-11-23,Bournemouth,Wolverhampton Wanderers,1,2,10.6,8.1,92,9.5,29.5,55,0,0,0,0,0,0,3,-1,loss,1,0,0,0,1,1,0,-2.5,1,11,2019,2019,autumn,0,0,0,1,122,0.32105263157894737,1.0,0.4,0.6,-0.2,1.8,1.4,0.8,0.6,0.82,1.68,-0.86,0.4013157894736842
2019-11-23,Brighton,Leicester City,0,2,10.2,7.1,89,7.2,27.7,61,0,0,0,0,0,0,2,-2,loss,1,0,0,0,1,1,0,-3.0999999999999996,1,11,2019,2019,autumn,0,0,0,1,123,0.3236842105263158,1.8,2.0,1.4,0.6,2.4,3.2,0.6,2.6,1.8599999999999999,2.6399999999999997,-0.7799999999999998,0.7282894736842105
2019-11-23,Crystal Palace,Liverpool,1,2,8.6,5.8,91,2.5,19.1,51,0,0,0,0,0,0,3,-1,loss,1,1,0,0,1,1,0,-2.8,1,11,2019,2019,autumn,0,0,0,1,124,0.3263157894736842,0.8,0.8,1.8,-1.0,2.6,2.0,1.0,1.0,0.7999999999999999,2.42,-1.62,0.5253684210526316
2019-11-23,Everton,Norwich City,0,2,7.9,4.8,91,2.3,23.2,53,0,0,0,0,0,0,2,-2,loss,1,1,0,0,1,1,0,-3.1000000000000005,1,11,2019,2019,autumn,0,0,0,1,125,0.32894736842105265,1.4,1.4,1.2,0.2,0.2,0.4,2.4,-2.0,1.4,0.26,1.14,0.2730263157894737
2019-11-23,Manchester City,Chelsea,2,1,8.4,5.2,88,2.6,24.4,53,0,0,0,0,0,0,3,1,win,1,1,0,0,1,1,0,-3.2,1,11,2019,2019,autumn,0,0,0,1,126,0.33157894736842103,1.8,1.6,1.2,0.4,3.0,2.6,0.8,1.8,1.74,2.88,-1.14,0.7659473684210526
2019-11-23,Watford,Burnley,0,3,8.1,5.1,92,3.3,20.2,51,0,0,0,0,0,0,3,-3,loss,1,1,0,0,1,1,0,-3.0,1,11,2019,2019,autumn,0,0,0,1,127,0.33421052631578946,1.2,0.8,0.6,0.2,1.2,1.4,1.8,-0.4,1.08,1.26,-0.17999999999999994,0.39102631578947367
2019-11-23,West Ham United,Tottenham Hotspur,2,3,8.6,5.7,91,2.5,19.8,51,0,0,0,0,0,0,5,-1,loss,1,1,0,0,1,1,0,-2.8999999999999995,1,11,2019,2019,autumn,0,0,0,1,128,0.3368421052631579,0.2,0.8,2.2,-1.4,0.6,0.8,1.6,-0.8,0.38,0.6599999999999999,-0.2799999999999999,0.1751578947368421
2019-11-24,Sheffield United,Manchester United,3,3,7.8,6.0,95,0.1,10.7,51,0,0,0,0,0,0,6,0,draw,1,1,0,0,1,1,0,-1.7999999999999998,1,11,2019,2019,autumn,0,0,0,1,129,0.3394736842105263,1.8,1.2,0.4,0.8,1.4,1.4,1.0,0.4,1.62,1.4,0.2200000000000002,0.5126052631578948
2019-11-25,Aston Villa,Newcastle United,2,0,9.1,6.5,97,2.5,19.8,51,0,0,0,0,0,0,2,2,win,1,1,0,0,1,1,0,-2.5999999999999996,1,11,2019,2019,autumn,0,0,0,1,130,0.34210526315789475,1.2,1.8,1.8,0.0,2.0,1.4,1.0,0.4,1.38,1.8199999999999998,-0.43999999999999995,0.5473684210526315
2019-11-30,Burnley,Crystal Palace,0,2,1.3,-2.6,97,0.0,16.1,3,0,0,1,0,0,1,2,-2,loss,0,1,0,0,1,1,0,-3.9000000000000004,1,11,2019,2019,autumn,0,0,0,1,131,0.3447368421052632,1.2,1.8,1.8,0.0,0.2,0.6,2.0,-1.4,1.38,0.31999999999999995,1.06,0.29302631578947363
2019-11-30,Chelsea,West Ham United,0,1,2.9,-0.6,92,0.0,14.8,3,0,0,1,0,0,1,1,-1,loss,0,1,0,0,1,1,0,-3.5,1,11,2019,2019,autumn,0,0,0,1,132,0.3473684210526316,2.4,2.0,1.0,1.0,0.2,1.0,2.4,-1.4,2.28,0.43999999999999995,1.8399999999999999,0.47242105263157896
2019-11-30,Liverpool,Brighton,2,1,1.3,-2.7,92,0.0,18.0,3,0,0,1,0,0,1,3,1,win,0,1,0,0,1,1,0,-4.0,1,11,2019,2019,autumn,0,0,0,1,133,0.35,2.6,2.0,1.0,1.0,1.2,1.4,1.8,-0.4,2.42,1.26,1.16,0.6439999999999999
2019-11-30,Newcastle United,Manchester City,2,2,-0.8,-4.1,94,0.0,8.1,3,0,0,1,0,0,1,4,0,draw,0,1,0,0,1,1,0,-3.3,1,11,2019,2019,autumn,0,0,0,1,134,0.3526315789473684,1.4,1.2,1.4,-0.2,2.4,2.0,1.0,1.0,1.3399999999999999,2.28,-0.94,0.6382631578947368
2019-11-30,Southampton,Watford,2,1,5.3,1.0,81,0.0,22.3,3,0,0,0,0,0,0,3,1,win,0,1,0,0,0,1,0,-4.3,1,11,2019,2019,autumn,0,0,0,1,135,0.35526315789473684,0.4,1.0,3.2,-2.2,1.0,0.8,1.2,-0.4,0.58,0.94,-0.36,0.27
2019-11-30,Tottenham Hotspur,Bournemouth,3,2,3.1,-0.2,92,0.0,13.8,3,0,0,1,0,0,1,5,1,win,0,1,0,0,1,1,0,-3.3000000000000003,1,11,2019,2019,autumn,0,0,0,1,136,0.35789473684210527,1.2,1.4,1.4,0.0,1.0,0.6,0.8,-0.2,1.26,0.8799999999999999,0.3800000000000001,0.3829473684210526
2019-12-01,Leicester City,Everton,2,1,1.4,-2.6,92,0.0,18.6,3,0,0,1,0,0,1,3,1,win,0,1,0,0,1,1,0,-4.0,1,12,2019,2019,winter,1,0,0,0,137,0.3605263157894737,3.0,3.4,0.2,3.2,1.4,1.4,1.4,0.0,3.1199999999999997,1.4,1.7199999999999998,0.8147894736842105
2019-12-01,Manchester United,Aston Villa,2,2,1.1,-2.2,89,0.0,12.9,3,0,0,1,0,0,1,4,0,draw,0,1,0,0,1,1,0,-3.3000000000000003,1,12,2019,2019,winter,1,0,0,0,138,0.3631578947368421,1.6,2.0,1.4,0.6,1.2,1.2,1.6,-0.4,1.7199999999999998,1.2,0.5199999999999998,0.5302105263157895
2019-12-01,Norwich City,Arsenal,2,2,5.4,1.7,81,0.8,17.3,51,0,0,0,0,0,0,4,0,draw,1,1,0,0,0,1,0,-3.7,1,12,2019,2019,winter,1,0,0,0,139,0.36578947368421055,0.8,0.6,1.4,-0.8,0.6,1.0,1.6,-0.6,0.74,0.72,0.020000000000000018,0.2670263157894737
2019-12-01,Wolverhampton Wanderers,Sheffield United,1,1,1.6,-2.2,90,0.0,16.4,3,0,0,1,0,0,1,2,0,draw,0,1,0,0,1,1,0,-3.8000000000000003,1,12,2019,2019,winter,1,0,0,0,140,0.3684210526315789,1.8,1.4,1.0,0.4,1.8,1.8,1.0,0.8,1.68,1.8,-0.1200000000000001,0.6410526315789473
2019-12-03,Burnley,Manchester City,1,4,4.8,1.2,95,0.0,18.0,3,0,0,0,0,0,0,5,-3,loss,0,1,0,0,1,1,0,-3.5999999999999996,1,12,2019,2019,winter,1,0,0,0,141,0.37105263157894736,1.2,1.6,1.8,-0.2,2.0,2.0,1.4,0.6,1.3199999999999998,2.0,-0.6800000000000002,0.6159473684210526
2019-12-03,Crystal Palace,Bournemouth,1,0,4.0,1.0,89,0.0,10.4,3,0,0,0,0,0,0,1,1,win,0,1,0,0,1,1,0,-3.0,1,12,2019,2019,winter,1,0,0,0,142,0.3736842105263158,0.8,1.0,1.6,-0.6,0.8,1.0,1.4,-0.4,0.8599999999999999,0.8599999999999999,0.0,0.3213684210526315
2019-12-04,Chelsea,Aston Villa,2,1,3.4,0.5,90,0.0,12.1,3,0,0,0,0,0,0,3,1,win,0,1,0,0,1,1,0,-2.9,1,12,2019,2019,winter,1,0,0,0,143,0.3763157894736842,1.8,1.8,1.2,0.6,0.8,1.2,1.8,-0.6,1.8,0.9199999999999999,0.8800000000000001,0.5117894736842105
2019-12-04,Leicester City,Watford,2,0,2.5,-1.0,94,0.0,14.0,3,0,0,1,0,0,1,2,2,win,0,1,0,0,1,1,0,-3.5,1,12,2019,2019,winter,1,0,0,0,144,0.37894736842105264,3.0,3.4,0.2,3.2,0.8,0.8,1.4,-0.6,3.1199999999999997,0.7999999999999999,2.32,0.7427368421052631
2019-12-04,Liverpool,Everton,5,2,4.8,1.3,91,0.2,17.9,51,0,0,0,0,0,0,7,3,win,1,1,0,0,1,1,0,-3.5,1,12,2019,2019,winter,1,0,0,0,145,0.3815789473684211,3.0,2.2,1.0,1.2,0.8,1.2,1.8,-0.6,2.76,0.9199999999999999,1.8399999999999999,0.7021052631578947
2019-12-04,Manchester United,Tottenham Hotspur,2,1,3.8,0.5,90,0.1,15.3,51,0,0,0,0,0,0,3,1,win,1,1,0,0,1,1,0,-3.3,1,12,2019,2019,winter,1,0,0,0,146,0.38421052631578945,1.6,2.2,1.6,0.6,1.6,1.8,1.6,0.2,1.7799999999999998,1.66,0.11999999999999988,0.6608421052631578
2019-12-04,Southampton,Norwich City,2,1,4.2,1.5,90,0.0,11.7,3,0,0,0,0,0,0,3,1,win,0,1,0,0,1,1,0,-2.7,1,12,2019,2019,winter,1,0,0,0,147,0.3868421052631579,0.8,1.2,3.2,-2.0,0.8,1.0,1.8,-0.8,0.9199999999999999,0.8599999999999999,0.06000000000000005,0.3442894736842105
2019-12-04,Wolverhampton Wanderers,West Ham United,2,0,2.0,-1.5,97,0.0,12.9,3,0,0,1,0,0,1,2,2,win,0,1,0,0,1,1,0,-3.5,1,12,2019,2019,winter,1,0,0,0,148,0.3894736842105263,1.8,1.4,1.0,0.4,0.8,1.2,2.0,-0.8,1.68,0.9199999999999999,0.76,0.5063157894736842
2019-12-05,Arsenal,Brighton,1,2,3.9,-0.3,92,0.0,29.3,3,0,0,1,0,0,1,3,-1,loss,0,1,0,0,1,1,0,-4.2,1,12,2019,2019,winter,1,0,0,0,149,0.39210526315789473,0.8,1.4,1.8,-0.4,1.2,1.4,1.8,-0.4,0.98,1.26,-0.28,0.43915789473684214
2019-12-05,Sheffield United,Newcastle United,0,2,6.8,2.2,88,2.0,39.3,55,0,0,0,0,0,0,2,-2,loss,1,1,0,1,1,1,0,-4.6,1,12,2019,2019,winter,1,0,0,0,150,0.39473684210526316,1.4,1.8,1.2,0.6,1.6,1.6,1.6,0.0,1.52,1.5999999999999999,-0.07999999999999985,0.6157894736842106
2019-12-07,Bournemouth,Liverpool,0,3,9.1,5.6,87,0.0,37.8,3,0,0,0,0,0,0,3,-3,loss,0,1,0,1,1,1,0,-3.5,1,12,2019,2019,winter,1,0,0,0,151,0.3973684210526316,0.6,1.0,1.6,-0.6,3.0,2.8,1.2,1.6,0.72,2.9399999999999995,-2.2199999999999998,0.7271842105263157
2019-12-07,Everton,Chelsea,3,1,9.4,5.3,86,2.8,34.2,55,0,0,0,0,0,0,4,2,win,1,1,0,1,1,1,0,-4.1000000000000005,1,12,2019,2019,winter,1,0,0,0,152,0.4,0.8,1.2,2.2,-1.0,1.8,1.4,1.0,0.4,0.9199999999999999,1.68,-0.76,0.5199999999999999
2019-12-07,Manchester City,Manchester United,1,2,9.0,5.3,88,2.3,34.9,53,0,0,0,0,0,0,3,-1,loss,1,1,0,1,1,1,0,-3.7,1,12,2019,2019,winter,1,0,0,0,153,0.4026315789473684,2.0,2.2,1.6,0.6,1.6,2.0,1.6,0.4,2.06,1.7199999999999998,0.3400000000000003,0.7609736842105262
2019-12-07,Tottenham Hotspur,Burnley,5,0,7.4,3.8,89,0.0,28.7,3,0,0,0,0,0,0,5,5,win,0,1,0,0,1,1,0,-3.6000000000000005,1,12,2019,2019,winter,1,0,0,0,154,0.4052631578947368,1.6,1.8,1.6,0.2,1.2,1.4,1.8,-0.4,1.66,1.26,0.3999999999999999,0.5916842105263157
2019-12-07,Watford,Crystal Palace,0,0,7.2,3.7,90,0.0,27.5,3,0,0,0,0,0,0,0,0,draw,0,1,0,0,1,1,0,-3.5,1,12,2019,2019,winter,1,0,0,0,155,0.40789473684210525,0.6,0.8,1.8,-1.0,1.2,0.8,1.2,-0.4,0.6599999999999999,1.08,-0.42000000000000015,0.35486842105263156
2019-12-08,Aston Villa,Leicester City,1,4,7.3,1.8,79,1.5,37.8,53,0,0,0,0,0,0,5,-3,loss,1,1,0,1,0,1,0,-5.5,1,12,2019,2019,winter,1,0,0,0,156,0.4105263157894737,0.8,1.4,1.6,-0.2,3.0,2.0,0.2,1.8,0.98,2.6999999999999997,-1.7199999999999998,0.7553684210526315
2019-12-08,Brighton,Wolverhampton Wanderers,2,2,9.6,3.3,79,5.9,45.1,61,0,0,0,0,0,0,4,0,draw,1,1,0,1,0,1,0,-6.3,1,12,2019,2019,winter,1,0,0,0,157,0.4131578947368421,1.2,1.2,1.6,-0.4,2.2,1.6,0.8,0.8,1.2,2.02,-0.8200000000000001,0.6651842105263157
2019-12-08,Newcastle United,Southampton,2,1,7.4,1.0,75,3.5,41.8,61,0,0,0,0,0,0,3,1,win,1,1,0,1,0,1,0,-6.4,1,12,2019,2019,winter,1,0,0,0,158,0.41578947368421054,2.0,1.8,1.4,0.4,1.4,1.6,1.6,0.0,1.94,1.46,0.48,0.7068421052631579
2019-12-08,Norwich City,Sheffield United,1,2,8.7,2.7,77,2.9,39.4,61,0,0,0,0,0,0,3,-1,loss,1,1,0,1,0,1,0,-5.999999999999999,1,12,2019,2019,winter,1,0,0,0,159,0.41842105263157897,0.8,1.0,1.6,-0.6,1.2,1.6,1.4,0.2,0.8599999999999999,1.3199999999999998,-0.45999999999999996,0.45607894736842103
2019-12-09,West Ham United,Arsenal,1,3,5.7,1.1,77,1.0,30.0,51,0,0,0,0,0,0,4,-2,loss,1,1,0,1,0,1,0,-4.6,1,12,2019,2019,winter,1,0,0,0,160,0.42105263157894735,0.6,1.0,2.2,-1.2,0.6,1.2,1.8,-0.6,0.72,0.78,-0.06000000000000005,0.3157894736842105
2019-12-14,Burnley,Newcastle United,1,0,3.0,-2.9,87,9.7,33.9,73,0,0,1,0,0,1,1,1,win,1,1,0,1,1,1,0,-5.9,1,12,2019,2019,winter,1,0,0,0,161,0.4236842105263158,1.2,1.4,2.2,-0.8,2.0,1.6,1.2,0.4,1.26,1.88,-0.6199999999999999,0.6651842105263157
2019-12-14,Chelsea,Bournemouth,0,1,5.9,0.4,77,6.9,35.0,73,0,0,0,0,0,0,1,-1,loss,1,1,0,1,0,1,0,-5.5,1,12,2019,2019,winter,1,0,0,0,162,0.4263157894736842,1.2,1.2,1.4,-0.2,0.0,0.8,2.2,-1.4,1.2,0.24,0.96,0.30694736842105264
2019-12-14,Leicester City,Norwich City,1,1,4.4,-1.7,75,2.0,36.2,53,0,0,1,0,0,1,2,0,draw,1,1,0,1,0,1,0,-6.1000000000000005,1,12,2019,2019,winter,1,0,0,0,163,0.42894736842105263,3.0,2.4,0.4,2.0,0.8,1.2,1.6,-0.4,2.8199999999999994,0.9199999999999999,1.8999999999999995,0.8021315789473683
2019-12-14,Liverpool,Watford,2,0,4.8,-1.7,75,5.3,41.8,71,0,0,1,0,0,1,2,2,win,1,1,0,1,0,1,0,-6.5,1,12,2019,2019,winter,1,0,0,0,164,0.43157894736842106,3.0,3.0,1.0,2.0,0.8,0.6,1.4,-0.8,2.9999999999999996,0.74,2.26,0.8070526315789472
2019-12-14,Sheffield United,Aston Villa,2,0,3.7,-2.1,79,4.1,33.0,73,0,0,1,0,0,1,2,2,win,1,1,0,1,0,1,0,-5.800000000000001,1,12,2019,2019,winter,1,0,0,0,165,0.4342105263157895,1.2,1.4,1.6,-0.2,0.8,1.4,2.0,-0.6,1.26,0.98,0.28,0.48631578947368426
2019-12-14,Southampton,West Ham United,0,1,7.0,1.6,76,4.2,37.3,61,0,0,0,0,0,0,1,-1,loss,1,1,0,1,0,1,0,-5.4,1,12,2019,2019,winter,1,0,0,0,166,0.4368421052631579,1.4,1.6,1.6,0.0,0.6,0.8,2.2,-1.4,1.46,0.6599999999999999,0.8,0.46305263157894744
2019-12-15,Arsenal,Manchester City,0,3,6.8,1.5,78,3.4,31.5,55,0,0,0,0,0,0,3,-3,loss,1,1,0,1,0,1,0,-5.3,1,12,2019,2019,winter,1,0,0,0,167,0.4394736842105263,1.0,1.6,1.8,-0.2,1.4,2.0,1.8,0.2,1.18,1.5799999999999998,-0.3999999999999999,0.6064736842105263
2019-12-15,Manchester United,Everton,1,1,4.4,-0.4,82,6.4,27.2,73,0,0,1,0,0,1,2,0,draw,1,1,0,0,0,1,0,-4.800000000000001,1,12,2019,2019,winter,1,0,0,0,168,0.4421052631578947,2.2,2.4,1.6,0.8,1.2,1.6,2.2,-0.6,2.26,1.3199999999999998,0.94,0.7913684210526315
2019-12-15,Wolverhampton Wanderers,Tottenham Hotspur,1,2,4.5,-0.7,80,2.0,32.2,71,0,0,1,0,0,1,3,-1,loss,1,1,0,1,0,1,0,-5.2,1,12,2019,2019,winter,1,0,0,0,169,0.44473684210526315,2.2,1.8,1.0,0.8,2.0,2.6,1.4,1.2,2.08,2.1799999999999997,-0.09999999999999964,0.9472894736842105
2019-12-16,Crystal Palace,Brighton,1,1,7.2,4.4,92,2.6,23.7,53,0,0,0,0,0,0,2,0,draw,1,1,0,0,1,1,0,-2.8,1,12,2019,2019,winter,1,0,0,0,170,0.4473684210526316,1.4,0.8,0.8,0.0,0.8,1.2,2.0,-0.8,1.2199999999999998,0.9199999999999999,0.2999999999999998,0.4786842105263157
2019-12-21,Aston Villa,Southampton,1,3,5.7,2.2,94,3.0,21.8,55,0,0,0,0,0,0,4,-2,loss,1,1,0,0,1,1,0,-3.5,1,12,2019,2019,winter,1,0,0,0,171,0.45,0.8,1.2,2.0,-0.8,1.4,1.4,1.4,0.0,0.9199999999999999,1.4,-0.48,0.522
2019-12-21,Bournemouth,Burnley,0,1,9.3,4.8,85,12.5,33.1,63,1,0,0,0,0,1,1,-1,loss,1,1,0,1,1,1,0,-4.500000000000001,1,12,2019,2019,winter,1,0,0,0,172,0.45263157894736844,0.6,0.8,1.8,-1.0,1.2,1.0,2.2,-1.2,0.6599999999999999,1.14,-0.48,0.40736842105263155
2019-12-21,Brighton,Sheffield United,0,1,9.1,3.7,87,14.3,37.2,63,1,0,0,0,0,1,1,-1,loss,1,1,0,1,1,1,0,-5.3999999999999995,1,12,2019,2019,winter,1,0,0,0,173,0.45526315789473687,1.0,1.2,1.6,-0.4,1.6,1.6,1.4,0.2,1.06,1.5999999999999999,-0.5399999999999998,0.6055
2019-12-21,Everton,Arsenal,0,0,5.2,1.8,94,0.9,18.6,51,0,0,0,0,0,0,0,0,draw,1,1,0,0,1,1,0,-3.4000000000000004,1,12,2019,2019,winter,1,0,0,0,174,0.45789473684210524,0.8,1.4,2.2,-0.8,1.0,1.6,2.0,-0.4,0.98,1.18,-0.19999999999999996,0.4945263157894737
2019-12-21,Manchester City,Leicester City,3,1,5.9,2.8,91,0.8,16.2,51,0,0,0,0,0,0,4,2,win,1,1,0,0,1,1,0,-3.1000000000000005,1,12,2019,2019,winter,1,0,0,0,175,0.4605263157894737,2.0,2.4,1.2,1.2,2.6,2.2,0.6,1.6,2.12,2.48,-0.3599999999999999,1.0592105263157894
2019-12-21,Newcastle United,Crystal Palace,1,0,4.2,1.5,95,0.9,13.5,53,0,0,0,0,0,0,1,1,win,1,1,0,0,1,1,0,-2.7,1,12,2019,2019,winter,1,0,0,0,176,0.4631578947368421,1.4,1.2,1.2,0.0,1.6,1.0,0.6,0.4,1.3399999999999999,1.42,-0.08000000000000007,0.639157894736842
2019-12-21,Norwich City,Wolverhampton Wanderers,1,2,7.3,3.4,90,2.0,24.1,53,0,0,0,0,0,0,3,-1,loss,1,1,0,0,1,1,0,-3.9,1,12,2019,2019,winter,1,0,0,0,177,0.46578947368421053,1.0,1.4,1.4,0.0,1.6,1.6,1.2,0.4,1.1199999999999999,1.5999999999999999,-0.48,0.6334736842105263
2019-12-22,Tottenham Hotspur,Chelsea,0,2,7.2,3.7,90,4.1,24.8,55,0,0,0,0,0,0,2,-2,loss,1,1,0,0,1,1,0,-3.5,1,12,2019,2019,winter,1,0,0,0,178,0.46842105263157896,2.4,2.8,1.4,1.4,0.6,0.8,1.6,-0.8,2.52,0.6599999999999999,1.86,0.7447894736842104
2019-12-22,Watford,Manchester United,2,0,6.8,3.4,91,4.1,24.7,55,0,0,0,0,0,0,2,2,win,1,1,0,0,1,1,0,-3.4,1,12,2019,2019,winter,1,0,0,0,179,0.4710526315789474,0.2,0.2,1.8,-1.6,1.8,2.0,1.6,0.4,0.19999999999999998,1.8599999999999999,-1.66,0.48518421052631583
2019-12-26,Aston Villa,Norwich City,1,0,4.1,0.6,95,2.5,26.9,53,0,0,0,0,0,0,1,1,win,1,1,0,0,1,1,0,-3.4999999999999996,1,12,2019,2019,winter,1,0,0,0,180,0.47368421052631576,0.2,1.0,2.6,-1.6,0.4,1.2,1.8,-0.6,0.43999999999999995,0.6399999999999999,-0.19999999999999996,0.25578947368421046
2019-12-26,Bournemouth,Arsenal,1,1,9.8,5.2,86,13.8,39.4,61,1,0,0,0,0,1,2,0,draw,1,1,0,1,1,1,0,-4.6000000000000005,1,12,2019,2019,winter,1,0,0,0,181,0.4763157894736842,0.6,0.6,1.6,-1.0,1.0,1.2,1.6,-0.4,0.6,1.06,-0.4600000000000001,0.39534210526315794
2019-12-26,Chelsea,Southampton,0,2,6.6,2.9,90,7.1,31.6,63,0,0,0,0,0,0,2,-2,loss,1,1,0,1,1,1,0,-3.6999999999999997,1,12,2019,2019,winter,1,0,0,0,182,0.4789473684210526,1.2,1.0,1.2,-0.2,1.8,1.6,1.2,0.4,1.14,1.74,-0.6000000000000001,0.6896842105263158
2019-12-26,Crystal Palace,West Ham United,2,1,7.0,3.0,90,6.0,32.2,61,0,0,0,0,0,0,3,1,win,1,1,0,1,1,1,0,-4.0,1,12,2019,2019,winter,1,0,0,0,183,0.48157894736842105,1.6,0.8,0.4,0.4,1.2,1.0,1.6,-0.6,1.3599999999999999,1.14,0.21999999999999997,0.6019736842105263
2019-12-26,Everton,Burnley,1,0,5.1,0.9,91,7.4,31.1,63,0,0,0,0,0,0,1,1,win,1,1,0,1,1,1,0,-4.199999999999999,1,12,2019,2019,winter,1,0,0,0,184,0.4842105263157895,1.0,1.4,1.8,-0.4,1.2,0.6,2.2,-1.6,1.1199999999999999,1.02,0.09999999999999987,0.5181052631578946
2019-12-26,Leicester City,Liverpool,0,4,4.4,0.7,95,3.8,28.1,53,0,0,0,0,0,0,4,-4,loss,1,1,0,0,1,1,0,-3.7,1,12,2019,2019,winter,1,0,0,0,185,0.4868421052631579,2.0,2.0,1.2,0.8,3.0,2.8,0.8,2.0,2.0,2.9399999999999995,-0.9399999999999995,1.2025
2019-12-26,Manchester United,Newcastle United,4,1,5.3,2.0,89,2.1,24.5,53,0,0,0,0,0,0,5,3,win,1,1,0,0,1,1,0,-3.3,1,12,2019,2019,winter,1,0,0,0,186,0.48947368421052634,1.6,1.4,1.4,0.0,2.0,1.4,0.8,0.6,1.5399999999999998,1.8199999999999998,-0.28,0.8223157894736841
2019-12-26,Sheffield United,Watford,1,1,4.5,1.3,96,2.7,22.6,55,0,0,0,0,0,0,2,0,draw,1,1,0,0,1,1,0,-3.2,1,12,2019,2019,winter,1,0,0,0,187,0.4921052631578947,2.0,1.2,0.8,0.4,0.8,0.6,1.2,-0.6,1.7599999999999998,0.74,1.0199999999999998,0.6151315789473684
2019-12-26,Tottenham Hotspur,Brighton,2,1,6.2,2.2,92,6.3,29.3,61,0,0,0,0,0,0,3,1,win,1,1,0,0,1,1,0,-4.0,1,12,2019,2019,winter,1,0,0,0,188,0.49473684210526314,1.8,2.2,1.4,0.8,1.0,1.2,1.4,-0.2,1.92,1.06,0.8599999999999999,0.7371578947368421
2019-12-27,Wolverhampton Wanderers,Manchester City,3,2,4.2,1.3,98,0.2,14.7,51,0,0,0,0,0,0,5,1,win,1,1,0,0,1,1,0,-2.9000000000000004,1,12,2019,2019,winter,1,0,0,0,189,0.49736842105263157,1.6,1.6,1.2,0.4,2.0,2.6,1.2,1.4,1.5999999999999999,2.1799999999999997,-0.5799999999999998,0.9400263157894735
2019-12-28,Brighton,Bournemouth,2,0,8.3,5.7,86,0.0,15.5,3,0,0,0,0,0,0,2,2,win,0,1,0,0,1,1,0,-2.6000000000000005,1,12,2019,2019,winter,1,0,0,0,190,0.5,1.0,1.2,1.4,-0.2,0.8,0.4,1.2,-0.8,1.06,0.6799999999999999,0.3800000000000001,0.435
2019-12-28,Burnley,Manchester United,0,2,7.6,3.7,96,0.0,25.5,3,0,0,0,0,0,0,2,-2,loss,0,1,0,0,1,1,0,-3.8999999999999995,1,12,2019,2019,winter,1,0,0,0,191,0.5026315789473684,1.2,0.6,2.0,-1.4,2.0,1.8,1.2,0.6,1.02,1.94,-0.9199999999999999,0.7438947368421053
2019-12-28,Newcastle United,Everton,1,2,7.8,5.1,87,0.1,18.7,51,0,0,0,0,0,0,3,-1,loss,1,1,0,0,1,1,0,-2.7,1,12,2019,2019,winter,1,0,0,0,192,0.5052631578947369,1.8,1.2,1.2,0.0,1.6,1.4,1.4,0.0,1.62,1.5399999999999998,0.0800000000000003,0.7983157894736843
2019-12-28,Norwich City,Tottenham Hotspur,2,2,7.2,4.2,91,0.0,17.1,3,0,0,0,0,0,0,4,0,draw,0,1,0,0,1,1,0,-3.0,1,12,2019,2019,winter,1,0,0,0,193,0.5078947368421053,0.2,0.8,1.6,-0.8,1.8,2.0,1.2,0.8,0.38,1.8599999999999999,-1.48,0.5688421052631578
2019-12-28,Southampton,Crystal Palace,1,1,8.8,6.7,93,0.0,12.2,3,0,0,0,0,0,0,2,0,draw,0,1,0,0,1,1,0,-2.1000000000000005,1,12,2019,2019,winter,1,0,0,0,194,0.5105263157894737,1.8,1.6,1.0,0.6,1.6,0.8,0.6,0.2,1.74,1.3599999999999999,0.3800000000000001,0.7913157894736842
2019-12-28,Watford,Aston Villa,3,0,7.4,5.0,94,0.0,13.0,3,0,0,0,0,0,0,3,3,win,0,1,0,0,1,1,0,-2.4000000000000004,1,12,2019,2019,winter,1,0,0,0,195,0.5131578947368421,1.0,0.6,1.0,-0.4,0.6,0.8,2.2,-1.4,0.8799999999999999,0.6599999999999999,0.21999999999999997,0.3951315789473684
2019-12-28,West Ham United,Leicester City,1,2,7.7,5.6,90,0.0,11.9,3,0,0,0,0,0,0,3,-1,loss,0,1,0,0,1,1,0,-2.1000000000000005,1,12,2019,2019,winter,1,0,0,0,196,0.5157894736842106,1.2,0.8,1.4,-0.6,1.4,1.6,1.8,-0.2,1.08,1.46,-0.3799999999999999,0.6550526315789474
2019-12-29,Arsenal,Chelsea,1,2,6.1,3.1,91,0.0,17.3,3,0,0,0,0,0,0,3,-1,loss,0,1,0,0,1,1,0,-2.9999999999999996,1,12,2019,2019,winter,1,0,0,0,197,0.5184210526315789,1.0,1.0,1.4,-0.4,1.2,1.0,1.4,-0.4,1.0,1.14,-0.1399999999999999,0.5547105263157893
2019-12-29,Liverpool,Wolverhampton Wanderers,1,0,7.6,4.0,89,0.0,21.9,3,0,0,0,0,0,0,1,1,win,0,1,0,0,1,1,0,-3.5999999999999996,1,12,2019,2019,winter,1,0,0,0,198,0.5210526315789473,3.0,3.2,0.6,2.6,2.0,2.0,1.4,0.6,3.0599999999999996,2.0,1.0599999999999996,1.3182631578947366
2019-12-29,Manchester City,Sheffield United,2,0,7.4,4.5,90,0.0,15.9,3,0,0,0,0,0,0,2,2,win,0,1,0,0,1,1,0,-2.9000000000000004,1,12,2019,2019,winter,1,0,0,0,199,0.5236842105263158,1.8,2.6,1.4,1.2,2.0,1.2,0.8,0.4,2.04,1.7599999999999998,0.28000000000000025,0.9949999999999999
2020-01-01,Arsenal,Manchester United,2,0,5.1,2.8,93,0.0,10.6,3,0,0,0,0,0,0,2,2,win,0,1,0,0,1,1,0,-2.3,1,1,2020,2019,winter,1,0,0,0,200,0.5263157894736842,1.0,1.0,1.4,-0.4,2.0,1.8,1.0,0.8,1.0,1.94,-0.94,0.7736842105263158
2020-01-01,Brighton,Chelsea,1,1,6.5,4.3,90,0.1,10.2,51,0,0,0,0,0,0,2,0,draw,1,1,0,0,1,1,0,-2.2,1,1,2020,2019,winter,1,0,0,0,201,0.5289473684210526,1.0,1.2,1.2,0.0,1.2,1.0,1.4,-0.4,1.06,1.14,-0.07999999999999985,0.5818421052631579
2020-01-01,Burnley,Aston Villa,1,2,4.8,1.7,96,0.0,19.0,3,0,0,0,0,0,0,3,-1,loss,0,1,0,0,1,1,0,-3.0999999999999996,1,1,2020,2019,winter,1,0,0,0,202,0.531578947368421,1.2,0.4,1.6,-1.2,0.6,0.6,2.4,-1.8,0.96,0.6,0.36,0.4146315789473684
2020-01-01,Manchester City,Everton,2,1,5.6,2.8,91,0.0,15.2,3,0,0,0,0,0,0,3,1,win,0,1,0,0,1,1,0,-2.8,1,1,2020,2019,winter,1,0,0,0,203,0.5342105263157895,1.8,2.2,1.2,1.0,2.2,1.4,0.6,0.8,1.92,1.96,-0.040000000000000036,1.0363684210526316
2020-01-01,Newcastle United,Leicester City,0,3,4.0,1.1,92,0.0,13.0,3,0,0,0,0,0,0,3,-3,loss,0,1,0,0,1,1,0,-2.9,1,1,2020,2019,winter,1,0,0,0,204,0.5368421052631579,1.2,1.0,1.6,-0.6,1.4,1.6,2.0,-0.4,1.14,1.46,-0.32000000000000006,0.6978947368421051
2020-01-01,Norwich City,Crystal Palace,1,1,5.1,2.1,92,0.0,13.8,3,0,0,0,0,0,0,2,0,draw,0,1,0,0,1,1,0,-2.9999999999999996,1,1,2020,2019,winter,1,0,0,0,205,0.5394736842105263,0.4,1.0,1.6,-0.6,1.2,0.8,0.8,0.0,0.58,1.08,-0.5000000000000001,0.44776315789473686
2020-01-01,Southampton,Tottenham Hotspur,1,0,6.1,3.8,92,0.0,10.9,3,0,0,0,0,0,0,1,1,win,0,1,0,0,1,1,0,-2.3,1,1,2020,2019,winter,1,0,0,0,206,0.5421052631578948,1.4,1.4,1.0,0.4,2.0,2.2,1.2,1.0,1.4,2.06,-0.6600000000000001,0.9378421052631579
2020-01-01,Watford,Wolverhampton Wanderers,2,1,4.8,2.4,95,0.0,10.2,3,0,0,0,0,0,0,3,1,win,0,1,0,0,1,1,0,-2.4,1,1,2020,2019,winter,1,0,0,0,207,0.5447368421052632,1.6,1.2,0.6,0.6,1.4,1.6,1.6,0.0,1.48,1.46,0.020000000000000018,0.8007631578947368
2020-01-01,West Ham United,Bournemouth,4,0,5.1,2.9,93,0.0,9.1,3,0,0,0,0,0,0,4,4,win,0,1,0,0,1,1,0,-2.1999999999999997,1,1,2020,2019,winter,1,0,0,0,208,0.5473684210526316,0.6,0.8,1.8,-1.0,0.8,0.4,1.4,-1.0,0.6599999999999999,0.6799999999999999,-0.020000000000000018,0.36673684210526314
2020-01-02,Liverpool,Sheffield United,2,0,7.8,3.9,88,2.5,26.0,53,0,0,0,0,0,0,2,2,win,1,1,0,0,1,1,0,-3.9,1,1,2020,2019,winter,1,0,0,0,209,0.55,3.0,3.0,0.4,2.6,2.0,1.2,0.8,0.4,2.9999999999999996,1.7599999999999998,1.2399999999999998,1.309
2020-01-10,Sheffield United,West Ham United,1,0,4.8,0.7,81,0.1,27.3,51,0,0,0,0,0,0,1,1,win,1,1,0,0,0,1,0,-4.1,1,1,2020,2019,winter,1,0,0,0,210,0.5526315789473685,1.4,0.8,1.0,-0.2,1.2,1.6,1.4,0.2,1.2199999999999998,1.3199999999999998,-0.10000000000000009,0.7018421052631578
2020-01-11,Chelsea,Burnley,3,0,8.9,3.8,80,0.0,33.1,3,0,0,0,0,0,0,3,3,win,0,1,0,1,0,1,0,-5.1000000000000005,1,1,2020,2019,winter,1,0,0,0,211,0.5552631578947368,1.4,1.0,1.0,0.0,1.2,0.6,1.0,-0.4,1.2799999999999998,1.02,0.2599999999999998,0.6385526315789473
2020-01-11,Crystal Palace,Arsenal,1,1,8.8,3.6,80,0.0,33.4,3,0,0,0,0,0,0,2,0,draw,0,1,0,1,0,1,0,-5.200000000000001,1,1,2020,2019,winter,1,0,0,0,212,0.5578947368421052,1.2,1.0,1.0,0.0,1.0,0.8,1.2,-0.4,1.14,0.94,0.19999999999999996,0.5802105263157894
2020-01-11,Everton,Brighton,1,0,10.3,6.2,81,6.0,31.1,61,0,0,0,0,0,0,1,1,win,1,0,0,1,0,1,0,-4.1000000000000005,1,1,2020,2019,winter,1,0,0,0,213,0.5605263157894737,1.6,1.0,0.8,0.2,1.0,1.0,1.0,0.0,1.42,1.0,0.41999999999999993,0.6782368421052631
2020-01-11,Leicester City,Southampton,1,2,8.9,3.0,80,0.7,38.6,51,0,0,0,0,0,0,3,-1,loss,1,1,0,1,0,1,0,-5.9,1,1,2020,2019,winter,1,0,0,0,214,0.5631578947368421,1.4,1.4,1.8,-0.4,2.0,1.4,0.6,0.8,1.4,1.8199999999999998,-0.41999999999999993,0.9066842105263156
2020-01-11,Manchester United,Norwich City,4,0,10.1,5.5,80,8.1,34.3,61,0,0,0,0,0,0,4,4,win,1,0,0,1,0,1,0,-4.6,1,1,2020,2019,winter,1,0,0,0,215,0.5657894736842105,1.4,1.4,1.2,0.2,0.6,1.0,1.4,-0.4,1.4,0.72,0.6799999999999999,0.5997368421052631
2020-01-11,Tottenham Hotspur,Liverpool,0,1,8.7,3.8,80,0.0,31.1,3,0,0,0,0,0,0,1,-1,loss,0,1,0,1,0,1,0,-4.8999999999999995,1,1,2020,2019,winter,1,0,0,0,216,0.5684210526315789,1.4,1.2,1.4,-0.2,3.0,2.4,0.0,2.4,1.3399999999999999,2.8199999999999994,-1.4799999999999995,1.182315789473684
2020-01-11,Wolverhampton Wanderers,Newcastle United,1,1,9.0,4.0,82,2.5,32.4,55,0,0,0,0,0,0,2,0,draw,1,1,0,1,0,1,0,-5.0,1,1,2020,2019,winter,1,0,0,0,217,0.5710526315789474,1.2,1.4,1.6,-0.2,0.6,0.6,2.0,-1.4,1.26,0.6,0.66,0.531078947368421
2020-01-12,Aston Villa,Manchester City,1,6,7.2,3.1,89,4.3,30.7,61,0,0,0,0,0,0,7,-5,loss,1,1,0,1,1,1,0,-4.1,1,1,2020,2019,winter,1,0,0,0,218,0.5736842105263158,1.2,0.8,1.8,-1.0,2.4,2.4,1.0,1.4,1.08,2.4,-1.3199999999999998,0.9982105263157894
2020-01-12,Bournemouth,Watford,0,3,9.6,4.8,83,2.1,42.4,53,0,0,0,0,0,0,3,-3,loss,1,1,0,1,0,1,0,-4.8,1,1,2020,2019,winter,1,0,0,0,219,0.5763157894736842,0.8,0.4,1.6,-1.2,2.0,1.6,0.8,0.8,0.6799999999999999,1.88,-1.2,0.7376842105263157
2020-01-18,Arsenal,Sheffield United,1,1,3.2,-0.5,85,0.0,15.1,2,0,0,1,0,0,1,2,0,draw,0,1,0,0,1,1,0,-3.7,1,1,2020,2019,winter,1,0,0,0,220,0.5789473684210527,1.2,1.0,0.8,0.2,1.4,0.6,1.0,-0.4,1.14,1.16,-0.020000000000000018,0.6657894736842105
2020-01-18,Brighton,Aston Villa,1,1,3.4,-0.3,84,0.0,18.1,3,0,0,1,0,0,1,2,0,draw,0,1,0,0,0,1,0,-3.6999999999999997,1,1,2020,2019,winter,1,0,0,0,221,0.5815789473684211,0.8,0.8,1.0,-0.2,1.2,1.0,2.6,-1.6,0.7999999999999999,1.14,-0.33999999999999997,0.5641315789473684
2020-01-18,Manchester City,Crystal Palace,2,2,3.7,0.2,84,0.1,16.5,51,0,0,0,0,0,0,4,0,draw,1,1,0,0,0,1,0,-3.5,1,1,2020,2019,winter,1,0,0,0,222,0.5842105263157895,2.4,3.0,1.2,1.8,1.2,1.0,1.0,0.0,2.58,1.14,1.4400000000000002,1.0866315789473684
2020-01-18,Newcastle United,Chelsea,1,0,3.4,-1.7,82,0.0,26.3,3,0,0,1,0,0,1,1,1,win,0,1,0,0,0,1,0,-5.1,1,1,2020,2019,winter,1,0,0,0,223,0.5868421052631579,0.8,0.8,2.0,-1.2,2.0,1.6,0.8,0.8,0.7999999999999999,1.88,-1.08,0.7863684210526316
2020-01-18,Norwich City,Bournemouth,1,0,3.7,-0.8,83,0.0,20.5,3,0,0,1,0,0,1,1,1,win,0,1,0,0,0,1,0,-4.5,1,1,2020,2019,winter,1,0,0,0,224,0.5894736842105263,0.4,0.8,2.0,-1.2,0.2,0.2,2.2,-2.0,0.52,0.19999999999999998,0.32000000000000006,0.21221052631578943
2020-01-18,Southampton,Wolverhampton Wanderers,2,3,2.6,-0.6,90,0.0,13.8,3,0,0,1,0,0,1,5,-1,loss,0,1,0,0,1,1,0,-3.2,1,1,2020,2019,winter,1,0,0,0,225,0.5921052631578947,2.6,1.8,0.6,1.2,1.4,1.4,1.4,0.0,2.36,1.4,0.96,1.113157894736842
2020-01-18,Watford,Tottenham Hotspur,0,0,2.9,-0.8,86,0.0,14.9,2,0,0,1,0,0,1,0,0,draw,0,1,0,0,1,1,0,-3.7,1,1,2020,2019,winter,1,0,0,0,226,0.5947368421052631,2.6,2.2,0.4,1.8,0.8,0.8,1.4,-0.6,2.48,0.7999999999999999,1.6800000000000002,0.9753684210526314
2020-01-18,West Ham United,Everton,1,1,3.3,-0.3,85,0.0,15.0,2,0,0,1,0,0,1,2,0,draw,0,1,0,0,1,1,0,-3.5999999999999996,1,1,2020,2019,winter,1,0,0,0,227,0.5973684210526315,1.2,1.4,1.0,0.4,2.0,1.0,0.6,0.4,1.26,1.7,-0.43999999999999995,0.8841052631578947
2020-01-19,Burnley,Leicester City,2,1,2.0,-1.2,92,0.0,15.0,3,0,0,1,0,0,1,3,1,win,0,1,0,0,1,1,0,-3.2,1,1,2020,2019,winter,1,0,0,0,228,0.6,0.6,0.4,1.6,-1.2,1.2,1.4,2.0,-0.6,0.54,1.26,-0.72,0.54
2020-01-19,Liverpool,Manchester United,2,0,2.0,-0.9,96,0.0,11.0,3,0,0,1,0,0,1,2,2,win,0,1,0,0,1,1,0,-2.9,1,1,2020,2019,winter,1,0,0,0,229,0.6026315789473684,3.0,2.0,0.0,2.0,1.8,2.0,1.0,1.0,2.6999999999999997,1.8599999999999999,0.8399999999999999,1.3739999999999999
2020-01-21,Aston Villa,Watford,2,1,3.8,0.8,93,0.0,10.8,3,0,0,0,0,0,0,3,1,win,0,1,0,0,1,1,0,-3.0,1,1,2020,2019,winter,1,0,0,0,230,0.6052631578947368,1.4,1.0,2.2,-1.2,2.2,1.8,0.4,1.4,1.2799999999999998,2.08,-0.8000000000000003,1.0168421052631578
2020-01-21,Bournemouth,Brighton,3,1,1.9,-1.2,90,0.0,8.3,1,0,0,1,0,0,1,4,2,win,0,1,0,0,1,1,0,-3.0999999999999996,1,1,2020,2019,winter,1,0,0,0,231,0.6078947368421053,0.2,0.2,2.2,-2.0,1.0,1.0,1.0,0.0,0.19999999999999998,1.0,-0.8,0.36473684210526314
2020-01-21,Chelsea,Arsenal,2,2,0.2,-3.0,96,0.0,10.9,3,0,0,1,0,0,1,4,0,draw,0,1,0,0,1,1,0,-3.2,1,1,2020,2019,winter,1,0,0,0,232,0.6105263157894737,1.4,1.2,1.0,0.2,1.2,1.2,1.0,0.2,1.3399999999999999,1.2,0.1399999999999999,0.7753684210526316
2020-01-21,Crystal Palace,Southampton,0,2,0.4,-2.5,95,0.0,6.6,3,0,0,1,0,0,1,2,-2,loss,0,1,0,0,1,1,0,-2.9,1,1,2020,2019,winter,1,0,0,0,233,0.6131578947368421,1.4,1.4,1.2,0.2,2.0,1.6,1.0,0.6,1.4,1.88,-0.48,1.0055789473684211
2020-01-21,Everton,Newcastle United,2,2,6.7,3.7,93,0.0,17.2,3,0,0,0,0,0,0,4,0,draw,0,1,0,0,1,1,0,-3.0,1,1,2020,2019,winter,1,0,0,0,234,0.6157894736842106,2.0,1.2,0.8,0.4,0.8,0.8,2.0,-1.2,1.7599999999999998,0.7999999999999999,0.9599999999999999,0.7882105263157894
2020-01-21,Sheffield United,Manchester City,0,1,4.5,1.7,92,0.0,10.5,3,0,0,0,0,0,0,1,-1,loss,0,1,0,0,1,1,0,-2.8,1,1,2020,2019,winter,1,0,0,0,235,0.618421052631579,1.0,0.6,1.2,-0.6,2.0,2.8,1.4,1.4,0.8799999999999999,2.2399999999999998,-1.3599999999999999,0.9647368421052631
2020-01-22,Leicester City,West Ham United,4,1,6.4,4.5,97,0.0,10.5,3,0,0,0,0,0,0,5,3,win,0,1,0,0,1,1,0,-1.9000000000000004,1,1,2020,2019,winter,1,0,0,0,236,0.6210526315789474,1.2,1.4,1.8,-0.4,0.8,1.4,1.2,0.2,1.26,0.98,0.28,0.6955789473684212
2020-01-22,Manchester United,Burnley,0,2,6.9,5.7,98,0.5,5.1,51,0,0,0,0,0,0,2,-2,loss,1,1,0,0,1,1,0,-1.2000000000000002,1,1,2020,2019,winter,1,0,0,0,237,0.6236842105263158,1.8,2.0,1.0,1.0,0.6,0.6,1.8,-1.2,1.8599999999999999,0.6,1.2599999999999998,0.7671315789473685
2020-01-22,Tottenham Hotspur,Norwich City,2,1,5.6,3.8,97,0.0,6.8,3,0,0,0,0,0,0,3,1,win,0,1,0,0,1,1,0,-1.7999999999999998,1,1,2020,2019,winter,1,0,0,0,238,0.6263157894736842,1.0,0.8,1.0,-0.2,1.0,0.8,1.6,-0.8,0.94,0.94,0.0,0.5887368421052631
2020-01-23,Wolverhampton Wanderers,Liverpool,1,2,5.5,3.7,99,0.0,6.6,3,0,0,0,0,0,0,3,-1,loss,0,1,0,0,1,1,0,-1.7999999999999998,1,1,2020,2019,winter,1,0,0,0,239,0.6289473684210526,1.4,1.6,1.6,0.0,3.0,2.0,0.0,2.0,1.46,2.6999999999999997,-1.2399999999999998,1.3082105263157895
2020-01-29,West Ham United,Liverpool,0,2,5.2,0.4,76,0.0,24.7,3,0,0,0,0,0,0,2,-2,loss,0,1,0,0,0,1,0,-4.8,1,1,2020,2019,winter,1,0,0,0,240,0.631578947368421,0.8,1.4,1.6,-0.2,3.0,1.6,0.2,1.4,0.98,2.5799999999999996,-1.5999999999999996,1.1242105263157893
2020-02-01,Bournemouth,Aston Villa,2,1,9.4,5.1,83,0.5,30.9,51,0,0,0,0,0,0,3,1,win,1,1,0,1,0,1,0,-4.300000000000001,1,2,2020,2019,winter,1,0,0,0,241,0.6342105263157894,0.6,0.6,2.2,-1.6,1.4,1.2,2.4,-1.2,0.6,1.3399999999999999,-0.7399999999999999,0.6151842105263158
2020-02-01,Crystal Palace,Sheffield United,0,1,9.4,4.7,78,0.0,33.1,3,0,0,0,0,0,0,1,-1,loss,0,1,0,1,0,1,0,-4.7,1,2,2020,2019,winter,1,0,0,0,242,0.6368421052631579,0.8,1.0,1.4,-0.4,0.8,0.4,1.2,-0.8,0.8599999999999999,0.6799999999999999,0.17999999999999994,0.4903684210526315
2020-02-01,Leicester City,Chelsea,2,2,8.7,3.2,75,0.0,39.7,3,0,0,0,0,0,0,4,0,draw,0,1,0,1,0,1,0,-5.499999999999999,1,2,2020,2019,winter,1,0,0,0,243,0.6394736842105263,1.8,2.2,1.2,1.0,1.6,1.6,1.0,0.6,1.92,1.5999999999999999,0.32000000000000006,1.1254736842105262
2020-02-01,Liverpool,Southampton,4,0,8.5,2.9,76,1.1,37.8,53,0,0,0,0,0,0,4,4,win,1,1,0,1,0,1,0,-5.6,1,2,2020,2019,winter,1,0,0,0,244,0.6421052631578947,3.0,1.8,0.2,1.6,2.0,1.6,1.0,0.6,2.6399999999999997,1.88,0.7599999999999998,1.451157894736842
2020-02-01,Manchester United,Wolverhampton Wanderers,0,0,8.5,3.8,77,1.1,32.2,51,0,0,0,0,0,0,0,0,draw,1,1,0,1,0,1,0,-4.7,1,2,2020,2019,winter,1,0,0,0,245,0.6447368421052632,1.2,1.2,1.2,0.0,0.8,1.2,1.6,-0.4,1.2,0.9199999999999999,0.28,0.683421052631579
2020-02-01,Newcastle United,Norwich City,0,0,8.1,2.6,74,0.6,36.1,51,0,0,0,0,0,0,0,0,draw,1,1,0,1,0,1,0,-5.5,1,2,2020,2019,winter,1,0,0,0,246,0.6473684210526316,1.0,1.0,1.6,-0.6,1.0,1.0,1.8,-0.8,1.0,1.0,0.0,0.6473684210526316
2020-02-01,Watford,Everton,2,3,8.9,4.2,79,0.0,32.9,3,0,0,0,0,0,0,5,-1,loss,0,1,0,1,0,1,0,-4.7,1,2,2020,2019,winter,1,0,0,0,247,0.65,2.0,1.8,0.6,1.2,1.6,1.4,1.2,0.2,1.94,1.5399999999999998,0.40000000000000013,1.1309999999999998
2020-02-01,West Ham United,Brighton,3,3,9.6,4.8,76,0.0,34.0,3,0,0,0,0,0,0,6,0,draw,0,1,0,1,0,1,0,-4.8,1,2,2020,2019,winter,1,0,0,0,248,0.6526315789473685,0.8,1.2,1.6,-0.4,1.0,1.0,1.2,-0.2,0.9199999999999999,1.0,-0.08000000000000007,0.6265263157894737
2020-02-02,Burnley,Arsenal,0,0,6.6,3.0,92,10.4,27.1,61,1,0,0,0,0,1,0,0,draw,1,1,0,0,1,1,0,-3.5999999999999996,1,2,2020,2019,winter,1,0,0,0,249,0.6552631578947369,1.2,1.0,1.6,-0.6,1.2,1.4,1.2,0.2,1.14,1.26,-0.1200000000000001,0.7863157894736842
2020-02-02,Tottenham Hotspur,Manchester City,2,0,9.7,5.7,82,4.7,30.2,61,0,0,0,0,0,0,2,2,win,1,1,0,1,0,1,0,-3.999999999999999,1,2,2020,2019,winter,1,0,0,0,250,0.6578947368421053,1.0,0.8,1.0,-0.2,2.6,2.6,0.8,1.8,0.94,2.5999999999999996,-1.6599999999999997,1.1644736842105263
2020-02-08,Brighton,Watford,1,1,9.0,4.8,85,3.8,34.9,61,0,0,0,0,0,0,2,0,draw,1,1,0,1,1,1,0,-4.2,1,2,2020,2019,winter,1,0,0,0,251,0.6605263157894737,0.6,1.2,1.8,-0.6,1.4,1.6,1.2,0.4,0.78,1.46,-0.6799999999999999,0.7397894736842107
2020-02-08,Everton,Crystal Palace,3,1,7.8,2.4,74,3.2,37.5,61,0,0,0,0,0,0,4,2,win,1,1,0,1,0,1,0,-5.4,1,2,2020,2019,winter,1,0,0,0,252,0.6631578947368421,1.6,1.6,1.4,0.2,0.6,0.8,1.4,-0.6,1.5999999999999999,0.6599999999999999,0.94,0.7493684210526315
2020-02-09,Sheffield United,Bournemouth,2,1,9.4,2.3,82,20.4,54.8,63,1,1,0,0,0,1,3,1,win,1,1,0,1,0,1,0,-7.1000000000000005,1,2,2020,2019,winter,1,0,0,0,253,0.6657894736842105,1.4,0.6,0.8,-0.2,1.2,1.0,2.0,-1.0,1.16,1.14,0.020000000000000018,0.765657894736842
2020-02-14,Wolverhampton Wanderers,Leicester City,0,0,5.5,1.7,92,0.3,31.4,51,0,0,0,0,0,0,0,0,draw,1,1,0,1,1,1,0,-3.8,1,2,2020,2019,winter,1,0,0,0,254,0.6684210526315789,1.0,1.2,1.4,-0.2,1.4,2.2,1.4,0.8,1.06,1.64,-0.5799999999999998,0.9023684210526316
2020-02-15,Norwich City,Liverpool,0,1,11.0,5.5,88,3.7,50.5,53,0,1,0,0,0,1,1,-1,loss,1,0,0,1,1,1,0,-5.5,1,2,2020,2019,winter,1,0,0,0,255,0.6710526315789473,1.0,0.6,1.4,-0.8,3.0,2.2,0.2,2.0,0.8799999999999999,2.76,-1.88,1.2213157894736841
2020-02-15,Southampton,Burnley,1,2,11.2,5.9,91,19.0,46.4,63,1,0,0,0,0,1,3,-1,loss,1,0,0,1,1,1,0,-5.299999999999999,1,2,2020,2019,winter,1,0,0,0,256,0.6736842105263158,1.8,1.4,1.6,-0.2,1.4,1.0,1.2,-0.2,1.68,1.2799999999999998,0.40000000000000013,0.9970526315789473
2020-02-16,Arsenal,Newcastle United,4,0,9.6,3.5,84,16.0,49.8,63,1,0,0,0,0,1,4,4,win,1,1,0,1,0,1,0,-6.1,1,2,2020,2019,winter,1,0,0,0,257,0.6763157894736842,1.4,1.2,0.8,0.4,1.2,0.8,1.2,-0.4,1.3399999999999999,1.08,0.2599999999999998,0.8183421052631579
2020-02-16,Aston Villa,Tottenham Hotspur,2,3,7.6,1.5,82,20.8,43.1,63,1,0,0,0,0,1,5,-1,loss,1,1,0,1,0,1,0,-6.1,1,2,2020,2019,winter,1,0,0,0,258,0.6789473684210526,1.4,1.4,2.2,-0.8,1.4,0.8,0.6,0.2,1.4,1.2199999999999998,0.18000000000000016,0.8894210526315788
2020-02-17,Chelsea,Manchester United,0,2,7.3,1.4,68,1.0,35.4,53,0,0,0,0,0,0,2,-2,loss,1,1,0,1,0,1,0,-5.9,1,2,2020,2019,winter,1,0,0,0,259,0.6815789473684211,1.2,1.6,1.2,0.4,0.8,0.8,1.2,-0.4,1.3199999999999998,0.7999999999999999,0.5199999999999999,0.7224736842105262
2020-02-19,Manchester City,West Ham United,2,0,5.9,1.3,85,7.3,26.4,61,0,0,0,0,0,0,2,2,win,1,1,0,0,1,1,0,-4.6000000000000005,1,2,2020,2019,winter,1,0,0,0,260,0.6842105263157895,2.0,2.2,1.2,1.0,0.4,1.0,2.2,-1.2,2.06,0.58,1.48,0.9031578947368422
2020-02-22,Burnley,Bournemouth,3,0,6.3,-0.4,88,19.2,45.0,71,1,0,1,0,0,1,3,3,win,1,1,0,1,1,1,0,-6.7,1,2,2020,2019,winter,1,0,0,0,261,0.6868421052631579,2.0,1.2,1.0,0.2,1.2,1.2,1.6,-0.4,1.7599999999999998,1.2,0.5599999999999998,1.0165263157894737
2020-02-22,Chelsea,Tottenham Hotspur,2,1,10.6,4.7,73,0.0,38.5,3,0,0,0,0,0,0,3,1,win,0,0,0,1,0,1,0,-5.8999999999999995,1,2,2020,2019,winter,1,0,0,0,262,0.6894736842105263,1.0,1.4,1.4,0.0,2.0,1.4,0.8,0.6,1.1199999999999999,1.8199999999999998,-0.7,1.0135263157894736
2020-02-22,Crystal Palace,Newcastle United,1,0,10.4,4.8,74,0.1,38.5,51,0,0,0,0,0,0,1,1,win,1,0,0,1,0,1,0,-5.6000000000000005,1,2,2020,2019,winter,1,0,0,0,263,0.6921052631578948,0.4,0.8,1.8,-1.0,1.2,0.8,1.4,-0.6,0.52,1.08,-0.56,0.5536842105263159
2020-02-22,Leicester City,Manchester City,0,1,9.2,2.7,72,0.4,42.6,51,0,0,0,0,0,0,1,-1,loss,1,1,0,1,0,1,0,-6.499999999999999,1,2,2020,2019,winter,1,0,0,0,264,0.6947368421052632,1.0,1.6,1.4,0.2,2.0,2.2,1.0,1.2,1.18,2.06,-0.8800000000000001,1.1254736842105264
2020-02-22,Sheffield United,Brighton,1,1,8.3,1.9,74,5.1,40.8,61,0,0,0,0,0,0,2,0,draw,1,1,0,1,0,1,0,-6.4,1,2,2020,2019,winter,1,0,0,0,265,0.6973684210526315,2.0,1.0,0.6,0.4,0.6,1.2,1.8,-0.6,1.7,0.78,0.9199999999999999,0.8647368421052631
2020-02-22,Southampton,Aston Villa,2,0,10.6,5.6,77,0.9,36.8,51,0,0,0,0,0,0,2,2,win,1,0,0,1,0,1,0,-5.0,1,2,2020,2019,winter,1,0,0,0,266,0.7,1.2,1.4,2.0,-0.6,0.8,1.4,2.6,-1.2,1.26,0.98,0.28,0.784
2020-02-23,Arsenal,Everton,3,2,9.9,5.2,77,1.3,43.5,51,0,0,0,0,0,0,5,1,win,1,1,0,1,0,1,0,-4.7,1,2,2020,2019,winter,1,0,0,0,267,0.7026315789473684,1.4,1.6,0.8,0.8,2.2,2.0,1.2,0.8,1.46,2.14,-0.6800000000000002,1.2647368421052632
2020-02-23,Manchester United,Watford,3,0,5.7,1.6,81,15.8,32.3,63,1,0,0,0,0,1,3,3,win,1,1,0,1,0,1,0,-4.1,1,2,2020,2019,winter,1,0,0,0,268,0.7052631578947368,1.4,1.2,0.8,0.4,1.0,1.4,1.2,0.2,1.3399999999999999,1.1199999999999999,0.21999999999999997,0.8674736842105263
2020-02-23,Wolverhampton Wanderers,Norwich City,3,0,7.1,2.5,79,11.8,39.7,61,1,0,0,0,0,1,3,3,win,1,1,0,1,0,1,0,-4.6,1,2,2020,2019,winter,1,0,0,0,269,0.7078947368421052,1.2,1.0,1.0,0.0,0.8,0.4,1.4,-1.0,1.14,0.6799999999999999,0.45999999999999996,0.6441842105263157
2020-02-24,Liverpool,West Ham United,3,2,7.1,1.2,83,16.8,47.9,71,1,0,0,0,0,1,5,1,win,1,1,0,1,0,1,0,-5.8999999999999995,1,2,2020,2019,winter,1,0,0,0,270,0.7105263157894737,3.0,2.2,0.2,2.0,0.4,1.0,2.4,-1.4,2.76,0.58,2.1799999999999997,1.186578947368421
2020-02-28,Norwich City,Leicester City,1,0,4.7,-0.3,86,8.6,36.8,61,0,0,1,0,0,1,1,1,win,1,1,0,1,1,1,0,-5.0,1,2,2020,2019,winter,1,0,0,0,271,0.7131578947368421,0.8,0.4,1.2,-0.8,1.0,1.4,1.2,0.2,0.6799999999999999,1.1199999999999999,-0.43999999999999995,0.6418421052631579
2020-02-29,Bournemouth,Chelsea,2,2,7.5,0.1,72,6.1,59.0,61,0,1,0,0,0,1,4,0,draw,1,1,0,1,0,1,0,-7.4,1,2,2020,2019,winter,1,0,0,0,272,0.7157894736842105,1.2,1.2,1.6,-0.4,1.0,1.2,1.6,-0.4,1.2,1.06,0.1399999999999999,0.8088421052631578
2020-02-29,Brighton,Crystal Palace,0,1,7.6,0.0,72,7.1,46.9,63,0,0,1,0,0,1,1,-1,loss,1,1,0,1,0,1,0,-7.6,1,2,2020,2019,winter,1,0,0,0,273,0.718421052631579,0.8,1.4,1.8,-0.4,0.8,0.8,1.6,-0.8,0.98,0.7999999999999999,0.18000000000000005,0.6393947368421052
2020-02-29,Newcastle United,Burnley,0,0,6.0,0.7,77,6.9,36.4,73,0,0,0,0,0,0,0,0,draw,1,1,0,1,0,1,0,-5.3,1,2,2020,2019,winter,1,0,0,0,274,0.7210526315789474,1.0,0.6,1.4,-0.8,2.6,1.8,0.4,1.4,0.8799999999999999,2.36,-1.48,1.1681052631578948
2020-02-29,Watford,Liverpool,3,0,6.6,0.5,75,5.7,38.2,55,0,0,0,0,0,0,3,3,win,1,1,0,1,0,1,0,-6.1,1,2,2020,2019,winter,1,0,0,0,275,0.7236842105263158,0.4,0.8,1.8,-1.0,3.0,2.4,0.6,1.8,0.52,2.8199999999999994,-2.2999999999999994,1.2085526315789472
2020-02-29,West Ham United,Southampton,3,1,7.3,1.0,73,4.7,38.3,55,0,0,0,0,0,0,4,2,win,1,1,0,1,0,1,0,-6.3,1,2,2020,2019,winter,1,0,0,0,276,0.7263157894736842,0.2,1.2,2.8,-1.6,1.2,1.4,1.8,-0.4,0.5,1.26,-0.76,0.6391578947368421
2020-03-01,Everton,Manchester United,1,1,5.2,-1.1,67,0.7,40.8,51,0,0,1,0,0,1,2,0,draw,1,1,0,1,0,1,0,-6.300000000000001,1,3,2020,2019,spring,0,1,0,0,277,0.7289473684210527,1.6,2.2,1.8,0.4,1.4,1.0,0.8,0.2,1.7799999999999998,1.2799999999999998,0.5,1.1152894736842105
2020-03-01,Tottenham Hotspur,Wolverhampton Wanderers,2,3,6.0,0.3,65,0.5,30.2,51,0,0,0,0,0,0,5,-1,loss,1,1,0,1,0,1,0,-5.7,1,3,2020,2019,spring,0,1,0,0,278,0.7315789473684211,2.0,1.6,1.0,0.6,1.6,1.4,0.8,0.6,1.88,1.5399999999999998,0.3400000000000001,1.2510000000000001
2020-03-07,Arsenal,West Ham United,1,0,7.0,2.9,83,0.0,31.8,3,0,0,0,0,0,0,1,1,win,0,1,0,1,0,1,0,-4.1,1,3,2020,2019,spring,0,1,0,0,279,0.7342105263157894,1.8,2.0,1.0,1.0,0.8,1.6,2.2,-0.6,1.8599999999999999,1.04,0.8199999999999998,1.0646052631578946
2020-03-07,Burnley,Tottenham Hotspur,1,1,7.2,2.4,87,2.1,37.5,53,0,0,0,0,0,0,2,0,draw,1,1,0,1,1,1,0,-4.800000000000001,1,3,2020,2019,spring,0,1,0,0,280,0.7368421052631579,2.2,1.4,0.2,1.2,1.8,2.0,1.6,0.4,1.96,1.8599999999999999,0.10000000000000009,1.4073684210526314
2020-03-07,Crystal Palace,Watford,1,0,7.1,3.0,84,0.0,32.1,3,0,0,0,0,0,0,1,1,win,0,1,0,1,0,1,0,-4.1,1,3,2020,2019,spring,0,1,0,0,281,0.7394736842105263,1.2,0.6,1.2,-0.6,0.8,1.4,1.8,-0.4,1.02,0.98,0.040000000000000036,0.7394736842105263
2020-03-07,Liverpool,Bournemouth,2,1,8.8,4.5,79,1.0,32.5,51,0,0,0,0,0,0,3,1,win,1,1,0,1,0,1,0,-4.300000000000001,1,3,2020,2019,spring,0,1,0,0,282,0.7421052631578947,2.4,2.0,1.0,1.0,1.4,1.6,1.8,-0.2,2.28,1.46,0.8199999999999998,1.387736842105263
2020-03-07,Sheffield United,Norwich City,1,0,7.9,3.3,79,0.1,35.1,51,0,0,0,0,0,0,1,1,win,1,1,0,1,0,1,0,-4.6000000000000005,1,3,2020,2019,spring,0,1,0,0,283,0.7447368421052631,1.6,1.0,0.8,0.2,0.8,0.4,1.2,-0.8,1.42,0.6799999999999999,0.74,0.7819736842105262
2020-03-07,Southampton,Newcastle United,0,1,7.6,3.9,87,1.0,32.9,51,0,0,0,0,0,0,1,-1,loss,1,1,0,1,1,1,0,-3.6999999999999997,1,3,2020,2019,spring,0,1,0,0,284,0.7473684210526316,1.2,1.2,1.8,-0.6,0.6,0.4,1.4,-1.0,1.2,0.54,0.6599999999999999,0.6502105263157895
2020-03-07,Wolverhampton Wanderers,Brighton,0,0,7.4,3.0,82,0.2,34.1,51,0,0,0,0,0,0,0,0,draw,1,1,0,1,0,1,0,-4.4,1,3,2020,2019,spring,0,1,0,0,285,0.75,1.6,1.4,0.8,0.6,0.6,1.2,1.8,-0.6,1.5399999999999998,0.78,0.7599999999999998,0.8699999999999999
2020-03-08,Chelsea,Everton,4,0,9.2,4.3,78,3.3,38.0,55,0,0,0,0,0,0,4,4,win,1,1,0,1,0,1,0,-4.8999999999999995,1,3,2020,2019,spring,0,1,0,0,286,0.7526315789473684,1.2,1.6,1.8,-0.2,1.6,2.2,1.8,0.4,1.3199999999999998,1.7799999999999998,-0.45999999999999996,1.166578947368421
2020-03-08,Manchester United,Manchester City,2,0,8.2,3.6,80,6.6,34.2,61,0,0,0,0,0,0,2,2,win,1,1,0,1,0,1,0,-4.6,1,3,2020,2019,spring,0,1,0,0,287,0.7552631578947369,1.6,1.2,0.6,0.6,2.0,1.2,0.8,0.4,1.48,1.7599999999999998,-0.2799999999999998,1.2235263157894736
2020-03-09,Leicester City,Aston Villa,4,0,6.7,1.5,79,6.1,34.8,61,0,0,0,0,0,0,4,4,win,1,1,0,1,0,1,0,-5.2,1,3,2020,2019,spring,0,1,0,0,288,0.7578947368421053,1.0,1.2,1.0,0.2,0.8,1.2,1.8,-0.6,1.06,0.9199999999999999,0.14000000000000012,0.7503157894736843
2020-06-17,Aston Villa,Sheffield United,0,0,15.8,16.0,88,4.1,11.5,55,0,0,0,0,0,0,0,0,draw,1,0,0,0,1,0,0,0.1999999999999993,1,6,2020,2019,summer,0,0,1,0,289,0.7605263157894737,0.6,1.0,2.4,-1.4,2.0,1.0,0.6,0.4,0.72,1.7,-0.98,0.9202368421052631
2020-06-17,Manchester City,Arsenal,3,0,16.9,17.4,84,4.6,11.3,55,0,0,0,0,0,0,3,3,win,1,0,0,0,0,0,0,0.5,1,6,2020,2019,summer,0,0,1,0,290,0.7631578947368421,1.8,0.8,0.8,0.0,2.2,2.0,0.8,1.2,1.5,2.14,-0.6400000000000001,1.3889473684210527
2020-06-19,Norwich City,Southampton,0,3,15.8,13.9,77,0.8,25.3,51,0,0,0,0,0,0,3,-3,loss,1,0,0,0,0,0,0,-1.9000000000000004,1,6,2020,2019,summer,0,0,1,0,291,0.7657894736842106,0.8,0.2,1.0,-0.8,0.6,0.8,2.0,-1.2,0.6199999999999999,0.6599999999999999,-0.040000000000000036,0.4901052631578947
2020-06-19,Tottenham Hotspur,Manchester United,1,1,15.4,13.5,79,1.6,23.6,51,0,0,0,0,0,0,2,0,draw,1,0,0,0,0,0,0,-1.9000000000000004,1,6,2020,2019,summer,0,0,1,0,292,0.7684210526315789,1.4,1.8,1.6,0.2,2.2,1.6,0.2,1.4,1.52,2.02,-0.5,1.3601052631578947
2020-06-20,Bournemouth,Crystal Palace,0,2,15.5,14.1,85,2.2,21.5,53,0,0,0,0,0,0,2,-2,loss,1,0,0,0,1,0,0,-1.4000000000000004,1,6,2020,2019,summer,0,0,1,0,293,0.7710526315789473,0.8,1.2,2.0,-0.8,1.8,0.8,0.8,0.0,0.9199999999999999,1.5,-0.5800000000000001,0.9329736842105263
2020-06-20,Brighton,Arsenal,2,1,15.7,14.4,80,0.5,20.6,51,0,0,0,0,0,0,3,1,win,1,0,0,0,0,0,0,-1.299999999999999,1,6,2020,2019,summer,0,0,1,0,294,0.7736842105263158,0.8,1.0,1.2,-0.2,2.0,1.6,1.0,0.6,0.8599999999999999,1.88,-1.02,1.0599473684210525
2020-06-20,Watford,Leicester City,1,1,15.8,14.2,77,0.2,20.2,51,0,0,0,0,0,0,2,0,draw,1,0,0,0,0,0,0,-1.6000000000000014,1,6,2020,2019,summer,0,0,1,0,295,0.7763157894736842,0.8,1.2,1.6,-0.4,1.0,1.2,0.8,0.4,0.9199999999999999,1.06,-0.14000000000000012,0.7685526315789474
2020-06-20,West Ham United,Wolverhampton Wanderers,0,2,16.5,15.1,75,0.3,18.4,51,0,0,0,0,0,0,2,-2,loss,1,0,0,0,0,0,0,-1.4000000000000004,1,6,2020,2019,summer,0,0,1,0,296,0.7789473684210526,0.8,1.6,2.0,-0.4,1.8,1.2,0.4,0.8,1.04,1.62,-0.5800000000000001,1.036
2020-06-21,Aston Villa,Chelsea,1,2,14.9,11.8,73,5.7,25.7,63,0,0,0,0,0,0,3,-1,loss,1,0,0,0,0,0,0,-3.0999999999999996,1,6,2020,2019,summer,0,0,1,0,297,0.781578947368421,0.2,0.6,2.2,-1.6,1.6,2.0,1.4,0.6,0.31999999999999995,1.7199999999999998,-1.4,0.7972105263157893
2020-06-21,Everton,Liverpool,0,0,15.3,12.2,73,10.0,29.1,63,1,0,0,0,0,1,0,0,draw,1,0,0,0,0,0,0,-3.1000000000000014,1,6,2020,2019,summer,0,0,1,0,298,0.7842105263157895,1.4,1.8,2.2,-0.4,2.4,2.0,1.2,0.8,1.52,2.28,-0.7599999999999998,1.49
2020-06-21,Newcastle United,Sheffield United,3,0,15.3,12.6,72,1.6,27.1,51,0,0,0,0,0,0,3,3,win,1,0,0,0,0,0,0,-2.700000000000001,1,6,2020,2019,summer,0,0,1,0,299,0.7868421052631579,1.0,0.2,1.0,-0.8,2.2,1.0,0.4,0.6,0.76,1.84,-1.08,1.0228947368421053
2020-06-22,Manchester City,Burnley,5,0,15.8,13.6,72,0.0,23.8,3,0,0,0,0,0,0,5,5,win,0,0,0,0,0,0,0,-2.200000000000001,1,6,2020,2019,summer,0,0,1,0,300,0.7894736842105263,1.8,1.2,0.8,0.4,1.8,1.2,0.4,0.8,1.62,1.62,0.0,1.2789473684210528
2020-06-23,Leicester City,Brighton,0,0,18.8,18.0,69,0.0,18.7,3,0,0,0,0,0,0,0,0,draw,0,0,0,0,0,0,0,-0.8000000000000007,1,6,2020,2019,summer,0,0,1,0,301,0.7921052631578948,1.0,1.0,0.6,0.4,1.2,0.8,0.8,0.0,1.0,1.08,-0.08000000000000007,0.8237894736842106
2020-06-23,Tottenham Hotspur,West Ham United,2,0,19.4,19.1,65,0.0,12.8,3,0,0,0,0,0,0,2,2,win,0,0,0,0,0,0,0,-0.29999999999999716,1,6,2020,2019,summer,0,0,1,0,302,0.7947368421052632,1.0,1.6,1.8,-0.2,0.6,1.0,1.8,-0.8,1.18,0.72,0.45999999999999996,0.755
2020-06-24,Liverpool,Crystal Palace,4,0,20.1,21.7,78,0.0,12.7,3,0,0,0,0,0,0,4,4,win,0,0,0,0,0,0,0,1.5999999999999979,1,6,2020,2019,summer,0,0,1,0,303,0.7973684210526316,2.0,1.2,1.2,0.0,2.4,1.2,0.6,0.6,1.7599999999999998,2.04,-0.28000000000000025,1.515
2020-06-24,Manchester United,Sheffield United,3,0,22.2,23.2,68,0.0,16.2,3,0,0,0,0,0,0,3,3,win,0,0,0,0,0,0,0,1.0,1,6,2020,2019,summer,0,0,1,0,304,0.8,2.2,1.8,0.4,1.4,1.6,0.8,1.0,-0.2,2.08,1.3599999999999999,0.7200000000000002,1.3760000000000001
2020-06-24,Newcastle United,Aston Villa,1,1,20.5,21.2,76,0.0,15.8,3,0,0,0,0,0,0,2,0,draw,0,0,0,0,0,0,0,0.6999999999999993,1,6,2020,2019,summer,0,0,1,0,305,0.8026315789473685,1.4,0.8,1.0,-0.2,0.2,0.6,2.2,-1.6,1.2199999999999998,0.31999999999999995,0.8999999999999998,0.6180263157894735
2020-06-24,Norwich City,Everton,0,1,20.6,20.1,64,0.0,16.8,3,0,0,0,0,0,0,1,-1,loss,0,0,0,0,0,0,0,-0.5,1,6,2020,2019,summer,0,0,1,0,306,0.8052631578947368,0.6,0.2,1.6,-1.4,1.0,1.2,1.8,-0.6,0.48,1.06,-0.5800000000000001,0.6200526315789473
2020-06-24,Wolverhampton Wanderers,Bournemouth,1,0,21.7,22.1,65,0.0,15.0,1,0,0,0,0,0,0,1,1,win,0,0,0,0,0,0,0,0.40000000000000213,1,6,2020,2019,summer,0,0,1,0,307,0.8078947368421052,2.2,1.6,0.4,1.2,0.2,0.8,2.2,-1.4,2.02,0.38,1.6400000000000001,0.9694736842105263
2020-06-25,Burnley,Watford,1,0,20.7,20.5,74,0.0,20.1,3,0,0,0,0,0,0,1,1,win,0,0,0,0,0,0,0,-0.1999999999999993,1,6,2020,2019,summer,0,0,1,0,308,0.8105263157894737,1.6,1.2,1.4,-0.2,1.0,1.0,1.2,-0.2,1.48,1.0,0.48,1.0050526315789474
2020-06-25,Chelsea,Manchester City,2,1,23.2,23.0,60,0.0,20.2,0,0,0,0,0,0,0,3,1,win,0,0,0,0,0,0,0,-0.1999999999999993,1,6,2020,2019,summer,0,0,1,0,309,0.8131578947368421,2.0,2.0,1.2,0.8,2.4,2.2,0.4,1.8,2.0,2.34,-0.33999999999999986,1.7645526315789473
2020-06-25,Southampton,Arsenal,0,2,23.8,23.3,54,0.0,21.3,3,0,0,0,0,0,0,2,-2,loss,0,0,0,0,0,0,0,-0.5,1,6,2020,2019,summer,0,0,1,0,310,0.8157894736842105,1.2,1.4,1.2,0.2,1.8,1.8,1.4,0.4,1.26,1.8,-0.54,1.2481578947368421
2020-06-27,Aston Villa,Wolverhampton Wanderers,0,1,15.3,12.7,79,6.5,33.4,61,0,0,0,0,0,0,1,-1,loss,1,0,0,1,0,0,0,-2.6000000000000014,1,6,2020,2019,summer,0,0,1,0,311,0.8184210526315789,0.4,0.4,1.8,-1.4,2.6,1.8,0.4,1.4,0.39999999999999997,2.36,-1.96,1.1294210526315789
2020-06-28,Watford,Southampton,1,3,14.9,10.8,65,0.7,30.9,51,0,0,0,0,0,0,4,-2,loss,1,0,0,1,0,0,0,-4.1,1,6,2020,2019,summer,0,0,1,0,312,0.8210526315789474,0.8,0.8,1.2,-0.4,1.2,1.2,1.2,0.0,0.7999999999999999,1.2,-0.4,0.8210526315789474
2020-06-29,Crystal Palace,Burnley,0,1,15.1,10.6,61,0.1,35.0,51,0,0,0,0,0,0,1,-1,loss,1,0,0,1,0,0,0,-4.5,1,6,2020,2019,summer,0,0,1,0,313,0.8236842105263158,2.4,1.0,0.8,0.2,1.6,1.0,1.2,-0.2,1.98,1.42,0.56,1.4002631578947369
2020-06-30,Brighton,Manchester United,0,3,15.4,12.9,90,5.7,33.1,55,0,0,0,0,0,0,3,-3,loss,1,0,0,1,1,0,0,-2.5,1,6,2020,2019,summer,0,0,1,0,314,0.8263157894736842,1.2,0.6,0.6,0.0,2.2,2.0,0.4,1.6,1.02,2.14,-1.12,1.3055789473684212
2020-07-01,Arsenal,Norwich City,4,0,16.9,14.7,75,1.7,24.3,53,0,0,0,0,0,0,4,4,win,1,0,0,0,0,0,0,-2.1999999999999993,1,7,2020,2019,summer,0,0,1,0,315,0.8289473684210527,1.8,1.4,1.4,0.0,0.6,0.2,1.6,-1.4,1.68,0.48,1.2,0.8952631578947369
2020-07-01,Bournemouth,Newcastle United,1,4,16.1,13.8,81,0.6,31.7,51,0,0,0,0,0,0,5,-3,loss,1,0,0,1,0,0,0,-2.3000000000000007,1,7,2020,2019,summer,0,0,1,0,316,0.8315789473684211,0.2,0.6,2.0,-1.4,1.6,1.0,0.4,0.6,0.31999999999999995,1.42,-1.1,0.7234736842105263
2020-07-01,Everton,Leicester City,2,1,14.6,14.1,86,3.7,13.4,53,0,0,0,0,0,0,3,1,win,1,0,0,0,1,0,0,-0.5,1,7,2020,2019,summer,0,0,1,0,317,0.8342105263157895,1.0,0.8,1.6,-0.8,1.0,1.0,0.6,0.4,0.94,1.0,-0.06000000000000005,0.8091842105263158
2020-07-01,West Ham United,Chelsea,3,2,17.2,15.1,74,1.8,24.9,53,0,0,0,0,0,0,5,1,win,1,0,0,0,0,0,0,-2.0999999999999996,1,7,2020,2019,summer,0,0,1,0,318,0.8368421052631579,0.6,1.0,1.8,-0.8,2.6,2.4,1.0,1.4,0.72,2.54,-1.82,1.3640526315789474
2020-07-02,Manchester City,Liverpool,4,0,14.1,13.6,85,2.5,13.6,53,0,0,0,0,0,0,4,4,win,1,0,0,0,1,0,0,-0.5,1,7,2020,2019,summer,0,0,1,0,319,0.8394736842105263,1.8,2.0,0.8,1.2,2.0,1.8,1.2,0.6,1.8599999999999999,1.94,-0.08000000000000007,1.5949999999999998
2020-07-02,Sheffield United,Tottenham Hotspur,3,1,13.7,12.9,86,5.7,16.3,61,0,0,0,0,0,0,4,2,win,1,0,0,0,1,0,0,-0.7999999999999989,1,7,2020,2019,summer,0,0,1,0,320,0.8421052631578947,1.0,0.4,1.4,-1.0,1.0,1.4,1.4,0.0,0.82,1.1199999999999999,-0.29999999999999993,0.8168421052631578
2020-07-04,Chelsea,Watford,3,0,18.1,15.5,81,1.0,33.0,51,0,0,0,0,0,0,3,3,win,1,0,0,1,0,0,0,-2.6000000000000014,1,7,2020,2019,summer,0,0,1,0,321,0.8447368421052631,2.0,2.4,1.4,1.0,0.8,1.0,1.2,-0.2,2.12,0.8599999999999999,1.2600000000000002,1.258657894736842
2020-07-04,Leicester City,Crystal Palace,3,0,17.0,14.5,83,4.2,31.9,61,0,0,0,0,0,0,3,3,win,1,0,0,1,0,0,0,-2.5,1,7,2020,2019,summer,0,0,1,0,322,0.8473684210526315,1.0,1.2,0.8,0.4,1.8,0.8,1.0,-0.2,1.06,1.5,-0.43999999999999995,1.0846315789473684
2020-07-04,Manchester United,Bournemouth,5,2,16.6,15.6,87,4.9,27.2,53,0,0,0,0,0,0,7,3,win,1,0,0,0,1,0,0,-1.0000000000000018,1,7,2020,2019,summer,0,0,1,0,323,0.85,2.2,2.0,0.4,1.6,0.2,0.8,2.2,-1.4,2.14,0.38,1.7600000000000002,1.071
2020-07-04,Norwich City,Brighton,0,1,18.2,15.9,79,1.0,30.9,51,0,0,0,0,0,0,1,-1,loss,1,0,0,1,0,0,0,-2.299999999999999,1,7,2020,2019,summer,0,0,1,0,324,0.8526315789473684,0.6,0.2,1.8,-1.6,1.0,0.4,1.0,-0.6,0.48,0.82,-0.33999999999999997,0.5542105263157894
2020-07-04,Wolverhampton Wanderers,Arsenal,0,2,16.6,14.8,85,2.2,27.8,53,0,0,0,0,0,0,2,-2,loss,1,0,0,0,1,0,0,-1.8000000000000007,1,7,2020,2019,summer,0,0,1,0,325,0.8552631578947368,2.6,1.4,0.4,1.0,1.8,1.6,1.0,0.6,2.2399999999999998,1.74,0.4999999999999998,1.7019736842105262
2020-07-05,Burnley,Sheffield United,1,1,13.1,8.3,83,12.4,39.8,61,1,0,0,0,0,1,2,0,draw,1,0,0,1,0,1,0,-4.799999999999999,1,7,2020,2019,summer,0,0,1,0,326,0.8578947368421053,1.6,0.6,1.2,-0.6,1.4,0.8,1.4,-0.6,1.2999999999999998,1.2199999999999998,0.08000000000000007,1.0809473684210524
2020-07-05,Liverpool,Aston Villa,2,0,15.0,9.2,69,1.9,46.4,51,0,0,0,0,0,0,2,2,win,1,0,0,1,0,1,0,-5.800000000000001,1,7,2020,2019,summer,0,0,1,0,327,0.8605263157894737,1.4,1.2,1.6,-0.4,0.4,0.4,1.6,-1.2,1.3399999999999999,0.39999999999999997,0.94,0.748657894736842
2020-07-05,Newcastle United,West Ham United,2,2,14.8,9.8,69,0.4,41.1,51,0,0,0,0,0,0,4,0,draw,1,0,0,1,0,1,0,-5.0,1,7,2020,2019,summer,0,0,1,0,328,0.8631578947368421,2.2,1.8,0.4,1.4,1.2,1.2,1.6,-0.4,2.08,1.2,0.8800000000000001,1.4155789473684213
2020-07-05,Southampton,Manchester City,1,0,16.6,13.0,68,0.4,31.2,51,0,0,0,0,0,0,1,1,win,1,0,0,1,0,0,0,-3.6000000000000014,1,7,2020,2019,summer,0,0,1,0,329,0.8657894736842106,1.2,1.4,1.4,0.0,1.8,2.6,0.8,1.8,1.26,2.04,-0.78,1.4285526315789474
2020-07-06,Tottenham Hotspur,Everton,1,0,15.3,11.9,60,0.1,26.2,51,0,0,0,0,0,0,1,1,win,1,0,0,0,0,0,0,-3.4000000000000004,1,7,2020,2019,summer,0,0,1,0,330,0.868421052631579,1.0,1.4,1.6,-0.2,1.6,0.8,1.2,-0.4,1.1199999999999999,1.3599999999999999,-0.24,1.0768421052631578
2020-07-07,Arsenal,Leicester City,1,1,15.2,13.2,69,2.2,23.5,53,0,0,0,0,0,0,2,0,draw,1,0,0,0,0,0,0,-2.0,1,7,2020,2019,summer,0,0,1,0,331,0.8710526315789474,1.8,1.8,1.0,0.8,1.6,1.8,0.6,1.2,1.8,1.66,0.14000000000000012,1.506921052631579
2020-07-07,Crystal Palace,Chelsea,2,3,15.4,13.6,68,1.3,23.4,51,0,0,0,0,0,0,5,-1,loss,1,0,0,0,0,0,0,-1.8000000000000007,1,7,2020,2019,summer,0,0,1,0,332,0.8736842105263158,1.2,0.6,1.6,-1.0,2.4,2.6,1.0,1.6,1.02,2.46,-1.44,1.5202105263157895
2020-07-07,Watford,Norwich City,2,1,14.7,12.7,71,3.4,21.9,53,0,0,0,0,0,0,3,1,win,1,0,0,0,0,0,0,-2.0,1,7,2020,2019,summer,0,0,1,0,333,0.8763157894736842,0.2,0.4,1.8,-1.4,0.0,0.0,2.0,-2.0,0.26,0.0,0.26,0.11392105263157895
2020-07-08,Brighton,Liverpool,1,3,16.1,14.5,92,6.4,26.3,53,0,0,0,0,0,0,4,-2,loss,1,0,0,0,1,0,0,-1.6000000000000014,1,7,2020,2019,summer,0,0,1,0,334,0.8789473684210526,1.6,0.6,0.8,-0.2,2.0,1.6,1.0,0.6,1.2999999999999998,1.88,-0.5800000000000001,1.3975263157894735
2020-07-08,Manchester City,Newcastle United,5,0,13.6,12.0,84,7.8,16.9,61,0,0,0,0,0,0,5,5,win,1,0,0,0,0,0,0,-1.5999999999999996,1,7,2020,2019,summer,0,0,1,0,335,0.881578947368421,1.8,2.6,0.6,2.0,2.2,2.2,0.8,1.4,2.04,2.2,-0.16000000000000014,1.8689473684210527
2020-07-08,Sheffield United,Wolverhampton Wanderers,1,0,12.6,11.1,88,8.0,14.3,61,0,0,0,0,0,0,1,1,win,1,0,0,0,1,0,0,-1.5,1,7,2020,2019,summer,0,0,1,0,336,0.8842105263157894,1.0,0.8,1.6,-0.8,2.0,0.8,0.4,0.4,0.94,1.64,-0.7,1.1406315789473684
2020-07-08,West Ham United,Burnley,0,1,16.5,16.1,90,11.8,17.4,63,1,0,0,0,0,1,1,-1,loss,1,0,0,0,1,0,0,-0.3999999999999986,1,7,2020,2019,summer,0,0,1,0,337,0.8868421052631579,0.8,1.0,1.8,-0.8,1.6,0.8,1.4,-0.6,0.8599999999999999,1.3599999999999999,-0.5,0.9843947368421051
2020-07-09,Aston Villa,Manchester United,0,3,14.1,12.8,93,6.6,21.2,53,0,0,0,0,0,0,3,-3,loss,1,0,0,0,1,0,0,-1.299999999999999,1,7,2020,2019,summer,0,0,1,0,338,0.8894736842105263,0.4,0.4,1.2,-0.8,2.6,2.8,0.6,2.2,0.39999999999999997,2.6599999999999997,-2.26,1.3608947368421052
2020-07-09,Bournemouth,Tottenham Hotspur,0,0,16.6,14.4,87,1.4,30.9,53,0,0,0,0,0,0,0,0,draw,1,0,0,1,1,0,0,-2.200000000000001,1,7,2020,2019,summer,0,0,1,0,339,0.8921052631578947,0.0,0.8,2.8,-2.0,1.6,1.2,1.0,0.2,0.24,1.48,-1.24,0.7672105263157895
2020-07-09,Everton,Southampton,1,1,13.7,11.8,84,8.5,23.7,63,0,0,0,0,0,0,2,0,draw,1,0,0,0,0,0,0,-1.8999999999999986,1,7,2020,2019,summer,0,0,1,0,340,0.8947368421052632,1.4,0.6,1.2,-0.6,1.8,1.4,0.8,0.6,1.16,1.68,-0.52,1.2705263157894737
2020-07-11,Brighton,Manchester City,0,5,15.1,13.1,61,0.0,14.1,3,0,0,0,0,0,0,5,-5,loss,0,0,0,0,0,0,0,-2.0,1,7,2020,2019,summer,0,0,1,0,341,0.8973684210526316,1.4,0.8,1.4,-0.6,1.8,3.0,0.6,2.4,1.2199999999999998,2.16,-0.9400000000000004,1.5165526315789473
2020-07-11,Liverpool,Burnley,1,1,13.1,10.4,74,1.0,23.2,51,0,0,0,0,0,0,2,0,draw,1,0,0,0,0,0,0,-2.6999999999999993,1,7,2020,2019,summer,0,0,1,0,342,0.9,2.0,1.8,1.0,0.8,2.0,0.8,1.2,-0.4,1.94,1.64,0.30000000000000004,1.611
2020-07-11,Norwich City,West Ham United,0,4,13.9,12.1,75,0.0,16.5,3,0,0,0,0,0,0,4,-4,loss,0,0,0,0,0,0,0,-1.8000000000000007,1,7,2020,2019,summer,0,0,1,0,343,0.9026315789473685,0.0,0.2,2.2,-2.0,0.8,1.0,1.8,-0.8,0.06,0.8599999999999999,-0.7999999999999998,0.4152105263157895
2020-07-11,Sheffield United,Chelsea,3,0,13.2,10.5,70,0.0,18.5,3,0,0,0,0,0,0,3,3,win,0,0,0,0,0,0,0,-2.6999999999999993,1,7,2020,2019,summer,0,0,1,0,344,0.9052631578947369,1.4,1.0,1.6,-0.6,2.4,2.4,1.4,1.0,1.2799999999999998,2.4,-1.12,1.6656842105263157
2020-07-11,Watford,Newcastle United,2,1,14.3,12.1,65,0.0,15.9,3,0,0,0,0,0,0,3,1,win,0,0,0,0,0,0,0,-2.200000000000001,1,7,2020,2019,summer,0,0,1,0,345,0.9078947368421053,0.8,0.8,1.8,-1.0,1.6,2.0,1.8,0.2,0.7999999999999999,1.7199999999999998,-0.9199999999999998,1.1439473684210526
2020-07-12,Aston Villa,Crystal Palace,2,0,14.2,12.9,69,0.0,10.8,3,0,0,0,0,0,0,2,2,win,0,0,0,0,0,0,0,-1.299999999999999,1,7,2020,2019,summer,0,0,1,0,346,0.9105263157894737,0.2,0.4,1.8,-1.4,0.6,0.8,2.2,-1.4,0.26,0.6599999999999999,-0.3999999999999999,0.4188421052631579
2020-07-12,Bournemouth,Leicester City,4,1,16.2,14.7,65,0.0,16.2,3,0,0,0,0,0,0,5,3,win,0,0,0,0,0,0,0,-1.5,1,7,2020,2019,summer,0,0,1,0,347,0.9131578947368421,0.2,0.6,2.4,-1.8,1.2,1.2,0.8,0.4,0.31999999999999995,1.2,-0.88,0.694
2020-07-12,Tottenham Hotspur,Arsenal,2,1,16.1,15.2,65,0.0,11.9,3,0,0,0,0,0,0,3,1,win,0,0,0,0,0,0,0,-0.9000000000000021,1,7,2020,2019,summer,0,0,1,0,348,0.9157894736842105,1.6,1.0,0.8,0.2,2.0,2.0,0.6,1.4,1.42,2.0,-0.5800000000000001,1.5659999999999998
2020-07-12,Wolverhampton Wanderers,Everton,3,0,14.0,12.8,70,0.0,11.0,3,0,0,0,0,0,0,3,3,win,0,0,0,0,0,0,0,-1.1999999999999993,1,7,2020,2019,summer,0,0,1,0,349,0.9184210526315789,1.8,0.8,0.6,0.2,1.6,0.8,0.6,0.2,1.5,1.3599999999999999,0.14000000000000012,1.3133421052631578
2020-07-13,Manchester United,Southampton,2,2,15.2,14.1,81,4.3,18.8,53,0,0,0,0,0,0,4,0,draw,1,0,0,0,0,0,0,-1.0999999999999996,1,7,2020,2019,summer,0,0,1,0,350,0.9210526315789473,2.6,3.0,0.6,2.4,2.0,1.6,0.8,0.8,2.7199999999999998,1.88,0.8399999999999999,2.1184210526315788
2020-07-14,Chelsea,Norwich City,1,0,17.3,16.6,73,1.4,12.1,53,0,0,0,0,0,0,1,1,win,1,0,0,0,0,0,0,-0.6999999999999993,1,7,2020,2019,summer,0,0,1,0,351,0.9236842105263158,1.8,2.0,1.8,0.2,0.0,0.2,2.4,-2.2,1.8599999999999999,0.06,1.7999999999999998,0.8867368421052632
2020-07-15,Arsenal,Liverpool,2,1,15.8,14.4,72,0.6,14.9,51,0,0,0,0,0,0,3,1,win,1,0,0,0,0,0,0,-1.4000000000000004,1,7,2020,2019,summer,0,0,1,0,352,0.9263157894736842,2.0,2.0,0.6,1.4,2.0,2.0,1.2,0.8,2.0,2.0,0.0,1.8526315789473684
2020-07-15,Burnley,Wolverhampton Wanderers,1,1,13.1,11.1,93,4.4,24.6,53,0,0,0,0,0,0,2,0,draw,1,0,0,0,1,0,0,-2.0,1,7,2020,2019,summer,0,0,1,0,353,0.9289473684210526,2.2,1.0,0.4,0.6,1.8,1.0,0.6,0.4,1.84,1.56,0.28,1.5792105263157896
2020-07-15,Manchester City,Bournemouth,2,1,14.1,12.6,87,3.9,20.4,53,0,0,0,0,0,0,3,1,win,1,0,0,0,1,0,0,-1.5,1,7,2020,2019,summer,0,0,1,0,354,0.9315789473684211,1.8,3.0,0.6,2.4,0.8,1.4,2.2,-0.8,2.16,0.98,1.1800000000000002,1.4625789473684212
2020-07-15,Newcastle United,Tottenham Hotspur,1,3,14.7,13.1,79,0.5,20.5,51,0,0,0,0,0,0,4,-2,loss,1,0,0,0,0,0,0,-1.5999999999999996,1,7,2020,2019,summer,0,0,1,0,355,0.9342105263157895,1.0,1.6,2.2,-0.6,2.0,1.2,0.8,0.4,1.18,1.7599999999999998,-0.5799999999999998,1.3732894736842103
2020-07-16,Crystal Palace,Manchester United,0,2,18.1,17.4,72,0.0,16.1,3,0,0,0,0,0,0,2,-2,loss,0,0,0,0,0,0,0,-0.7000000000000028,1,7,2020,2019,summer,0,0,1,0,356,0.9368421052631579,0.0,0.4,2.6,-2.2,2.6,3.2,0.8,2.4,0.12,2.78,-2.6599999999999997,1.358421052631579
2020-07-16,Everton,Aston Villa,1,1,16.3,14.6,84,0.4,24.1,51,0,0,0,0,0,0,2,0,draw,1,0,0,0,0,0,0,-1.700000000000001,1,7,2020,2019,summer,0,0,1,0,357,0.9394736842105263,1.4,0.8,1.2,-0.4,0.8,0.6,1.4,-0.8,1.2199999999999998,0.74,0.47999999999999976,0.9206842105263157
2020-07-16,Leicester City,Sheffield United,2,0,17.1,15.8,78,0.0,21.6,3,0,0,0,0,0,0,2,2,win,0,0,0,0,0,0,0,-1.3000000000000007,1,7,2020,2019,summer,0,0,1,0,358,0.9421052631578948,1.0,1.2,1.4,-0.2,2.0,1.6,1.0,0.6,1.06,1.88,-0.8199999999999998,1.3848947368421054
2020-07-16,Southampton,Brighton,1,1,19.0,18.1,70,0.0,15.3,3,0,0,0,0,0,0,2,0,draw,0,0,0,0,0,0,0,-0.8999999999999986,1,7,2020,2019,summer,0,0,1,0,359,0.9447368421052632,1.6,1.4,1.2,0.2,0.8,0.4,2.2,-1.8,1.5399999999999998,0.6799999999999999,0.8599999999999999,1.0486578947368421
2020-07-17,West Ham United,Watford,3,1,21.0,21.1,66,0.1,17.4,51,0,0,0,0,0,0,4,2,win,1,0,0,0,0,0,0,0.10000000000000142,1,7,2020,2019,summer,0,0,1,0,360,0.9473684210526315,1.4,1.8,1.4,0.4,1.2,1.0,1.8,-0.8,1.52,1.14,0.3800000000000001,1.26
2020-07-18,Norwich City,Burnley,0,2,18.8,18.7,77,0.2,16.0,51,0,0,0,0,0,0,2,-2,loss,1,0,0,0,0,0,0,-0.10000000000000142,1,7,2020,2019,summer,0,0,1,0,361,0.95,0.0,0.2,2.4,-2.2,1.8,1.0,0.6,0.4,0.06,1.56,-1.5,0.7695
2020-07-19,Bournemouth,Southampton,0,2,16.6,15.8,77,4.3,21.7,61,0,0,0,0,0,0,2,-2,loss,1,0,0,0,0,0,0,-0.8000000000000007,1,7,2020,2019,summer,0,0,1,0,362,0.9526315789473684,0.8,1.6,2.4,-0.8,1.8,1.6,1.0,0.6,1.04,1.74,-0.7,1.3241578947368422
2020-07-19,Tottenham Hotspur,Leicester City,3,0,16.4,15.8,76,2.8,13.9,53,0,0,0,0,0,0,3,3,win,1,0,0,0,0,0,0,-0.5999999999999979,1,7,2020,2019,summer,0,0,1,0,363,0.9552631578947368,2.0,1.4,1.0,0.4,1.4,1.6,1.4,0.2,1.8199999999999998,1.46,0.3599999999999999,1.5666315789473684
2020-07-20,Brighton,Newcastle United,0,0,16.0,14.9,69,0.1,14.8,51,0,0,0,0,0,0,0,0,draw,1,0,0,0,0,0,0,-1.0999999999999996,1,7,2020,2019,summer,0,0,1,0,364,0.9578947368421052,0.8,0.6,2.4,-1.8,0.8,1.6,2.6,-1.0,0.74,1.04,-0.30000000000000004,0.8525263157894737
2020-07-20,Sheffield United,Everton,0,1,13.5,10.6,67,0.0,19.0,3,0,0,0,0,0,0,1,-1,loss,0,0,0,0,0,0,0,-2.9000000000000004,1,7,2020,2019,summer,0,0,1,0,365,0.9605263157894737,2.0,1.6,0.8,0.8,1.0,0.8,1.4,-0.6,1.88,0.94,0.94,1.354342105263158
2020-07-20,Wolverhampton Wanderers,Crystal Palace,2,0,12.7,10.4,72,0.0,16.0,3,0,0,0,0,0,0,2,2,win,0,0,0,0,0,0,0,-2.299999999999999,1,7,2020,2019,summer,0,0,1,0,366,0.9631578947368421,1.4,1.0,0.8,0.2,0.0,0.4,2.2,-1.8,1.2799999999999998,0.12,1.1599999999999997,0.6742105263157895
2020-07-21,Aston Villa,Arsenal,1,0,13.8,12.3,69,0.0,11.8,3,0,0,0,0,0,0,1,1,win,0,0,0,0,0,0,0,-1.5,1,7,2020,2019,summer,0,0,1,0,367,0.9657894736842105,0.8,0.6,1.4,-0.8,2.0,2.0,0.8,1.2,0.74,2.0,-1.26,1.3231315789473685
2020-07-21,Watford,Manchester City,0,4,15.1,13.4,63,0.0,9.7,3,0,0,0,0,0,0,4,-4,loss,0,0,0,0,0,0,0,-1.6999999999999993,1,7,2020,2019,summer,0,0,1,0,368,0.968421052631579,1.2,1.2,2.2,-1.0,2.4,3.2,0.4,2.8,1.2,2.6399999999999997,-1.4399999999999997,1.8593684210526316
2020-07-22,Liverpool,Chelsea,5,3,15.4,14.0,76,0.5,19.6,51,0,0,0,0,0,0,8,2,win,1,0,0,0,0,0,0,-1.4000000000000004,1,7,2020,2019,summer,0,0,1,0,369,0.9710526315789474,1.4,1.4,1.6,-0.2,1.8,1.8,1.6,0.2,1.4,1.8,-0.40000000000000013,1.553684210526316
2020-07-22,Manchester United,West Ham United,1,1,15.5,14.2,74,1.0,17.7,51,0,0,0,0,0,0,2,0,draw,1,0,0,0,0,0,0,-1.3000000000000007,1,7,2020,2019,summer,0,0,1,0,370,0.9736842105263158,2.6,3.0,0.8,2.2,2.0,2.4,1.2,1.2,2.7199999999999998,2.12,0.5999999999999996,2.356315789473684
2020-07-26,Arsenal,Watford,3,2,17.1,14.9,73,0.3,23.9,51,0,0,0,0,0,0,5,1,win,1,0,0,0,0,0,0,-2.200000000000001,1,7,2020,2019,summer,0,0,1,0,371,0.9763157894736842,1.4,1.2,1.0,0.2,1.2,1.0,2.4,-1.4,1.3399999999999999,1.14,0.19999999999999996,1.2106315789473683
2020-07-26,Burnley,Brighton,1,2,14.6,12.3,85,3.4,24.3,51,0,0,0,0,0,0,3,-1,loss,1,0,0,0,1,0,0,-2.299999999999999,1,7,2020,2019,summer,0,0,1,0,372,0.9789473684210527,1.8,1.2,0.6,0.6,1.0,0.6,1.8,-1.2,1.62,0.8799999999999999,0.7400000000000002,1.223684210526316
2020-07-26,Chelsea,Wolverhampton Wanderers,2,0,17.2,15.1,74,0.0,24.0,3,0,0,0,0,0,0,2,2,win,0,0,0,0,0,0,0,-2.0999999999999996,1,7,2020,2019,summer,0,0,1,0,373,0.9815789473684211,1.8,2.0,2.0,0.0,1.4,1.2,0.8,0.4,1.8599999999999999,1.3399999999999999,0.52,1.5705263157894735
2020-07-26,Crystal Palace,Tottenham Hotspur,1,1,16.9,14.9,74,0.2,23.2,51,0,0,0,0,0,0,2,0,draw,1,0,0,0,0,0,0,-1.9999999999999982,1,7,2020,2019,summer,0,0,1,0,374,0.9842105263157894,0.0,0.4,2.4,-2.0,2.6,1.8,0.4,1.4,0.12,2.36,-2.2399999999999998,1.2204210526315789
2020-07-26,Everton,Bournemouth,1,3,15.8,13.5,76,1.8,22.4,51,0,0,0,0,0,0,4,-2,loss,1,0,0,0,0,0,0,-2.3000000000000007,1,7,2020,2019,summer,0,0,1,0,375,0.9868421052631579,1.0,0.6,1.2,-0.6,0.8,1.4,2.0,-0.6,0.8799999999999999,0.98,-0.10000000000000009,0.9177631578947367
2020-07-26,Leicester City,Manchester United,0,2,16.3,13.6,72,0.1,25.5,51,0,0,0,0,0,0,2,-2,loss,1,0,0,0,0,0,0,-2.700000000000001,1,7,2020,2019,summer,0,0,1,0,376,0.9894736842105263,1.4,1.4,1.6,-0.2,2.2,2.6,1.0,1.6,1.4,2.3200000000000003,-0.9200000000000004,1.840421052631579
2020-07-26,Manchester City,Norwich City,5,0,15.9,13.9,75,3.1,24.2,55,0,0,0,0,0,0,5,5,win,1,0,0,0,0,0,0,-2.0,1,7,2020,2019,summer,0,0,1,0,377,0.9921052631578947,2.4,3.2,0.4,2.8,0.0,0.2,2.0,-1.8,2.6399999999999997,0.06,2.5799999999999996,1.3393421052631578
2020-07-26,Newcastle United,Liverpool,1,3,16.0,14.0,73,0.6,23.5,51,0,0,0,0,0,0,4,-2,loss,1,0,0,0,0,0,0,-2.0,1,7,2020,2019,summer,0,0,1,0,378,0.9947368421052631,0.4,0.8,2.4,-1.6,2.0,2.4,1.4,1.0,0.52,2.12,-1.6,1.3130526315789475
2020-07-26,Southampton,Sheffield United,3,1,16.5,14.8,79,0.7,25.9,51,0,0,0,0,0,0,4,2,win,1,0,0,0,0,0,0,-1.6999999999999993,1,7,2020,2019,summer,0,0,1,0,379,0.9973684210526316,1.8,1.4,0.8,0.6,1.4,1.0,0.8,0.2,1.68,1.2799999999999998,0.40000000000000013,1.4761052631578948
2020-07-26,West Ham United,Aston Villa,1,1,17.3,15.2,73,0.7,23.5,51,0,0,0,0,0,0,2,0,draw,1,0,0,0,0,0,0,-2.1000000000000014,1,7,2020,2019,summer,0,0,1,0,380,1.0,1.6,2.0,1.0,1.0,1.4,0.8,1.2,-0.4,1.7199999999999998,1.2199999999999998,0.5,1.4699999999999998
2020-09-12,Crystal Palace,Southampton,1,0,15.6,13.7,75,0.0,20.4,3,0,0,0,0,0,0,1,1,win,0,0,0,0,0,0,0,-1.9000000000000004,1,9,2020,2020,autumn,0,0,0,1,1,0.002631578947368421,0.2,0.6,2.0,-1.4,1.8,1.8,1.0,0.8,0.31999999999999995,1.8,-1.48,0.0027894736842105266
2020-09-12,Fulham,Arsenal,0,3,15.7,13.9,74,0.0,20.4,3,0,0,0,0,0,0,3,-3,loss,0,0,0,0,0,0,0,-1.799999999999999,1,9,2020,2020,autumn,0,0,0,1,2,0.005263157894736842,0.0,0.0,0.0,0.0,1.4,1.4,1.4,0.0,0.0,1.4,-1.4,0.003684210526315789
2020-09-12,Liverpool,Leeds United,4,3,14.5,11.6,72,0.4,26.1,51,0,0,0,0,0,0,7,1,win,1,0,0,0,0,0,0,-2.9000000000000004,1,9,2020,2020,autumn,0,0,0,1,3,0.007894736842105263,2.0,2.6,1.6,1.0,0.0,0.0,0.0,0.0,2.1799999999999997,0.0,2.1799999999999997,0.008605263157894736
2020-09-12,West Ham United,Newcastle United,0,2,15.8,13.9,73,0.0,19.7,3,0,0,0,0,0,0,2,-2,loss,0,0,0,0,0,0,0,-1.9000000000000004,1,9,2020,2020,autumn,0,0,0,1,4,0.010526315789473684,1.6,1.8,0.8,1.0,0.2,0.6,2.6,-2.0,1.66,0.31999999999999995,1.3399999999999999,0.010421052631578947
2020-09-13,Tottenham Hotspur,Everton,0,1,16.9,16.0,79,0.0,18.2,3,0,0,0,0,0,0,1,-1,loss,0,0,0,0,0,0,0,-0.8999999999999986,1,9,2020,2020,autumn,0,0,0,1,5,0.013157894736842105,2.2,1.8,0.6,1.2,1.0,0.8,1.6,-0.8,2.08,0.94,1.1400000000000001,0.019868421052631577
2020-09-13,West Bromwich Albion,Leicester City,0,3,16.3,14.7,81,0.0,22.0,3,0,0,0,0,0,0,3,-3,loss,0,0,0,0,0,0,0,-1.6000000000000014,1,9,2020,2020,autumn,0,0,0,1,6,0.015789473684210527,0.0,0.0,0.0,0.0,0.8,0.8,2.0,-1.2,0.0,0.7999999999999999,-0.7999999999999999,0.00631578947368421
2020-09-14,Brighton,Chelsea,1,3,19.4,18.8,68,0.0,15.3,0,0,0,0,0,0,0,4,-2,loss,0,0,0,0,0,0,0,-0.5999999999999979,1,9,2020,2020,autumn,0,0,0,1,7,0.018421052631578946,1.0,0.8,2.0,-1.2,1.8,1.8,2.0,-0.2,0.94,1.8,-0.8600000000000001,0.025236842105263158
2020-09-14,Sheffield United,Wolverhampton Wanderers,0,2,17.6,17.3,77,0.0,12.7,3,0,0,0,0,0,0,2,-2,loss,0,0,0,0,0,0,0,-0.3000000000000007,1,9,2020,2020,autumn,0,0,0,1,8,0.021052631578947368,1.2,1.0,1.2,-0.2,1.4,1.2,0.8,0.4,1.14,1.3399999999999999,-0.19999999999999996,0.026105263157894732
2020-09-19,Arsenal,West Ham United,2,1,17.4,14.6,66,0.0,26.0,3,0,0,0,0,0,0,3,1,win,0,0,0,0,0,0,0,-2.799999999999999,1,9,2020,2020,autumn,0,0,0,1,9,0.02368421052631579,1.8,1.8,1.2,0.6,1.6,1.8,1.0,0.8,1.8,1.66,0.14000000000000012,0.040973684210526315
2020-09-19,Everton,West Bromwich Albion,5,2,13.5,10.8,77,0.0,25.4,3,0,0,0,0,0,0,7,3,win,0,0,0,0,0,0,0,-2.6999999999999993,1,9,2020,2020,autumn,0,0,0,1,10,0.02631578947368421,1.4,0.8,1.4,-0.6,0.0,0.0,3.0,-3.0,1.2199999999999998,0.0,1.2199999999999998,0.016052631578947364
2020-09-19,Leeds United,Fulham,4,3,13.2,10.3,79,0.0,24.3,3,0,0,0,0,0,0,7,1,win,0,0,0,0,0,0,0,-2.8999999999999986,1,9,2020,2020,autumn,0,0,0,1,11,0.02894736842105263,0.0,3.0,4.0,-1.0,0.0,0.0,3.0,-3.0,0.8999999999999999,0.0,0.8999999999999999,0.013026315789473683
2020-09-19,Manchester United,Crystal Palace,1,3,13.6,11.1,78,0.0,22.9,3,0,0,0,0,0,0,4,-2,loss,0,0,0,0,0,0,0,-2.5,1,9,2020,2020,autumn,0,0,0,1,12,0.031578947368421054,2.2,2.0,0.6,1.4,0.8,0.4,1.4,-1.0,2.14,0.6799999999999999,1.4600000000000002,0.04452631578947369
2020-09-20,Chelsea,Liverpool,0,2,17.9,15.9,68,0.0,20.4,3,0,0,0,0,0,0,2,-2,loss,0,0,0,0,0,0,0,-1.9999999999999982,1,9,2020,2020,autumn,0,0,0,1,13,0.034210526315789476,1.8,1.8,1.8,0.0,2.0,2.8,2.0,0.8,1.8,2.2399999999999998,-0.4399999999999997,0.06910526315789474
2020-09-20,Leicester City,Burnley,4,2,14.2,12.0,82,0.0,24.0,3,0,0,0,0,0,0,6,2,win,0,0,0,0,0,0,0,-2.1999999999999993,1,9,2020,2020,autumn,0,0,0,1,14,0.03684210526315789,1.2,1.2,1.8,-0.6,1.6,1.2,0.8,0.4,1.2,1.48,-0.28,0.04936842105263157
2020-09-20,Newcastle United,Brighton,0,3,13.4,12.5,88,0.4,11.8,51,0,0,0,0,0,0,3,-3,loss,1,0,0,0,1,0,0,-0.9000000000000004,1,9,2020,2020,autumn,0,0,0,1,15,0.039473684210526314,0.8,1.0,1.6,-0.6,1.0,0.8,2.0,-1.2,0.8599999999999999,0.94,-0.08000000000000007,0.03552631578947368
2020-09-20,Southampton,Tottenham Hotspur,2,5,18.0,16.2,68,0.0,21.6,3,0,0,0,0,0,0,7,-3,loss,0,0,0,0,0,0,0,-1.8000000000000007,1,9,2020,2020,autumn,0,0,0,1,16,0.042105263157894736,1.6,1.6,1.0,0.6,2.0,1.8,0.8,1.0,1.5999999999999999,1.94,-0.3400000000000001,0.07452631578947368
2020-09-21,Aston Villa,Sheffield United,1,0,15.0,14.9,83,0.0,8.1,3,0,0,0,0,0,0,1,1,win,0,0,0,0,0,0,0,-0.09999999999999964,1,9,2020,2020,autumn,0,0,0,1,17,0.04473684210526316,1.6,1.0,1.0,0.0,0.6,0.8,1.6,-0.8,1.42,0.6599999999999999,0.76,0.046526315789473686
2020-09-21,Wolverhampton Wanderers,Manchester City,1,3,14.9,14.9,84,0.0,8.7,3,0,0,0,0,0,0,4,-2,loss,0,0,0,0,0,0,0,0.0,1,9,2020,2020,autumn,0,0,0,1,18,0.04736842105263158,2.0,1.6,0.6,1.0,3.0,4.2,0.2,4.0,1.88,3.3599999999999994,-1.4799999999999995,0.12410526315789472
2020-09-26,Brighton,Manchester United,2,3,9.8,4.3,67,0.0,35.6,3,0,0,0,0,0,0,5,-1,loss,0,1,0,1,0,1,0,-5.500000000000001,1,9,2020,2020,autumn,0,0,0,1,19,0.05,1.6,1.4,1.0,0.4,1.6,1.6,1.2,0.4,1.5399999999999998,1.5999999999999999,-0.06000000000000005,0.0785
2020-09-26,Burnley,Southampton,0,1,7.6,3.7,73,0.0,24.3,3,0,0,0,0,0,0,1,-1,loss,0,1,0,0,0,1,0,-3.8999999999999995,1,9,2020,2020,autumn,0,0,0,1,20,0.05263157894736842,1.0,1.4,1.6,-0.2,1.4,1.6,1.6,0.0,1.1199999999999999,1.46,-0.3400000000000001,0.06789473684210526
2020-09-26,Crystal Palace,Everton,1,2,9.9,4.8,65,0.0,31.8,3,0,0,0,0,0,0,3,-1,loss,0,1,0,1,0,1,0,-5.1000000000000005,1,9,2020,2020,autumn,0,0,0,1,21,0.05526315789473684,1.4,1.0,1.2,-0.2,2.0,1.8,1.2,0.6,1.2799999999999998,1.94,-0.6600000000000001,0.0889736842105263
2020-09-26,West Bromwich Albion,Chelsea,3,3,8.3,3.4,69,0.2,28.8,51,0,0,0,0,0,0,6,0,draw,1,1,0,0,0,1,0,-4.9,1,9,2020,2020,autumn,0,0,0,1,22,0.05789473684210526,0.0,1.0,4.0,-3.0,1.8,1.8,1.6,0.2,0.3,1.8,-1.5,0.060789473684210525
2020-09-27,Manchester City,Leicester City,2,5,8.2,5.5,78,0.0,14.6,3,0,0,0,0,0,0,7,-3,loss,0,1,0,0,0,1,0,-2.6999999999999993,1,9,2020,2020,autumn,0,0,0,1,23,0.060526315789473685,3.0,3.8,0.4,3.4,1.8,1.8,1.4,0.4,3.2399999999999993,1.8,1.4399999999999993,0.15252631578947365
2020-09-27,Sheffield United,Leeds United,0,1,9.7,5.7,76,0.0,29.9,3,0,0,0,0,0,0,1,-1,loss,0,1,0,0,0,1,0,-3.999999999999999,1,9,2020,2020,autumn,0,0,0,1,24,0.06315789473684211,0.0,0.2,1.8,-1.6,1.5,3.5,3.5,0.0,0.06,2.0999999999999996,-2.0399999999999996,0.06821052631578947
2020-09-27,Tottenham Hotspur,Newcastle United,1,1,11.8,7.2,71,0.4,32.8,51,0,0,0,0,0,0,2,0,draw,1,0,0,1,0,1,0,-4.6000000000000005,1,9,2020,2020,autumn,0,0,0,1,25,0.06578947368421052,2.0,2.4,1.0,1.4,0.8,0.8,1.8,-1.0,2.12,0.7999999999999999,1.3200000000000003,0.09605263157894736
2020-09-27,West Ham United,Wolverhampton Wanderers,4,0,12.0,7.6,70,0.4,33.3,51,0,0,0,0,0,0,4,4,win,1,0,0,1,0,1,0,-4.4,1,9,2020,2020,autumn,0,0,0,1,26,0.06842105263157895,1.0,1.2,1.4,-0.2,1.4,1.2,1.2,0.0,1.06,1.3399999999999999,-0.2799999999999998,0.08210526315789474
2020-09-28,Fulham,Aston Villa,0,3,13.1,10.9,72,0.2,16.5,51,0,0,0,0,0,0,3,-3,loss,1,0,0,0,0,0,0,-2.1999999999999993,1,9,2020,2020,autumn,0,0,0,1,27,0.07105263157894737,0.0,1.5,3.5,-2.0,2.2,1.2,0.4,0.8,0.44999999999999996,1.9,-1.45,0.08348684210526314
2020-09-28,Liverpool,Arsenal,3,1,10.4,8.8,89,1.0,14.8,51,0,0,0,0,0,0,4,2,win,1,0,0,0,1,1,0,-1.5999999999999996,1,9,2020,2020,autumn,0,0,0,1,28,0.07368421052631578,2.4,3.0,1.8,1.2,2.4,2.0,1.0,1.0,2.58,2.28,0.30000000000000027,0.17905263157894732
2020-10-03,Chelsea,Crystal Palace,4,0,13.2,11.2,89,34.6,30.3,63,1,0,0,0,0,1,4,4,win,1,0,0,1,1,0,0,-2.0,1,10,2020,2020,autumn,0,0,0,1,29,0.07631578947368421,1.4,2.2,2.2,0.0,1.4,1.2,1.2,0.0,1.64,1.3399999999999999,0.30000000000000004,0.11371052631578946
2020-10-03,Everton,Brighton,4,2,11.5,7.9,90,21.9,34.4,61,1,0,0,0,0,1,6,2,win,1,0,0,1,1,1,0,-3.5999999999999996,1,10,2020,2020,autumn,0,0,0,1,30,0.07894736842105263,2.4,2.0,1.2,0.8,1.4,1.6,1.4,0.2,2.28,1.46,0.8199999999999998,0.1476315789473684
2020-10-03,Leeds United,Manchester City,1,1,12.2,10.5,97,23.4,25.1,63,1,0,0,0,0,1,2,0,draw,1,0,0,0,1,0,0,-1.6999999999999993,1,10,2020,2020,autumn,0,0,0,1,31,0.08157894736842106,2.0,2.6666666666666665,2.3333333333333335,0.3333333333333333,2.4,3.2,1.4,1.8,2.1999999999999997,2.6399999999999997,-0.43999999999999995,0.19742105263157894
2020-10-03,Newcastle United,Burnley,3,1,12.1,10.3,97,33.3,17.9,63,1,0,0,0,0,1,4,2,win,1,0,0,0,1,0,0,-1.799999999999999,1,10,2020,2020,autumn,0,0,0,1,32,0.08421052631578947,1.0,0.8,1.4,-0.6,0.8,1.2,1.6,-0.4,0.94,0.9199999999999999,0.020000000000000018,0.0783157894736842
2020-10-04,Arsenal,Sheffield United,2,1,9.7,6.2,90,26.7,28.9,63,1,0,0,0,0,1,3,1,win,1,1,0,0,1,1,0,-3.499999999999999,1,10,2020,2020,autumn,0,0,0,1,33,0.0868421052631579,1.8,1.8,1.4,0.4,0.0,0.2,1.6,-1.4,1.8,0.06,1.74,0.08076315789473686
2020-10-04,Aston Villa,Liverpool,7,2,9.9,7.0,88,18.2,24.4,63,1,0,0,0,0,1,9,5,win,1,1,0,0,1,1,0,-2.9000000000000004,1,10,2020,2020,autumn,0,0,0,1,34,0.08947368421052632,2.2,1.4,0.4,1.0,3.0,3.4,1.6,1.8,1.96,3.1199999999999997,-1.1599999999999997,0.22726315789473683
2020-10-04,Leicester City,West Ham United,0,3,10.1,8.0,89,8.1,17.3,61,0,0,0,0,0,0,3,-3,loss,1,0,0,0,1,1,0,-2.0999999999999996,1,10,2020,2020,autumn,0,0,0,1,35,0.09210526315789473,1.8,2.4,1.8,0.6,1.0,1.4,1.2,0.2,1.98,1.1199999999999999,0.8600000000000001,0.14276315789473681
2020-10-04,Manchester United,Tottenham Hotspur,1,6,11.4,9.1,84,10.5,27.1,63,1,0,0,0,0,1,7,-5,loss,1,0,0,0,0,1,0,-2.3000000000000007,1,10,2020,2020,autumn,0,0,0,1,36,0.09473684210526316,2.0,1.8,1.2,0.6,1.6,2.0,1.0,1.0,1.94,1.7199999999999998,0.2200000000000002,0.17336842105263156
2020-10-04,Southampton,West Bromwich Albion,2,0,9.9,6.5,89,11.3,30.2,61,1,0,0,0,0,1,2,2,win,1,1,0,1,1,1,0,-3.4000000000000004,1,10,2020,2020,autumn,0,0,0,1,37,0.09736842105263158,1.8,1.6,1.4,0.2,0.3333333333333333,1.6666666666666667,3.6666666666666665,-2.0,1.74,0.7333333333333333,1.0066666666666668,0.12041228070175437
2020-10-04,Wolverhampton Wanderers,Fulham,1,0,10.2,7.4,87,18.8,24.6,63,1,0,0,0,0,1,1,1,win,1,0,0,0,1,1,0,-2.799999999999999,1,10,2020,2020,autumn,0,0,0,1,38,0.1,1.2,1.0,1.8,-0.8,0.0,1.0,3.3333333333333335,-2.3333333333333335,1.14,0.3,0.8399999999999999,0.072
2020-10-17,Chelsea,Southampton,3,3,10.0,8.3,85,1.6,10.8,51,0,0,0,0,0,0,6,0,draw,1,0,0,0,1,1,0,-1.6999999999999993,1,10,2020,2020,autumn,0,0,0,1,39,0.10263157894736842,2.0,2.4,1.2,1.2,1.8,1.6,1.4,0.2,2.12,1.74,0.3800000000000001,0.19807894736842108
2020-10-17,Everton,Liverpool,2,2,8.1,6.2,89,0.0,10.1,3,0,0,0,0,0,0,4,0,draw,0,1,0,0,1,1,0,-1.8999999999999995,1,10,2020,2020,autumn,0,0,0,1,40,0.10526315789473684,2.4,2.6,1.6,1.0,2.4,2.8,2.4,0.4,2.46,2.52,-0.06000000000000005,0.26210526315789473
2020-10-17,Manchester City,Arsenal,1,0,8.8,6.9,87,0.1,11.6,51,0,0,0,0,0,0,1,1,win,1,1,0,0,1,1,0,-1.9000000000000004,1,10,2020,2020,autumn,0,0,0,1,41,0.10789473684210527,2.0,3.0,1.4,1.6,2.4,2.2,1.4,0.8,2.3,2.34,-0.040000000000000036,0.2503157894736842
2020-10-17,Newcastle United,Manchester United,1,4,10.0,7.7,90,1.7,19.7,53,0,0,0,0,0,0,5,-3,loss,1,0,0,0,1,1,0,-2.3,1,10,2020,2020,autumn,0,0,0,1,42,0.11052631578947368,1.4,1.4,1.6,-0.2,1.4,1.6,2.4,-0.8,1.4,1.46,-0.06000000000000005,0.15805263157894736
2020-10-18,Crystal Palace,Brighton,1,1,9.0,7.4,86,0.0,8.2,3,0,0,0,0,0,0,2,0,draw,0,1,0,0,1,1,0,-1.5999999999999996,1,10,2020,2020,autumn,0,0,0,1,43,0.11315789473684211,1.4,1.2,1.6,-0.4,1.2,2.0,2.2,-0.2,1.3399999999999999,1.44,-0.10000000000000009,0.15728947368421053
2020-10-18,Leicester City,Aston Villa,0,1,8.6,6.9,89,0.0,11.6,3,0,0,0,0,0,0,1,-1,loss,0,1,0,0,1,1,0,-1.6999999999999993,1,10,2020,2020,autumn,0,0,0,1,44,0.11578947368421053,1.8,2.4,1.8,0.6,2.6,2.6,0.6,2.0,1.98,2.5999999999999996,-0.6199999999999997,0.2651578947368421
2020-10-18,Sheffield United,Fulham,1,1,8.6,6.8,90,0.0,12.3,3,0,0,0,0,0,0,2,0,draw,0,1,0,0,1,1,0,-1.7999999999999998,1,10,2020,2020,autumn,0,0,0,1,45,0.11842105263157894,0.0,0.4,1.8,-1.4,0.0,0.75,2.75,-2.0,0.12,0.22499999999999998,-0.10499999999999998,0.020427631578947367
2020-10-18,Tottenham Hotspur,West Ham United,3,3,9.4,7.9,85,0.1,9.0,51,0,0,0,0,0,0,6,0,draw,1,1,0,0,1,1,0,-1.5,1,10,2020,2020,autumn,0,0,0,1,46,0.12105263157894737,1.6,2.6,1.2,1.4,1.4,1.8,1.0,0.8,1.9,1.52,0.3799999999999999,0.207
2020-10-19,Leeds United,Wolverhampton Wanderers,0,1,10.2,7.4,80,2.1,23.0,53,0,0,0,0,0,0,1,-1,loss,1,0,0,0,0,1,0,-2.799999999999999,1,10,2020,2020,autumn,0,0,0,1,47,0.12368421052631579,1.75,2.25,2.0,0.25,1.2,0.8,1.8,-1.0,1.9,1.08,0.8199999999999998,0.18428947368421053
2020-10-19,West Bromwich Albion,Burnley,0,0,10.0,6.5,80,0.1,28.4,51,0,0,0,0,0,0,0,0,draw,1,0,0,0,0,1,0,-3.5,1,10,2020,2020,autumn,0,0,0,1,48,0.12631578947368421,0.25,1.25,3.25,-2.0,0.6,1.2,2.0,-0.8,0.55,0.78,-0.22999999999999998,0.084
2020-10-23,Aston Villa,Leeds United,0,3,8.8,6.0,84,2.8,22.7,53,0,0,0,0,0,0,3,-3,loss,1,1,0,0,0,1,0,-2.8000000000000007,1,10,2020,2020,autumn,0,0,0,1,49,0.12894736842105264,2.6,2.6,0.6,2.0,1.4,1.8,1.8,0.0,2.5999999999999996,1.52,1.0799999999999996,0.2656315789473684
2020-10-24,Fulham,Crystal Palace,1,2,12.9,9.1,83,6.1,43.1,61,0,0,0,0,0,0,3,-1,loss,1,0,0,1,0,1,0,-3.8000000000000007,1,10,2020,2020,autumn,0,0,0,1,50,0.13157894736842105,0.2,0.8,2.4,-1.6,1.4,1.2,1.6,-0.4,0.38,1.3399999999999999,-0.9599999999999999,0.11315789473684208
2020-10-24,Liverpool,Sheffield United,2,1,10.1,6.8,85,9.4,33.7,61,0,0,0,0,0,0,3,1,win,1,0,0,1,1,1,0,-3.3,1,10,2020,2020,autumn,0,0,0,1,51,0.13421052631578947,2.0,2.6,2.6,0.0,0.2,0.4,1.4,-1.0,2.1799999999999997,0.26,1.9199999999999997,0.16373684210526313
2020-10-24,Manchester United,Chelsea,0,0,10.3,6.8,85,16.1,33.8,63,1,0,0,0,0,1,0,0,draw,1,0,0,1,1,1,0,-3.500000000000001,1,10,2020,2020,autumn,0,0,0,1,52,0.1368421052631579,1.8,2.2,2.4,-0.2,1.6,2.6,1.8,0.8,1.92,1.9,0.020000000000000018,0.2613684210526316
2020-10-24,West Ham United,Manchester City,1,1,13.0,9.3,82,6.1,41.8,61,0,0,0,0,0,0,2,0,draw,1,0,0,1,0,1,0,-3.6999999999999993,1,10,2020,2020,autumn,0,0,0,1,53,0.1394736842105263,1.4,2.2,1.4,0.8,2.0,2.4,1.4,1.0,1.64,2.12,-0.4800000000000002,0.26221052631578945
2020-10-25,Arsenal,Leicester City,0,1,10.1,6.6,81,0.6,25.6,51,0,0,0,0,0,0,1,-1,loss,1,0,0,0,0,1,0,-3.5,1,10,2020,2020,autumn,0,0,0,1,54,0.14210526315789473,1.8,1.6,1.2,0.4,1.8,2.4,1.6,0.8,1.74,1.98,-0.24,0.26431578947368417
2020-10-25,Southampton,Everton,2,0,10.1,6.9,83,6.8,28.2,63,0,0,0,0,0,0,2,2,win,1,0,0,0,0,1,0,-3.1999999999999993,1,10,2020,2020,autumn,0,0,0,1,55,0.14473684210526316,1.4,1.6,1.8,-0.2,2.6,2.8,1.4,1.4,1.46,2.6599999999999997,-1.1999999999999997,0.29815789473684207
2020-10-25,Wolverhampton Wanderers,Newcastle United,1,1,7.9,4.1,87,0.9,23.7,51,0,0,0,0,0,0,2,0,draw,1,1,0,0,1,1,0,-3.8000000000000007,1,10,2020,2020,autumn,0,0,0,1,56,0.14736842105263157,1.8,1.0,1.4,-0.4,1.4,1.4,1.8,-0.4,1.56,1.4,0.16000000000000014,0.21810526315789472
2020-10-26,Brighton,West Bromwich Albion,1,1,10.5,6.9,78,2.2,27.4,53,0,0,0,0,0,0,2,0,draw,1,0,0,0,0,1,0,-3.5999999999999996,1,10,2020,2020,autumn,0,0,0,1,57,0.15,0.8,1.8,2.2,-0.4,0.4,1.0,2.6,-1.6,1.1,0.58,0.5200000000000001,0.126
2020-10-26,Burnley,Tottenham Hotspur,0,1,7.6,3.4,91,10.3,29.2,61,1,0,0,0,0,1,1,-1,loss,1,1,0,0,1,1,0,-4.199999999999999,1,10,2020,2020,autumn,0,0,0,1,58,0.15263157894736842,0.2,0.8,2.0,-1.2,1.6,3.0,1.6,1.4,0.38,2.0199999999999996,-1.6399999999999997,0.18315789473684208
2020-10-30,Wolverhampton Wanderers,Crystal Palace,2,0,13.2,11.1,91,3.9,29.6,53,0,0,0,0,0,0,2,2,win,1,0,0,0,1,0,0,-2.0999999999999996,1,10,2020,2020,autumn,0,0,0,1,59,0.15526315789473685,1.4,0.8,1.6,-0.8,1.4,1.4,1.8,-0.4,1.2199999999999998,1.4,-0.18000000000000016,0.20339473684210524
2020-10-31,Burnley,Chelsea,0,3,11.2,6.4,83,4.8,44.8,55,0,0,0,0,0,0,3,-3,loss,1,0,0,1,0,1,0,-4.799999999999999,1,10,2020,2020,autumn,0,0,0,1,60,0.15789473684210525,0.2,0.6,1.8,-1.2,1.2,2.0,1.6,0.4,0.31999999999999995,1.44,-1.12,0.1389473684210526
2020-10-31,Liverpool,West Ham United,2,1,12.3,7.9,79,2.7,45.0,55,0,0,0,0,0,0,3,1,win,1,0,0,1,0,1,0,-4.4,1,10,2020,2020,autumn,0,0,0,1,61,0.16052631578947368,2.0,2.2,2.2,0.0,1.6,2.4,1.2,1.2,2.06,1.8399999999999999,0.2200000000000002,0.31302631578947365
2020-10-31,Sheffield United,Manchester City,0,1,11.9,7.9,84,3.8,45.1,53,0,0,0,0,0,0,1,-1,loss,1,0,0,1,0,1,0,-4.0,1,10,2020,2020,autumn,0,0,0,1,62,0.1631578947368421,0.2,0.6,1.4,-0.8,1.6,1.6,1.6,0.0,0.31999999999999995,1.5999999999999999,-1.2799999999999998,0.15663157894736843
2020-11-01,Aston Villa,Southampton,3,4,12.7,8.2,83,1.0,42.1,51,0,0,0,0,0,0,7,-1,loss,1,0,0,1,0,1,0,-4.5,1,11,2020,2020,autumn,0,0,0,1,63,0.16578947368421051,2.4,2.4,1.0,1.4,2.0,2.0,1.6,0.4,2.4,2.0,0.3999999999999999,0.36473684210526314
2020-11-01,Manchester United,Arsenal,0,1,12.6,8.4,80,11.7,38.8,63,1,0,0,0,0,1,1,-1,loss,1,0,0,1,0,1,0,-4.199999999999999,1,11,2020,2020,autumn,0,0,0,1,64,0.16842105263157894,1.4,1.8,2.4,-0.6,1.2,1.0,1.4,-0.4,1.52,1.14,0.3800000000000001,0.224
2020-11-01,Newcastle United,Everton,2,1,11.0,6.2,77,6.8,38.8,61,0,0,0,0,0,0,3,1,win,1,0,0,1,0,1,0,-4.8,1,11,2020,2020,autumn,0,0,0,1,65,0.17105263157894737,1.0,1.2,2.0,-0.8,2.0,2.6,1.8,0.8,1.06,2.1799999999999997,-1.1199999999999997,0.27710526315789474
2020-11-01,Tottenham Hotspur,Brighton,2,1,14.4,10.7,83,1.5,39.0,51,0,0,0,0,0,0,3,1,win,1,0,0,1,0,0,0,-3.700000000000001,1,11,2020,2020,autumn,0,0,0,1,66,0.1736842105263158,2.2,3.2,1.4,1.8,1.0,1.8,1.8,0.0,2.5,1.24,1.26,0.3247894736842106
2020-11-02,Fulham,West Bromwich Albion,2,0,13.7,8.9,73,1.2,45.1,51,0,0,0,0,0,0,2,2,win,1,0,0,1,0,1,0,-4.799999999999999,1,11,2020,2020,autumn,0,0,0,1,67,0.1763157894736842,0.2,1.0,2.2,-1.2,0.6,1.2,2.2,-1.0,0.43999999999999995,0.78,-0.3400000000000001,0.10755263157894736
2020-11-02,Leeds United,Leicester City,1,4,11.1,6.4,81,7.9,38.2,61,0,0,0,0,0,0,5,-3,loss,1,0,0,1,0,1,0,-4.699999999999999,1,11,2020,2020,autumn,0,0,0,1,68,0.17894736842105263,2.0,1.8,1.0,0.8,1.8,2.0,1.6,0.4,1.94,1.8599999999999999,0.08000000000000007,0.33999999999999997
2020-11-06,Brighton,Burnley,0,0,8.4,4.6,81,0.0,22.7,3,0,0,0,0,0,0,0,0,draw,0,1,0,0,0,1,0,-3.8000000000000007,1,11,2020,2020,autumn,0,0,0,1,69,0.18157894736842106,0.4,1.4,2.2,-0.8,0.2,0.2,1.6,-1.4,0.7,0.19999999999999998,0.5,0.08171052631578947
2020-11-06,Southampton,Newcastle United,2,0,7.4,4.0,84,0.0,20.2,2,0,0,0,0,0,0,2,2,win,0,1,0,0,0,1,0,-3.4000000000000004,1,11,2020,2020,autumn,0,0,0,1,70,0.18421052631578946,2.6,2.4,1.2,1.2,1.6,1.6,1.6,0.0,2.54,1.5999999999999999,0.9400000000000002,0.38131578947368416
2020-11-07,Chelsea,Sheffield United,4,1,8.8,6.9,92,0.0,11.4,3,0,0,0,0,0,0,5,3,win,0,1,0,0,1,1,0,-1.9000000000000004,1,11,2020,2020,autumn,0,0,0,1,71,0.1868421052631579,1.8,2.6,1.2,1.4,0.2,0.6,1.4,-0.8,2.04,0.31999999999999995,1.7200000000000002,0.2204736842105263
2020-11-07,Crystal Palace,Leeds United,4,1,9.7,8.0,91,0.0,13.1,3,0,0,0,0,0,0,5,3,win,0,1,0,0,1,1,0,-1.6999999999999993,1,11,2020,2020,autumn,0,0,0,1,72,0.18947368421052632,0.8,0.8,2.0,-1.2,1.4,1.2,1.2,0.0,0.7999999999999999,1.3399999999999999,-0.5399999999999999,0.20273684210526313
2020-11-07,Everton,Manchester United,1,3,7.5,4.3,89,0.0,17.7,3,0,0,0,0,0,0,4,-2,loss,0,1,0,0,1,1,0,-3.2,1,11,2020,2020,autumn,0,0,0,1,73,0.19210526315789472,1.4,1.8,1.8,0.0,1.4,1.6,2.0,-0.4,1.52,1.46,0.06000000000000005,0.2862368421052631
2020-11-07,West Ham United,Fulham,1,0,8.9,7.1,92,0.0,11.7,3,0,0,0,0,0,0,1,1,win,0,1,0,0,1,1,0,-1.8000000000000007,1,11,2020,2020,autumn,0,0,0,1,74,0.19473684210526315,1.6,2.4,1.2,1.2,0.8,0.8,1.4,-0.6,1.8399999999999999,0.7999999999999999,1.04,0.2570526315789473
2020-11-08,Arsenal,Aston Villa,0,3,11.5,10.7,96,0.1,12.0,51,0,0,0,0,0,0,3,-3,loss,1,0,0,0,1,0,0,-0.8000000000000007,1,11,2020,2020,autumn,0,0,0,1,75,0.19736842105263158,1.2,0.8,1.2,-0.4,1.8,2.8,1.8,1.0,1.08,2.1,-1.02,0.3138157894736842
2020-11-08,Leicester City,Wolverhampton Wanderers,1,0,10.4,9.0,97,1.4,14.9,51,0,0,0,0,0,0,1,1,win,1,0,0,0,1,1,0,-1.4000000000000004,1,11,2020,2020,autumn,0,0,0,1,76,0.2,1.8,2.0,1.4,0.6,2.0,1.0,1.0,0.0,1.8599999999999999,1.7,0.15999999999999992,0.356
2020-11-08,Manchester City,Liverpool,1,1,11.0,9.9,91,3.4,11.5,53,0,0,0,0,0,0,2,0,draw,1,0,0,0,1,1,0,-1.0999999999999996,1,11,2020,2020,autumn,0,0,0,1,77,0.2026315789473684,1.6,1.2,1.4,-0.2,2.0,2.2,2.4,-0.2,1.48,2.06,-0.5800000000000001,0.3586578947368421
2020-11-08,West Bromwich Albion,Tottenham Hotspur,0,1,10.4,8.9,96,0.8,14.2,51,0,0,0,0,0,0,1,-1,loss,1,0,0,0,1,1,0,-1.5,1,11,2020,2020,autumn,0,0,0,1,78,0.20526315789473684,0.6,0.8,1.6,-0.8,2.2,2.6,1.2,1.4,0.6599999999999999,2.3200000000000003,-1.6600000000000004,0.3058421052631579
2020-11-21,Aston Villa,Brighton,1,2,10.5,6.7,87,1.0,28.6,51,0,0,0,0,0,0,3,-1,loss,1,0,0,0,1,1,0,-3.8,1,11,2020,2020,autumn,0,0,0,1,79,0.20789473684210527,1.8,2.8,1.8,1.0,0.6,1.0,1.6,-0.6,2.1,0.72,1.3800000000000001,0.29313157894736847
2020-11-21,Manchester United,West Bromwich Albion,1,0,10.4,7.2,88,3.3,23.5,55,0,0,0,0,0,0,1,1,win,1,0,0,0,1,1,0,-3.2,1,11,2020,2020,autumn,0,0,0,1,80,0.21052631578947367,1.4,1.6,1.8,-0.2,0.4,0.2,1.2,-1.0,1.46,0.33999999999999997,1.12,0.1894736842105263
2020-11-21,Newcastle United,Chelsea,0,2,10.3,6.3,78,0.2,29.0,51,0,0,0,0,0,0,2,-2,loss,1,0,0,0,0,1,0,-4.000000000000001,1,11,2020,2020,autumn,0,0,0,1,81,0.2131578947368421,1.4,1.4,1.8,-0.4,2.2,2.8,0.8,2.0,1.4,2.38,-0.98,0.40286842105263154
2020-11-21,Tottenham Hotspur,Manchester City,2,0,10.5,6.9,85,0.0,29.8,3,0,0,0,0,0,0,2,2,win,0,0,0,0,1,1,0,-3.5999999999999996,1,11,2020,2020,autumn,0,0,0,1,82,0.21578947368421053,2.6,2.6,1.0,1.6,1.8,1.0,0.6,0.4,2.5999999999999996,1.56,1.0399999999999996,0.44884210526315793
2020-11-22,Fulham,Everton,2,3,8.9,6.7,87,0.1,17.6,51,0,0,0,0,0,0,5,-1,loss,1,1,0,0,1,1,0,-2.2,1,11,2020,2020,autumn,0,0,0,1,83,0.21842105263157896,0.8,0.8,1.0,-0.2,0.8,1.6,2.2,-0.6,0.7999999999999999,1.04,-0.2400000000000001,0.20094736842105262
2020-11-22,Leeds United,Arsenal,0,0,6.7,3.1,80,0.2,24.9,51,0,0,0,0,0,0,0,0,draw,1,1,0,0,0,1,0,-3.6,1,11,2020,2020,autumn,0,0,0,1,84,0.22105263157894736,0.8,1.2,2.0,-0.8,1.2,0.6,1.2,-0.6,0.9199999999999999,1.02,-0.10000000000000009,0.21442105263157893
2020-11-22,Liverpool,Leicester City,3,0,8.3,3.8,72,0.7,24.9,51,0,0,0,0,0,0,3,3,win,1,1,0,0,0,1,0,-4.500000000000001,1,11,2020,2020,autumn,0,0,0,1,85,0.2236842105263158,1.6,1.8,2.4,-0.6,1.8,1.2,1.0,0.2,1.66,1.62,0.039999999999999813,0.3668421052631579
2020-11-22,Sheffield United,West Ham United,0,1,6.4,3.2,83,0.0,17.3,3,0,0,0,0,0,0,1,-1,loss,0,1,0,0,0,1,0,-3.2,1,11,2020,2020,autumn,0,0,0,1,86,0.22631578947368422,0.2,0.8,2.0,-1.2,1.6,1.8,1.2,0.6,0.38,1.66,-1.2799999999999998,0.2308421052631579
2020-11-23,Burnley,Crystal Palace,1,0,6.2,2.0,91,0.0,27.7,3,0,0,0,0,0,0,1,1,win,0,1,0,0,1,1,0,-4.2,1,11,2020,2020,autumn,0,0,0,1,87,0.22894736842105262,0.4,0.2,1.4,-1.2,1.4,1.4,1.8,-0.4,0.33999999999999997,1.4,-1.06,0.19918421052631574
2020-11-23,Wolverhampton Wanderers,Southampton,1,1,5.1,1.6,93,0.0,24.6,3,0,0,0,0,0,0,2,0,draw,0,1,0,0,1,1,0,-3.4999999999999996,1,11,2020,2020,autumn,0,0,0,1,88,0.23157894736842105,2.0,1.0,0.4,0.6,2.6,2.6,1.2,1.4,1.7,2.5999999999999996,-0.8999999999999997,0.4978947368421052
2020-11-27,Crystal Palace,Newcastle United,0,2,4.7,1.9,94,0.0,11.5,3,0,0,0,0,0,0,2,-2,loss,0,1,0,0,1,1,0,-2.8000000000000003,1,11,2020,2020,autumn,0,0,0,1,89,0.23421052631578948,1.4,1.4,1.2,0.2,0.8,0.8,2.0,-1.2,1.4,0.7999999999999999,0.6,0.2576315789473684
2020-11-28,Brighton,Liverpool,1,1,9.2,6.6,92,0.0,16.2,3,0,0,0,0,0,0,2,0,draw,0,1,0,0,1,1,0,-2.5999999999999996,1,11,2020,2020,autumn,0,0,0,1,90,0.23684210526315788,1.2,1.0,1.0,0.0,2.2,2.0,1.0,1.0,1.14,2.14,-1.0000000000000002,0.38842105263157894
2020-11-28,Everton,Leeds United,0,1,5.6,2.4,89,1.1,17.2,53,0,0,0,0,0,0,1,-1,loss,1,1,0,0,1,1,0,-3.1999999999999997,1,11,2020,2020,autumn,0,0,0,1,91,0.2394736842105263,0.8,1.4,2.2,-0.8,0.8,1.0,1.8,-0.8,0.98,0.8599999999999999,0.1200000000000001,0.2203157894736842
2020-11-28,Manchester City,Burnley,5,0,6.6,3.9,86,3.4,12.6,55,0,0,0,0,0,0,5,5,win,1,1,0,0,1,1,0,-2.6999999999999997,1,11,2020,2020,autumn,0,0,0,1,92,0.24210526315789474,1.6,0.8,0.8,0.0,1.0,0.2,0.8,-0.6,1.3599999999999999,0.76,0.5999999999999999,0.25663157894736843
2020-11-28,West Bromwich Albion,Sheffield United,1,0,6.1,3.3,97,4.7,16.1,61,0,0,0,0,0,0,1,1,win,1,1,0,0,1,1,0,-2.8,1,11,2020,2020,autumn,0,0,0,1,93,0.24473684210526317,0.4,0.2,1.0,-0.8,0.2,0.6,1.8,-1.2,0.33999999999999997,0.31999999999999995,0.020000000000000018,0.08076315789473684
2020-11-29,Arsenal,Wolverhampton Wanderers,1,2,7.2,5.3,96,0.0,12.9,3,0,0,0,0,0,0,3,-1,loss,0,1,0,0,1,1,0,-1.9000000000000004,1,11,2020,2020,autumn,0,0,0,1,94,0.24736842105263157,0.8,0.2,1.0,-0.8,1.6,1.0,0.6,0.4,0.6199999999999999,1.42,-0.8,0.2523157894736842
2020-11-29,Chelsea,Tottenham Hotspur,0,0,7.4,5.5,95,0.0,13.7,3,0,0,0,0,0,0,0,0,draw,0,1,0,0,1,1,0,-1.9000000000000004,1,11,2020,2020,autumn,0,0,0,1,95,0.25,2.2,2.4,0.8,1.6,2.6,1.8,0.8,1.0,2.26,2.36,-0.10000000000000009,0.5774999999999999
2020-11-29,Southampton,Manchester United,2,3,7.0,5.0,95,0.0,11.3,3,0,0,0,0,0,0,5,-1,loss,0,1,0,0,1,1,0,-2.0,1,11,2020,2020,autumn,0,0,0,1,96,0.25263157894736843,2.2,2.4,1.4,1.0,2.0,1.6,0.6,1.0,2.26,1.88,0.3799999999999999,0.5229473684210526
2020-11-30,Leicester City,Fulham,1,2,7.3,3.5,92,1.0,28.7,51,0,0,0,0,0,0,3,-1,loss,1,1,0,0,1,1,0,-3.8,1,11,2020,2020,autumn,0,0,0,1,97,0.25526315789473686,1.8,1.2,1.0,0.2,0.8,1.2,1.4,-0.2,1.62,0.9199999999999999,0.7000000000000002,0.3241842105263158
2020-11-30,West Ham United,Aston Villa,2,1,7.5,4.3,92,2.1,25.0,53,0,0,0,0,0,0,3,1,win,1,1,0,0,1,1,0,-3.2,1,11,2020,2020,autumn,0,0,0,1,98,0.2578947368421053,1.6,1.4,1.2,0.2,1.2,1.6,1.8,-0.2,1.5399999999999998,1.3199999999999998,0.21999999999999997,0.3687894736842105
2020-12-05,Burnley,Everton,1,1,2.4,-1.5,95,1.9,24.2,73,0,0,1,0,0,1,2,0,draw,1,1,0,0,1,1,0,-3.9,1,12,2020,2020,winter,1,0,0,0,99,0.26052631578947366,0.8,0.2,1.8,-1.6,0.6,1.0,2.0,-1.0,0.6199999999999999,0.72,-0.10000000000000009,0.17455263157894735
2020-12-05,Chelsea,Leeds United,3,1,3.8,-0.0,85,0.0,18.0,3,0,0,1,0,0,1,4,2,win,0,1,0,0,1,1,0,-3.8,1,12,2020,2020,winter,1,0,0,0,100,0.2631578947368421,2.2,1.8,0.2,1.6,1.4,1.2,1.6,-0.4,2.08,1.3399999999999999,0.7400000000000002,0.44999999999999996
2020-12-05,Manchester City,Fulham,2,0,3.1,-0.6,90,1.8,19.3,53,0,0,1,0,0,1,2,2,win,1,1,0,0,1,1,0,-3.7,1,12,2020,2020,winter,1,0,0,0,101,0.2657894736842105,1.6,1.6,0.8,0.8,1.2,1.4,1.4,0.0,1.5999999999999999,1.26,0.33999999999999986,0.380078947368421
2020-12-05,West Ham United,Manchester United,1,3,3.8,0.0,86,0.1,16.6,51,0,0,1,0,0,1,4,-2,loss,1,1,0,0,1,1,0,-3.8,1,12,2020,2020,winter,1,0,0,0,102,0.26842105263157895,2.0,1.2,0.8,0.4,2.0,1.4,0.8,0.6,1.7599999999999998,1.8199999999999998,-0.06000000000000005,0.4804736842105263
2020-12-06,Liverpool,Wolverhampton Wanderers,4,0,2.9,0.2,95,1.9,11.1,53,0,0,0,0,0,0,4,4,win,1,1,0,0,1,1,0,-2.6999999999999997,1,12,2020,2020,winter,1,0,0,0,103,0.2710526315789474,2.2,1.8,0.8,1.0,1.6,1.2,0.8,0.4,2.08,1.48,0.6000000000000001,0.48247368421052633
2020-12-06,Sheffield United,Leicester City,1,2,3.3,0.7,95,10.5,10.2,73,1,0,0,0,0,1,3,-1,loss,1,1,0,0,1,1,0,-2.5999999999999996,1,12,2020,2020,winter,1,0,0,0,104,0.2736842105263158,0.0,0.4,1.8,-1.4,1.8,1.4,1.2,0.2,0.12,1.68,-1.56,0.2463157894736842
2020-12-06,Tottenham Hotspur,Arsenal,2,0,2.5,-1.0,95,0.5,15.4,51,0,0,1,0,0,1,2,2,win,1,1,0,0,1,1,0,-3.5,1,12,2020,2020,winter,1,0,0,0,105,0.27631578947368424,2.6,1.2,0.2,1.0,0.8,0.4,1.2,-0.8,2.1799999999999997,0.6799999999999999,1.4999999999999998,0.3951315789473684
2020-12-06,West Bromwich Albion,Crystal Palace,1,5,2.1,-0.7,98,2.6,10.8,73,0,0,1,0,0,1,6,-4,loss,1,1,0,0,1,1,0,-2.8,1,12,2020,2020,winter,1,0,0,0,106,0.2789473684210526,0.8,0.4,1.0,-0.6,1.2,1.2,1.4,-0.2,0.6799999999999999,1.2,-0.52,0.26221052631578945
2020-12-07,Brighton,Southampton,1,2,2.8,-0.2,94,1.4,12.1,51,0,0,1,0,0,1,3,-1,loss,1,1,0,0,1,1,0,-3.0,1,12,2020,2020,winter,1,0,0,0,107,0.28157894736842104,1.2,1.0,1.0,0.0,2.0,2.2,1.4,0.8,1.14,2.06,-0.9200000000000002,0.45052631578947366
2020-12-11,Leeds United,West Ham United,1,2,6.3,3.9,98,4.5,20.6,53,0,0,0,0,0,0,3,-1,loss,1,1,0,0,1,1,0,-2.4,1,12,2020,2020,winter,1,0,0,0,108,0.28421052631578947,0.8,0.8,2.2,-1.4,1.8,1.2,1.2,0.0,0.7999999999999999,1.62,-0.8200000000000002,0.34389473684210525
2020-12-12,Everton,Chelsea,1,0,7.3,3.8,90,5.1,26.6,53,0,0,0,0,0,0,1,1,win,1,1,0,0,1,1,0,-3.5,1,12,2020,2020,winter,1,0,0,0,109,0.2868421052631579,0.8,1.2,1.8,-0.6,2.6,2.4,0.4,2.0,0.9199999999999999,2.54,-1.62,0.49623684210526314
2020-12-12,Manchester United,Manchester City,0,0,6.8,4.3,94,4.2,19.9,53,0,0,0,0,0,0,0,0,draw,1,1,0,0,1,1,0,-2.5,1,12,2020,2020,winter,1,0,0,0,110,0.2894736842105263,2.4,2.0,1.0,1.0,2.0,1.8,0.6,1.2,2.28,1.94,0.33999999999999986,0.6107894736842105
2020-12-12,Newcastle United,West Bromwich Albion,2,1,6.4,4.5,97,4.3,10.9,53,0,0,0,0,0,0,3,1,win,1,1,0,0,1,1,0,-1.9000000000000004,1,12,2020,2020,winter,1,0,0,0,111,0.29210526315789476,1.4,1.0,1.2,-0.2,0.6,0.4,1.8,-1.4,1.2799999999999998,0.54,0.7399999999999998,0.2658157894736842
2020-12-12,Wolverhampton Wanderers,Aston Villa,0,1,5.7,2.4,91,0.8,21.2,51,0,0,0,0,0,0,1,-1,loss,1,1,0,0,1,1,0,-3.3000000000000003,1,12,2020,2020,winter,1,0,0,0,112,0.29473684210526313,1.4,1.0,1.4,-0.4,0.6,1.6,2.2,-0.6,1.2799999999999998,0.8999999999999999,0.3799999999999999,0.32126315789473675
2020-12-13,Arsenal,Burnley,0,1,6.7,3.0,93,5.9,29.0,61,0,0,0,0,0,0,1,-1,loss,1,1,0,0,1,1,0,-3.7,1,12,2020,2020,winter,1,0,0,0,113,0.29736842105263156,0.8,0.4,1.4,-1.0,1.0,0.4,1.8,-1.4,0.6799999999999999,0.82,-0.14,0.22302631578947368
2020-12-13,Crystal Palace,Tottenham Hotspur,1,1,7.0,3.2,92,6.0,29.8,61,0,0,0,0,0,0,2,0,draw,1,1,0,0,1,1,0,-3.8,1,12,2020,2020,winter,1,0,0,0,114,0.3,1.2,1.8,1.4,0.4,2.6,1.4,0.2,1.2,1.38,2.2399999999999998,-0.8599999999999999,0.5429999999999999
2020-12-13,Fulham,Liverpool,1,1,6.8,3.2,92,5.4,28.9,55,0,0,0,0,0,0,2,0,draw,1,1,0,0,1,1,0,-3.5999999999999996,1,12,2020,2020,winter,1,0,0,0,115,0.3026315789473684,1.2,1.2,1.4,-0.2,2.2,2.2,0.6,1.6,1.2,2.2,-1.0000000000000002,0.5144736842105264
2020-12-13,Leicester City,Brighton,3,0,6.0,1.7,93,7.7,32.3,71,0,0,0,0,0,0,3,3,win,1,1,0,1,1,1,0,-4.3,1,12,2020,2020,winter,1,0,0,0,116,0.30526315789473685,1.8,1.6,1.4,0.2,1.0,1.0,1.2,-0.2,1.74,1.0,0.74,0.41821052631578953
2020-12-13,Southampton,Sheffield United,3,0,8.3,4.7,93,11.7,29.3,61,1,0,0,0,0,1,3,3,win,1,1,0,0,1,1,0,-3.6000000000000005,1,12,2020,2020,winter,1,0,0,0,117,0.3078947368421053,2.0,2.2,1.6,0.6,0.0,0.4,1.8,-1.4,2.06,0.12,1.94,0.3356052631578948
2020-12-15,Manchester City,West Bromwich Albion,1,1,6.9,3.1,86,0.0,19.1,3,0,0,0,0,0,0,2,0,draw,0,1,0,0,1,1,0,-3.8000000000000003,1,12,2020,2020,winter,1,0,0,0,118,0.3105263157894737,1.6,1.6,0.6,1.0,0.6,0.6,1.8,-1.2,1.5999999999999999,0.6,0.9999999999999999,0.34157894736842104
2020-12-15,Wolverhampton Wanderers,Chelsea,2,1,6.2,2.3,91,0.0,20.3,3,0,0,0,0,0,0,3,1,win,0,1,0,0,1,1,0,-3.9000000000000004,1,12,2020,2020,winter,1,0,0,0,119,0.3131578947368421,0.8,0.6,1.6,-1.0,2.0,1.8,0.6,1.2,0.74,1.94,-1.2,0.41963157894736836
2020-12-16,Arsenal,Southampton,1,1,8.8,5.0,88,3.4,28.6,61,0,0,0,0,0,0,2,0,draw,1,1,0,0,1,1,0,-3.8000000000000007,1,12,2020,2020,winter,1,0,0,0,120,0.3157894736842105,0.2,0.2,1.6,-1.4,2.0,2.0,1.0,1.0,0.19999999999999998,2.0,-1.8,0.3473684210526316
2020-12-16,Fulham,Brighton,0,0,8.9,5.2,88,3.1,28.4,55,0,0,0,0,0,0,0,0,draw,1,1,0,0,1,1,0,-3.7,1,12,2020,2020,winter,1,0,0,0,121,0.31842105263157894,0.8,1.0,1.6,-0.6,1.0,0.8,1.4,-0.6,0.8599999999999999,0.94,-0.08000000000000007,0.286578947368421
2020-12-16,Leeds United,Newcastle United,5,2,7.6,3.7,89,4.9,30.8,53,0,0,0,0,0,0,7,3,win,1,1,0,1,1,1,0,-3.8999999999999995,1,12,2020,2020,winter,1,0,0,0,122,0.32105263157894737,0.8,0.8,1.8,-1.0,1.8,1.2,1.2,0.0,0.7999999999999999,1.62,-0.8200000000000002,0.3884736842105263
2020-12-16,Leicester City,Everton,0,2,7.8,3.3,90,4.4,32.4,53,0,0,0,0,0,0,2,-2,loss,1,1,0,1,1,1,0,-4.5,1,12,2020,2020,winter,1,0,0,0,123,0.3236842105263158,1.8,1.4,1.2,0.2,1.4,1.2,1.4,-0.2,1.68,1.3399999999999999,0.3400000000000001,0.4887631578947368
2020-12-16,Liverpool,Tottenham Hotspur,2,1,7.9,3.3,88,4.0,37.5,61,0,0,0,0,0,0,3,1,win,1,1,0,1,1,1,0,-4.6000000000000005,1,12,2020,2020,winter,1,0,0,0,124,0.3263157894736842,1.8,2.0,0.6,1.4,2.2,1.2,0.2,1.0,1.8599999999999999,1.9,-0.040000000000000036,0.6134736842105263
2020-12-16,West Ham United,Crystal Palace,1,1,8.9,5.2,88,2.9,27.8,55,0,0,0,0,0,0,2,0,draw,1,1,0,0,1,1,0,-3.7,1,12,2020,2020,winter,1,0,0,0,125,0.32894736842105265,2.4,1.4,1.0,0.4,1.4,2.0,1.2,0.8,2.1,1.5799999999999998,0.5200000000000002,0.6052631578947368
2020-12-17,Aston Villa,Burnley,0,0,7.0,2.8,92,0.6,31.5,51,0,0,0,0,0,0,0,0,draw,1,1,0,1,1,1,0,-4.2,1,12,2020,2020,winter,1,0,0,0,126,0.33157894736842103,1.2,1.8,1.6,0.2,1.6,0.6,1.2,-0.6,1.38,1.2999999999999998,0.08000000000000007,0.4443157894736841
2020-12-17,Sheffield United,Manchester United,2,3,7.0,2.7,89,1.5,30.6,55,0,0,0,0,0,0,5,-1,loss,1,1,0,1,1,1,0,-4.3,1,12,2020,2020,winter,1,0,0,0,127,0.33421052631578946,0.0,0.4,2.2,-1.8,2.6,2.0,0.8,1.2,0.12,2.42,-2.3,0.42444736842105263
2020-12-19,Crystal Palace,Liverpool,0,7,9.8,5.5,87,4.7,28.8,61,0,0,0,0,0,0,7,-7,loss,1,1,0,0,1,1,0,-4.300000000000001,1,12,2020,2020,winter,1,0,0,0,128,0.3368421052631579,1.0,1.4,1.2,0.2,2.2,2.2,0.6,1.6,1.1199999999999999,2.2,-1.0800000000000003,0.5591578947368422
2020-12-19,Everton,Arsenal,2,1,8.9,5.0,84,2.0,25.7,55,0,0,0,0,0,0,3,1,win,1,1,0,0,0,1,0,-3.9000000000000004,1,12,2020,2020,winter,1,0,0,0,129,0.3394736842105263,2.0,1.4,0.8,0.6,0.4,0.4,1.2,-0.8,1.8199999999999998,0.39999999999999997,1.42,0.37681578947368416
2020-12-19,Newcastle United,Fulham,1,1,9.2,5.4,83,3.5,30.6,55,0,0,0,0,0,0,2,0,draw,1,1,0,1,0,1,0,-3.799999999999999,1,12,2020,2020,winter,1,0,0,0,130,0.34210526315789475,1.2,1.2,2.0,-0.8,1.0,1.0,1.4,-0.4,1.2,1.0,0.19999999999999996,0.37631578947368427
2020-12-19,Southampton,Manchester City,0,1,10.0,5.7,86,10.6,33.8,63,1,0,0,0,0,1,1,-1,loss,1,0,0,1,1,1,0,-4.3,1,12,2020,2020,winter,1,0,0,0,131,0.3447368421052632,1.6,1.8,1.2,0.6,1.6,1.6,0.6,1.0,1.66,1.5999999999999999,0.06000000000000005,0.561921052631579
2020-12-20,Brighton,Sheffield United,1,1,8.8,4.1,85,3.6,32.8,53,0,0,0,0,0,0,2,0,draw,1,1,0,1,1,1,0,-4.700000000000001,1,12,2020,2020,winter,1,0,0,0,132,0.3473684210526316,1.0,0.8,1.4,-0.6,0.0,0.6,2.0,-1.4,0.94,0.18,0.76,0.19452631578947369
2020-12-20,Manchester United,Leeds United,6,2,6.4,2.3,85,0.0,23.7,3,0,0,0,0,0,0,8,4,win,0,1,0,0,1,1,0,-4.1000000000000005,1,12,2020,2020,winter,1,0,0,0,133,0.35,2.6,2.0,1.0,1.0,1.4,1.6,1.4,0.2,2.42,1.46,0.96,0.6789999999999999
2020-12-20,Tottenham Hotspur,Leicester City,0,2,7.5,3.8,87,0.2,22.8,51,0,0,0,0,0,0,2,-2,loss,1,1,0,0,1,1,0,-3.7,1,12,2020,2020,winter,1,0,0,0,134,0.3526315789473684,1.6,1.2,0.6,0.6,1.2,1.2,1.6,-0.4,1.48,1.2,0.28,0.4725263157894736
2020-12-20,West Bromwich Albion,Aston Villa,0,3,5.6,1.4,91,0.3,23.1,51,0,0,0,0,0,0,3,-3,loss,1,1,0,0,1,1,0,-4.199999999999999,1,12,2020,2020,winter,1,0,0,0,135,0.35526315789473684,0.8,0.8,1.8,-1.0,1.4,1.2,0.8,0.4,0.7999999999999999,1.3399999999999999,-0.5399999999999999,0.3801315789473684
2020-12-21,Burnley,Wolverhampton Wanderers,2,1,6.3,3.2,95,5.9,20.9,61,0,0,0,0,0,0,3,1,win,1,1,0,0,1,1,0,-3.0999999999999996,1,12,2020,2020,winter,1,0,0,0,136,0.35789473684210527,1.6,0.6,1.2,-0.6,1.4,1.0,1.6,-0.6,1.2999999999999998,1.2799999999999998,0.020000000000000018,0.46168421052631575
2020-12-21,Chelsea,West Ham United,3,0,11.0,7.8,91,7.4,30.4,61,0,0,0,0,0,0,3,3,win,1,0,0,1,1,1,0,-3.2,1,12,2020,2020,winter,1,0,0,0,137,0.3605263157894737,1.4,1.2,0.8,0.4,2.0,1.4,1.2,0.2,1.3399999999999999,1.8199999999999998,-0.48,0.5696315789473684
2020-12-26,Arsenal,Chelsea,3,1,5.8,0.8,87,0.2,44.3,51,0,0,0,0,0,0,4,2,win,1,1,0,1,1,1,0,-5.0,1,12,2020,2020,winter,1,0,0,0,138,0.3631578947368421,0.2,0.6,1.6,-1.0,1.4,1.4,0.8,0.6,0.31999999999999995,1.4,-1.08,0.31231578947368416
2020-12-26,Aston Villa,Crystal Palace,3,0,6.5,1.2,86,3.4,44.0,61,0,0,0,0,0,0,3,3,win,1,1,0,1,1,1,0,-5.3,1,12,2020,2020,winter,1,0,0,0,139,0.36578947368421055,1.4,1.2,0.8,0.4,1.0,1.4,2.4,-1.0,1.3399999999999999,1.1199999999999999,0.21999999999999997,0.449921052631579
2020-12-26,Fulham,Southampton,0,0,6.0,1.1,87,0.2,44.3,51,0,0,0,0,0,0,0,0,draw,1,1,0,1,1,1,0,-4.9,1,12,2020,2020,winter,1,0,0,0,140,0.3684210526315789,1.2,0.8,1.0,-0.2,1.4,1.6,1.2,0.4,1.08,1.46,-0.3799999999999999,0.46789473684210525
2020-12-26,Leicester City,Manchester United,2,2,6.4,0.7,86,2.1,49.9,61,0,0,0,0,0,0,4,0,draw,1,1,0,1,1,1,0,-5.7,1,12,2020,2020,winter,1,0,0,0,141,0.37105263157894736,1.8,1.6,1.0,0.6,2.6,3.0,1.4,1.6,1.74,2.7199999999999998,-0.9799999999999998,0.8274473684210526
2020-12-26,Manchester City,Newcastle United,2,0,7.2,2.5,84,9.5,37.8,63,0,0,0,0,0,0,2,2,win,1,1,0,1,0,1,0,-4.7,1,12,2020,2020,winter,1,0,0,0,142,0.3736842105263158,2.2,1.8,0.2,1.6,1.4,1.4,1.8,-0.4,2.08,1.4,0.6800000000000002,0.6502105263157895
2020-12-26,Sheffield United,Everton,0,1,7.1,1.5,81,7.0,47.6,63,0,0,0,0,0,0,1,-1,loss,1,1,0,1,0,1,0,-5.6,1,12,2020,2020,winter,1,0,0,0,143,0.3763157894736842,0.2,0.8,2.0,-1.2,2.0,1.2,0.6,0.6,0.38,1.7599999999999998,-1.38,0.40265789473684205
2020-12-27,Leeds United,Burnley,1,0,3.8,-1.2,86,9.9,36.2,61,0,0,1,0,0,1,1,1,win,1,1,0,1,1,1,0,-5.0,1,12,2020,2020,winter,1,0,0,0,144,0.37894736842105264,1.2,2.0,2.6,-0.6,1.6,0.8,1.4,-0.6,1.44,1.3599999999999999,0.08000000000000007,0.5305263157894736
2020-12-27,Liverpool,West Bromwich Albion,1,1,4.7,-0.5,84,9.4,41.4,61,0,0,1,0,0,1,2,0,draw,1,1,0,1,0,1,0,-5.2,1,12,2020,2020,winter,1,0,0,0,145,0.3815789473684211,2.2,3.0,0.6,2.4,0.8,0.8,2.2,-1.4,2.44,0.7999999999999999,1.6400000000000001,0.6181578947368421
2020-12-27,West Ham United,Brighton,2,2,5.6,0.7,85,14.0,48.4,61,1,0,0,0,0,1,4,0,draw,1,1,0,1,1,1,0,-4.8999999999999995,1,12,2020,2020,winter,1,0,0,0,146,0.38421052631578945,1.4,1.2,1.8,-0.6,0.6,0.6,1.4,-0.8,1.3399999999999999,0.6,0.7399999999999999,0.37268421052631573
2020-12-27,Wolverhampton Wanderers,Tottenham Hotspur,1,1,3.9,-0.9,85,10.3,39.7,63,1,0,1,0,0,1,2,0,draw,1,1,0,1,1,1,0,-4.8,1,12,2020,2020,winter,1,0,0,0,147,0.3868421052631579,1.2,1.0,1.8,-0.8,1.0,0.8,1.0,-0.2,1.14,0.94,0.19999999999999996,0.4023157894736842
2020-12-28,Chelsea,Aston Villa,1,1,1.4,-2.1,94,0.3,16.5,51,0,0,1,0,0,1,2,0,draw,1,1,0,0,1,1,0,-3.5,1,12,2020,2020,winter,1,0,0,0,148,0.3894736842105263,1.2,1.6,1.4,0.2,2.0,1.6,0.4,1.2,1.3199999999999998,1.88,-0.56,0.623157894736842
2020-12-28,Crystal Palace,Leicester City,1,1,1.8,-1.7,93,0.2,15.8,51,0,0,1,0,0,1,2,0,draw,1,1,0,0,1,1,0,-3.5,1,12,2020,2020,winter,1,0,0,0,149,0.39210526315789473,1.0,1.4,2.6,-1.2,2.0,1.8,1.0,0.8,1.1199999999999999,1.94,-0.8200000000000001,0.5999210526315789
2020-12-29,Brighton,Arsenal,0,1,1.3,-2.3,92,1.1,14.7,73,0,0,1,0,0,1,1,-1,loss,1,1,0,0,1,1,0,-3.5999999999999996,1,12,2020,2020,winter,1,0,0,0,150,0.39473684210526316,0.6,0.8,1.6,-0.8,0.8,1.0,1.4,-0.4,0.6599999999999999,0.8599999999999999,-0.19999999999999996,0.3
2020-12-29,Burnley,Sheffield United,1,0,-0.2,-3.6,96,2.4,13.8,73,0,0,1,0,0,1,1,1,win,1,1,0,0,1,1,0,-3.4,1,12,2020,2020,winter,1,0,0,0,151,0.3973684210526316,1.6,0.8,0.6,0.2,0.2,0.8,2.0,-1.2,1.3599999999999999,0.38,0.9799999999999999,0.3457105263157894
2020-12-29,Manchester United,Wolverhampton Wanderers,1,0,-0.0,-3.1,94,2.5,13.6,75,0,0,1,0,1,1,1,1,win,1,1,0,0,1,1,0,-3.1,1,12,2020,2020,winter,1,0,0,0,152,0.4,2.2,2.8,1.4,1.4,0.8,0.8,1.8,-1.0,2.38,0.7999999999999999,1.58,0.636
2020-12-29,Southampton,West Ham United,0,0,1.3,-2.2,93,2.2,18.4,73,0,0,1,0,0,1,0,0,draw,1,1,0,0,1,1,0,-3.5,1,12,2020,2020,winter,1,0,0,0,153,0.4026315789473684,1.6,1.2,0.6,0.6,1.0,1.2,2.0,-0.8,1.48,1.06,0.41999999999999993,0.5113421052631578
2020-12-29,West Bromwich Albion,Leeds United,0,5,-0.5,-4.6,96,2.8,19.4,75,0,0,1,0,1,1,5,-5,loss,1,1,0,0,1,1,0,-4.1,1,12,2020,2020,winter,1,0,0,0,154,0.4052631578947368,0.4,0.8,2.4,-1.6,1.2,2.0,2.6,-0.6,0.52,1.44,-0.9199999999999999,0.3971578947368421
2020-12-30,Newcastle United,Liverpool,0,0,-0.8,-5.0,90,0.0,13.3,2,0,0,1,0,0,1,0,0,draw,0,1,0,0,1,1,0,-4.2,1,12,2020,2020,winter,1,0,0,0,155,0.40789473684210525,1.4,1.4,1.8,-0.4,2.2,3.0,0.6,2.4,1.4,2.44,-1.04,0.783157894736842
2021-01-01,Everton,West Ham United,0,1,2.2,-1.6,90,1.6,16.2,51,0,0,1,0,0,1,1,-1,loss,1,1,0,0,1,1,0,-3.8000000000000003,1,1,2021,2020,winter,1,0,0,0,156,0.4105263157894737,2.6,1.4,0.4,1.0,1.2,1.0,1.4,-0.4,2.2399999999999998,1.14,1.0999999999999999,0.6937894736842105
2021-01-01,Manchester United,Aston Villa,2,1,0.5,-2.5,93,0.9,10.5,71,0,0,1,0,0,1,3,1,win,1,1,0,0,1,1,0,-3.0,1,1,2021,2020,winter,1,0,0,0,157,0.4131578947368421,2.2,2.4,1.2,1.2,2.2,1.6,0.2,1.4,2.26,2.02,0.23999999999999977,0.884157894736842
2021-01-02,Brighton,Wolverhampton Wanderers,3,3,2.7,-1.1,91,0.1,14.8,51,0,0,1,0,0,1,6,0,draw,1,1,0,0,1,1,0,-3.8000000000000003,1,1,2021,2020,winter,1,0,0,0,158,0.41578947368421054,0.6,0.6,1.4,-0.8,0.8,0.8,1.2,-0.4,0.6,0.7999999999999999,-0.19999999999999996,0.29105263157894734
2021-01-02,Crystal Palace,Sheffield United,2,0,2.2,-1.0,91,0.0,13.2,3,0,0,1,0,0,1,2,2,win,0,1,0,0,1,1,0,-3.2,1,1,2021,2020,winter,1,0,0,0,159,0.41842105263157897,0.6,0.6,2.6,-2.0,0.2,0.6,1.8,-1.2,0.6,0.31999999999999995,0.28,0.19247368421052632
2021-01-02,Tottenham Hotspur,Leeds United,3,0,2.3,-1.3,90,0.0,15.2,3,0,0,1,0,0,1,3,3,win,0,1,0,0,1,1,0,-3.5999999999999996,1,1,2021,2020,winter,1,0,0,0,160,0.42105263157894735,1.0,1.0,1.2,-0.2,1.8,2.8,2.0,0.8,1.0,2.1,-1.1,0.6526315789473685
2021-01-02,West Bromwich Albion,Arsenal,0,4,-0.2,-4.0,95,1.4,13.5,73,0,0,1,0,0,1,4,-4,loss,1,1,0,0,1,1,0,-3.8,1,1,2021,2020,winter,1,0,0,0,161,0.4236842105263158,0.4,0.6,2.4,-1.8,1.4,1.2,1.0,0.2,0.45999999999999996,1.3399999999999999,-0.8799999999999999,0.38131578947368416
2021-01-03,Chelsea,Manchester City,1,3,1.8,-2.1,92,0.6,19.7,51,0,0,1,0,0,1,4,-2,loss,1,1,0,0,1,1,0,-3.9000000000000004,1,1,2021,2020,winter,1,0,0,0,162,0.4263157894736842,0.8,1.2,1.4,-0.2,2.2,1.2,0.2,1.0,0.9199999999999999,1.9,-0.98,0.6011052631578947
2021-01-03,Newcastle United,Leicester City,1,2,3.8,-0.2,90,3.6,19.8,71,0,0,1,0,0,1,3,-1,loss,1,1,0,0,1,1,0,-4.0,1,1,2021,2020,winter,1,0,0,0,163,0.42894736842105263,1.0,1.0,1.8,-0.8,1.6,1.6,1.0,0.6,1.0,1.5999999999999999,-0.5999999999999999,0.5576315789473684
2021-01-04,Southampton,Liverpool,1,0,2.9,-2.3,85,0.1,27.5,51,0,0,1,0,0,1,1,1,win,1,1,0,0,1,1,0,-5.199999999999999,1,1,2021,2020,winter,1,0,0,0,164,0.43157894736842106,1.2,0.8,0.4,0.4,1.8,2.2,0.6,1.6,1.08,1.92,-0.8399999999999999,0.6473684210526316
2021-01-12,Burnley,Manchester United,0,1,2.2,-1.1,89,4.3,20.6,61,0,0,1,0,0,1,1,-1,loss,1,1,0,0,1,1,0,-3.3000000000000003,1,1,2021,2020,winter,1,0,0,0,165,0.4342105263157895,2.0,0.8,0.4,0.4,2.6,2.8,1.4,1.4,1.64,2.6599999999999997,-1.0199999999999998,0.9335526315789474
2021-01-12,Sheffield United,Newcastle United,1,0,3.1,-0.7,84,3.8,21.1,55,0,0,1,0,0,1,1,1,win,1,1,0,0,0,1,0,-3.8,1,1,2021,2020,winter,1,0,0,0,166,0.4368421052631579,0.2,0.6,1.6,-1.0,0.4,0.8,2.0,-1.2,0.31999999999999995,0.52,-0.20000000000000007,0.18347368421052632
2021-01-12,Wolverhampton Wanderers,Everton,1,2,4.7,1.3,90,3.9,27.7,53,0,0,0,0,0,0,3,-1,loss,1,1,0,0,1,1,0,-3.4000000000000004,1,1,2021,2020,winter,1,0,0,0,167,0.4394736842105263,1.0,1.4,1.6,-0.2,2.4,1.2,0.4,0.8,1.1199999999999999,2.04,-0.9200000000000002,0.6943684210526315
2021-01-13,Manchester City,Brighton,1,0,2.7,0.2,92,9.8,14.9,61,0,0,0,0,0,0,1,1,win,1,1,0,0,1,1,0,-2.5,1,1,2021,2020,winter,1,0,0,0,168,0.4421052631578947,2.2,1.4,0.4,1.0,0.8,1.2,1.4,-0.2,1.96,0.9199999999999999,1.04,0.6366315789473683
2021-01-13,Tottenham Hotspur,Fulham,1,1,3.9,1.4,95,2.9,10.8,53,0,0,0,0,0,0,2,0,draw,1,1,0,0,1,1,0,-2.5,1,1,2021,2020,winter,1,0,0,0,169,0.44473684210526315,1.0,1.2,1.2,0.0,0.8,0.4,0.8,-0.4,1.06,0.6799999999999999,0.3800000000000001,0.38692105263157894
2021-01-14,Arsenal,Crystal Palace,0,0,4.1,0.5,95,28.4,22.3,63,1,0,0,0,0,1,0,0,draw,1,1,0,0,1,1,0,-3.5999999999999996,1,1,2021,2020,winter,1,0,0,0,170,0.4473684210526316,2.0,2.0,0.8,1.2,1.0,0.8,2.4,-1.6,2.0,0.94,1.06,0.6576315789473685
2021-01-16,Fulham,Chelsea,0,1,4.1,0.0,87,6.3,24.1,73,0,0,1,0,0,1,1,-1,loss,1,1,0,0,1,1,0,-4.1,1,1,2021,2020,winter,1,0,0,0,171,0.45,1.0,0.6,0.6,0.0,0.8,1.4,1.8,-0.4,0.8799999999999999,0.98,-0.10000000000000009,0.4185
2021-01-16,Leeds United,Brighton,0,1,3.9,-0.4,89,6.1,23.3,73,0,0,1,0,0,1,1,-1,loss,1,1,0,0,1,1,0,-4.3,1,1,2021,2020,winter,1,0,0,0,172,0.45263157894736844,1.8,2.6,2.2,0.4,0.6,1.2,1.6,-0.4,2.04,0.78,1.26,0.6382105263157896
2021-01-16,Leicester City,Southampton,2,0,4.2,-0.5,90,5.5,32.5,73,0,0,1,0,0,1,2,2,win,1,1,0,1,1,1,0,-4.7,1,1,2021,2020,winter,1,0,0,0,173,0.45526315789473687,1.6,1.4,1.2,0.2,1.2,0.4,0.4,0.0,1.5399999999999998,0.96,0.5799999999999998,0.5690789473684211
2021-01-16,West Ham United,Burnley,1,0,4.1,0.1,87,7.0,22.2,73,0,0,0,0,0,0,1,1,win,1,1,0,0,1,1,0,-3.9999999999999996,1,1,2021,2020,winter,1,0,0,0,174,0.45789473684210524,1.2,0.8,1.2,-0.4,1.4,0.6,0.6,0.0,1.08,1.16,-0.07999999999999985,0.5128421052631579
2021-01-16,Wolverhampton Wanderers,West Bromwich Albion,2,3,4.8,0.0,89,4.8,34.7,73,0,0,1,0,0,1,5,-1,loss,1,1,0,1,1,1,0,-4.8,1,1,2021,2020,winter,1,0,0,0,175,0.4605263157894737,0.4,1.2,1.8,-0.6,0.4,0.4,2.8,-2.4,0.6399999999999999,0.39999999999999997,0.23999999999999994,0.23947368421052626
2021-01-17,Liverpool,Manchester United,0,0,6.0,0.8,84,2.0,31.2,51,0,0,0,0,0,0,0,0,draw,1,1,0,1,0,1,0,-5.2,1,1,2021,2020,winter,1,0,0,0,176,0.4631578947368421,1.6,2.0,0.6,1.4,2.6,2.4,1.0,1.4,1.7199999999999998,2.54,-0.8200000000000003,0.9865263157894736
2021-01-17,Manchester City,Crystal Palace,4,0,5.4,1.4,86,2.2,21.9,53,0,0,0,0,0,0,4,4,win,1,1,0,0,1,1,0,-4.0,1,1,2021,2020,winter,1,0,0,0,177,0.46578947368421053,2.6,1.6,0.4,1.2,1.0,0.6,2.2,-1.6,2.3,0.8799999999999999,1.42,0.7406052631578947
2021-01-17,Sheffield United,Tottenham Hotspur,1,3,4.7,0.2,85,0.3,25.9,51,0,0,0,0,0,0,4,-2,loss,1,1,0,0,1,1,0,-4.5,1,1,2021,2020,winter,1,0,0,0,178,0.46842105263157896,0.8,0.4,1.0,-0.6,1.0,1.2,1.2,0.0,0.6799999999999999,1.06,-0.3800000000000001,0.4075263157894737
2021-01-18,Arsenal,Newcastle United,3,0,4.5,0.5,91,3.9,25.5,61,0,0,0,0,0,0,3,3,win,1,1,0,0,1,1,0,-4.0,1,1,2021,2020,winter,1,0,0,0,179,0.4710526315789474,2.0,1.8,0.6,1.2,0.4,0.4,1.2,-0.8,1.94,0.39999999999999997,1.54,0.5511315789473684
2021-01-19,Leicester City,Chelsea,2,0,9.5,4.5,90,8.1,36.4,61,0,0,0,0,0,0,2,2,win,1,1,0,1,1,1,0,-5.0,1,1,2021,2020,winter,1,0,0,0,180,0.47368421052631576,2.2,1.8,0.8,1.0,1.4,1.4,1.4,0.0,2.08,1.4,0.6800000000000002,0.8242105263157894
2021-01-19,West Ham United,West Bromwich Albion,2,1,10.1,5.2,87,3.2,33.5,55,0,0,0,0,0,0,3,1,win,1,0,0,1,1,1,0,-4.8999999999999995,1,1,2021,2020,winter,1,0,0,0,181,0.4763157894736842,1.6,0.8,1.0,-0.2,0.8,0.8,3.0,-2.2,1.3599999999999999,0.7999999999999999,0.5599999999999999,0.5144210526315789
2021-01-20,Fulham,Manchester United,1,2,9.9,4.2,87,7.6,38.5,55,0,0,0,0,0,0,3,-1,loss,1,1,0,1,1,1,0,-5.7,1,1,2021,2020,winter,1,0,0,0,182,0.4789473684210526,0.8,0.4,0.6,-0.2,2.2,1.2,0.6,0.6,0.6799999999999999,1.9,-1.22,0.6178421052631579
2021-01-20,Manchester City,Aston Villa,2,0,8.5,4.9,93,41.5,32.4,75,1,0,0,0,1,1,2,2,win,1,1,0,1,1,1,0,-3.5999999999999996,1,1,2021,2020,winter,1,0,0,0,183,0.48157894736842105,3.0,2.2,0.2,2.0,1.6,1.6,0.6,1.0,2.76,1.5999999999999999,1.16,1.0498421052631577
2021-01-21,Liverpool,Burnley,0,1,4.3,-2.1,82,2.9,38.6,71,0,0,1,0,0,1,1,-1,loss,1,1,0,1,0,1,0,-6.4,1,1,2021,2020,winter,1,0,0,0,184,0.4842105263157895,1.2,1.6,0.4,1.2,1.2,0.6,0.8,-0.2,1.3199999999999998,1.02,0.2999999999999998,0.5665263157894737
2021-01-23,Aston Villa,Newcastle United,2,0,-0.3,-4.3,92,0.2,14.9,51,0,0,1,0,0,1,2,2,win,1,1,0,0,1,1,0,-4.0,1,1,2021,2020,winter,1,0,0,0,185,0.4868421052631579,1.4,1.6,1.0,0.6,0.2,0.2,1.6,-1.4,1.46,0.19999999999999998,1.26,0.40407894736842104
2021-01-26,Crystal Palace,West Ham United,2,3,2.6,-1.5,89,4.0,23.8,53,0,0,1,0,0,1,5,-1,loss,1,1,0,0,1,1,0,-4.1,1,1,2021,2020,winter,1,0,0,0,186,0.48947368421052634,1.0,0.6,1.6,-1.0,2.2,1.2,0.6,0.6,0.8799999999999999,1.9,-1.02,0.6803684210526315
2021-01-26,Newcastle United,Leeds United,1,2,2.0,-1.3,91,2.4,13.7,71,0,0,1,0,0,1,3,-1,loss,1,1,0,0,1,1,0,-3.3,1,1,2021,2020,winter,1,0,0,0,187,0.4921052631578947,0.2,0.2,1.6,-1.4,1.2,1.6,2.0,-0.4,0.19999999999999998,1.3199999999999998,-1.1199999999999999,0.37399999999999994
2021-01-26,Southampton,Arsenal,1,3,4.0,0.4,92,5.7,22.3,55,0,0,0,0,0,0,4,-2,loss,1,1,0,0,1,1,0,-3.6,1,1,2021,2020,winter,1,0,0,0,188,0.49473684210526314,1.0,0.2,0.6,-0.4,2.6,2.2,0.2,2.0,0.76,2.48,-1.72,0.8014736842105263
2021-01-26,West Bromwich Albion,Manchester City,0,5,1.4,-2.8,93,1.3,21.6,51,0,0,1,0,0,1,5,-5,loss,1,1,0,0,1,1,0,-4.199999999999999,1,1,2021,2020,winter,1,0,0,0,189,0.49736842105263157,0.8,1.0,2.8,-1.8,3.0,2.4,0.2,2.2,0.8599999999999999,2.8199999999999994,-1.9599999999999995,0.915157894736842
2021-01-27,Brighton,Fulham,0,0,8.2,5.8,99,4.8,23.3,55,0,0,0,0,0,0,0,0,draw,1,1,0,0,1,1,0,-2.3999999999999995,1,1,2021,2020,winter,1,0,0,0,190,0.5,1.0,1.2,1.4,-0.2,0.6,0.6,1.0,-0.4,1.06,0.6,0.4600000000000001,0.41500000000000004
2021-01-27,Burnley,Aston Villa,3,2,6.5,3.9,99,1.1,17.9,53,0,0,0,0,0,0,5,1,win,1,1,0,0,1,1,0,-2.6,1,1,2021,2020,winter,1,0,0,0,191,0.5026315789473684,1.2,0.4,0.6,-0.2,1.4,1.4,1.0,0.4,0.96,1.4,-0.43999999999999995,0.5931052631578947
2021-01-27,Chelsea,Wolverhampton Wanderers,0,0,7.6,5.5,97,3.1,13.3,53,0,0,0,0,0,0,0,0,draw,1,1,0,0,1,1,0,-2.0999999999999996,1,1,2021,2020,winter,1,0,0,0,192,0.5052631578947369,0.8,0.8,1.8,-1.0,0.4,1.4,2.0,-0.6,0.7999999999999999,0.7,0.09999999999999998,0.37894736842105264
2021-01-27,Everton,Leicester City,1,1,7.4,4.5,95,3.8,20.7,61,0,0,0,0,0,0,2,0,draw,1,1,0,0,1,1,0,-2.9000000000000004,1,1,2021,2020,winter,1,0,0,0,193,0.5078947368421053,2.4,1.4,0.6,0.8,2.2,1.8,0.8,1.0,2.1,2.08,0.020000000000000018,1.0614999999999999
2021-01-27,Manchester United,Sheffield United,1,2,7.2,5.0,96,2.0,14.8,55,0,0,0,0,0,0,3,-1,loss,1,1,0,0,1,1,0,-2.2,1,1,2021,2020,winter,1,0,0,0,194,0.5105263157894737,2.6,1.2,0.4,0.8,0.6,0.4,1.4,-1.0,2.1799999999999997,0.54,1.6399999999999997,0.6943157894736842
2021-01-28,Tottenham Hotspur,Liverpool,1,3,10.0,7.1,91,15.9,26.3,63,1,0,0,0,0,1,4,-2,loss,1,0,0,0,1,1,0,-2.9000000000000004,1,1,2021,2020,winter,1,0,0,0,195,0.5131578947368421,1.6,1.6,1.0,0.6,0.6,0.2,0.6,-0.4,1.5999999999999999,0.48,1.1199999999999999,0.5336842105263159
2021-01-30,Arsenal,Manchester United,0,0,4.1,-0.7,92,16.1,29.2,73,1,0,1,0,0,1,0,0,draw,1,1,0,0,1,1,0,-4.8,1,1,2021,2020,winter,1,0,0,0,196,0.5157894736842106,2.6,2.2,0.2,2.0,2.0,1.2,0.8,0.4,2.48,1.7599999999999998,0.7200000000000002,1.0934736842105264
2021-01-30,Crystal Palace,Wolverhampton Wanderers,1,0,4.7,0.1,91,14.0,28.7,61,1,0,0,0,0,1,1,1,win,1,1,0,0,1,1,0,-4.6000000000000005,1,1,2021,2020,winter,1,0,0,0,197,0.5184210526315789,1.0,1.0,1.6,-0.6,0.4,1.2,1.8,-0.6,1.0,0.6399999999999999,0.3600000000000001,0.42510526315789465
2021-01-30,Everton,Newcastle United,0,2,3.3,-2.8,75,1.1,33.5,51,0,0,1,0,0,1,2,-2,loss,1,1,0,1,0,1,0,-6.1,1,1,2021,2020,winter,1,0,0,0,198,0.5210526315789473,2.0,1.2,0.8,0.4,0.0,0.4,2.0,-1.6,1.7599999999999998,0.12,1.6399999999999997,0.48978947368421044
2021-01-30,Manchester City,Sheffield United,1,0,3.4,-2.6,74,0.5,35.7,51,0,0,1,0,0,1,1,1,win,1,1,0,1,0,1,0,-6.0,1,1,2021,2020,winter,1,0,0,0,199,0.5236842105263158,3.0,3.0,0.2,2.8,1.2,0.8,1.4,-0.6,2.9999999999999996,1.08,1.9199999999999995,1.068315789473684
2021-01-30,Southampton,Aston Villa,0,1,6.2,1.9,91,10.3,27.4,61,1,0,0,0,0,1,1,-1,loss,1,1,0,0,1,1,0,-4.300000000000001,1,1,2021,2020,winter,1,0,0,0,200,0.5263157894736842,1.0,0.4,1.0,-0.6,0.8,1.2,1.6,-0.4,0.82,0.9199999999999999,-0.09999999999999998,0.4578947368421052
2021-01-30,West Bromwich Albion,Fulham,2,2,2.0,-3.6,92,13.1,29.1,75,1,0,1,0,1,1,4,0,draw,1,1,0,0,1,1,0,-5.6,1,1,2021,2020,winter,1,0,0,0,201,0.5289473684210526,0.6,0.8,3.6,-2.8,0.6,0.4,0.8,-0.4,0.6599999999999999,0.54,0.11999999999999988,0.3173684210526316
2021-01-31,Brighton,Tottenham Hotspur,1,0,3.1,-1.6,88,2.9,25.9,55,0,0,1,0,0,1,1,1,win,1,1,0,0,1,1,0,-4.7,1,1,2021,2020,winter,1,0,0,0,202,0.531578947368421,1.0,0.8,1.0,-0.2,1.6,1.8,1.2,0.6,0.94,1.66,-0.72,0.6910526315789473
2021-01-31,Chelsea,Burnley,2,0,2.3,-2.2,85,2.0,21.6,71,0,0,1,0,0,1,2,2,win,1,1,0,0,1,1,0,-4.5,1,1,2021,2020,winter,1,0,0,0,203,0.5342105263157895,1.0,0.6,1.2,-0.6,1.8,1.0,0.8,0.2,0.8799999999999999,1.56,-0.6800000000000002,0.6517368421052632
2021-01-31,Leicester City,Leeds United,1,3,0.6,-4.2,83,0.2,19.6,71,0,0,1,0,0,1,4,-2,loss,1,1,0,0,0,1,0,-4.8,1,1,2021,2020,winter,1,0,0,0,204,0.5368421052631579,2.2,1.6,0.6,1.0,1.8,1.6,1.0,0.6,2.02,1.74,0.28,1.0092631578947369
2021-01-31,West Ham United,Liverpool,1,3,2.5,-2.0,84,2.2,20.8,53,0,0,1,0,0,1,4,-2,loss,1,1,0,0,0,1,0,-4.5,1,1,2021,2020,winter,1,0,0,0,205,0.5394736842105263,2.6,1.4,0.6,0.8,1.0,0.6,0.6,0.0,2.2399999999999998,0.8799999999999999,1.3599999999999999,0.841578947368421
2021-02-02,Manchester United,Southampton,9,0,4.2,-0.1,90,24.6,31.1,75,1,0,1,0,1,1,9,9,win,1,1,0,1,1,1,0,-4.3,1,2,2021,2020,winter,1,0,0,0,206,0.5421052631578948,1.6,0.8,0.6,0.2,0.8,0.4,1.2,-0.8,1.3599999999999999,0.6799999999999999,0.6799999999999999,0.5529473684210526
2021-02-02,Newcastle United,Crystal Palace,1,2,2.6,-2.0,90,16.2,25.6,73,1,0,1,0,0,1,3,-1,loss,1,1,0,0,1,1,0,-4.6,1,2,2021,2020,winter,1,0,0,0,207,0.5447368421052632,0.6,0.6,1.6,-1.0,1.4,1.0,1.4,-0.4,0.6,1.2799999999999998,-0.6799999999999998,0.5120526315789473
2021-02-02,Sheffield United,West Bromwich Albion,2,1,1.6,-1.9,97,24.7,19.1,75,1,0,1,0,1,1,3,1,win,1,1,0,0,1,1,0,-3.5,1,2,2021,2020,winter,1,0,0,0,208,0.5473684210526316,1.2,0.8,1.4,-0.6,0.8,1.2,3.0,-1.8,1.08,0.9199999999999999,0.16000000000000014,0.5473684210526316
2021-02-02,Wolverhampton Wanderers,Arsenal,2,1,6.9,3.2,92,14.7,23.9,73,1,0,0,0,0,1,3,1,win,1,1,0,0,1,1,0,-3.7,1,2,2021,2020,winter,1,0,0,0,209,0.55,0.4,1.2,1.8,-0.6,2.2,2.0,0.2,1.8,0.6399999999999999,2.14,-1.5000000000000002,0.7645000000000002
2021-02-03,Aston Villa,West Ham United,1,3,6.2,2.8,90,0.3,22.9,51,0,0,0,0,0,0,4,-2,loss,1,1,0,0,1,1,0,-3.4000000000000004,1,2,2021,2020,winter,1,0,0,0,210,0.5526315789473685,1.2,1.2,1.4,-0.2,2.4,1.6,1.2,0.4,1.2,2.16,-0.9600000000000002,0.9284210526315791
2021-02-03,Burnley,Manchester City,0,2,4.1,1.5,97,7.8,12.1,61,0,0,0,0,0,0,2,-2,loss,1,1,0,0,1,1,0,-2.5999999999999996,1,2,2021,2020,winter,1,0,0,0,211,0.5552631578947368,1.2,0.8,1.2,-0.4,3.0,2.6,0.0,2.6,1.08,2.88,-1.7999999999999998,1.0994210526315789
2021-02-03,Fulham,Leicester City,0,2,7.4,4.3,90,2.5,24.4,55,0,0,0,0,0,0,2,-2,loss,1,1,0,0,1,1,0,-3.1000000000000005,1,2,2021,2020,winter,1,0,0,0,212,0.5578947368421052,0.6,0.8,1.2,-0.4,2.0,1.6,1.0,0.6,0.6599999999999999,1.88,-1.22,0.7085263157894737
2021-02-03,Leeds United,Everton,1,2,3.7,0.9,97,1.4,11.5,53,0,0,0,0,0,0,3,-1,loss,1,1,0,0,1,1,0,-2.8000000000000003,1,2,2021,2020,winter,1,0,0,0,213,0.5605263157894737,1.8,2.0,1.2,0.8,1.4,0.8,1.0,-0.2,1.8599999999999999,1.2199999999999998,0.6400000000000001,0.8632105263157893
2021-02-03,Liverpool,Brighton,0,1,6.3,3.8,91,1.1,14.8,51,0,0,0,0,0,0,1,-1,loss,1,1,0,0,1,1,0,-2.5,1,2,2021,2020,winter,1,0,0,0,214,0.5631578947368421,1.4,1.2,0.8,0.4,1.6,1.0,0.8,0.2,1.3399999999999999,1.42,-0.08000000000000007,0.777157894736842
2021-02-04,Tottenham Hotspur,Chelsea,0,1,5.8,2.9,94,6.6,16.9,61,0,0,0,0,0,0,1,-1,loss,1,1,0,0,1,1,0,-2.9,1,2,2021,2020,winter,1,0,0,0,215,0.5657894736842105,1.4,1.6,1.2,0.4,1.4,0.8,1.0,-0.2,1.46,1.2199999999999998,0.2400000000000002,0.758157894736842
2021-02-06,Aston Villa,Arsenal,1,0,2.4,-0.8,95,2.8,25.2,73,0,0,1,0,0,1,1,1,win,1,1,0,0,1,1,0,-3.2,1,2,2021,2020,winter,1,0,0,0,216,0.5684210526315789,1.2,1.2,1.6,-0.4,1.6,1.4,0.6,0.8,1.2,1.5399999999999998,-0.33999999999999986,0.7787368421052631
2021-02-06,Burnley,Brighton,1,1,3.3,-1.6,97,20.6,31.7,75,1,0,1,0,1,1,2,0,draw,1,1,0,1,1,1,0,-4.9,1,2,2021,2020,winter,1,0,0,0,217,0.5710526315789474,1.2,0.8,1.4,-0.6,2.0,0.6,0.2,0.4,1.08,1.5799999999999998,-0.4999999999999998,0.7595000000000001
2021-02-06,Fulham,West Ham United,0,0,4.6,1.7,94,8.8,25.5,61,0,0,0,0,0,0,0,0,draw,1,1,0,0,1,1,0,-2.8999999999999995,1,2,2021,2020,winter,1,0,0,0,218,0.5736842105263158,0.4,0.6,1.4,-0.8,2.4,2.0,1.4,0.6,0.45999999999999996,2.28,-1.8199999999999998,0.7859473684210526
2021-02-06,Manchester United,Everton,3,3,4.2,0.3,90,11.0,25.8,61,1,0,0,0,0,1,6,0,draw,1,1,0,0,1,1,0,-3.9000000000000004,1,2,2021,2020,winter,1,0,0,0,219,0.5763157894736842,1.6,2.4,0.6,1.8,1.4,1.0,1.2,-0.2,1.8399999999999999,1.2799999999999998,0.56,0.8990526315789473
2021-02-06,Newcastle United,Southampton,3,2,3.8,-1.5,93,11.8,30.1,71,1,0,1,0,0,1,5,1,win,1,1,0,1,1,1,0,-5.3,1,2,2021,2020,winter,1,0,0,0,220,0.5789473684210527,0.6,0.8,1.8,-1.0,0.6,0.4,3.0,-2.6,0.6599999999999999,0.54,0.11999999999999988,0.3473684210526316
2021-02-07,Liverpool,Manchester City,1,4,2.0,-3.8,69,0.0,26.5,3,0,0,1,0,0,1,5,-3,loss,0,1,0,0,0,1,0,-5.8,1,2,2021,2020,winter,1,0,0,0,221,0.5815789473684211,1.4,1.2,0.8,0.4,3.0,2.8,0.0,2.8,1.3399999999999999,2.9399999999999995,-1.5999999999999996,1.244578947368421
2021-02-07,Sheffield United,Chelsea,1,2,1.4,-5.1,71,1.5,30.7,71,0,0,1,0,0,1,3,-1,loss,1,1,0,1,0,1,0,-6.5,1,2,2021,2020,winter,1,0,0,0,222,0.5842105263157895,1.8,1.2,1.2,0.0,2.0,0.8,0.4,0.4,1.62,1.64,-0.019999999999999796,0.9522631578947368
2021-02-07,Tottenham Hotspur,West Bromwich Albion,2,0,0.9,-5.5,81,4.8,32.4,73,0,0,1,0,0,1,2,2,win,1,1,0,1,0,1,0,-6.4,1,2,2021,2020,winter,1,0,0,0,223,0.5868421052631579,0.8,1.0,1.4,-0.4,0.8,1.4,2.6,-1.2,0.8599999999999999,0.98,-0.1200000000000001,0.5398947368421053
2021-02-07,Wolverhampton Wanderers,Leicester City,0,0,1.1,-4.9,75,1.5,25.4,73,0,0,1,0,0,1,0,0,draw,1,1,0,0,0,1,0,-6.0,1,2,2021,2020,winter,1,0,0,0,224,0.5894736842105263,0.8,1.0,1.4,-0.4,2.0,1.6,0.8,0.8,0.8599999999999999,1.88,-1.02,0.807578947368421
2021-02-08,Leeds United,Crystal Palace,2,0,0.1,-5.9,73,0.6,29.8,71,0,0,1,0,0,1,2,2,win,1,1,0,0,0,1,0,-6.0,1,2,2021,2020,winter,1,0,0,0,225,0.5921052631578947,1.2,1.2,1.6,-0.4,1.4,1.0,1.6,-0.6,1.2,1.2799999999999998,-0.07999999999999985,0.7342105263157893
2021-02-13,Brighton,Aston Villa,0,0,-0.3,-7.3,57,0.0,30.9,3,0,0,1,0,0,1,0,0,draw,0,1,0,1,0,1,0,-7.0,1,2,2021,2020,winter,1,0,0,0,226,0.5947368421052631,2.2,0.8,0.2,0.6,1.8,1.4,1.2,0.2,1.78,1.68,0.10000000000000009,1.028894736842105
2021-02-13,Crystal Palace,Burnley,0,3,-2.5,-8.4,66,0.0,23.6,3,0,0,1,0,0,1,3,-3,loss,0,1,0,0,0,1,0,-5.9,1,2,2021,2020,winter,1,0,0,0,227,0.5973684210526315,1.2,1.0,2.0,-1.0,1.4,1.0,1.4,-0.4,1.14,1.2799999999999998,-0.1399999999999999,0.7228157894736842
2021-02-13,Leicester City,Liverpool,3,1,-2.2,-9.0,62,0.1,29.3,71,0,0,1,0,0,1,4,2,win,1,1,0,0,0,1,0,-6.8,1,2,2021,2020,winter,1,0,0,0,228,0.6,1.6,1.2,0.8,0.4,1.2,1.4,1.6,-0.2,1.48,1.26,0.21999999999999997,0.8220000000000001
2021-02-13,Manchester City,Tottenham Hotspur,3,0,-1.2,-7.5,56,0.1,25.7,71,0,0,1,0,0,1,3,3,win,1,1,0,0,0,1,0,-6.3,1,2,2021,2020,winter,1,0,0,0,229,0.6026315789473684,3.0,2.8,0.2,2.6,1.2,1.2,1.2,0.0,2.9399999999999995,1.2,1.7399999999999995,1.2474473684210525
2021-02-14,Arsenal,Leeds United,4,2,2.3,-3.3,66,1.0,25.6,51,0,0,1,0,0,1,6,2,win,1,1,0,0,0,1,0,-5.6,1,2,2021,2020,winter,1,0,0,0,230,0.6052631578947368,1.4,1.4,0.8,0.6,1.8,1.6,1.0,0.6,1.4,1.74,-0.3400000000000001,0.9502631578947367
2021-02-14,Everton,Fulham,0,2,4.1,-2.8,79,3.0,40.8,53,0,0,1,0,0,1,2,-2,loss,1,1,0,1,0,1,0,-6.8999999999999995,1,2,2021,2020,winter,1,0,0,0,231,0.6078947368421053,1.6,1.6,1.6,0.0,0.6,0.6,1.2,-0.6,1.5999999999999999,0.6,0.9999999999999999,0.6686842105263157
2021-02-14,Southampton,Wolverhampton Wanderers,1,2,4.3,-0.9,78,6.7,25.6,53,0,0,1,0,0,1,3,-1,loss,1,1,0,0,0,1,0,-5.2,1,2,2021,2020,winter,1,0,0,0,232,0.6105263157894737,0.0,0.6,3.6,-3.0,1.0,0.8,1.0,-0.2,0.18,0.94,-0.76,0.34189473684210525
2021-02-14,West Bromwich Albion,Manchester United,1,1,2.9,-3.4,80,5.8,33.6,61,0,0,1,0,0,1,2,0,draw,1,1,0,1,0,1,0,-6.3,1,2,2021,2020,winter,1,0,0,0,233,0.6131578947368421,0.2,0.8,2.6,-1.8,1.6,3.0,1.2,1.8,0.38,2.0199999999999996,-1.6399999999999997,0.7357894736842104
2021-02-15,Chelsea,Newcastle United,2,0,8.9,5.4,88,2.1,26.1,53,0,0,0,0,0,0,2,2,win,1,1,0,0,1,1,0,-3.5,1,2,2021,2020,winter,1,0,0,0,234,0.6157894736842106,2.0,1.0,0.6,0.4,1.2,1.4,1.6,-0.2,1.7,1.26,0.43999999999999995,0.9113684210526316
2021-02-15,West Ham United,Sheffield United,3,0,8.8,5.5,88,1.6,23.4,53,0,0,0,0,0,0,3,3,win,1,1,0,0,1,1,0,-3.3000000000000007,1,2,2021,2020,winter,1,0,0,0,235,0.618421052631579,2.0,1.8,1.4,0.4,1.2,1.2,1.6,-0.4,1.94,1.2,0.74,0.9709210526315789
2021-02-17,Burnley,Fulham,1,1,7.4,2.8,87,3.6,30.3,53,0,0,0,0,0,0,2,0,draw,1,1,0,1,1,1,0,-4.6000000000000005,1,2,2021,2020,winter,1,0,0,0,236,0.6210526315789474,1.4,1.4,1.4,0.0,1.2,0.8,0.8,0.0,1.4,1.08,0.31999999999999984,0.7701052631578947
2021-02-17,Everton,Manchester City,1,3,8.4,4.1,81,1.7,29.2,51,0,0,0,0,0,0,4,-2,loss,1,1,0,0,0,1,0,-4.300000000000001,1,2,2021,2020,winter,1,0,0,0,237,0.6236842105263158,1.0,1.2,1.8,-0.6,3.0,3.0,0.2,2.8,1.06,2.9999999999999996,-1.9399999999999995,1.266078947368421
2021-02-19,Wolverhampton Wanderers,Leeds United,1,0,7.8,2.3,85,2.6,37.2,51,0,0,0,0,0,0,1,1,win,1,1,0,1,1,1,0,-5.5,1,2,2021,2020,winter,1,0,0,0,238,0.6263157894736842,1.6,0.8,0.6,0.2,1.8,2.0,1.6,0.4,1.3599999999999999,1.8599999999999999,-0.5,1.0083684210526314
2021-02-20,Burnley,West Bromwich Albion,0,0,10.2,5.4,89,8.8,36.6,61,0,0,0,0,0,0,0,0,draw,1,0,0,1,1,1,0,-4.799999999999999,1,2,2021,2020,winter,1,0,0,0,239,0.6289473684210526,1.0,1.0,1.2,-0.2,0.4,0.8,2.4,-1.6,1.0,0.52,0.48,0.478
2021-02-20,Fulham,Sheffield United,1,0,12.3,8.1,70,0.5,27.8,53,0,0,0,0,0,0,1,1,win,1,0,0,0,0,1,0,-4.200000000000001,1,2,2021,2020,winter,1,0,0,0,240,0.631578947368421,1.2,1.0,1.0,0.0,1.2,1.0,1.6,-0.6,1.14,1.14,0.0,0.7199999999999999
2021-02-20,Liverpool,Everton,0,2,10.6,5.9,86,7.0,41.4,61,0,0,0,0,0,0,2,-2,loss,1,0,0,1,1,1,0,-4.699999999999999,1,2,2021,2020,winter,1,0,0,0,241,0.6342105263157894,1.2,1.6,2.0,-0.4,0.8,1.2,2.2,-1.0,1.3199999999999998,0.9199999999999999,0.3999999999999999,0.7103157894736841
2021-02-20,Southampton,Chelsea,1,1,11.9,7.4,71,1.1,32.6,51,0,0,0,0,0,0,2,0,draw,1,0,0,1,0,1,0,-4.5,1,2,2021,2020,winter,1,0,0,0,242,0.6368421052631579,0.0,0.8,3.6,-2.8,2.6,1.4,0.2,1.2,0.24,2.2399999999999998,-1.9999999999999998,0.7896842105263157
2021-02-21,Arsenal,Manchester City,0,1,10.9,8.5,82,0.5,22.2,51,0,0,0,0,0,0,1,-1,loss,1,0,0,0,0,1,0,-2.4000000000000004,1,2,2021,2020,winter,1,0,0,0,243,0.6394736842105263,1.4,1.6,1.2,0.4,3.0,2.6,0.4,2.2,1.46,2.88,-1.42,1.387657894736842
2021-02-21,Aston Villa,Leicester City,1,2,9.1,6.6,92,1.1,21.3,51,0,0,0,0,0,0,3,-1,loss,1,1,0,0,1,1,0,-2.5,1,2,2021,2020,winter,1,0,0,0,244,0.6421052631578947,1.4,1.0,1.2,-0.2,1.6,1.4,1.0,0.4,1.2799999999999998,1.5399999999999998,-0.26,0.9053684210526314
2021-02-21,Manchester United,Newcastle United,3,1,9.2,6.7,86,2.0,21.9,53,0,0,0,0,0,0,4,2,win,1,1,0,0,1,1,0,-2.499999999999999,1,2,2021,2020,winter,1,0,0,0,245,0.6447368421052632,1.2,2.8,1.2,1.6,1.2,1.4,1.6,-0.2,1.68,1.26,0.41999999999999993,0.9477631578947369
2021-02-21,West Ham United,Tottenham Hotspur,2,1,11.0,8.6,81,0.4,21.2,51,0,0,0,0,0,0,3,1,win,1,0,0,0,0,1,0,-2.4000000000000004,1,2,2021,2020,winter,1,0,0,0,246,0.6473684210526316,2.0,2.0,1.2,0.8,0.6,0.6,1.6,-1.0,2.0,0.6,1.4,0.8415789473684211
2021-02-22,Brighton,Crystal Palace,1,2,8.7,5.9,91,0.4,20.7,51,0,0,0,0,0,0,3,-1,loss,1,1,0,0,1,1,0,-2.799999999999999,1,2,2021,2020,winter,1,0,0,0,247,0.65,1.8,0.6,0.2,0.4,1.2,1.0,1.8,-0.8,1.44,1.14,0.30000000000000004,0.8385
2021-02-23,Leeds United,Southampton,3,0,9.7,5.0,72,0.3,32.0,51,0,0,0,0,0,0,3,3,win,1,1,0,1,0,1,0,-4.699999999999999,1,2,2021,2020,winter,1,0,0,0,248,0.6526315789473685,1.2,1.6,1.6,0.0,0.2,0.8,3.2,-2.4,1.3199999999999998,0.38,0.9399999999999998,0.5547368421052631
2021-02-27,Leeds United,Aston Villa,0,1,4.9,2.0,87,0.0,12.0,3,0,0,0,0,0,0,1,-1,loss,0,1,0,0,1,1,0,-2.9000000000000004,1,2,2021,2020,winter,1,0,0,0,249,0.6552631578947369,1.2,1.6,1.4,0.2,1.4,0.8,1.0,-0.2,1.3199999999999998,1.2199999999999998,0.10000000000000009,0.8321842105263157
2021-02-27,Manchester City,West Ham United,2,1,3.9,1.4,89,0.0,9.7,3,0,0,0,0,0,0,3,1,win,0,1,0,0,1,1,0,-2.5,1,2,2021,2020,winter,1,0,0,0,250,0.6578947368421053,3.0,2.6,0.4,2.2,2.0,1.8,1.0,0.8,2.88,1.94,0.94,1.585526315789474
2021-02-27,Newcastle United,Wolverhampton Wanderers,1,1,6.2,3.4,86,0.0,15.1,3,0,0,0,0,0,0,2,0,draw,0,1,0,0,1,1,0,-2.8000000000000003,1,2,2021,2020,winter,1,0,0,0,251,0.6605263157894737,1.2,1.4,1.8,-0.4,2.0,1.0,0.6,0.4,1.26,1.7,-0.43999999999999995,0.9775789473684211
2021-02-27,West Bromwich Albion,Brighton,1,0,4.0,1.2,87,0.0,11.7,3,0,0,0,0,0,0,1,1,win,0,1,0,0,1,1,0,-2.8,1,2,2021,2020,winter,1,0,0,0,252,0.6631578947368421,0.6,0.8,1.4,-0.6,1.6,0.8,0.6,0.2,0.6599999999999999,1.3599999999999999,-0.7,0.6697894736842104
2021-02-28,Chelsea,Manchester United,0,0,4.7,1.5,90,0.0,16.8,3,0,0,0,0,0,0,0,0,draw,0,1,0,0,1,1,0,-3.2,1,2,2021,2020,winter,1,0,0,0,253,0.6657894736842105,2.6,1.6,0.4,1.2,1.8,3.2,1.0,2.2,2.3,2.2199999999999998,0.08000000000000007,1.5046842105263156
2021-02-28,Crystal Palace,Fulham,0,0,4.8,1.5,91,0.0,16.9,3,0,0,0,0,0,0,0,0,draw,0,1,0,0,1,1,0,-3.3,1,2,2021,2020,winter,1,0,0,0,254,0.6684210526315789,1.8,1.0,1.4,-0.4,1.6,0.8,0.6,0.2,1.56,1.3599999999999999,0.20000000000000018,0.9758947368421051
2021-02-28,Leicester City,Arsenal,1,3,4.0,1.1,88,0.0,10.5,3,0,0,0,0,0,0,4,-2,loss,0,1,0,0,1,1,0,-2.9,1,2,2021,2020,winter,1,0,0,0,255,0.6710526315789473,2.0,1.6,1.0,0.6,0.8,1.0,1.2,-0.2,1.88,0.8599999999999999,1.02,0.9193421052631577
2021-02-28,Sheffield United,Liverpool,0,2,5.3,2.8,84,0.0,9.7,3,0,0,0,0,0,0,2,-2,loss,0,1,0,0,0,1,0,-2.5,1,2,2021,2020,winter,1,0,0,0,256,0.6736842105263158,0.6,0.6,1.6,-1.0,0.6,1.0,2.2,-1.2,0.6,0.72,-0.12,0.4446315789473684
2021-02-28,Tottenham Hotspur,Burnley,4,0,4.9,1.8,89,0.0,14.2,3,0,0,0,0,0,0,4,4,win,0,1,0,0,1,1,0,-3.1000000000000005,1,2,2021,2020,winter,1,0,0,0,257,0.6763157894736842,0.6,0.6,1.4,-0.8,1.2,1.0,0.8,0.2,0.6,1.14,-0.5399999999999999,0.5883947368421052
2021-03-01,Everton,Southampton,1,0,3.9,0.6,88,0.0,15.3,2,0,0,0,0,0,0,1,1,win,0,1,0,0,1,1,0,-3.3,1,3,2021,2020,spring,0,1,0,0,258,0.6789473684210526,1.4,1.6,1.8,-0.2,0.2,0.8,3.6,-2.8,1.46,0.38,1.08,0.6246315789473684
2021-03-02,Manchester City,Wolverhampton Wanderers,4,1,3.2,0.1,85,0.0,9.1,3,0,0,0,0,0,0,5,3,win,0,1,0,0,1,1,0,-3.1,1,3,2021,2020,spring,0,1,0,0,259,0.6815789473684211,3.0,2.6,0.6,2.0,2.2,1.2,0.6,0.6,2.88,1.9,0.98,1.628973684210526
2021-03-03,Burnley,Leicester City,1,1,2.3,-0.8,93,0.5,12.0,51,0,0,1,0,0,1,2,0,draw,1,1,0,0,1,1,0,-3.0999999999999996,1,3,2021,2020,spring,0,1,0,0,260,0.6842105263157895,1.2,1.0,1.2,-0.2,2.0,1.6,1.0,0.6,1.14,1.88,-0.74,1.033157894736842
2021-03-03,Crystal Palace,Manchester United,0,0,6.2,4.0,94,4.4,10.5,55,0,0,0,0,0,0,0,0,draw,1,1,0,0,1,1,0,-2.2,1,3,2021,2020,spring,0,1,0,0,261,0.6868421052631579,1.4,0.8,1.4,-0.6,1.8,3.2,1.0,2.2,1.2199999999999998,2.2199999999999998,-1.0,1.1813684210526314
2021-03-03,Sheffield United,Aston Villa,1,0,3.0,0.4,92,0.1,10.3,51,0,0,0,0,0,0,1,1,win,1,1,0,0,1,1,0,-2.6,1,3,2021,2020,spring,0,1,0,0,262,0.6894736842105263,0.6,0.6,1.8,-1.2,1.4,0.8,1.0,-0.2,0.6,1.2199999999999998,-0.6199999999999998,0.6274210526315789
2021-03-04,Fulham,Tottenham Hotspur,0,1,5.1,1.5,85,1.4,17.8,51,0,0,0,0,0,0,1,-1,loss,1,1,0,0,1,1,0,-3.5999999999999996,1,3,2021,2020,spring,0,1,0,0,263,0.6921052631578948,1.8,0.8,0.2,0.6,1.2,1.4,1.2,0.2,1.5,1.26,0.24,0.9551052631578947
2021-03-04,Liverpool,Chelsea,0,1,4.4,1.0,78,0.1,16.9,51,0,0,0,0,0,0,1,-1,loss,1,1,0,0,0,1,0,-3.4000000000000004,1,3,2021,2020,spring,0,1,0,0,264,0.6947368421052632,0.6,0.8,2.0,-1.2,2.2,1.2,0.4,0.8,0.6599999999999999,1.9,-1.24,0.8892631578947368
2021-03-04,West Bromwich Albion,Everton,0,1,3.5,-0.5,84,0.7,17.8,53,0,0,1,0,0,1,1,-1,loss,1,1,0,0,0,1,0,-4.0,1,3,2021,2020,spring,0,1,0,0,265,0.6973684210526315,1.0,0.6,1.0,-0.4,1.4,1.4,1.6,-0.2,0.8799999999999999,1.4,-0.52,0.7949999999999998
2021-03-06,Aston Villa,Wolverhampton Wanderers,0,0,1.1,-2.4,77,0.0,9.4,3,0,0,1,0,0,1,0,0,draw,0,1,0,0,0,1,0,-3.5,1,3,2021,2020,spring,0,1,0,0,266,0.7,1.4,0.6,0.6,0.0,1.6,1.0,1.2,-0.2,1.16,1.42,-0.26,0.9029999999999999
2021-03-06,Brighton,Leicester City,1,2,2.9,-1.3,74,0.0,16.0,3,0,0,1,0,0,1,3,-1,loss,0,1,0,0,0,1,0,-4.2,1,3,2021,2020,spring,0,1,0,0,267,0.7026315789473684,1.0,0.6,0.8,-0.2,1.6,1.4,1.2,0.2,0.8799999999999999,1.5399999999999998,-0.6599999999999999,0.8501842105263158
2021-03-06,Burnley,Arsenal,1,1,2.2,-1.0,77,0.0,7.6,3,0,0,1,0,0,1,2,0,draw,0,1,0,0,0,1,0,-3.2,1,3,2021,2020,spring,0,1,0,0,268,0.7052631578947368,1.2,1.0,1.2,-0.2,1.2,1.6,1.4,0.2,1.14,1.3199999999999998,-0.17999999999999994,0.8674736842105263
2021-03-06,Sheffield United,Southampton,0,2,2.4,-0.7,70,0.0,6.7,3,0,0,1,0,0,1,2,-2,loss,0,1,0,0,0,1,0,-3.0999999999999996,1,3,2021,2020,spring,0,1,0,0,269,0.7078947368421052,0.6,0.4,1.6,-1.2,0.2,0.8,2.0,-1.2,0.54,0.38,0.16000000000000003,0.32563157894736844
2021-03-07,Liverpool,Fulham,0,1,3.1,-0.2,85,0.0,14.0,3,0,0,1,0,0,1,1,-1,loss,0,1,0,0,1,1,0,-3.3000000000000003,1,3,2021,2020,spring,0,1,0,0,270,0.7105263157894737,0.6,0.8,2.0,-1.2,1.6,0.8,0.4,0.4,0.6599999999999999,1.3599999999999999,-0.7,0.7176315789473683
2021-03-07,Manchester City,Manchester United,0,2,2.1,-1.0,82,0.0,11.2,3,0,0,1,0,0,1,2,-2,loss,0,1,0,0,0,1,0,-3.1,1,3,2021,2020,spring,0,1,0,0,271,0.7131578947368421,3.0,2.6,0.6,2.0,1.4,1.4,1.0,0.4,2.88,1.4,1.48,1.526157894736842
2021-03-07,Tottenham Hotspur,Crystal Palace,4,1,2.4,-0.8,76,0.0,8.6,3,0,0,1,0,0,1,5,3,win,0,1,0,0,0,1,0,-3.2,1,3,2021,2020,spring,0,1,0,0,272,0.7157894736842105,1.8,1.6,1.0,0.6,1.0,0.4,1.2,-0.8,1.74,0.82,0.92,0.9162105263157895
2021-03-07,West Bromwich Albion,Newcastle United,0,0,1.3,-2.2,77,0.0,8.9,3,0,0,1,0,0,1,0,0,draw,0,1,0,0,0,1,0,-3.5,1,3,2021,2020,spring,0,1,0,0,273,0.718421052631579,1.0,0.4,0.8,-0.4,0.8,1.2,2.0,-0.8,0.82,0.9199999999999999,-0.09999999999999998,0.6250263157894737
2021-03-08,Chelsea,Everton,2,0,3.6,0.6,83,0.1,9.8,51,0,0,0,0,0,0,2,2,win,1,1,0,0,0,1,0,-3.0,1,3,2021,2020,spring,0,1,0,0,274,0.7210526315789474,2.2,1.2,0.4,0.8,1.8,1.0,1.0,0.0,1.9,1.56,0.33999999999999986,1.247421052631579
2021-03-08,West Ham United,Leeds United,2,0,4.0,0.9,81,0.2,10.9,51,0,0,0,0,0,0,2,2,win,1,1,0,0,0,1,0,-3.1,1,3,2021,2020,spring,0,1,0,0,275,0.7236842105263158,2.0,1.8,0.8,1.0,1.2,1.4,1.2,0.2,1.94,1.26,0.6799999999999999,1.1578947368421053
2021-03-10,Manchester City,Southampton,5,2,8.5,3.3,87,14.8,36.0,61,1,0,0,0,0,1,7,3,win,1,1,0,1,1,1,0,-5.2,1,3,2021,2020,spring,0,1,0,0,276,0.7263157894736842,2.4,2.0,1.0,1.0,0.8,0.8,1.4,-0.6,2.28,0.7999999999999999,1.48,1.1185263157894736
2021-03-12,Newcastle United,Aston Villa,1,1,5.3,-0.4,72,0.2,37.0,51,0,0,1,0,0,1,2,0,draw,1,1,0,1,0,1,0,-5.7,1,3,2021,2020,spring,0,1,0,0,277,0.7289473684210527,1.0,1.0,1.6,-0.6,1.0,0.4,0.6,-0.2,1.0,0.82,0.18000000000000005,0.6633421052631578
2021-03-13,Crystal Palace,West Bromwich Albion,1,0,6.3,-0.0,70,4.8,39.6,61,0,0,1,0,0,1,1,1,win,1,1,0,1,0,1,0,-6.3,1,3,2021,2020,spring,0,1,0,0,278,0.7315789473684211,1.0,0.6,1.6,-1.0,1.2,0.4,0.4,0.0,0.8799999999999999,0.96,-0.08000000000000007,0.6730526315789473
2021-03-13,Everton,Burnley,1,2,5.4,-1.6,80,10.0,44.8,71,1,0,1,0,0,1,3,-1,loss,1,1,0,1,0,1,0,-7.0,1,3,2021,2020,spring,0,1,0,0,279,0.7342105263157894,1.8,1.0,1.0,0.0,0.8,0.6,1.4,-0.8,1.56,0.74,0.8200000000000001,0.8443421052631578
2021-03-13,Fulham,Manchester City,0,3,6.5,0.1,69,5.3,41.4,63,0,0,0,0,0,0,3,-3,loss,1,1,0,1,0,1,0,-6.4,1,3,2021,2020,spring,0,1,0,0,280,0.7368421052631579,1.6,0.6,0.4,0.2,2.4,2.4,1.2,1.2,1.2999999999999998,2.4,-1.1,1.363157894736842
2021-03-13,Leeds United,Chelsea,0,0,4.9,-1.2,81,4.3,42.6,61,0,0,1,0,0,1,0,0,draw,1,1,0,1,0,1,0,-6.1000000000000005,1,3,2021,2020,spring,0,1,0,0,281,0.7394736842105263,0.6,1.0,1.6,-0.6,2.2,1.2,0.2,1.0,0.72,1.9,-1.18,0.9687105263157895
2021-03-14,Arsenal,Tottenham Hotspur,2,1,7.1,2.0,74,1.1,29.0,51,0,0,0,0,0,0,3,1,win,1,1,0,0,0,1,0,-5.1,1,3,2021,2020,spring,0,1,0,0,282,0.7421052631578947,1.4,1.6,1.2,0.4,1.8,2.0,1.2,0.8,1.46,1.8599999999999999,-0.3999999999999999,1.2318947368421052
2021-03-14,Leicester City,Sheffield United,5,0,6.4,1.1,82,2.1,31.2,53,0,0,0,0,0,0,5,5,win,1,1,0,1,0,1,0,-5.300000000000001,1,3,2021,2020,spring,0,1,0,0,283,0.7447368421052631,2.0,1.8,1.4,0.4,0.6,0.2,1.6,-1.4,1.94,0.48,1.46,0.9011315789473684
2021-03-14,Manchester United,West Ham United,1,0,6.6,1.9,86,8.8,31.0,63,0,0,0,0,0,0,1,1,win,1,1,0,1,1,1,0,-4.699999999999999,1,3,2021,2020,spring,0,1,0,0,284,0.7473684210526316,1.8,1.2,0.4,0.8,2.0,1.6,0.6,1.0,1.62,1.88,-0.2599999999999998,1.3078947368421052
2021-03-14,Southampton,Brighton,1,2,7.4,2.5,73,0.7,26.9,51,0,0,0,0,0,0,3,-1,loss,1,1,0,0,0,1,0,-4.9,1,3,2021,2020,spring,0,1,0,0,285,0.75,0.8,1.0,2.0,-1.0,0.4,0.6,1.2,-0.6,0.8599999999999999,0.45999999999999996,0.3999999999999999,0.49499999999999994
2021-03-15,Wolverhampton Wanderers,Liverpool,0,1,7.4,3.2,81,0.4,28.3,51,0,0,0,0,0,0,1,-1,loss,1,1,0,0,0,1,0,-4.2,1,3,2021,2020,spring,0,1,0,0,286,0.7526315789473684,1.6,1.0,1.2,-0.2,0.6,0.6,1.4,-0.8,1.42,0.6,0.82,0.7601578947368421
2021-03-19,Fulham,Leeds United,1,2,7.1,3.4,78,0.2,20.9,51,0,0,0,0,0,0,3,-1,loss,1,1,0,0,0,1,0,-3.6999999999999997,1,3,2021,2020,spring,0,1,0,0,287,0.7552631578947369,1.4,0.4,0.8,-0.4,0.8,0.6,0.8,-0.2,1.0999999999999999,0.74,0.3599999999999999,0.6948421052631578
2021-03-20,Brighton,Newcastle United,3,0,5.3,2.4,87,0.0,11.7,3,0,0,0,0,0,0,3,3,win,0,1,0,0,1,1,0,-2.9,1,3,2021,2020,spring,0,1,0,0,288,0.7578947368421053,0.8,0.8,1.2,-0.4,0.6,0.6,1.4,-0.8,0.7999999999999999,0.6,0.19999999999999996,0.5305263157894736
2021-03-21,Aston Villa,Tottenham Hotspur,0,2,6.9,4.3,83,0.0,18.1,3,0,0,0,0,0,0,2,-2,loss,0,1,0,0,0,1,0,-2.6000000000000005,1,3,2021,2020,spring,0,1,0,0,289,0.7605263157894737,1.0,0.6,0.8,-0.2,1.8,2.2,1.0,1.2,0.8799999999999999,1.92,-1.04,1.0647368421052632
2021-03-21,West Ham United,Arsenal,3,3,8.1,5.0,76,0.1,17.7,51,0,0,0,0,0,0,6,0,draw,1,1,0,0,0,1,0,-3.0999999999999996,1,3,2021,2020,spring,0,1,0,0,290,0.7631578947368421,1.8,1.6,0.8,0.8,2.0,2.0,1.2,0.8,1.74,2.0,-0.26,1.4271052631578949
2021-04-03,Arsenal,Liverpool,0,3,6.6,2.3,69,0.0,22.2,3,0,0,0,0,0,0,3,-3,loss,0,1,0,0,0,1,0,-4.3,1,4,2021,2020,spring,0,1,0,0,291,0.7657894736842106,1.6,1.8,1.4,0.4,1.2,0.6,0.8,-0.2,1.66,1.02,0.6399999999999999,1.0261578947368422
2021-04-03,Chelsea,West Bromwich Albion,2,5,6.8,2.5,69,0.0,22.9,3,0,0,0,0,0,0,7,-3,loss,0,1,0,0,0,1,0,-4.3,1,4,2021,2020,spring,0,1,0,0,292,0.7684210526315789,1.8,0.8,0.2,0.6,1.0,0.2,0.4,-0.2,1.5,0.76,0.74,0.868315789473684
2021-04-03,Leeds United,Sheffield United,2,1,6.1,2.6,73,0.0,17.8,3,0,0,0,0,0,0,3,1,win,0,1,0,0,0,1,0,-3.4999999999999996,1,4,2021,2020,spring,0,1,0,0,293,0.7710526315789473,1.4,1.0,0.8,0.2,0.6,0.2,2.0,-1.8,1.2799999999999998,0.48,0.7999999999999998,0.6785263157894735
2021-04-03,Leicester City,Manchester City,0,2,5.6,1.6,74,0.0,22.1,3,0,0,0,0,0,0,2,-2,loss,0,1,0,0,0,1,0,-3.9999999999999996,1,4,2021,2020,spring,0,1,0,0,294,0.7736842105263158,2.0,2.2,1.2,1.0,2.4,2.8,1.2,1.6,2.06,2.52,-0.45999999999999996,1.771736842105263
2021-04-04,Aston Villa,Fulham,3,1,6.8,3.3,76,0.0,22.7,3,0,0,0,0,0,0,4,2,win,0,1,0,0,0,1,0,-3.5,1,4,2021,2020,spring,0,1,0,0,295,0.7763157894736842,1.0,0.4,0.8,-0.4,0.8,0.4,1.2,-0.8,0.82,0.6799999999999999,0.14,0.5822368421052632
2021-04-04,Manchester United,Brighton,2,1,6.3,2.7,83,0.0,25.7,3,0,0,0,0,0,0,3,1,win,0,1,0,0,0,1,0,-3.5999999999999996,1,4,2021,2020,spring,0,1,0,0,296,0.7789473684210526,2.2,1.2,0.2,1.0,1.2,1.4,1.2,0.2,1.9,1.26,0.6399999999999999,1.2307368421052631
2021-04-04,Newcastle United,Tottenham Hotspur,2,2,7.9,2.5,73,0.1,37.6,51,0,0,0,0,0,0,4,0,draw,1,1,0,1,0,1,0,-5.4,1,4,2021,2020,spring,0,1,0,0,297,0.781578947368421,0.6,0.6,1.6,-1.0,2.4,2.4,0.6,1.8,0.6,2.4,-1.7999999999999998,1.1723684210526315
2021-04-04,Southampton,Burnley,3,2,7.0,4.1,75,0.0,14.6,3,0,0,0,0,0,0,5,1,win,0,1,0,0,0,1,0,-2.9000000000000004,1,4,2021,2020,spring,0,1,0,0,298,0.7842105263157895,0.6,1.0,2.2,-1.2,1.2,0.8,1.4,-0.6,0.72,1.08,-0.3600000000000001,0.7057894736842105
2021-04-05,Everton,Crystal Palace,1,1,4.7,-2.1,55,0.5,39.2,51,0,0,1,0,0,1,2,0,draw,1,1,0,1,0,1,0,-6.800000000000001,1,4,2021,2020,spring,0,1,0,0,299,0.7868421052631579,1.8,1.0,0.8,0.2,1.6,0.8,1.0,-0.2,1.56,1.3599999999999999,0.20000000000000018,1.1487894736842106
2021-04-05,Wolverhampton Wanderers,West Ham United,2,3,4.1,-1.8,59,0.6,29.9,51,0,0,1,0,0,1,5,-1,loss,1,1,0,0,0,1,0,-5.8999999999999995,1,4,2021,2020,spring,0,1,0,0,300,0.7894736842105263,1.0,0.6,1.2,-0.6,1.4,1.6,1.4,0.2,0.8799999999999999,1.46,-0.5800000000000001,0.9236842105263158
2021-04-09,Fulham,Wolverhampton Wanderers,0,1,7.9,4.7,76,0.7,16.7,51,0,0,0,0,0,0,1,-1,loss,1,1,0,0,0,1,0,-3.2,1,4,2021,2020,spring,0,1,0,0,301,0.7921052631578948,0.6,0.6,1.8,-1.2,0.4,0.8,1.8,-1.0,0.6,0.52,0.07999999999999996,0.44357894736842113
2021-04-10,Crystal Palace,Chelsea,1,4,5.8,1.7,76,0.1,21.9,51,0,0,0,0,0,0,5,-3,loss,1,1,0,0,0,1,0,-4.1,1,4,2021,2020,spring,0,1,0,0,302,0.7947368421052632,1.2,0.6,1.0,-0.4,1.6,1.0,1.0,0.0,1.02,1.42,-0.3999999999999999,0.9695789473684211
2021-04-10,Liverpool,Aston Villa,2,1,3.6,-0.1,68,0.3,17.7,51,0,0,1,0,0,1,3,1,win,1,1,0,0,0,1,0,-3.7,1,4,2021,2020,spring,0,1,0,0,303,0.7973684210526316,1.8,1.2,0.4,0.8,1.0,0.8,1.0,-0.2,1.62,0.94,0.6800000000000002,1.0206315789473686
2021-04-10,Manchester City,Leeds United,1,2,2.9,-0.1,81,3.1,10.6,55,0,0,1,0,0,1,3,-1,loss,1,1,0,0,0,1,0,-3.0,1,4,2021,2020,spring,0,1,0,0,304,0.8,2.4,2.8,1.0,1.8,1.4,0.8,1.0,-0.2,2.52,1.2199999999999998,1.3000000000000003,1.496
2021-04-11,Burnley,Newcastle United,1,2,1.5,-2.2,76,0.2,15.9,71,0,0,1,0,0,1,3,-1,loss,1,1,0,0,0,1,0,-3.7,1,4,2021,2020,spring,0,1,0,0,305,0.8026315789473685,1.0,1.2,2.0,-0.8,0.8,0.8,1.4,-0.6,1.06,0.7999999999999999,0.2600000000000001,0.7464473684210526
2021-04-11,Sheffield United,Arsenal,0,3,2.4,-1.7,75,2.9,20.8,75,0,0,1,0,1,1,3,-3,loss,1,1,0,0,0,1,0,-4.1,1,4,2021,2020,spring,0,1,0,0,306,0.8052631578947368,0.6,0.4,2.2,-1.8,1.6,1.8,1.8,0.0,0.54,1.66,-1.1199999999999999,0.8857894736842106
2021-04-11,Tottenham Hotspur,Manchester United,1,3,3.6,-0.6,72,0.4,19.4,51,0,0,1,0,0,1,4,-2,loss,1,1,0,0,0,1,0,-4.2,1,4,2021,2020,spring,0,1,0,0,307,0.8078947368421052,2.0,2.0,1.0,1.0,2.2,1.0,0.2,0.8,2.0,1.84,0.15999999999999992,1.551157894736842
2021-04-11,West Ham United,Leicester City,3,2,3.9,-0.3,71,0.2,18.5,51,0,0,1,0,0,1,5,1,win,1,1,0,0,0,1,0,-4.2,1,4,2021,2020,spring,0,1,0,0,308,0.8105263157894737,1.4,1.8,1.6,0.2,1.4,1.8,1.4,0.4,1.52,1.52,0.0,1.232
2021-04-12,Brighton,Everton,0,0,3.2,-0.1,75,1.1,13.3,71,0,0,1,0,0,1,0,0,draw,1,1,0,0,0,1,0,-3.3000000000000003,1,4,2021,2020,spring,0,1,0,0,309,0.8131578947368421,1.2,1.4,1.2,0.2,1.4,0.8,1.0,-0.2,1.26,1.2199999999999998,0.04000000000000026,1.008315789473684
2021-04-12,West Bromwich Albion,Southampton,3,0,3.2,-0.5,70,2.3,13.0,73,0,0,1,0,0,1,3,3,win,1,1,0,0,0,1,0,-3.7,1,4,2021,2020,spring,0,1,0,0,310,0.8157894736842105,1.4,1.2,0.8,0.4,1.2,1.6,2.0,-0.4,1.3399999999999999,1.3199999999999998,0.020000000000000018,1.085
2021-04-16,Everton,Tottenham Hotspur,2,2,6.7,3.9,70,0.0,12.3,3,0,0,0,0,0,0,4,0,draw,0,1,0,0,0,1,0,-2.8000000000000003,1,4,2021,2020,spring,0,1,0,0,311,0.8184210526315789,1.0,0.6,1.0,-0.4,1.4,2.0,1.6,0.4,0.8799999999999999,1.5799999999999998,-0.7,1.006657894736842
2021-04-17,Newcastle United,West Ham United,3,2,6.7,3.8,74,0.0,14.0,3,0,0,0,0,0,0,5,1,win,0,1,0,0,0,1,0,-2.9000000000000004,1,4,2021,2020,spring,0,1,0,0,312,0.8210526315789474,1.2,1.0,1.4,-0.4,2.0,2.2,1.6,0.6,1.14,2.06,-0.9200000000000002,1.3136842105263158
2021-04-17,Wolverhampton Wanderers,Sheffield United,1,0,6.5,3.8,65,0.0,9.3,3,0,0,0,0,0,0,1,1,win,0,1,0,0,0,1,0,-2.7,1,4,2021,2020,spring,0,1,0,0,313,0.8236842105263158,0.8,0.8,1.6,-0.8,0.6,0.4,2.4,-2.0,0.7999999999999999,0.54,0.2599999999999999,0.5518684210526316
2021-04-18,Arsenal,Fulham,1,1,7.4,4.7,63,0.0,10.5,3,0,0,0,0,0,0,2,0,draw,0,1,0,0,0,1,0,-2.7,1,4,2021,2020,spring,0,1,0,0,314,0.8263157894736842,1.6,1.8,1.6,0.2,0.6,0.6,1.8,-1.2,1.66,0.6,1.06,0.9337368421052631
2021-04-18,Manchester United,Burnley,3,1,8.7,6.2,64,0.0,10.3,3,0,0,0,0,0,0,4,2,win,0,1,0,0,0,1,0,-2.499999999999999,1,4,2021,2020,spring,0,1,0,0,315,0.8289473684210527,2.6,1.6,0.4,1.2,1.0,1.4,1.6,-0.2,2.3,1.1199999999999999,1.18,1.4175
2021-04-19,Leeds United,Liverpool,1,1,8.1,5.6,69,0.0,12.3,3,0,0,0,0,0,0,2,0,draw,0,1,0,0,0,1,0,-2.5,1,4,2021,2020,spring,0,1,0,0,316,0.8315789473684211,2.0,1.2,1.0,0.2,1.8,1.2,0.6,0.6,1.7599999999999998,1.62,0.13999999999999968,1.4053684210526316
2021-04-20,Chelsea,Brighton,0,0,9.3,7.1,77,0.0,11.6,3,0,0,0,0,0,0,0,0,draw,0,1,0,0,0,1,0,-2.200000000000001,1,4,2021,2020,spring,0,1,0,0,317,0.8342105263157895,2.0,1.8,1.2,0.6,1.4,1.4,1.0,0.4,1.94,1.4,0.54,1.3931315789473684
2021-04-21,Aston Villa,Manchester City,1,2,8.2,4.5,74,0.1,23.2,51,0,0,0,0,0,0,3,-1,loss,1,1,0,0,0,1,0,-3.6999999999999993,1,4,2021,2020,spring,0,1,0,0,318,0.8368421052631579,1.0,1.0,1.2,-0.2,1.8,2.2,1.2,1.0,1.0,1.92,-0.9199999999999999,1.2217894736842105
2021-04-21,Tottenham Hotspur,Southampton,2,1,8.9,5.5,73,0.3,21.8,51,0,0,0,0,0,0,3,1,win,1,1,0,0,0,1,0,-3.4000000000000004,1,4,2021,2020,spring,0,1,0,0,319,0.8394736842105263,1.0,1.6,1.8,-0.2,1.2,1.6,2.4,-0.8,1.18,1.3199999999999998,-0.1399999999999999,1.0493421052631577
2021-04-22,Leicester City,West Bromwich Albion,3,0,6.6,3.4,64,0.0,11.4,2,0,0,0,0,0,0,3,3,win,0,1,0,0,0,1,0,-3.1999999999999997,1,4,2021,2020,spring,0,1,0,0,320,0.8421052631578947,1.4,2.0,1.4,0.6,1.4,1.6,0.8,0.8,1.5799999999999998,1.46,0.11999999999999988,1.28
2021-04-23,Arsenal,Everton,0,1,7.8,4.0,67,0.0,19.1,3,0,0,0,0,0,0,1,-1,loss,0,1,0,0,0,1,0,-3.8,1,4,2021,2020,spring,0,1,0,0,321,0.8447368421052631,1.6,1.8,1.6,0.2,0.6,0.8,1.4,-0.6,1.66,0.6599999999999999,1.0,0.9798947368421052
2021-04-24,Liverpool,Newcastle United,1,1,10.9,7.1,53,0.0,20.3,3,0,0,0,0,0,0,2,0,draw,0,0,0,0,0,1,0,-3.8000000000000007,1,4,2021,2020,spring,0,1,0,0,322,0.8473684210526315,2.0,1.4,0.6,0.8,1.6,1.6,1.8,-0.2,1.8199999999999998,1.5999999999999999,0.21999999999999997,1.4489999999999998
2021-04-24,Sheffield United,Brighton,1,0,9.2,6.0,61,0.0,19.6,3,0,0,0,0,0,0,1,1,win,0,1,0,0,0,1,0,-3.1999999999999993,1,4,2021,2020,spring,0,1,0,0,323,0.85,0.0,0.2,2.6,-2.4,1.6,1.2,0.6,0.6,0.06,1.48,-1.42,0.6545
2021-04-24,West Ham United,Chelsea,0,1,9.1,5.5,66,0.0,20.2,3,0,0,0,0,0,0,1,-1,loss,0,1,0,0,0,1,0,-3.5999999999999996,1,4,2021,2020,spring,0,1,0,0,324,0.8526315789473684,1.4,2.2,2.2,0.0,1.6,1.6,1.2,0.4,1.64,1.5999999999999999,0.040000000000000036,1.3812631578947367
2021-04-25,Aston Villa,West Bromwich Albion,2,2,7.4,3.2,69,0.0,21.2,3,0,0,0,0,0,0,4,0,draw,0,1,0,0,0,1,0,-4.2,1,4,2021,2020,spring,0,1,0,0,325,0.8552631578947368,0.8,1.2,1.6,-0.4,1.4,1.6,1.2,0.4,0.9199999999999999,1.46,-0.54,1.0177631578947368
2021-04-25,Leeds United,Manchester United,0,0,8.0,4.7,68,0.0,15.6,3,0,0,0,0,0,0,0,0,draw,0,1,0,0,0,1,0,-3.3,1,4,2021,2020,spring,0,1,0,0,326,0.8578947368421053,2.2,1.4,0.8,0.6,3.0,2.2,0.6,1.6,1.96,2.76,-0.7999999999999998,2.024631578947368
2021-04-25,Wolverhampton Wanderers,Burnley,0,4,7.8,3.8,68,0.0,19.2,3,0,0,0,0,0,0,4,-4,loss,0,1,0,0,0,1,0,-4.0,1,4,2021,2020,spring,0,1,0,0,327,0.8605263157894737,1.4,0.8,0.8,0.0,0.8,1.4,2.0,-0.6,1.2199999999999998,0.98,0.23999999999999977,0.946578947368421
2021-04-26,Leicester City,Crystal Palace,2,1,6.9,3.4,65,0.0,14.3,3,0,0,0,0,0,0,3,1,win,0,1,0,0,0,1,0,-3.5000000000000004,1,4,2021,2020,spring,0,1,0,0,328,0.8631578947368421,1.8,2.4,1.2,1.2,1.0,0.8,1.8,-1.0,1.98,0.94,1.04,1.2602105263157894
2021-04-30,Southampton,Leicester City,1,1,6.2,3.4,77,4.1,11.7,61,0,0,0,0,0,0,2,0,draw,1,1,0,0,0,1,0,-2.8000000000000003,1,4,2021,2020,spring,0,1,0,0,329,0.8657894736842106,0.6,1.4,2.8,-1.4,1.8,2.4,1.2,1.2,0.84,1.98,-1.1400000000000001,1.2207631578947369
2021-05-01,Brighton,Leeds United,2,0,6.3,4.0,81,5.7,11.2,61,0,0,0,0,0,0,2,2,win,1,1,0,0,0,1,0,-2.3,1,5,2021,2020,spring,0,1,0,0,330,0.868421052631579,1.0,0.8,0.6,0.2,2.2,1.4,0.8,0.6,0.94,1.96,-1.02,1.2592105263157896
2021-05-01,Chelsea,Fulham,2,0,7.0,3.8,71,0.6,16.4,51,0,0,0,0,0,0,2,2,win,1,1,0,0,0,1,0,-3.2,1,5,2021,2020,spring,0,1,0,0,331,0.8710526315789474,1.6,1.4,1.2,0.2,0.2,0.6,2.0,-1.4,1.5399999999999998,0.31999999999999995,1.2199999999999998,0.810078947368421
2021-05-01,Crystal Palace,Manchester City,0,2,6.8,3.8,72,0.5,17.2,51,0,0,0,0,0,0,2,-2,loss,1,1,0,0,0,1,0,-3.0,1,5,2021,2020,spring,0,1,0,0,332,0.8736842105263158,0.8,1.0,2.2,-1.2,2.4,2.6,1.0,1.6,0.8599999999999999,2.46,-1.6,1.4503157894736842
2021-05-01,Everton,Aston Villa,1,2,6.2,3.2,73,0.5,15.0,51,0,0,0,0,0,0,3,-1,loss,1,1,0,0,0,1,0,-3.0,1,5,2021,2020,spring,0,1,0,0,333,0.8763157894736842,1.2,1.0,1.0,0.0,0.8,1.4,1.8,-0.4,1.14,0.98,0.15999999999999992,0.9288947368421052
2021-05-02,Newcastle United,Arsenal,0,2,6.7,3.6,76,1.7,17.8,53,0,0,0,0,0,0,2,-2,loss,1,1,0,0,0,1,0,-3.1,1,5,2021,2020,spring,0,1,0,0,334,0.8789473684210526,1.6,1.6,1.8,-0.2,1.0,1.4,1.6,-0.2,1.5999999999999999,1.1199999999999999,0.48,1.1953684210526314
2021-05-02,Tottenham Hotspur,Sheffield United,4,0,7.6,5.0,71,0.2,14.9,51,0,0,0,0,0,0,4,4,win,1,1,0,0,0,1,0,-2.5999999999999996,1,5,2021,2020,spring,0,1,0,0,335,0.881578947368421,1.6,1.8,1.6,0.2,0.6,0.4,2.2,-1.8,1.66,0.54,1.1199999999999999,0.9697368421052632
2021-05-03,Burnley,West Ham United,1,2,6.3,2.1,91,26.8,39.3,63,1,0,0,0,0,1,3,-1,loss,1,1,0,1,1,1,0,-4.199999999999999,1,5,2021,2020,spring,0,1,0,0,336,0.8842105263157894,1.2,2.0,1.8,0.2,1.4,2.2,2.2,0.0,1.44,1.64,-0.19999999999999996,1.3616842105263158
2021-05-03,West Bromwich Albion,Wolverhampton Wanderers,1,1,7.0,2.0,87,13.4,42.3,63,1,0,0,0,0,1,2,0,draw,1,1,0,1,1,1,0,-5.0,1,5,2021,2020,spring,0,1,0,0,337,0.8868421052631579,1.4,2.0,1.6,0.4,1.2,0.8,1.6,-0.8,1.5799999999999998,1.08,0.4999999999999998,1.1795
2021-05-07,Leicester City,Newcastle United,2,4,7.2,3.4,68,0.1,17.9,51,0,0,0,0,0,0,6,-2,loss,1,1,0,0,0,1,0,-3.8000000000000003,1,5,2021,2020,spring,0,1,0,0,338,0.8894736842105263,1.4,1.6,1.4,0.2,1.6,1.6,1.6,0.0,1.46,1.5999999999999999,-0.1399999999999999,1.3608947368421052
2021-05-08,Leeds United,Tottenham Hotspur,3,1,8.5,5.6,87,16.0,22.9,63,1,0,0,0,0,1,4,2,win,1,1,0,0,1,1,0,-2.9000000000000004,1,5,2021,2020,spring,0,1,0,0,339,0.8921052631578947,1.6,1.0,1.0,0.0,1.6,2.2,1.6,0.6,1.42,1.7799999999999998,-0.3599999999999999,1.4273684210526314
2021-05-08,Liverpool,Southampton,2,0,9.9,6.1,81,15.7,31.2,63,1,0,0,0,0,1,2,2,win,1,1,0,1,0,1,0,-3.8000000000000007,1,5,2021,2020,spring,0,1,0,0,340,0.8947368421052632,2.2,1.6,0.6,1.0,0.8,1.2,2.0,-0.8,2.02,0.9199999999999999,1.1,1.315263157894737
2021-05-08,Manchester City,Chelsea,1,2,9.8,6.4,83,17.2,29.3,63,1,0,0,0,0,1,3,-1,loss,1,1,0,0,0,1,0,-3.4000000000000004,1,5,2021,2020,spring,0,1,0,0,341,0.8973684210526316,2.4,2.0,0.6,1.4,2.0,1.8,1.2,0.6,2.28,1.94,0.33999999999999986,1.8934473684210527
2021-05-08,Sheffield United,Crystal Palace,0,2,9.2,6.0,87,17.9,26.0,63,1,0,0,0,0,1,2,-2,loss,1,1,0,0,1,1,0,-3.1999999999999993,1,5,2021,2020,spring,0,1,0,0,342,0.9,0.6,0.4,2.0,-1.6,0.8,0.8,1.8,-1.0,0.54,0.7999999999999999,-0.2599999999999999,0.603
2021-05-09,Arsenal,West Bromwich Albion,3,1,15.2,12.4,75,2.7,27.8,53,0,0,0,0,0,0,4,2,win,1,0,0,0,0,0,0,-2.799999999999999,1,5,2021,2020,spring,0,1,0,0,343,0.9026315789473685,1.4,1.2,1.0,0.2,1.6,2.2,1.6,0.6,1.3399999999999999,1.7799999999999998,-0.43999999999999995,1.4081052631578945
2021-05-09,Aston Villa,Manchester United,1,3,13.1,9.8,79,3.5,27.4,55,0,0,0,0,0,0,4,-2,loss,1,0,0,0,0,1,0,-3.299999999999999,1,5,2021,2020,spring,0,1,0,0,344,0.9052631578947369,1.4,1.8,1.6,0.2,2.6,1.8,0.6,1.2,1.52,2.36,-0.8399999999999999,1.7562105263157894
2021-05-09,West Ham United,Everton,0,1,15.5,12.9,74,2.3,27.7,53,0,0,0,0,0,0,1,-1,loss,1,0,0,0,0,0,0,-2.5999999999999996,1,5,2021,2020,spring,0,1,0,0,345,0.9078947368421053,1.8,2.0,1.8,0.2,1.2,1.0,1.0,0.0,1.8599999999999999,1.14,0.72,1.361842105263158
2021-05-09,Wolverhampton Wanderers,Brighton,2,1,12.7,9.3,78,2.3,27.7,53,0,0,0,0,0,0,3,1,win,1,0,0,0,0,1,0,-3.3999999999999986,1,5,2021,2020,spring,0,1,0,0,346,0.9105263157894737,1.4,1.0,1.6,-0.6,1.0,0.6,0.6,0.0,1.2799999999999998,0.8799999999999999,0.3999999999999999,0.9833684210526314
2021-05-10,Fulham,Burnley,0,2,12.4,8.8,76,1.9,33.4,53,0,0,0,0,0,0,2,-2,loss,1,0,0,1,0,1,0,-3.5999999999999996,1,5,2021,2020,spring,0,1,0,0,347,0.9131578947368421,0.2,0.6,1.8,-1.2,0.6,1.8,2.0,-0.2,0.31999999999999995,0.96,-0.64,0.5844210526315788
2021-05-11,Manchester United,Leicester City,1,2,9.9,7.2,78,6.0,18.3,61,0,0,0,0,0,0,3,-1,loss,1,1,0,0,0,1,0,-2.7,1,5,2021,2020,spring,0,1,0,0,348,0.9157894736842105,2.6,2.2,0.8,1.4,1.4,2.0,1.8,0.2,2.48,1.5799999999999998,0.9000000000000001,1.859052631578947
2021-05-11,Southampton,Crystal Palace,3,1,10.6,7.3,77,3.3,31.4,61,0,0,0,0,0,0,4,2,win,1,0,0,1,0,1,0,-3.3,1,5,2021,2020,spring,0,1,0,0,349,0.9184210526315789,0.8,1.0,2.0,-1.0,0.8,1.0,1.8,-0.8,0.8599999999999999,0.8599999999999999,0.0,0.7898421052631578
2021-05-12,Chelsea,Arsenal,0,1,11.9,9.0,67,1.3,19.2,53,0,0,0,0,0,0,1,-1,loss,1,0,0,0,0,1,0,-2.9000000000000004,1,5,2021,2020,spring,0,1,0,0,350,0.9210526315789473,2.6,1.8,0.4,1.4,2.0,1.8,0.6,1.2,2.36,1.94,0.41999999999999993,1.9802631578947367
2021-05-13,Aston Villa,Everton,0,0,10.2,7.8,83,7.4,18.9,61,0,0,0,0,0,0,0,0,draw,1,0,0,0,0,1,0,-2.3999999999999995,1,5,2021,2020,spring,0,1,0,0,351,0.9236842105263158,0.8,1.4,2.0,-0.6,1.6,1.0,0.8,0.2,0.98,1.42,-0.43999999999999995,1.108421052631579
2021-05-13,Manchester United,Liverpool,2,4,11.5,9.4,77,1.0,13.0,51,0,0,0,0,0,0,6,-2,loss,1,0,0,0,0,1,0,-2.0999999999999996,1,5,2021,2020,spring,0,1,0,0,352,0.9263157894736842,2.0,2.0,1.0,1.0,2.2,1.8,0.6,1.2,2.0,2.08,-0.08000000000000007,1.8896842105263159
2021-05-14,Newcastle United,Manchester City,3,4,8.4,6.0,80,0.6,13.0,51,0,0,0,0,0,0,7,-1,loss,1,1,0,0,0,1,0,-2.4000000000000004,1,5,2021,2020,spring,0,1,0,0,353,0.9289473684210526,2.0,2.0,1.6,0.4,1.8,1.6,1.0,0.6,2.0,1.74,0.26,1.7371315789473685
2021-05-15,Brighton,West Ham United,1,1,10.4,7.1,87,4.9,27.1,53,0,0,0,0,0,0,2,0,draw,1,0,0,0,1,1,0,-3.3000000000000007,1,5,2021,2020,spring,0,1,0,0,354,0.9315789473684211,1.0,0.6,0.6,0.0,1.2,1.4,1.6,-0.2,0.8799999999999999,1.26,-0.3800000000000001,0.9967894736842103
2021-05-15,Burnley,Leeds United,0,4,8.9,6.4,87,4.1,16.2,53,0,0,0,0,0,0,4,-4,loss,1,1,0,0,1,1,0,-2.5,1,5,2021,2020,spring,0,1,0,0,355,0.9342105263157895,1.2,1.8,1.4,0.4,1.6,1.2,1.0,0.2,1.38,1.48,-0.10000000000000009,1.335921052631579
2021-05-15,Southampton,Fulham,3,1,10.6,8.5,85,7.2,21.3,63,0,0,0,0,0,0,4,2,win,1,0,0,0,1,1,0,-2.0999999999999996,1,5,2021,2020,spring,0,1,0,0,356,0.9368421052631579,0.8,1.0,1.8,-0.8,0.2,0.4,1.8,-1.4,0.8599999999999999,0.26,0.5999999999999999,0.5246315789473683
2021-05-16,Crystal Palace,Aston Villa,3,2,10.5,8.1,87,6.3,19.8,55,0,0,0,0,0,0,5,1,win,1,0,0,0,1,1,0,-2.4000000000000004,1,5,2021,2020,spring,0,1,0,0,357,0.9394736842105263,0.6,1.0,2.2,-1.2,1.0,1.2,1.6,-0.4,0.72,1.06,-0.3400000000000001,0.8361315789473684
2021-05-16,Everton,Sheffield United,0,1,10.6,8.8,82,5.0,12.6,63,0,0,0,0,0,0,1,-1,loss,1,0,0,0,0,1,0,-1.799999999999999,1,5,2021,2020,spring,0,1,0,0,358,0.9421052631578948,1.6,1.0,0.8,0.2,0.6,0.2,2.0,-1.8,1.42,0.48,0.94,0.895
2021-05-16,Tottenham Hotspur,Wolverhampton Wanderers,2,0,10.4,8.3,86,8.7,18.8,61,0,0,0,0,0,0,2,2,win,1,0,0,0,1,1,0,-2.0999999999999996,1,5,2021,2020,spring,0,1,0,0,359,0.9447368421052632,1.4,2.0,1.8,0.2,2.0,1.0,1.2,-0.2,1.5799999999999998,1.7,-0.1200000000000001,1.5493684210526315
2021-05-16,West Bromwich Albion,Liverpool,1,2,9.6,7.6,84,2.4,13.4,53,0,0,0,0,0,0,3,-1,loss,1,1,0,0,0,1,0,-2.0,1,5,2021,2020,spring,0,1,0,0,360,0.9473684210526315,1.0,1.4,1.8,-0.4,2.2,2.0,1.0,1.0,1.1199999999999999,2.14,-1.0200000000000002,1.5442105263157893
2021-05-18,Brighton,Manchester City,3,2,10.7,7.8,83,0.9,27.4,51,0,0,0,0,0,0,5,1,win,1,0,0,0,0,1,0,-2.8999999999999995,1,5,2021,2020,spring,0,1,0,0,361,0.95,1.0,0.8,0.8,0.0,1.8,2.0,1.6,0.4,0.94,1.8599999999999999,-0.9199999999999999,1.3299999999999998
2021-05-18,Chelsea,Leicester City,2,1,11.2,8.8,79,3.5,28.1,61,0,0,0,0,0,0,3,1,win,1,0,0,0,0,1,0,-2.3999999999999986,1,5,2021,2020,spring,0,1,0,0,362,0.9526315789473684,2.0,1.0,0.4,0.6,2.0,2.0,1.4,0.6,1.7,2.0,-0.30000000000000004,1.7623684210526316
2021-05-18,Manchester United,Fulham,1,1,10.2,8.1,77,1.3,12.5,51,0,0,0,0,0,0,2,0,draw,1,0,0,0,0,1,0,-2.0999999999999996,1,5,2021,2020,spring,0,1,0,0,363,0.9552631578947368,1.4,1.8,1.6,0.2,0.2,0.4,1.8,-1.4,1.52,0.26,1.26,0.8501842105263158
2021-05-18,Southampton,Leeds United,0,2,10.8,8.3,82,9.4,25.4,63,0,0,0,0,0,0,2,-2,loss,1,0,0,0,0,1,0,-2.5,1,5,2021,2020,spring,0,1,0,0,364,0.9578947368421052,1.4,1.6,1.4,0.2,1.6,1.6,0.8,0.8,1.46,1.5999999999999999,-0.1399999999999999,1.4655789473684209
2021-05-19,Burnley,Liverpool,0,3,8.9,6.5,84,1.0,19.3,51,0,0,0,0,0,0,3,-3,loss,1,1,0,0,0,1,0,-2.4000000000000004,1,5,2021,2020,spring,0,1,0,0,365,0.9605263157894737,1.2,1.6,1.8,-0.2,2.2,2.0,1.0,1.0,1.3199999999999998,2.14,-0.8200000000000003,1.6617105263157894
2021-05-19,Crystal Palace,Arsenal,1,3,11.1,8.6,76,5.6,22.0,61,0,0,0,0,0,0,4,-2,loss,1,0,0,0,0,1,0,-2.5,1,5,2021,2020,spring,0,1,0,0,366,0.9631578947368421,1.2,1.4,1.8,-0.4,2.0,1.4,0.6,0.8,1.26,1.8199999999999998,-0.5599999999999998,1.4832631578947368
2021-05-19,Everton,Wolverhampton Wanderers,1,0,10.2,7.6,79,0.6,21.5,51,0,0,0,0,0,0,1,1,win,1,0,0,0,0,1,0,-2.5999999999999996,1,5,2021,2020,spring,0,1,0,0,367,0.9657894736842105,1.4,0.6,0.6,0.0,1.4,0.8,1.6,-0.8,1.16,1.2199999999999998,-0.05999999999999983,1.1492894736842105
2021-05-19,Newcastle United,Sheffield United,1,0,9.9,7.9,82,3.8,13.6,61,0,0,0,0,0,0,1,1,win,1,1,0,0,0,1,0,-2.0,1,5,2021,2020,spring,0,1,0,0,368,0.968421052631579,1.4,2.2,2.2,0.0,1.2,0.4,1.4,-1.0,1.64,0.96,0.6799999999999999,1.2589473684210524
2021-05-19,Tottenham Hotspur,Aston Villa,1,2,11.1,8.8,76,4.1,18.2,53,0,0,0,0,0,0,3,-1,loss,1,0,0,0,0,1,0,-2.299999999999999,1,5,2021,2020,spring,0,1,0,0,369,0.9710526315789474,2.0,2.2,1.2,1.0,1.0,1.4,1.8,-0.4,2.06,1.1199999999999999,0.9400000000000002,1.5439736842105263
2021-05-19,West Bromwich Albion,West Ham United,1,3,9.7,7.1,78,1.6,23.0,55,0,0,0,0,0,0,4,-2,loss,1,1,0,0,0,1,0,-2.5999999999999996,1,5,2021,2020,spring,0,1,0,0,370,0.9736842105263158,0.4,1.0,2.2,-1.2,0.8,1.0,1.4,-0.4,0.58,0.8599999999999999,-0.2799999999999999,0.7010526315789474
2021-05-23,Arsenal,Brighton,2,0,9.7,5.2,75,7.3,33.9,61,0,0,0,0,0,0,2,2,win,1,1,0,1,0,1,0,-4.499999999999999,1,5,2021,2020,spring,0,1,0,0,371,0.9763157894736842,2.4,1.8,0.6,1.2,1.4,1.4,1.2,0.2,2.2199999999999998,1.4,0.8199999999999998,1.7671315789473683
2021-05-23,Aston Villa,Chelsea,2,1,7.9,3.6,81,11.1,35.3,63,1,0,0,0,0,1,3,1,win,1,1,0,1,0,1,0,-4.300000000000001,1,5,2021,2020,spring,0,1,0,0,372,0.9789473684210527,1.4,1.4,1.6,-0.2,2.4,1.4,0.6,0.8,1.4,2.1,-0.7000000000000002,1.7131578947368422
2021-05-23,Fulham,Newcastle United,0,2,9.9,5.4,74,7.6,34.2,61,0,0,0,0,0,0,2,-2,loss,1,1,0,1,0,1,0,-4.5,1,5,2021,2020,spring,0,1,0,0,373,0.9815789473684211,0.4,0.6,1.8,-1.2,1.4,1.8,1.8,0.0,0.45999999999999996,1.52,-1.06,0.9717631578947369
2021-05-23,Leeds United,West Bromwich Albion,3,1,8.8,4.8,77,5.0,28.1,61,0,0,0,0,0,0,4,2,win,1,1,0,0,0,1,0,-4.000000000000001,1,5,2021,2020,spring,0,1,0,0,374,0.9842105263157894,2.0,1.8,0.6,1.2,0.4,1.2,2.2,-1.0,1.94,0.6399999999999999,1.3,1.2696315789473684
2021-05-23,Leicester City,Tottenham Hotspur,2,4,8.5,3.8,78,8.6,37.0,63,0,0,0,0,0,0,6,-2,loss,1,1,0,1,0,1,0,-4.7,1,5,2021,2020,spring,0,1,0,0,375,0.9868421052631579,1.4,1.6,1.8,-0.2,1.8,2.0,1.2,0.8,1.46,1.8599999999999999,-0.3999999999999999,1.638157894736842
2021-05-23,Liverpool,Crystal Palace,2,0,9.2,5.2,78,5.4,34.6,55,0,0,0,0,0,0,2,2,win,1,1,0,1,0,1,0,-3.999999999999999,1,5,2021,2020,spring,0,1,0,0,376,0.9894736842105263,2.6,2.4,0.8,1.6,1.2,1.4,2.0,-0.6,2.54,1.26,1.28,1.88
2021-05-23,Manchester City,Everton,5,0,8.8,4.9,78,7.4,31.0,61,0,0,0,0,0,0,5,5,win,1,1,0,1,0,1,0,-3.9000000000000004,1,5,2021,2020,spring,0,1,0,0,377,0.9921052631578947,1.8,2.2,1.8,0.4,1.4,0.6,0.6,0.0,1.92,1.16,0.76,1.527842105263158
2021-05-23,Sheffield United,Burnley,1,0,8.6,4.3,78,7.0,35.6,61,0,0,0,0,0,0,1,1,win,1,1,0,1,0,1,0,-4.3,1,5,2021,2020,spring,0,1,0,0,378,0.9947368421052631,1.2,0.4,1.4,-1.0,1.2,1.4,1.8,-0.4,0.96,1.26,-0.30000000000000004,1.104157894736842
2021-05-23,West Ham United,Southampton,3,0,9.9,5.6,75,6.9,35.4,61,0,0,0,0,0,0,3,3,win,1,1,0,1,0,1,0,-4.300000000000001,1,5,2021,2020,spring,0,1,0,0,379,0.9973684210526316,1.4,1.2,1.0,0.2,1.4,1.4,1.4,0.0,1.3399999999999999,1.4,-0.06000000000000005,1.3663947368421052
2021-05-23,Wolverhampton Wanderers,Manchester United,1,2,7.9,3.6,81,9.3,34.3,61,0,0,0,0,0,0,3,-1,loss,1,1,0,1,0,1,0,-4.300000000000001,1,5,2021,2020,spring,0,1,0,0,380,1.0,0.8,0.6,1.8,-1.2,1.0,1.4,1.6,-0.2,0.74,1.1199999999999999,-0.3799999999999999,0.9299999999999999
2021-08-13,Brentford,Arsenal,2,0,17.5,16.3,78,0.2,22.8,51,0,0,0,0,0,0,2,2,win,1,0,0,0,0,0,0,-1.1999999999999993,1,8,2021,2021,summer,0,0,1,0,1,0.002631578947368421,0.0,0.0,0.0,0.0,3.0,2.2,0.4,1.8,0.0,2.76,-2.76,0.0036315789473684206
2021-08-14,Burnley,Brighton,1,2,14.3,12.8,87,2.1,24.4,51,0,0,0,0,0,0,3,-1,loss,1,0,0,0,1,0,0,-1.5,1,8,2021,2021,summer,0,0,1,0,2,0.005263157894736842,0.6,0.6,2.0,-1.4,1.4,1.4,1.4,0.0,0.6,1.4,-0.7999999999999999,0.005263157894736842
2021-08-14,Chelsea,Crystal Palace,3,0,18.4,17.7,77,0.0,19.4,3,0,0,0,0,0,0,3,3,win,0,0,0,0,0,0,0,-0.6999999999999993,1,8,2021,2021,summer,0,0,1,0,3,0.007894736842105263,1.8,1.4,1.0,0.4,1.2,1.4,2.0,-0.6,1.68,1.26,0.41999999999999993,0.011605263157894737
2021-08-14,Everton,Southampton,3,1,15.4,14.5,85,3.1,18.8,53,0,0,0,0,0,0,4,2,win,1,0,0,0,1,0,0,-0.9000000000000004,1,8,2021,2021,summer,0,0,1,0,4,0.010526315789473684,1.4,0.4,1.2,-0.8,1.2,1.2,1.8,-0.6,1.0999999999999999,1.2,-0.10000000000000009,0.012105263157894735
2021-08-14,Leicester City,Wolverhampton Wanderers,1,0,17.3,16.7,82,3.1,19.4,53,0,0,0,0,0,0,1,1,win,1,0,0,0,0,0,0,-0.6000000000000014,1,8,2021,2021,summer,0,0,1,0,5,0.013157894736842105,0.8,1.6,2.4,-0.8,0.8,0.8,1.4,-0.6,1.04,0.7999999999999999,0.2400000000000001,0.012105263157894735
2021-08-14,Manchester United,Leeds United,5,1,15.2,14.6,85,2.1,17.9,53,0,0,0,0,0,0,6,4,win,1,0,0,0,1,0,0,-0.5999999999999996,1,8,2021,2021,summer,0,0,1,0,6,0.015789473684210527,1.4,1.8,1.8,0.0,2.4,2.4,0.8,1.6,1.52,2.4,-0.8799999999999999,0.030947368421052633
2021-08-14,Norwich City,Liverpool,0,3,18.5,17.6,76,0.4,22.7,51,0,0,0,0,0,0,3,-3,loss,1,0,0,0,0,0,0,-0.8999999999999986,1,8,2021,2021,summer,0,0,1,0,7,0.018421052631578946,0.0,0.2,2.8,-2.6,3.0,2.6,0.6,2.0,0.06,2.88,-2.82,0.02707894736842105
2021-08-14,Watford,Aston Villa,3,2,17.9,17.2,78,0.0,18.3,3,0,0,0,0,0,0,5,1,win,0,0,0,0,0,0,0,-0.6999999999999993,1,8,2021,2021,summer,0,0,1,0,8,0.021052631578947368,1.2,1.4,2.4,-1.0,1.4,1.4,1.6,-0.2,1.26,1.4,-0.1399999999999999,0.028
2021-08-15,Newcastle United,West Ham United,2,4,14.3,13.5,83,3.9,19.9,55,0,0,0,0,0,0,6,-2,loss,1,0,0,0,0,0,0,-0.8000000000000007,1,8,2021,2021,summer,0,0,1,0,9,0.02368421052631579,1.8,2.0,1.6,0.4,2.0,1.8,0.8,1.0,1.8599999999999999,1.94,-0.08000000000000007,0.045
2021-08-15,Tottenham Hotspur,Manchester City,1,0,17.9,16.9,78,1.3,20.6,53,0,0,0,0,0,0,1,1,win,1,0,0,0,0,0,0,-1.0,1,8,2021,2021,summer,0,0,1,0,10,0.02631578947368421,1.8,2.4,1.4,1.0,1.8,2.8,1.6,1.2,1.98,2.1,-0.1200000000000001,0.053684210526315786
2021-08-21,Aston Villa,Newcastle United,2,0,16.2,16.4,90,6.8,16.8,55,0,0,0,0,0,0,2,2,win,1,0,0,0,1,0,0,0.1999999999999993,1,8,2021,2021,summer,0,0,1,0,11,0.02894736842105263,1.4,1.6,1.6,0.0,1.8,2.4,2.0,0.4,1.46,1.98,-0.52,0.04978947368421052
2021-08-21,Brighton,Watford,2,0,16.7,16.7,89,2.5,16.0,55,0,0,0,0,0,0,2,2,win,1,0,0,0,1,0,0,0.0,1,8,2021,2021,summer,0,0,1,0,12,0.031578947368421054,1.4,1.4,1.6,-0.2,1.2,1.6,2.6,-1.0,1.4,1.3199999999999998,0.08000000000000007,0.04294736842105263
2021-08-21,Crystal Palace,Brentford,0,0,17.1,17.4,87,5.4,13.3,61,0,0,0,0,0,0,0,0,draw,1,0,0,0,1,0,0,0.29999999999999716,1,8,2021,2021,summer,0,0,1,0,13,0.034210526315789476,0.6,1.0,2.6,-1.6,3.0,2.0,0.0,2.0,0.72,2.6999999999999997,-1.9799999999999998,0.0585
2021-08-21,Leeds United,Everton,2,2,16.9,17.8,92,10.3,14.2,61,1,0,0,0,0,1,4,0,draw,1,0,0,0,1,0,0,0.9000000000000021,1,8,2021,2021,summer,0,0,1,0,14,0.03684210526315789,2.4,2.6,1.4,1.2,1.4,0.8,1.4,-0.6,2.46,1.2199999999999998,1.2400000000000002,0.06778947368421051
2021-08-21,Liverpool,Burnley,2,0,16.8,17.0,91,10.1,16.4,61,1,0,0,0,0,1,2,2,win,1,0,0,0,1,0,0,0.1999999999999993,1,8,2021,2021,summer,0,0,1,0,15,0.039473684210526314,3.0,2.8,0.6,2.2,0.6,0.6,2.0,-1.4,2.9399999999999995,0.6,2.3399999999999994,0.06986842105263157
2021-08-21,Manchester City,Norwich City,5,0,17.0,17.7,90,8.9,10.9,55,0,0,0,0,0,0,5,5,win,1,0,0,0,1,0,0,0.6999999999999993,1,8,2021,2021,summer,0,0,1,0,16,0.042105263157894736,1.2,2.4,1.8,0.6,0.0,0.0,3.0,-3.0,1.56,0.0,1.56,0.032842105263157895
2021-08-22,Arsenal,Chelsea,0,2,17.6,17.2,83,9.9,19.0,63,0,0,0,0,0,0,2,-2,loss,1,0,0,0,0,0,0,-0.40000000000000213,1,8,2021,2021,summer,0,0,1,0,17,0.04473684210526316,2.4,1.8,0.8,1.0,1.8,1.6,1.0,0.6,2.2199999999999998,1.74,0.47999999999999976,0.08857894736842105
2021-08-22,Southampton,Manchester United,1,1,17.4,16.6,81,0.2,17.8,51,0,0,0,0,0,0,2,0,draw,1,0,0,0,0,0,0,-0.7999999999999972,1,8,2021,2021,summer,0,0,1,0,18,0.04736842105263158,1.2,1.4,2.0,-0.6,1.4,2.2,1.8,0.4,1.26,1.64,-0.3799999999999999,0.06868421052631579
2021-08-22,Wolverhampton Wanderers,Tottenham Hotspur,0,1,16.3,15.5,85,5.5,17.6,63,0,0,0,0,0,0,1,-1,loss,1,0,0,0,1,0,0,-0.8000000000000007,1,8,2021,2021,summer,0,0,1,0,19,0.05,0.6,0.6,1.4,-0.8,1.8,1.8,1.4,0.4,0.6,1.8,-1.2000000000000002,0.06
2021-08-23,West Ham United,Leicester City,4,1,17.0,16.0,78,0.0,16.9,3,0,0,0,0,0,0,5,3,win,0,0,0,0,0,0,0,-1.0,1,8,2021,2021,summer,0,0,1,0,20,0.05263157894736842,2.0,2.2,1.0,1.2,1.2,1.6,2.2,-0.6,2.06,1.3199999999999998,0.7400000000000002,0.08894736842105262
2021-08-28,Aston Villa,Brentford,1,1,14.6,13.1,76,0.0,15.0,3,0,0,0,0,0,0,2,0,draw,0,0,0,0,0,0,0,-1.5,1,8,2021,2021,summer,0,0,1,0,21,0.05526315789473684,1.8,2.0,1.6,0.4,2.0,1.0,0.0,1.0,1.8599999999999999,1.7,0.15999999999999992,0.09836842105263156
2021-08-28,Brighton,Everton,0,2,15.7,13.7,76,0.1,22.6,51,0,0,0,0,0,0,2,-2,loss,1,0,0,0,0,0,0,-2.0,1,8,2021,2021,summer,0,0,1,0,22,0.05789473684210526,2.0,1.6,1.2,0.4,1.4,1.2,1.8,-0.6,1.88,1.3399999999999999,0.54,0.09321052631578947
2021-08-28,Liverpool,Chelsea,1,1,14.1,13.5,82,0.0,15.2,3,0,0,0,0,0,0,2,0,draw,0,0,0,0,0,0,0,-0.5999999999999996,1,8,2021,2021,summer,0,0,1,0,23,0.060526315789473685,3.0,2.4,0.2,2.2,1.8,1.6,0.8,0.8,2.8199999999999994,1.74,1.0799999999999994,0.13799999999999998
2021-08-28,Manchester City,Arsenal,5,0,14.7,14.0,79,0.0,10.4,3,0,0,0,0,0,0,5,5,win,0,0,0,0,0,0,0,-0.6999999999999993,1,8,2021,2021,summer,0,0,1,0,24,0.06315789473684211,1.8,3.2,1.4,1.8,1.8,1.2,1.0,0.2,2.2199999999999998,1.62,0.5999999999999996,0.12126315789473684
2021-08-28,Newcastle United,Southampton,2,2,13.8,13.3,83,0.0,13.3,3,0,0,0,0,0,0,4,0,draw,0,0,0,0,0,0,0,-0.5,1,8,2021,2021,summer,0,0,1,0,25,0.06578947368421052,1.2,1.6,2.0,-0.4,0.8,1.0,2.0,-1.0,1.3199999999999998,0.8599999999999999,0.45999999999999996,0.07171052631578946
2021-08-28,Norwich City,Leicester City,1,2,15.7,13.8,81,1.4,25.6,53,0,0,0,0,0,0,3,-1,loss,1,0,0,0,0,0,0,-1.8999999999999986,1,8,2021,2021,summer,0,0,1,0,26,0.06842105263157895,0.0,0.0,3.2,-3.2,1.2,1.4,2.2,-0.8,0.0,1.26,-1.26,0.04310526315789474
2021-08-28,West Ham United,Crystal Palace,2,2,15.7,13.9,78,0.0,23.4,3,0,0,0,0,0,0,4,0,draw,0,0,0,0,0,0,0,-1.799999999999999,1,8,2021,2021,summer,0,0,1,0,27,0.07105263157894737,2.6,3.0,1.0,2.0,0.8,0.8,2.0,-1.2,2.7199999999999998,0.7999999999999999,1.92,0.12505263157894736
2021-08-29,Burnley,Leeds United,1,1,13.4,11.9,86,0.0,16.8,3,0,0,0,0,0,0,2,0,draw,0,0,0,0,1,0,0,-1.5,1,8,2021,2021,summer,0,0,1,0,28,0.07368421052631578,0.0,0.2,2.4,-2.2,2.0,2.4,1.6,0.8,0.06,2.12,-2.06,0.08031578947368422
2021-08-29,Tottenham Hotspur,Watford,1,0,14.8,12.8,74,0.1,20.5,51,0,0,0,0,0,0,1,1,win,1,0,0,0,0,0,0,-2.0,1,8,2021,2021,summer,0,0,1,0,29,0.07631578947368421,2.4,1.8,0.8,1.0,0.6,1.2,2.8,-1.6,2.2199999999999998,0.78,1.4399999999999997,0.11447368421052631
2021-08-29,Wolverhampton Wanderers,Manchester United,0,1,14.0,12.4,78,0.0,14.4,3,0,0,0,0,0,0,1,-1,loss,0,0,0,0,0,0,0,-1.5999999999999996,1,8,2021,2021,summer,0,0,1,0,30,0.07894736842105263,0.0,0.2,1.4,-1.2,1.6,2.2,1.6,0.6,0.06,1.7799999999999998,-1.7199999999999998,0.07263157894736841
2021-09-11,Arsenal,Norwich City,1,0,17.8,16.9,77,0.1,19.0,51,0,0,0,0,0,0,1,1,win,1,0,0,0,0,0,0,-0.9000000000000021,1,9,2021,2021,autumn,0,0,0,1,31,0.08157894736842106,1.2,1.0,2.0,-1.0,0.0,0.2,3.4,-3.2,1.14,0.06,1.0799999999999998,0.048947368421052635
2021-09-11,Brentford,Brighton,0,1,17.8,17.0,77,0.1,18.3,51,0,0,0,0,0,0,1,-1,loss,1,0,0,0,0,0,0,-0.8000000000000007,1,9,2021,2021,autumn,0,0,0,1,32,0.08421052631578947,1.6666666666666667,1.0,0.3333333333333333,0.6666666666666666,1.8,1.4,1.4,0.0,1.4666666666666668,1.68,-0.21333333333333315,0.13249122807017544
2021-09-11,Chelsea,Aston Villa,3,0,17.8,17.0,77,0.1,19.8,51,0,0,0,0,0,0,3,3,win,1,0,0,0,0,0,0,-0.8000000000000007,1,9,2021,2021,autumn,0,0,0,1,33,0.0868421052631579,2.0,1.8,0.8,1.0,2.0,1.8,1.2,0.6,1.94,1.94,0.0,0.16847368421052633
2021-09-11,Crystal Palace,Tottenham Hotspur,3,0,17.7,16.7,77,0.1,18.7,51,0,0,0,0,0,0,3,3,win,1,0,0,0,0,0,0,-1.0,1,9,2021,2021,autumn,0,0,0,1,34,0.08947368421052632,0.4,0.6,2.0,-1.4,2.4,1.6,0.8,0.8,0.45999999999999996,2.16,-1.7000000000000002,0.11721052631578947
2021-09-11,Leicester City,Manchester City,0,1,17.7,16.9,77,0.3,19.2,51,0,0,0,0,0,0,1,-1,loss,1,0,0,0,0,0,0,-0.8000000000000007,1,9,2021,2021,autumn,0,0,0,1,35,0.09210526315789473,1.2,1.4,2.2,-0.8,1.8,3.4,0.8,2.6,1.26,2.2800000000000002,-1.0200000000000002,0.16302631578947369
2021-09-11,Manchester United,Newcastle United,4,1,16.5,15.8,87,0.6,21.4,51,0,0,0,0,0,0,5,3,win,1,0,0,0,1,0,0,-0.6999999999999993,1,9,2021,2021,autumn,0,0,0,1,36,0.09473684210526316,2.2,2.0,0.8,1.2,1.4,1.4,1.6,-0.2,2.14,1.4,0.7400000000000002,0.1676842105263158
2021-09-11,Southampton,West Ham United,0,0,17.1,16.3,77,0.1,15.6,51,0,0,0,0,0,0,0,0,draw,1,0,0,0,0,0,0,-0.8000000000000007,1,9,2021,2021,autumn,0,0,0,1,37,0.09736842105263158,0.4,0.8,2.2,-1.4,2.6,3.2,1.2,2.0,0.52,2.78,-2.26,0.16065789473684208
2021-09-11,Watford,Wolverhampton Wanderers,0,2,17.4,16.6,79,0.4,17.1,51,0,0,0,0,0,0,2,-2,loss,1,0,0,0,0,0,0,-0.7999999999999972,1,9,2021,2021,autumn,0,0,0,1,38,0.1,0.6,1.0,2.4,-1.4,0.0,0.2,1.2,-1.0,0.72,0.06,0.6599999999999999,0.03900000000000001
2021-09-12,Leeds United,Liverpool,0,3,14.6,13.5,78,0.5,12.3,51,0,0,0,0,0,0,3,-3,loss,1,0,0,0,0,0,0,-1.0999999999999996,1,9,2021,2021,autumn,0,0,0,1,39,0.10263157894736842,1.6,1.8,1.8,0.0,2.6,2.2,0.2,2.0,1.66,2.48,-0.8200000000000001,0.2124473684210526
2021-09-13,Everton,Burnley,3,1,14.7,13.1,84,1.5,20.1,51,0,0,0,0,0,0,4,2,win,1,0,0,0,0,0,0,-1.5999999999999996,1,9,2021,2021,autumn,0,0,0,1,40,0.10526315789473684,2.0,1.6,1.6,0.0,0.2,0.4,1.8,-1.4,1.88,0.26,1.6199999999999999,0.1126315789473684
2021-09-17,Newcastle United,Leeds United,1,1,15.7,14.8,78,0.0,18.3,3,0,0,0,0,0,0,2,0,draw,0,0,0,0,0,0,0,-0.8999999999999986,1,9,2021,2021,autumn,0,0,0,1,41,0.10789473684210527,0.8,1.4,2.4,-1.0,1.0,1.4,2.4,-1.0,0.98,1.1199999999999999,-0.1399999999999999,0.11328947368421051
2021-09-18,Aston Villa,Everton,3,0,15.7,15.5,83,0.7,10.3,51,0,0,0,0,0,0,3,3,win,1,0,0,0,0,0,0,-0.1999999999999993,1,9,2021,2021,autumn,0,0,0,1,42,0.11052631578947368,1.4,1.4,1.6,-0.2,2.0,2.0,1.8,0.2,1.4,2.0,-0.6000000000000001,0.18789473684210525
2021-09-18,Burnley,Arsenal,0,1,16.4,15.9,80,0.0,13.1,3,0,0,0,0,0,0,1,-1,loss,0,0,0,0,0,0,0,-0.4999999999999982,1,9,2021,2021,autumn,0,0,0,1,43,0.11315789473684211,0.2,0.6,1.8,-1.2,1.2,0.6,1.8,-1.2,0.31999999999999995,1.02,-0.7000000000000001,0.07581578947368421
2021-09-18,Liverpool,Crystal Palace,3,0,17.1,17.0,81,1.0,14.8,53,0,0,0,0,0,0,3,3,win,1,0,0,0,0,0,0,-0.10000000000000142,1,9,2021,2021,autumn,0,0,0,1,44,0.11578947368421053,2.6,2.2,0.2,2.0,1.0,1.0,1.4,-0.4,2.48,1.0,1.48,0.2014736842105263
2021-09-18,Manchester City,Southampton,0,0,17.2,16.9,75,0.0,10.4,3,0,0,0,0,0,0,0,0,draw,0,0,0,0,0,0,0,-0.3000000000000007,1,9,2021,2021,autumn,0,0,0,1,45,0.11842105263157894,2.4,3.2,0.2,3.0,0.6,0.8,1.8,-1.0,2.6399999999999997,0.6599999999999999,1.9799999999999998,0.19539473684210523
2021-09-18,Norwich City,Watford,1,3,17.5,17.1,80,0.3,16.9,51,0,0,0,0,0,0,4,-2,loss,1,0,0,0,0,0,0,-0.3999999999999986,1,9,2021,2021,autumn,0,0,0,1,46,0.12105263157894737,0.0,0.2,3.2,-3.0,0.6,1.0,2.0,-1.0,0.06,0.72,-0.6599999999999999,0.047210526315789474
2021-09-18,Wolverhampton Wanderers,Brentford,0,2,16.1,15.8,81,0.4,10.5,51,0,0,0,0,0,0,2,-2,loss,1,0,0,0,0,0,0,-0.3000000000000007,1,9,2021,2021,autumn,0,0,0,1,47,0.12368421052631579,0.6,0.6,1.0,-0.4,1.25,0.75,0.5,0.25,0.6,1.1,-0.5000000000000001,0.10513157894736842
2021-09-19,Brighton,Leicester City,2,1,16.3,16.5,86,1.7,15.1,53,0,0,0,0,0,0,3,1,win,1,0,0,0,1,0,0,0.1999999999999993,1,9,2021,2021,autumn,0,0,0,1,48,0.12631578947368421,1.8,1.0,1.0,0.0,1.2,1.2,2.0,-0.8,1.56,1.2,0.3600000000000001,0.1743157894736842
2021-09-19,Tottenham Hotspur,Chelsea,0,3,16.5,16.8,85,2.2,12.6,51,0,0,0,0,0,0,3,-3,loss,1,0,0,0,1,0,0,0.3000000000000007,1,9,2021,2021,autumn,0,0,0,1,49,0.12894736842105264,2.4,1.4,1.0,0.4,2.0,2.0,0.6,1.4,2.1,2.0,0.10000000000000009,0.2643421052631579
2021-09-19,West Ham United,Manchester United,1,2,16.4,16.7,86,2.7,11.2,53,0,0,0,0,0,0,3,-1,loss,1,0,0,0,1,0,0,0.3000000000000007,1,9,2021,2021,autumn,0,0,0,1,50,0.13157894736842105,2.2,2.6,1.0,1.6,2.6,2.6,0.8,1.8,2.3200000000000003,2.5999999999999996,-0.27999999999999936,0.32368421052631574
2021-09-25,Brentford,Liverpool,3,3,16.7,17.4,90,0.1,10.5,51,0,0,0,0,0,0,6,0,draw,1,0,0,0,1,0,0,0.6999999999999993,1,9,2021,2021,autumn,0,0,0,1,51,0.13421052631578947,1.6,1.0,0.4,0.6,2.6,2.4,0.2,2.2,1.42,2.54,-1.12,0.26573684210526316
2021-09-25,Chelsea,Manchester City,0,1,16.7,17.3,91,0.1,9.4,51,0,0,0,0,0,0,1,-1,loss,1,0,0,0,1,0,0,0.6000000000000014,1,9,2021,2021,autumn,0,0,0,1,52,0.1368421052631579,2.6,2.4,0.2,2.2,2.0,2.2,0.2,2.0,2.54,2.06,0.48,0.31473684210526315
2021-09-25,Everton,Norwich City,2,0,17.8,18.3,87,0.3,15.9,51,0,0,0,0,0,0,2,2,win,1,0,0,0,1,0,0,0.5,1,9,2021,2021,autumn,0,0,0,1,53,0.1394736842105263,2.0,2.0,1.4,0.6,0.0,0.4,2.8,-2.4,2.0,0.12,1.88,0.14784210526315789
2021-09-25,Leeds United,West Ham United,1,2,17.2,18.1,88,0.4,9.7,51,0,0,0,0,0,0,3,-1,loss,1,0,0,0,1,0,0,0.9000000000000021,1,9,2021,2021,autumn,0,0,0,1,54,0.14210526315789473,0.6,1.0,2.4,-1.4,1.6,2.2,1.4,0.8,0.72,1.7799999999999998,-1.0599999999999998,0.17763157894736842
2021-09-25,Leicester City,Burnley,2,2,17.9,18.2,83,0.2,13.4,51,0,0,0,0,0,0,4,0,draw,1,0,0,0,0,0,0,0.3000000000000007,1,9,2021,2021,autumn,0,0,0,1,55,0.14473684210526316,1.2,1.0,1.6,-0.6,0.2,0.6,1.8,-1.2,1.14,0.31999999999999995,0.82,0.1056578947368421
2021-09-25,Manchester United,Aston Villa,0,1,17.4,18.2,90,0.4,10.9,51,0,0,0,0,0,0,1,-1,loss,1,0,0,0,1,0,0,0.8000000000000007,1,9,2021,2021,autumn,0,0,0,1,56,0.14736842105263157,2.6,2.6,0.8,1.8,1.4,1.6,1.4,0.2,2.5999999999999996,1.46,1.1399999999999997,0.29915789473684207
2021-09-25,Watford,Newcastle United,1,1,16.5,17.2,91,0.0,11.3,3,0,0,0,0,0,0,2,0,draw,0,0,0,0,1,0,0,0.6999999999999993,1,9,2021,2021,autumn,0,0,0,1,57,0.15,1.2,1.2,1.6,-0.4,0.4,1.2,2.6,-1.4,1.2,0.6399999999999999,0.56,0.13799999999999998
2021-09-26,Arsenal,Tottenham Hotspur,3,1,16.7,16.1,85,0.4,19.9,51,0,0,0,0,0,0,4,2,win,1,0,0,0,1,0,0,-0.5999999999999979,1,9,2021,2021,autumn,0,0,0,1,58,0.15263157894736842,1.2,0.4,1.8,-1.4,1.8,0.6,1.2,-0.6,0.96,1.44,-0.48,0.1831578947368421
2021-09-26,Southampton,Wolverhampton Wanderers,0,1,17.1,16.6,86,0.0,22.0,3,0,0,0,0,0,0,1,-1,loss,0,0,0,0,1,0,0,-0.5,1,9,2021,2021,autumn,0,0,0,1,59,0.15526315789473685,0.8,0.8,1.2,-0.4,0.6,0.4,1.0,-0.6,0.7999999999999999,0.54,0.2599999999999999,0.10402631578947368
2021-09-27,Crystal Palace,Brighton,1,1,15.5,12.3,73,4.7,39.0,61,0,0,0,0,0,0,2,0,draw,1,0,0,1,0,0,0,-3.1999999999999993,1,9,2021,2021,autumn,0,0,0,1,60,0.15789473684210525,1.0,1.0,1.6,-0.6,2.4,1.4,0.8,0.6,1.0,2.1,-1.1,0.24473684210526314
2021-10-02,Brighton,Arsenal,0,0,14.0,10.0,81,29.0,54.9,63,1,1,0,0,0,1,0,0,draw,1,0,0,1,0,0,0,-4.0,1,10,2021,2021,autumn,0,0,0,1,61,0.16052631578947368,2.0,1.2,0.8,0.4,1.8,1.0,1.6,-0.6,1.7599999999999998,1.56,0.19999999999999973,0.2664736842105263
2021-10-02,Burnley,Norwich City,0,0,9.5,6.0,90,11.5,30.0,61,1,0,0,0,0,1,0,0,draw,1,1,0,1,1,1,0,-3.5,1,10,2021,2021,autumn,0,0,0,1,62,0.1631578947368421,0.4,0.8,1.8,-1.0,0.0,0.4,2.6,-2.2,0.52,0.12,0.4,0.05221052631578948
2021-10-02,Chelsea,Southampton,3,1,12.2,9.4,86,21.9,37.1,63,1,0,0,0,0,1,4,2,win,1,0,0,1,1,1,0,-2.799999999999999,1,10,2021,2021,autumn,0,0,0,1,63,0.16578947368421051,2.0,1.8,0.4,1.4,0.8,0.6,0.8,-0.2,1.94,0.74,1.2,0.22215789473684205
2021-10-02,Leeds United,Watford,1,0,10.0,7.0,87,9.0,27.7,61,0,0,0,0,0,0,1,1,win,1,0,0,0,1,1,0,-3.0,1,10,2021,2021,autumn,0,0,0,1,64,0.16842105263157894,0.6,1.0,1.8,-0.8,0.8,0.8,1.4,-0.6,0.72,0.7999999999999999,-0.07999999999999996,0.128
2021-10-02,Manchester United,Everton,1,1,10.5,7.4,86,10.5,30.3,61,1,0,0,0,0,1,2,0,draw,1,0,0,1,1,1,0,-3.0999999999999996,1,10,2021,2021,autumn,0,0,0,1,65,0.17105263157894737,2.0,1.6,0.8,0.8,2.0,1.8,1.2,0.6,1.88,1.94,-0.06000000000000005,0.32671052631578945
2021-10-02,Wolverhampton Wanderers,Newcastle United,2,1,10.4,7.2,87,5.0,29.5,53,0,0,0,0,0,0,3,1,win,1,0,0,0,1,1,0,-3.2,1,10,2021,2021,autumn,0,0,0,1,66,0.1736842105263158,1.2,0.6,0.8,-0.2,0.6,1.0,2.0,-1.0,1.02,0.72,0.30000000000000004,0.15110526315789474
2021-10-03,Crystal Palace,Leicester City,2,2,12.3,9.3,80,0.8,31.0,51,0,0,0,0,0,0,4,0,draw,1,0,0,1,0,1,0,-3.0,1,10,2021,2021,autumn,0,0,0,1,67,0.1763157894736842,1.2,1.2,1.2,0.0,0.8,1.2,2.0,-0.8,1.2,0.9199999999999999,0.28,0.18689473684210525
2021-10-03,Liverpool,Manchester City,2,2,11.0,7.2,78,1.1,30.7,51,0,0,0,0,0,0,4,0,draw,1,0,0,1,0,1,0,-3.8,1,10,2021,2021,autumn,0,0,0,1,68,0.17894736842105263,2.2,2.4,0.8,1.6,2.6,2.4,0.0,2.4,2.26,2.54,-0.28000000000000025,0.4294736842105263
2021-10-03,Tottenham Hotspur,Aston Villa,2,1,12.3,9.4,80,1.1,29.1,53,0,0,0,0,0,0,3,1,win,1,0,0,0,0,1,0,-2.9000000000000004,1,10,2021,2021,autumn,0,0,0,1,69,0.18157894736842106,1.2,0.6,1.8,-1.2,2.0,1.4,0.8,0.6,1.02,1.8199999999999998,-0.7999999999999998,0.2578421052631579
2021-10-03,West Ham United,Brentford,1,2,12.6,9.6,79,1.2,28.8,51,0,0,0,0,0,0,3,-1,loss,1,0,0,0,0,1,0,-3.0,1,10,2021,2021,autumn,0,0,0,1,70,0.18421052631578946,1.6,1.8,1.2,0.6,1.2,1.2,1.0,0.2,1.66,1.2,0.45999999999999996,0.26342105263157894
2021-10-16,Aston Villa,Wolverhampton Wanderers,2,3,10.1,8.4,89,0.3,14.1,51,0,0,0,0,0,0,5,-1,loss,1,0,0,0,1,1,0,-1.6999999999999993,1,10,2021,2021,autumn,0,0,0,1,71,0.1868421052631579,1.4,1.2,1.2,0.0,1.8,1.0,0.8,0.2,1.3399999999999999,1.56,-0.2200000000000002,0.27092105263157895
2021-10-16,Brentford,Chelsea,0,1,11.8,10.7,87,1.5,11.6,51,0,0,0,0,0,0,1,-1,loss,1,0,0,0,1,0,0,-1.1000000000000014,1,10,2021,2021,autumn,0,0,0,1,72,0.18947368421052632,1.6,1.6,1.2,0.4,2.0,2.0,0.6,1.4,1.5999999999999999,2.0,-0.40000000000000013,0.34105263157894733
2021-10-16,Leicester City,Manchester United,4,2,10.4,8.4,85,0.0,15.9,3,0,0,0,0,0,0,6,2,win,0,0,0,0,1,1,0,-2.0,1,10,2021,2021,autumn,0,0,0,1,73,0.19210526315789472,1.0,1.4,1.6,-0.2,2.0,1.6,0.8,0.8,1.1199999999999999,1.88,-0.76,0.28815789473684206
2021-10-16,Manchester City,Burnley,2,0,10.2,8.3,83,0.4,16.7,51,0,0,0,0,0,0,2,2,win,1,0,0,0,0,1,0,-1.8999999999999986,1,10,2021,2021,autumn,0,0,0,1,74,0.19473684210526315,2.2,1.8,0.4,1.4,0.6,0.8,1.4,-0.6,2.08,0.6599999999999999,1.4200000000000002,0.2667894736842105
2021-10-16,Norwich City,Brighton,0,0,10.5,8.0,77,0.2,19.6,51,0,0,0,0,0,0,0,0,draw,1,0,0,0,0,1,0,-2.5,1,10,2021,2021,autumn,0,0,0,1,75,0.19736842105263158,0.2,0.4,1.6,-1.2,1.6,0.8,0.8,0.0,0.26,1.3599999999999999,-1.0999999999999999,0.15986842105263158
2021-10-16,Southampton,Leeds United,1,0,12.6,11.8,90,0.4,12.0,51,0,0,0,0,0,0,1,1,win,1,0,0,0,1,0,0,-0.7999999999999989,1,10,2021,2021,autumn,0,0,0,1,76,0.2,0.6,0.6,1.2,-0.6,1.0,0.8,1.4,-0.6,0.6,0.94,-0.33999999999999997,0.15400000000000003
2021-10-16,Watford,Liverpool,0,5,11.6,10.3,86,0.1,11.3,51,0,0,0,0,0,0,5,-5,loss,1,0,0,0,1,0,0,-1.299999999999999,1,10,2021,2021,autumn,0,0,0,1,77,0.2026315789473684,0.8,0.8,1.2,-0.4,1.8,2.4,1.2,1.2,0.7999999999999999,1.98,-1.1800000000000002,0.28165789473684205
2021-10-17,Everton,West Ham United,0,1,13.7,12.0,89,4.3,22.0,61,0,0,0,0,0,0,1,-1,loss,1,0,0,0,1,0,0,-1.6999999999999993,1,10,2021,2021,autumn,0,0,0,1,78,0.20526315789473684,2.0,1.6,1.0,0.6,1.0,1.2,1.4,-0.2,1.88,1.06,0.8199999999999998,0.30173684210526314
2021-10-17,Newcastle United,Tottenham Hotspur,2,3,13.5,12.3,88,4.6,18.1,61,0,0,0,0,0,0,5,-1,loss,1,0,0,0,1,0,0,-1.1999999999999993,1,10,2021,2021,autumn,0,0,0,1,79,0.20789473684210527,0.6,1.2,2.0,-0.8,1.2,0.8,2.0,-1.2,0.78,1.08,-0.30000000000000004,0.1933421052631579
2021-10-18,Arsenal,Crystal Palace,2,2,13.6,12.2,92,8.1,21.9,63,0,0,0,0,0,0,4,0,draw,1,0,0,0,1,0,0,-1.4000000000000004,1,10,2021,2021,autumn,0,0,0,1,80,0.21052631578947367,2.0,1.0,1.2,-0.2,1.2,1.6,1.6,0.0,1.7,1.3199999999999998,0.3800000000000001,0.3178947368421052
2021-10-22,Arsenal,Aston Villa,3,1,8.3,4.9,79,0.0,24.5,3,0,0,0,0,0,0,4,2,win,0,1,0,0,0,1,0,-3.4000000000000004,1,10,2021,2021,autumn,0,0,0,1,81,0.2131578947368421,2.2,1.4,0.6,0.8,1.2,1.4,1.6,-0.2,1.96,1.26,0.7,0.34318421052631576
2021-10-23,Brighton,Manchester City,1,4,10.5,8.0,78,0.4,21.5,51,0,0,0,0,0,0,5,-3,loss,1,0,0,0,0,1,0,-2.5,1,10,2021,2021,autumn,0,0,0,1,82,0.21578947368421053,1.8,0.8,0.4,0.4,2.2,1.2,0.4,0.8,1.5,1.9,-0.3999999999999999,0.3668421052631579
2021-10-23,Chelsea,Norwich City,7,0,9.3,6.9,84,0.0,19.0,3,0,0,0,0,0,0,7,7,win,0,1,0,0,0,1,0,-2.4000000000000004,1,10,2021,2021,autumn,0,0,0,1,83,0.21842105263157896,2.4,2.0,0.4,1.6,0.4,0.2,1.2,-1.0,2.28,0.33999999999999997,1.94,0.2861315789473684
2021-10-23,Crystal Palace,Newcastle United,1,1,9.6,7.2,82,0.0,18.4,3,0,0,0,0,0,0,2,0,draw,0,1,0,0,0,1,0,-2.3999999999999995,1,10,2021,2021,autumn,0,0,0,1,84,0.22105263157894736,1.2,1.6,1.6,0.0,0.4,1.2,2.2,-1.0,1.3199999999999998,0.6399999999999999,0.6799999999999999,0.2166315789473684
2021-10-23,Everton,Watford,2,5,10.8,7.3,79,0.0,24.3,3,0,0,0,0,0,0,7,-3,loss,0,0,0,0,0,1,0,-3.500000000000001,1,10,2021,2021,autumn,0,0,0,1,85,0.2236842105263158,1.4,1.2,1.2,0.0,0.8,0.8,2.0,-1.2,1.3399999999999999,0.7999999999999999,0.5399999999999999,0.23934210526315786
2021-10-23,Leeds United,Wolverhampton Wanderers,1,1,10.1,7.1,79,0.0,21.9,3,0,0,0,0,0,0,2,0,draw,0,0,0,0,0,1,0,-3.0,1,10,2021,2021,autumn,0,0,0,1,86,0.22631578947368422,0.8,0.6,1.4,-0.8,2.4,1.6,1.0,0.6,0.74,2.16,-1.4200000000000002,0.32815789473684215
2021-10-23,Southampton,Burnley,2,2,10.3,7.7,79,0.1,20.8,51,0,0,0,0,0,0,4,0,draw,1,0,0,0,0,1,0,-2.6000000000000005,1,10,2021,2021,autumn,0,0,0,1,87,0.22894736842105262,1.0,0.4,0.8,-0.4,0.4,0.6,1.6,-1.0,0.82,0.45999999999999996,0.36,0.14652631578947364
2021-10-24,Brentford,Leicester City,1,2,12.2,9.7,79,0.0,21.3,3,0,0,0,0,0,0,3,-1,loss,0,0,0,0,0,1,0,-2.5,1,10,2021,2021,autumn,0,0,0,1,88,0.23157894736842105,1.4,1.4,1.2,0.2,1.0,1.8,1.8,0.0,1.4,1.24,0.15999999999999992,0.3056842105263157
2021-10-24,Manchester United,Liverpool,0,5,11.6,8.0,81,2.3,28.7,55,0,0,0,0,0,0,5,-5,loss,1,0,0,0,0,1,0,-3.5999999999999996,1,10,2021,2021,autumn,0,0,0,1,89,0.23421052631578948,1.4,1.8,1.6,0.2,2.2,3.2,1.0,2.2,1.52,2.5,-0.98,0.47076315789473683
2021-10-24,West Ham United,Tottenham Hotspur,1,0,12.3,9.7,78,0.0,21.0,3,0,0,0,0,0,0,1,1,win,0,0,0,0,0,1,0,-2.6000000000000014,1,10,2021,2021,autumn,0,0,0,1,90,0.23684210526315788,1.4,1.0,1.0,0.0,1.2,1.2,2.4,-1.2,1.2799999999999998,1.2,0.07999999999999985,0.2936842105263157
2021-10-30,Burnley,Brentford,3,1,8.7,5.1,88,10.3,24.5,63,1,0,0,0,0,1,4,2,win,1,1,0,0,1,1,0,-3.5999999999999996,1,10,2021,2021,autumn,0,0,0,1,91,0.2394736842105263,0.6,0.8,1.4,-0.6,1.4,1.6,1.4,0.2,0.6599999999999999,1.46,-0.8,0.2538421052631579
2021-10-30,Leicester City,Arsenal,0,2,10.0,6.3,81,3.2,25.3,61,0,0,0,0,0,0,2,-2,loss,1,0,0,0,0,1,0,-3.7,1,10,2021,2021,autumn,0,0,0,1,92,0.24210526315789474,1.6,2.2,1.8,0.4,2.2,1.8,0.8,1.0,1.7799999999999998,2.08,-0.30000000000000027,0.4672631578947368
2021-10-30,Liverpool,Brighton,2,2,9.8,6.4,83,7.0,26.2,61,0,0,0,0,0,0,4,0,draw,1,1,0,0,0,1,0,-3.4000000000000004,1,10,2021,2021,autumn,0,0,0,1,93,0.24473684210526317,2.2,3.6,1.0,2.6,1.2,0.8,1.2,-0.4,2.62,1.08,1.54,0.45276315789473687
2021-10-30,Manchester City,Crystal Palace,0,2,9.8,6.7,83,9.3,23.4,63,0,0,0,0,0,0,2,-2,loss,1,1,0,0,0,1,0,-3.1000000000000005,1,10,2021,2021,autumn,0,0,0,1,94,0.24736842105263157,2.2,1.8,0.6,1.2,0.8,1.2,1.8,-0.6,2.08,0.9199999999999999,1.1600000000000001,0.37105263157894736
2021-10-30,Newcastle United,Chelsea,0,3,8.7,5.5,86,4.9,23.9,61,0,0,0,0,0,0,3,-3,loss,1,1,0,0,1,1,0,-3.1999999999999993,1,10,2021,2021,autumn,0,0,0,1,95,0.25,0.6,1.2,1.6,-0.4,2.4,2.8,0.4,2.4,0.78,2.52,-1.74,0.4125
2021-10-30,Tottenham Hotspur,Manchester United,0,3,11.2,8.4,83,3.6,20.5,61,0,0,0,0,0,0,3,-3,loss,1,0,0,0,0,1,0,-2.799999999999999,1,10,2021,2021,autumn,0,0,0,1,96,0.25263157894736843,1.2,1.2,2.0,-0.8,0.8,1.0,2.4,-1.4,1.2,0.8599999999999999,0.3400000000000001,0.26021052631578945
2021-10-30,Watford,Southampton,0,1,10.6,7.7,83,5.4,22.1,61,0,0,0,0,0,0,1,-1,loss,1,0,0,0,0,1,0,-2.8999999999999995,1,10,2021,2021,autumn,0,0,0,1,97,0.25526315789473686,1.4,1.8,2.0,-0.2,1.0,0.8,1.2,-0.4,1.52,0.94,0.5800000000000001,0.31397368421052635
2021-10-31,Aston Villa,West Ham United,1,4,9.6,4.5,82,14.4,39.7,63,1,0,0,0,0,1,5,-3,loss,1,1,0,1,0,1,0,-5.1,1,10,2021,2021,autumn,0,0,0,1,98,0.2578947368421053,1.2,1.6,1.6,0.0,1.8,1.2,1.0,0.2,1.3199999999999998,1.62,-0.30000000000000027,0.3791052631578948
2021-10-31,Norwich City,Leeds United,1,2,10.6,6.1,82,4.4,43.3,61,0,0,0,0,0,0,3,-1,loss,1,0,0,1,0,1,0,-4.5,1,10,2021,2021,autumn,0,0,0,1,99,0.26052631578947366,0.4,0.2,2.4,-2.2,1.0,0.8,1.0,-0.2,0.33999999999999997,0.94,-0.6,0.16673684210526313
2021-11-01,Wolverhampton Wanderers,Everton,2,1,7.9,3.6,82,1.4,28.9,53,0,0,0,0,0,0,3,1,win,1,1,0,0,0,1,0,-4.300000000000001,1,11,2021,2021,autumn,0,0,0,1,100,0.2631578947368421,2.0,1.4,1.2,0.2,0.8,1.0,2.0,-1.0,1.8199999999999998,0.8599999999999999,0.96,0.35263157894736835
2021-11-05,Southampton,Aston Villa,1,0,5.7,3.2,88,0.0,13.0,3,0,0,0,0,0,0,1,1,win,0,1,0,0,1,1,0,-2.5,1,11,2021,2021,autumn,0,0,0,1,101,0.2657894736842105,1.4,1.0,1.2,-0.2,0.6,1.2,2.4,-1.2,1.2799999999999998,0.78,0.4999999999999998,0.27376315789473676
2021-11-06,Brentford,Norwich City,1,2,10.3,7.0,84,0.4,28.4,51,0,0,0,0,0,0,3,-1,loss,1,0,0,0,0,1,0,-3.3000000000000007,1,11,2021,2021,autumn,0,0,0,1,102,0.26842105263157895,0.8,1.4,2.0,-0.6,0.4,0.2,2.2,-2.0,0.98,0.33999999999999997,0.64,0.1771578947368421
2021-11-06,Brighton,Newcastle United,1,1,11.1,7.5,84,0.2,31.9,51,0,0,0,0,0,0,2,0,draw,1,0,0,1,0,1,0,-3.5999999999999996,1,11,2021,2021,autumn,0,0,0,1,103,0.2710526315789474,0.8,0.8,1.4,-0.6,0.4,1.0,2.0,-1.0,0.7999999999999999,0.58,0.21999999999999997,0.18702631578947368
2021-11-06,Chelsea,Burnley,1,1,10.2,6.6,84,0.1,32.1,51,0,0,0,0,0,0,2,0,draw,1,0,0,1,0,1,0,-3.5999999999999996,1,11,2021,2021,autumn,0,0,0,1,104,0.2736842105263158,2.4,2.8,0.4,2.4,1.2,1.4,1.4,0.0,2.52,1.26,1.26,0.5172631578947369
2021-11-06,Crystal Palace,Wolverhampton Wanderers,2,0,10.2,6.5,84,0.2,31.1,51,0,0,0,0,0,0,2,2,win,1,0,0,1,0,1,0,-3.6999999999999993,1,11,2021,2021,autumn,0,0,0,1,105,0.27631578947368424,1.4,1.6,1.2,0.4,2.6,1.8,1.0,0.8,1.46,2.36,-0.8999999999999999,0.5277631578947368
2021-11-06,Manchester United,Manchester City,0,2,10.7,7.0,84,2.9,35.7,55,0,0,0,0,0,0,2,-2,loss,1,0,0,1,0,1,0,-3.6999999999999993,1,11,2021,2021,autumn,0,0,0,1,106,0.2789473684210526,0.8,1.2,2.2,-1.0,2.0,1.8,1.0,0.8,0.9199999999999999,1.94,-1.02,0.3988947368421052
2021-11-07,Arsenal,Watford,1,0,9.6,6.0,75,0.0,23.1,3,0,0,0,0,0,0,1,1,win,0,1,0,0,0,1,0,-3.5999999999999996,1,11,2021,2021,autumn,0,0,0,1,107,0.28157894736842104,2.2,2.0,0.8,1.2,0.8,1.2,2.0,-0.8,2.14,0.9199999999999999,1.2200000000000002,0.4308157894736842
2021-11-07,Everton,Tottenham Hotspur,0,0,11.1,5.1,65,0.0,38.4,3,0,0,0,0,0,0,0,0,draw,0,0,0,1,0,1,0,-6.0,1,11,2021,2021,autumn,0,0,0,1,108,0.28421052631578947,0.8,1.2,1.8,-0.6,1.2,1.2,2.0,-0.8,0.9199999999999999,1.2,-0.28,0.30126315789473684
2021-11-07,Leeds United,Leicester City,1,1,9.3,4.5,72,0.0,34.5,3,0,0,0,0,0,0,2,0,draw,0,1,0,1,0,1,0,-4.800000000000001,1,11,2021,2021,autumn,0,0,0,1,109,0.2868421052631579,1.4,1.0,1.0,0.0,1.6,2.0,1.8,0.2,1.2799999999999998,1.7199999999999998,-0.43999999999999995,0.4302631578947368
2021-11-07,West Ham United,Liverpool,3,2,9.7,6.2,75,0.1,23.1,51,0,0,0,0,0,0,5,1,win,1,1,0,0,0,1,0,-3.499999999999999,1,11,2021,2021,autumn,0,0,0,1,110,0.2894736842105263,2.4,1.8,0.8,1.0,1.8,3.4,1.4,2.0,2.2199999999999998,2.2800000000000002,-0.0600000000000005,0.6513157894736843
2021-11-20,Aston Villa,Brighton,2,0,9.1,6.1,83,0.1,18.9,51,0,0,0,0,0,0,2,2,win,1,1,0,0,0,1,0,-3.0,1,11,2021,2021,autumn,0,0,0,1,111,0.29210526315789476,0.0,1.0,2.6,-1.6,0.8,0.8,1.4,-0.6,0.3,0.7999999999999999,-0.49999999999999994,0.16065789473684208
2021-11-20,Burnley,Crystal Palace,3,3,9.1,5.5,91,2.6,29.3,53,0,0,0,0,0,0,6,0,draw,1,1,0,0,1,1,0,-3.5999999999999996,1,11,2021,2021,autumn,0,0,0,1,112,0.29473684210526313,1.2,1.2,1.2,0.0,1.8,1.8,1.0,0.8,1.2,1.8,-0.6000000000000001,0.44210526315789467
2021-11-20,Leicester City,Chelsea,0,3,9.2,6.0,83,0.0,19.1,3,0,0,0,0,0,0,3,-3,loss,0,1,0,0,0,1,0,-3.1999999999999993,1,11,2021,2021,autumn,0,0,0,1,113,0.29736842105263156,1.6,1.8,1.6,0.2,2.6,3.0,0.4,2.6,1.66,2.7199999999999998,-1.0599999999999998,0.6512368421052631
2021-11-20,Liverpool,Arsenal,4,0,10.1,6.6,81,1.4,26.4,55,0,0,0,0,0,0,4,4,win,1,0,0,0,0,1,0,-3.5,1,11,2021,2021,autumn,0,0,0,1,114,0.3,1.6,3.2,1.4,1.8,2.2,1.6,0.6,1.0,2.08,2.02,0.06000000000000005,0.6149999999999999
2021-11-20,Newcastle United,Brentford,3,3,9.8,6.5,81,0.0,22.3,3,0,0,0,0,0,0,6,0,draw,0,1,0,0,0,1,0,-3.3000000000000007,1,11,2021,2021,autumn,0,0,0,1,115,0.3026315789473684,0.4,1.0,2.0,-1.0,0.6,1.0,1.8,-0.8,0.58,0.72,-0.14,0.19671052631578945
2021-11-20,Norwich City,Southampton,2,1,9.1,6.2,88,0.0,19.3,3,0,0,0,0,0,0,3,1,win,0,1,0,0,1,1,0,-2.8999999999999995,1,11,2021,2021,autumn,0,0,0,1,116,0.30526315789473685,1.0,0.6,2.0,-1.4,2.0,1.2,1.0,0.2,0.8799999999999999,1.7599999999999998,-0.8799999999999999,0.4029473684210526
2021-11-20,Watford,Manchester United,4,1,9.5,7.6,88,0.0,13.5,3,0,0,0,0,0,0,5,3,win,0,1,0,0,1,1,0,-1.9000000000000004,1,11,2021,2021,autumn,0,0,0,1,117,0.3078947368421053,0.6,1.0,2.0,-1.0,0.8,1.2,2.4,-1.2,0.72,0.9199999999999999,-0.19999999999999996,0.2524736842105263
2021-11-20,Wolverhampton Wanderers,West Ham United,1,0,9.6,6.7,82,0.0,18.8,3,0,0,0,0,0,0,1,1,win,0,1,0,0,0,1,0,-2.8999999999999995,1,11,2021,2021,autumn,0,0,0,1,118,0.3105263157894737,2.0,1.6,1.4,0.2,2.4,2.0,1.0,1.0,1.88,2.28,-0.3999999999999999,0.6458947368421053
2021-11-21,Manchester City,Everton,3,0,4.2,0.8,83,0.0,16.5,2,0,0,0,0,0,0,3,3,win,0,1,0,0,0,1,0,-3.4000000000000004,1,11,2021,2021,autumn,0,0,0,1,119,0.3131578947368421,2.0,2.0,1.0,1.0,0.4,0.8,1.8,-1.0,2.0,0.52,1.48,0.39457894736842103
2021-11-21,Tottenham Hotspur,Leeds United,2,1,6.3,1.9,79,0.3,25.2,51,0,0,0,0,0,0,3,1,win,1,1,0,0,0,1,0,-4.4,1,11,2021,2021,autumn,0,0,0,1,120,0.3157894736842105,1.4,1.0,1.4,-0.4,1.6,1.0,0.8,0.2,1.2799999999999998,1.42,-0.14000000000000012,0.42631578947368415
2021-11-27,Arsenal,Newcastle United,2,0,3.0,-3.7,81,5.6,39.8,73,0,0,1,0,0,1,2,2,win,1,1,0,1,0,1,0,-6.7,1,11,2021,2021,autumn,0,0,0,1,121,0.31842105263157894,2.0,1.6,1.4,0.2,0.6,1.4,2.2,-0.8,1.88,0.84,1.04,0.4330526315789473
2021-11-27,Brighton,Leeds United,0,0,3.7,-3.7,75,1.2,42.0,71,0,0,1,0,0,1,0,0,draw,1,1,0,1,0,1,0,-7.4,1,11,2021,2021,autumn,0,0,0,1,122,0.32105263157894737,0.6,0.8,1.8,-1.0,1.0,1.0,1.2,-0.2,0.6599999999999999,1.0,-0.3400000000000001,0.2664736842105263
2021-11-27,Crystal Palace,Aston Villa,1,2,3.0,-3.4,81,4.9,36.2,73,0,0,1,0,0,1,3,-1,loss,1,1,0,1,0,1,0,-6.4,1,11,2021,2021,autumn,0,0,0,1,123,0.3236842105263158,1.8,2.0,1.2,0.8,0.6,1.2,2.2,-1.0,1.8599999999999999,0.78,1.0799999999999998,0.4272631578947368
2021-11-27,Liverpool,Southampton,4,0,3.4,-4.9,61,2.0,57.4,53,0,1,1,0,0,1,4,4,win,1,1,0,1,0,1,0,-8.3,1,11,2021,2021,autumn,0,0,0,1,124,0.3263157894736842,2.0,3.6,1.0,2.6,2.0,1.2,0.8,0.4,2.48,1.7599999999999998,0.7200000000000002,0.6917894736842106
2021-11-27,Norwich City,Wolverhampton Wanderers,0,0,3.9,-1.1,85,6.7,35.7,73,0,0,1,0,0,1,0,0,draw,1,1,0,1,1,1,0,-5.0,1,11,2021,2021,autumn,0,0,0,1,125,0.32894736842105265,1.4,1.0,2.2,-1.2,2.0,1.4,1.2,0.2,1.2799999999999998,1.8199999999999998,-0.54,0.5098684210526315
2021-11-28,Brentford,Everton,1,0,1.3,-3.7,71,0.2,28.6,71,0,0,1,0,0,1,1,1,win,1,1,0,0,0,1,0,-5.0,1,11,2021,2021,autumn,0,0,0,1,126,0.33157894736842103,0.2,1.2,2.2,-1.0,0.2,0.6,2.2,-1.6,0.5,0.31999999999999995,0.18000000000000005,0.13594736842105262
2021-11-28,Chelsea,Manchester United,1,1,1.2,-3.8,71,0.0,27.9,3,0,0,1,0,0,1,2,0,draw,0,1,0,0,0,1,0,-5.0,1,11,2021,2021,autumn,0,0,0,1,127,0.33421052631578946,2.6,3.0,0.2,2.8,0.6,1.2,3.0,-1.8,2.7199999999999998,0.78,1.9399999999999997,0.5848684210526316
2021-11-28,Leicester City,Watford,4,2,-0.3,-5.2,77,1.4,24.8,73,0,0,1,0,0,1,6,2,win,1,1,0,0,0,1,0,-4.9,1,11,2021,2021,autumn,0,0,0,1,128,0.3368421052631579,1.4,1.4,1.8,-0.4,1.2,1.8,2.0,-0.2,1.4,1.38,0.020000000000000018,0.4682105263157894
2021-11-28,Manchester City,West Ham United,2,1,-1.0,-4.6,80,2.4,13.5,75,0,0,1,0,1,1,3,1,win,1,1,0,0,0,1,0,-3.5999999999999996,1,11,2021,2021,autumn,0,0,0,1,129,0.3394736842105263,2.4,2.2,0.6,1.6,2.4,1.8,0.8,1.0,2.34,2.2199999999999998,0.1200000000000001,0.7739999999999999
2021-11-30,Leeds United,Crystal Palace,1,0,9.5,5.2,89,3.6,31.4,61,0,0,0,0,0,0,1,1,win,1,1,0,1,1,1,0,-4.3,1,11,2021,2021,autumn,0,0,0,1,130,0.34210526315789475,1.2,1.0,1.0,0.0,1.6,1.8,1.2,0.6,1.14,1.66,-0.52,0.4789473684210526
2021-11-30,Newcastle United,Norwich City,1,1,9.7,6.4,89,5.2,25.9,61,0,0,0,0,0,0,2,0,draw,1,1,0,0,1,1,0,-3.299999999999999,1,11,2021,2021,autumn,0,0,0,1,131,0.3447368421052632,0.6,1.0,2.0,-1.0,1.4,1.0,2.2,-1.2,0.72,1.2799999999999998,-0.5599999999999998,0.3447368421052631
2021-12-01,Aston Villa,Manchester City,1,2,5.8,1.0,84,2.3,30.5,53,0,0,0,0,0,0,3,-1,loss,1,1,0,1,0,1,0,-4.8,1,12,2021,2021,winter,1,0,0,0,132,0.3473684210526316,1.2,1.2,1.8,-0.6,2.4,2.2,0.8,1.4,1.2,2.34,-1.14,0.614842105263158
2021-12-01,Everton,Liverpool,1,4,6.6,0.8,80,6.6,47.8,73,0,0,0,0,0,0,5,-3,loss,1,1,0,1,0,1,0,-5.8,1,12,2021,2021,winter,1,0,0,0,133,0.35,0.2,0.6,2.2,-1.6,2.0,3.4,1.0,2.4,0.31999999999999995,2.42,-2.1,0.4794999999999999
2021-12-01,Southampton,Leicester City,2,2,7.7,3.2,82,2.3,28.8,61,0,0,0,0,0,0,4,0,draw,1,1,0,0,0,1,0,-4.5,1,12,2021,2021,winter,1,0,0,0,134,0.3526315789473684,1.4,1.0,1.6,-0.6,1.4,1.4,1.8,-0.4,1.2799999999999998,1.4,-0.1200000000000001,0.4725263157894736
2021-12-01,Watford,Chelsea,1,2,6.9,2.2,82,2.2,29.0,55,0,0,0,0,0,0,3,-1,loss,1,1,0,0,0,1,0,-4.7,1,12,2021,2021,winter,1,0,0,0,135,0.35526315789473684,1.2,2.2,1.8,0.4,2.2,3.0,0.4,2.6,1.5,2.44,-0.94,0.6998684210526316
2021-12-01,West Ham United,Brighton,1,1,7.5,2.9,81,2.1,32.2,53,0,0,0,0,0,0,2,0,draw,1,1,0,1,0,1,0,-4.6,1,12,2021,2021,winter,1,0,0,0,136,0.35789473684210527,1.8,1.8,1.2,0.6,0.6,0.8,1.8,-1.0,1.8,0.6599999999999999,1.1400000000000001,0.4402105263157895
2021-12-01,Wolverhampton Wanderers,Burnley,0,0,5.9,1.0,85,3.1,30.2,53,0,0,0,0,0,0,0,0,draw,1,1,0,1,1,1,0,-4.9,1,12,2021,2021,winter,1,0,0,0,137,0.3605263157894737,1.6,0.8,0.8,0.0,1.2,1.8,1.8,0.0,1.3599999999999999,1.38,-0.020000000000000018,0.4939210526315789
2021-12-02,Manchester United,Arsenal,3,2,1.4,-2.6,75,1.1,17.4,73,0,0,1,0,0,1,5,1,win,1,1,0,0,0,1,0,-4.0,1,12,2021,2021,winter,1,0,0,0,138,0.3631578947368421,0.8,1.0,2.4,-1.4,2.4,1.6,1.0,0.6,0.8599999999999999,2.16,-1.3000000000000003,0.5483684210526316
2021-12-02,Tottenham Hotspur,Brentford,2,0,1.7,-3.4,74,0.4,25.8,71,0,0,1,0,0,1,2,2,win,1,1,0,0,0,1,0,-5.1,1,12,2021,2021,winter,1,0,0,0,139,0.36578947368421055,1.4,1.0,1.4,-0.4,0.8,1.4,2.0,-0.6,1.2799999999999998,0.98,0.2999999999999998,0.4133421052631579
2021-12-04,Newcastle United,Burnley,1,0,3.9,-0.2,90,11.0,27.5,73,1,0,1,0,0,1,1,1,win,1,1,0,0,1,1,0,-4.1,1,12,2021,2021,winter,1,0,0,0,140,0.3684210526315789,0.6,1.0,2.0,-1.0,1.4,1.8,1.4,0.4,0.72,1.52,-0.8,0.41263157894736846
2021-12-04,Southampton,Brighton,1,1,5.9,1.7,82,3.6,25.3,61,0,0,0,0,0,0,2,0,draw,1,1,0,0,0,1,0,-4.2,1,12,2021,2021,winter,1,0,0,0,141,0.37105263157894736,1.4,1.0,1.6,-0.6,0.8,0.8,1.2,-0.4,1.2799999999999998,0.7999999999999999,0.47999999999999987,0.3858947368421052
2021-12-04,Watford,Manchester City,1,3,5.1,0.8,82,4.6,25.2,61,0,0,0,0,0,0,4,-2,loss,1,1,0,0,0,1,0,-4.3,1,12,2021,2021,winter,1,0,0,0,142,0.3736842105263158,0.6,1.4,1.8,-0.4,2.4,1.8,0.8,1.0,0.84,2.2199999999999998,-1.38,0.5717368421052631
2021-12-04,West Ham United,Chelsea,3,2,5.4,1.0,82,4.7,25.8,61,0,0,0,0,0,0,5,1,win,1,1,0,0,0,1,0,-4.4,1,12,2021,2021,winter,1,0,0,0,143,0.3763157894736842,1.4,1.8,1.4,0.4,2.2,2.0,0.6,1.4,1.52,2.14,-0.6200000000000001,0.6886578947368421
2021-12-04,Wolverhampton Wanderers,Liverpool,0,1,4.8,-0.5,81,0.7,33.3,51,0,0,1,0,0,1,1,-1,loss,1,1,0,1,0,1,0,-5.3,1,12,2021,2021,winter,1,0,0,0,144,0.37894736842105264,1.6,0.6,0.6,0.0,2.0,3.2,1.2,2.0,1.2999999999999998,2.36,-1.06,0.6934736842105262
2021-12-05,Aston Villa,Leicester City,2,1,4.0,-1.2,84,0.9,32.6,51,0,0,1,0,0,1,3,1,win,1,1,0,1,0,1,0,-5.2,1,12,2021,2021,winter,1,0,0,0,145,0.3815789473684211,1.2,1.2,1.6,-0.4,1.0,1.4,2.0,-0.6,1.2,1.1199999999999999,0.08000000000000007,0.44263157894736843
2021-12-05,Leeds United,Brentford,2,2,4.7,0.1,86,1.0,30.9,51,0,0,0,0,0,0,4,0,draw,1,1,0,1,1,1,0,-4.6000000000000005,1,12,2021,2021,winter,1,0,0,0,146,0.38421052631578945,1.6,1.0,0.8,0.2,0.8,1.2,2.0,-0.8,1.42,0.9199999999999999,0.5,0.4495263157894736
2021-12-05,Manchester United,Crystal Palace,1,0,5.1,1.0,81,2.0,24.2,61,0,0,0,0,0,0,1,1,win,1,1,0,0,0,1,0,-4.1,1,12,2021,2021,winter,1,0,0,0,147,0.3868421052631579,1.4,1.6,1.8,-0.2,1.4,1.6,1.2,0.4,1.46,1.46,0.0,0.5647894736842105
2021-12-05,Tottenham Hotspur,Norwich City,3,0,5.0,0.0,88,4.4,29.1,71,0,0,1,0,0,1,3,3,win,1,1,0,0,1,1,0,-5.0,1,12,2021,2021,winter,1,0,0,0,148,0.3894736842105263,1.4,0.8,1.0,-0.2,1.6,1.2,1.0,0.2,1.2199999999999998,1.48,-0.26000000000000023,0.5257894736842105
2021-12-06,Everton,Arsenal,2,1,4.6,-0.3,84,16.5,32.4,75,1,0,1,0,1,1,3,1,win,1,1,0,1,0,1,0,-4.8999999999999995,1,12,2021,2021,winter,1,0,0,0,149,0.39210526315789473,0.2,0.4,2.0,-1.6,1.8,1.4,1.4,0.0,0.26,1.68,-1.42,0.38034210526315787
2021-12-10,Brentford,Watford,2,1,5.4,0.6,82,2.7,29.6,55,0,0,0,0,0,0,3,1,win,1,1,0,0,0,1,0,-4.800000000000001,1,12,2021,2021,winter,1,0,0,0,150,0.39473684210526316,1.0,1.4,1.8,-0.4,0.6,1.6,2.2,-0.6,1.1199999999999999,0.8999999999999999,0.21999999999999997,0.3986842105263157
2021-12-11,Arsenal,Southampton,3,0,4.8,1.4,91,3.4,20.0,61,0,0,0,0,0,0,3,3,win,1,1,0,0,1,1,0,-3.4,1,12,2021,2021,winter,1,0,0,0,151,0.3973684210526316,1.2,1.2,1.8,-0.6,1.0,1.0,1.8,-0.8,1.2,1.0,0.19999999999999996,0.4371052631578948
2021-12-11,Chelsea,Leeds United,3,2,4.8,1.6,91,3.5,20.7,61,0,0,0,0,0,0,5,1,win,1,1,0,0,1,1,0,-3.1999999999999997,1,12,2021,2021,winter,1,0,0,0,152,0.4,1.6,1.8,1.2,0.6,1.2,1.0,1.0,0.0,1.66,1.14,0.52,0.5599999999999999
2021-12-11,Liverpool,Aston Villa,1,0,7.5,4.4,90,6.9,20.2,61,0,0,0,0,0,0,1,1,win,1,1,0,0,1,1,0,-3.0999999999999996,1,12,2021,2021,winter,1,0,0,0,153,0.4026315789473684,2.4,3.0,0.8,2.2,1.8,1.4,1.0,0.4,2.58,1.68,0.9000000000000001,0.8576052631578946
2021-12-11,Manchester City,Wolverhampton Wanderers,1,0,5.7,2.8,93,4.7,17.7,61,0,0,0,0,0,0,1,1,win,1,1,0,0,1,1,0,-2.9000000000000004,1,12,2021,2021,winter,1,0,0,0,154,0.4052631578947368,3.0,2.4,0.6,1.8,1.0,0.2,0.6,-0.4,2.8199999999999994,0.76,2.0599999999999996,0.7254210526315787
2021-12-11,Norwich City,Manchester United,0,1,3.9,0.1,91,2.8,23.3,61,0,0,0,0,0,0,1,-1,loss,1,1,0,0,1,1,0,-3.8,1,12,2021,2021,winter,1,0,0,0,155,0.40789473684210525,1.6,1.0,1.2,-0.2,1.4,1.2,1.8,-0.6,1.42,1.3399999999999999,0.08000000000000007,0.5628947368421052
2021-12-12,Burnley,West Ham United,0,0,10.5,7.6,96,4.1,30.9,53,0,0,0,0,0,0,0,0,draw,1,0,0,1,1,1,0,-2.9000000000000004,1,12,2021,2021,winter,1,0,0,0,156,0.4105263157894737,1.2,1.4,1.2,0.2,1.4,1.6,1.6,0.0,1.26,1.46,-0.19999999999999996,0.5583157894736842
2021-12-12,Crystal Palace,Everton,3,1,11.4,8.5,91,2.4,22.2,61,0,0,0,0,0,0,4,2,win,1,0,0,0,1,1,0,-2.9000000000000004,1,12,2021,2021,winter,1,0,0,0,157,0.4131578947368421,0.8,1.2,1.4,-0.2,0.8,0.6,1.8,-1.2,0.9199999999999999,0.74,0.17999999999999994,0.34292105263157896
2021-12-12,Leicester City,Newcastle United,4,0,10.9,7.7,92,1.3,27.0,53,0,0,0,0,0,0,4,4,win,1,0,0,0,1,1,0,-3.2,1,12,2021,2021,winter,1,0,0,0,158,0.41578947368421054,1.0,1.6,2.0,-0.4,1.2,1.2,1.4,-0.2,1.18,1.2,-0.020000000000000018,0.4947894736842105
2021-12-14,Manchester City,Leeds United,7,0,6.7,4.7,96,0.6,14.8,51,0,0,0,0,0,0,7,7,win,1,1,0,0,1,1,0,-2.0,1,12,2021,2021,winter,1,0,0,0,159,0.41842105263157897,3.0,2.2,0.6,1.6,1.0,1.2,1.4,-0.2,2.76,1.06,1.6999999999999997,0.7991842105263158
2021-12-14,Norwich City,Aston Villa,0,2,10.4,7.7,91,0.3,18.6,51,0,0,0,0,0,0,2,-2,loss,1,0,0,0,1,1,0,-2.7,1,12,2021,2021,winter,1,0,0,0,160,0.42105263157894735,1.0,0.6,1.2,-0.6,1.8,1.4,1.0,0.4,0.8799999999999999,1.68,-0.8,0.5389473684210525
2021-12-15,Arsenal,West Ham United,2,0,10.3,8.3,93,0.8,18.6,51,0,0,0,0,0,0,2,2,win,1,0,0,0,1,1,0,-2.0,1,12,2021,2021,winter,1,0,0,0,161,0.4236842105263158,1.2,1.6,1.8,-0.2,1.0,1.0,1.2,-0.2,1.3199999999999998,1.0,0.31999999999999984,0.4914736842105263
2021-12-15,Brighton,Wolverhampton Wanderers,0,1,10.6,8.3,95,0.6,24.0,51,0,0,0,0,0,0,1,-1,loss,1,0,0,0,1,1,0,-2.299999999999999,1,12,2021,2021,winter,1,0,0,0,162,0.4263157894736842,0.8,0.6,1.0,-0.4,1.0,0.2,0.4,-0.2,0.74,0.76,-0.020000000000000018,0.31973684210526315
2021-12-15,Crystal Palace,Southampton,2,2,10.8,8.8,92,0.5,18.9,51,0,0,0,0,0,0,4,0,draw,1,0,0,0,1,1,0,-2.0,1,12,2021,2021,winter,1,0,0,0,163,0.42894736842105263,0.8,1.4,1.6,-0.2,0.4,0.8,2.4,-1.6,0.98,0.52,0.45999999999999996,0.32171052631578945
2021-12-16,Chelsea,Everton,1,1,8.8,7.3,91,0.1,9.2,51,0,0,0,0,0,0,2,0,draw,1,1,0,0,1,1,0,-1.5000000000000009,1,12,2021,2021,winter,1,0,0,0,164,0.43157894736842106,2.0,2.2,1.4,0.8,0.6,0.8,2.4,-1.6,2.06,0.6599999999999999,1.4000000000000001,0.5869473684210526
2021-12-16,Liverpool,Newcastle United,3,1,7.7,6.0,93,0.0,9.2,3,0,0,0,0,0,0,4,2,win,0,1,0,0,1,1,0,-1.7000000000000002,1,12,2021,2021,winter,1,0,0,0,165,0.4342105263157895,3.0,2.8,0.2,2.6,1.0,1.0,2.0,-1.0,2.9399999999999995,1.0,1.9399999999999995,0.8553947368421052
2021-12-18,Leeds United,Arsenal,1,4,4.7,2.8,98,0.0,5.1,3,0,0,0,0,0,0,5,-3,loss,0,1,0,0,1,1,0,-1.9000000000000004,1,12,2021,2021,winter,1,0,0,0,166,0.4368421052631579,1.0,1.0,2.4,-1.4,1.8,2.0,1.0,1.0,1.0,1.8599999999999999,-0.8599999999999999,0.6246842105263158
2021-12-19,Newcastle United,Manchester City,0,4,3.7,1.1,97,0.0,8.5,3,0,0,0,0,0,0,4,-4,loss,0,1,0,0,1,1,0,-2.6,1,12,2021,2021,winter,1,0,0,0,167,0.4394736842105263,0.8,0.6,2.0,-1.4,3.0,3.0,0.6,2.4,0.74,2.9999999999999996,-2.26,0.821815789473684
2021-12-19,Tottenham Hotspur,Liverpool,2,2,6.1,3.8,95,0.0,11.0,3,0,0,0,0,0,0,4,0,draw,0,1,0,0,1,1,0,-2.3,1,12,2021,2021,winter,1,0,0,0,168,0.4421052631578947,2.0,1.4,0.8,0.6,3.0,2.6,0.4,2.2,1.8199999999999998,2.88,-1.06,1.0389473684210524
2021-12-19,Wolverhampton Wanderers,Chelsea,0,0,3.5,1.2,99,0.0,9.7,3,0,0,0,0,0,0,0,0,draw,0,1,0,0,1,1,0,-2.3,1,12,2021,2021,winter,1,0,0,0,169,0.44473684210526315,1.0,0.2,0.4,-0.2,1.6,1.8,1.6,0.2,0.76,1.66,-0.8999999999999999,0.5381315789473684
2021-12-26,Aston Villa,Chelsea,1,3,5.2,2.4,99,6.4,23.3,61,0,0,0,0,0,0,4,-2,loss,1,1,0,0,1,1,0,-2.8000000000000003,1,12,2021,2021,winter,1,0,0,0,170,0.4473684210526316,1.8,1.4,1.0,0.4,1.6,1.6,1.4,0.2,1.68,1.5999999999999999,0.08000000000000007,0.7336842105263157
2021-12-26,Brighton,Brentford,2,0,8.8,6.5,95,5.9,20.0,55,0,0,0,0,0,0,2,2,win,1,1,0,0,1,1,0,-2.3000000000000007,1,12,2021,2021,winter,1,0,0,0,171,0.45,0.6,0.4,1.0,-0.6,1.6,1.6,1.6,0.0,0.54,1.5999999999999999,-1.0599999999999998,0.48149999999999993
2021-12-26,Manchester City,Leicester City,6,3,4.6,0.9,89,11.4,24.9,71,1,0,0,0,0,1,9,3,win,1,1,0,0,1,1,0,-3.6999999999999997,1,12,2021,2021,winter,1,0,0,0,172,0.45263157894736844,3.0,3.4,0.4,3.0,1.4,2.2,1.8,0.4,3.1199999999999997,1.64,1.4799999999999998,1.077263157894737
2021-12-26,Norwich City,Arsenal,0,5,5.0,1.4,93,7.0,19.7,61,0,0,0,0,0,0,5,-5,loss,1,1,0,0,1,1,0,-3.6,1,12,2021,2021,winter,1,0,0,0,173,0.45526315789473687,0.4,0.2,1.4,-1.2,1.8,2.4,1.2,1.2,0.33999999999999997,1.98,-1.6400000000000001,0.5281052631578947
2021-12-26,Tottenham Hotspur,Crystal Palace,3,0,6.6,4.2,98,5.5,19.6,61,0,0,0,0,0,0,3,3,win,1,1,0,0,1,1,0,-2.3999999999999995,1,12,2021,2021,winter,1,0,0,0,174,0.45789473684210524,2.2,1.8,0.6,1.2,0.8,1.2,1.4,-0.2,2.08,0.9199999999999999,1.1600000000000001,0.6868421052631579
2021-12-26,West Ham United,Southampton,2,3,6.8,4.5,97,8.1,19.2,61,0,0,0,0,0,0,5,-1,loss,1,1,0,0,1,1,0,-2.3,1,12,2021,2021,winter,1,0,0,0,175,0.4605263157894737,1.0,1.0,1.4,-0.4,0.6,1.0,2.4,-1.4,1.0,0.72,0.28,0.3960526315789474
2021-12-27,Newcastle United,Manchester United,1,1,5.2,2.7,98,0.4,13.4,51,0,0,0,0,0,0,2,0,draw,1,1,0,0,1,1,0,-2.5,1,12,2021,2021,winter,1,0,0,0,176,0.4631578947368421,0.8,0.6,2.4,-1.8,2.0,1.4,1.4,0.0,0.74,1.8199999999999998,-1.0799999999999998,0.5928421052631578
2021-12-28,Crystal Palace,Norwich City,3,0,9.6,5.7,86,0.7,36.0,51,0,0,0,0,0,0,3,3,win,1,1,0,1,1,1,0,-3.8999999999999995,1,12,2021,2021,winter,1,0,0,0,177,0.46578947368421053,0.8,1.0,1.6,-0.6,0.2,0.2,2.4,-2.2,0.8599999999999999,0.19999999999999998,0.6599999999999999,0.24686842105263154
2021-12-28,Leicester City,Liverpool,1,0,8.5,5.3,94,9.6,27.7,63,0,0,0,0,0,0,1,1,win,1,1,0,0,1,1,0,-3.2,1,12,2021,2021,winter,1,0,0,0,178,0.46842105263157896,1.4,2.8,2.4,0.4,2.6,2.2,0.8,1.4,1.8199999999999998,2.48,-0.6600000000000001,1.0071052631578947
2021-12-28,Southampton,Tottenham Hotspur,1,1,9.6,5.7,87,1.0,33.4,53,0,0,0,0,0,0,2,0,draw,1,1,0,1,1,1,0,-3.8999999999999995,1,12,2021,2021,winter,1,0,0,0,179,0.4710526315789474,1.2,1.6,2.0,-0.4,2.6,2.4,0.6,1.8,1.3199999999999998,2.54,-1.2200000000000002,0.9091315789473684
2021-12-28,Watford,West Ham United,1,4,9.2,5.5,88,1.2,32.9,53,0,0,0,0,0,0,5,-3,loss,1,1,0,1,1,1,0,-3.6999999999999993,1,12,2021,2021,winter,1,0,0,0,180,0.47368421052631576,0.6,1.8,2.4,-0.6,1.0,1.2,1.6,-0.4,0.96,1.06,-0.10000000000000009,0.4784210526315789
2021-12-29,Brentford,Manchester City,0,1,10.5,7.9,92,2.8,28.9,61,0,0,0,0,0,0,1,-1,loss,1,0,0,0,1,1,0,-2.5999999999999996,1,12,2021,2021,winter,1,0,0,0,181,0.4763157894736842,1.4,1.0,1.4,-0.4,3.0,4.2,0.8,3.4,1.2799999999999998,3.3599999999999994,-2.0799999999999996,1.105052631578947
2021-12-29,Chelsea,Brighton,1,1,10.5,7.7,91,2.9,30.7,61,0,0,0,0,0,0,2,0,draw,1,0,0,1,1,1,0,-2.8,1,12,2021,2021,winter,1,0,0,0,182,0.4789473684210526,1.6,1.8,1.4,0.4,1.2,0.8,0.6,0.2,1.66,1.08,0.5799999999999998,0.6561578947368422
2021-12-30,Manchester United,Burnley,3,1,13.1,10.4,89,11.6,28.0,61,1,0,0,0,0,1,4,2,win,1,0,0,0,1,0,0,-2.6999999999999993,1,12,2021,2021,winter,1,0,0,0,183,0.48157894736842105,2.2,1.4,0.8,0.6,0.8,0.8,1.0,-0.2,1.96,0.7999999999999999,1.1600000000000001,0.664578947368421
2022-01-01,Arsenal,Manchester City,1,2,12.9,9.9,86,0.2,25.4,51,0,0,0,0,0,0,3,-1,loss,1,0,0,0,1,1,0,-3.0,1,1,2022,2021,winter,1,0,0,0,184,0.4842105263157895,2.4,3.0,0.6,2.4,3.0,3.8,0.6,3.2,2.58,3.2399999999999993,-0.6599999999999993,1.4090526315789473
2022-01-01,Crystal Palace,West Ham United,2,3,12.9,9.8,86,0.1,26.6,51,0,0,0,0,0,0,5,-1,loss,1,0,0,0,1,1,0,-3.0999999999999996,1,1,2022,2021,winter,1,0,0,0,185,0.4868421052631579,1.4,1.6,1.4,0.2,1.4,1.8,1.6,0.2,1.46,1.52,-0.06000000000000005,0.7253947368421053
2022-01-01,Watford,Tottenham Hotspur,0,1,12.4,9.7,89,0.1,22.7,51,0,0,0,0,0,0,1,-1,loss,1,0,0,0,1,1,0,-2.700000000000001,1,1,2022,2021,winter,1,0,0,0,186,0.48947368421052634,0.0,1.2,3.0,-1.8,2.2,2.2,0.6,1.6,0.36,2.2,-1.8400000000000003,0.6265263157894737
2022-01-02,Brentford,Aston Villa,2,1,10.9,7.3,88,2.6,28.2,55,0,0,0,0,0,0,3,1,win,1,0,0,0,1,1,0,-3.6000000000000005,1,1,2022,2021,winter,1,0,0,0,187,0.4921052631578947,0.8,0.8,1.6,-0.8,1.2,1.2,1.4,-0.2,0.7999999999999999,1.2,-0.4,0.4921052631578947
2022-01-02,Chelsea,Liverpool,2,2,10.9,7.1,87,2.0,29.5,55,0,0,0,0,0,0,4,0,draw,1,0,0,0,1,1,0,-3.8000000000000007,1,1,2022,2021,winter,1,0,0,0,188,0.49473684210526314,1.8,1.6,1.0,0.6,2.0,1.4,0.8,0.6,1.74,1.8199999999999998,-0.07999999999999985,0.8806315789473683
2022-01-02,Everton,Brighton,2,3,9.5,6.1,85,4.0,25.9,55,0,0,0,0,0,0,5,-1,loss,1,1,0,0,1,1,0,-3.4000000000000004,1,1,2022,2021,winter,1,0,0,0,189,0.49736842105263157,0.8,1.0,2.0,-1.0,1.2,1.0,0.8,0.2,0.8599999999999999,1.14,-0.28,0.4973684210526315
2022-01-02,Leeds United,Burnley,3,1,9.4,5.4,83,8.1,31.1,63,0,0,0,0,0,0,4,2,win,1,1,0,1,0,1,0,-4.0,1,1,2022,2021,winter,1,0,0,0,190,0.5,0.8,1.2,3.2,-2.0,0.6,0.8,1.4,-0.6,0.9199999999999999,0.6599999999999999,0.26,0.39499999999999996
2022-01-03,Manchester United,Wolverhampton Wanderers,0,1,7.7,3.8,83,3.8,25.5,55,0,0,0,0,0,0,1,-1,loss,1,1,0,0,0,1,0,-3.9000000000000004,1,1,2022,2021,winter,1,0,0,0,191,0.5026315789473684,2.6,1.8,0.8,1.0,1.0,0.2,0.4,-0.2,2.36,0.76,1.5999999999999999,0.7841052631578947
2022-01-11,Southampton,Brentford,4,1,9.0,7.7,97,3.0,14.1,53,0,0,0,0,0,0,5,3,win,1,1,0,0,1,1,0,-1.2999999999999998,1,1,2022,2021,winter,1,0,0,0,192,0.5052631578947369,1.2,1.4,1.8,-0.4,1.4,1.2,1.4,-0.2,1.26,1.3399999999999999,-0.07999999999999985,0.6568421052631578
2022-01-12,West Ham United,Norwich City,2,0,3.6,1.1,96,0.0,9.4,3,0,0,0,0,0,0,2,2,win,0,1,0,0,1,1,0,-2.5,1,1,2022,2021,winter,1,0,0,0,193,0.5078947368421053,1.4,1.8,1.6,0.2,0.0,0.0,2.8,-2.8,1.52,0.0,1.52,0.386
2022-01-14,Brighton,Crystal Palace,1,1,3.6,0.6,83,0.0,14.1,3,0,0,0,0,0,0,2,0,draw,0,1,0,0,0,1,0,-3.0,1,1,2022,2021,winter,1,0,0,0,194,0.5105263157894737,1.6,1.4,1.0,0.4,1.4,2.0,1.8,0.2,1.5399999999999998,1.5799999999999998,-0.040000000000000036,0.7964210526315789
2022-01-15,Aston Villa,Manchester United,2,2,1.1,-2.3,93,0.0,16.1,3,0,0,1,0,0,1,4,0,draw,0,1,0,0,1,1,0,-3.4,1,1,2022,2021,winter,1,0,0,0,195,0.5131578947368421,1.2,1.2,1.4,-0.2,2.0,1.2,0.6,0.6,1.2,1.7599999999999998,-0.5599999999999998,0.7594736842105264
2022-01-15,Manchester City,Chelsea,1,0,2.0,-0.7,88,0.2,9.9,51,0,0,1,0,0,1,1,1,win,1,1,0,0,1,1,0,-2.7,1,1,2022,2021,winter,1,0,0,0,196,0.5157894736842106,3.0,4.0,0.8,3.2,1.4,1.4,1.0,0.4,3.3,1.4,1.9,1.2121052631578946
2022-01-15,Newcastle United,Watford,1,1,1.5,-1.3,96,0.0,11.3,3,0,0,1,0,0,1,2,0,draw,0,1,0,0,1,1,0,-2.8,1,1,2022,2021,winter,1,0,0,0,197,0.5184210526315789,0.8,0.6,2.4,-1.8,0.0,0.8,2.4,-1.6,0.74,0.24,0.5,0.25402631578947366
2022-01-15,Norwich City,Everton,2,1,3.8,0.7,95,0.0,16.7,3,0,0,0,0,0,0,3,1,win,0,1,0,0,1,1,0,-3.0999999999999996,1,1,2022,2021,winter,1,0,0,0,198,0.5210526315789473,0.0,0.0,2.6,-2.6,0.8,1.4,2.4,-1.0,0.0,0.98,-0.98,0.25531578947368416
2022-01-15,Wolverhampton Wanderers,Southampton,3,1,0.7,-2.6,95,0.3,13.9,51,0,0,1,0,0,1,4,2,win,1,1,0,0,1,1,0,-3.3,1,1,2022,2021,winter,1,0,0,0,199,0.5236842105263158,1.4,0.4,0.4,0.0,1.6,2.0,1.8,0.2,1.0999999999999999,1.7199999999999998,-0.6199999999999999,0.7383947368421051
2022-01-16,Liverpool,Brentford,3,0,6.2,2.4,86,0.1,20.2,51,0,0,0,0,0,0,3,3,win,1,1,0,0,1,1,0,-3.8000000000000003,1,1,2022,2021,winter,1,0,0,0,200,0.5263157894736842,1.6,1.6,1.2,0.4,1.2,1.0,1.8,-0.8,1.5999999999999999,1.14,0.45999999999999996,0.7210526315789473
2022-01-16,West Ham United,Leeds United,2,3,4.0,1.3,95,0.0,10.8,3,0,0,0,0,0,0,5,-1,loss,0,1,0,0,1,1,0,-2.7,1,1,2022,2021,winter,1,0,0,0,201,0.5289473684210526,1.8,2.2,1.6,0.6,0.8,1.6,3.4,-1.8,1.92,1.04,0.8799999999999999,0.7828421052631579
2022-01-18,Brighton,Chelsea,1,1,4.1,1.2,92,0.0,15.1,3,0,0,0,0,0,0,2,0,draw,0,1,0,0,1,1,0,-2.8999999999999995,1,1,2022,2021,winter,1,0,0,0,202,0.531578947368421,1.6,1.4,1.0,0.4,1.2,1.2,1.0,0.2,1.5399999999999998,1.2,0.33999999999999986,0.7282631578947367
2022-01-19,Brentford,Manchester United,1,3,5.2,1.9,90,0.0,18.2,3,0,0,0,0,0,0,4,-2,loss,0,1,0,0,1,1,0,-3.3000000000000003,1,1,2022,2021,winter,1,0,0,0,203,0.5342105263157895,0.6,0.6,2.2,-1.6,1.6,1.4,1.0,0.4,0.6,1.5399999999999998,-0.9399999999999998,0.5716052631578946
2022-01-19,Leicester City,Tottenham Hotspur,2,3,4.8,0.4,90,0.0,25.7,3,0,0,0,0,0,0,5,-1,loss,0,1,0,0,1,1,0,-4.3999999999999995,1,1,2022,2021,winter,1,0,0,0,204,0.5368421052631579,1.4,2.2,2.0,0.2,2.2,2.0,0.6,1.4,1.64,2.14,-0.5000000000000002,1.0146315789473686
2022-01-21,Watford,Norwich City,0,3,0.9,-3.0,86,0.0,14.1,3,0,0,1,0,0,1,3,-3,loss,0,1,0,0,1,1,0,-3.9,1,1,2022,2021,winter,1,0,0,0,205,0.5394736842105263,0.2,0.8,2.2,-1.4,0.6,0.4,2.6,-2.2,0.38,0.54,-0.16000000000000003,0.24815789473684213
2022-01-22,Brentford,Wolverhampton Wanderers,1,2,2.4,-0.7,91,0.0,12.1,3,0,0,1,0,0,1,3,-1,loss,0,1,0,0,1,1,0,-3.0999999999999996,1,1,2022,2021,winter,1,0,0,0,206,0.5421052631578948,0.6,0.8,2.4,-1.6,2.0,1.0,0.4,0.6,0.6599999999999999,1.7,-1.04,0.6396842105263157
2022-01-22,Everton,Aston Villa,0,1,6.6,3.0,87,0.0,20.3,3,0,0,0,0,0,0,1,-1,loss,0,1,0,0,1,1,0,-3.5999999999999996,1,1,2022,2021,winter,1,0,0,0,207,0.5447368421052632,0.8,1.4,2.0,-0.6,0.8,1.2,1.6,-0.4,0.98,0.9199999999999999,0.06000000000000005,0.5175
2022-01-22,Leeds United,Newcastle United,0,1,5.0,1.7,89,0.0,19.4,3,0,0,0,0,0,0,1,-1,loss,0,1,0,0,1,1,0,-3.3,1,1,2022,2021,winter,1,0,0,0,208,0.5473684210526316,1.2,1.8,3.4,-1.6,0.4,0.6,2.6,-2.0,1.38,0.45999999999999996,0.9199999999999999,0.503578947368421
2022-01-22,Manchester United,West Ham United,1,0,5.7,3.0,89,0.2,14.9,51,0,0,0,0,0,0,1,1,win,1,1,0,0,1,1,0,-2.7,1,1,2022,2021,winter,1,0,0,0,209,0.55,1.6,1.8,1.2,0.6,1.8,2.6,1.8,0.8,1.66,2.04,-0.3800000000000001,1.0175
2022-01-22,Southampton,Manchester City,1,1,2.1,-0.9,91,0.0,11.0,3,0,0,1,0,0,1,2,0,draw,0,1,0,0,1,1,0,-3.0,1,1,2022,2021,winter,1,0,0,0,210,0.5526315789473685,1.6,2.2,1.8,0.4,3.0,2.8,0.8,2.0,1.7799999999999998,2.9399999999999995,-1.1599999999999997,1.3042105263157893
2022-01-23,Arsenal,Burnley,0,0,4.4,1.9,88,0.0,6.5,3,0,0,0,0,0,0,0,0,draw,0,1,0,0,1,1,0,-2.5000000000000004,1,1,2022,2021,winter,1,0,0,0,211,0.5552631578947368,2.4,3.0,0.6,2.4,0.4,0.4,1.4,-1.0,2.58,0.39999999999999997,2.18,0.8273421052631578
2022-01-23,Chelsea,Tottenham Hotspur,2,0,4.4,2.1,88,0.0,5.8,3,0,0,0,0,0,0,2,2,win,0,1,0,0,1,1,0,-2.3000000000000003,1,1,2022,2021,winter,1,0,0,0,212,0.5578947368421052,1.2,1.4,1.2,0.2,2.2,2.0,1.0,1.0,1.26,2.14,-0.8800000000000001,0.9484210526315789
2022-01-23,Crystal Palace,Liverpool,1,3,4.4,2.0,88,0.0,5.8,3,0,0,0,0,0,0,4,-2,loss,0,1,0,0,1,1,0,-2.4000000000000004,1,1,2022,2021,winter,1,0,0,0,213,0.5605263157894737,1.0,1.6,1.8,-0.2,1.6,2.0,1.2,0.8,1.18,1.7199999999999998,-0.5399999999999998,0.8127631578947366
2022-01-23,Leicester City,Brighton,1,1,3.7,0.8,87,0.0,11.4,3,0,0,0,0,0,0,2,0,draw,0,1,0,0,1,1,0,-2.9000000000000004,1,1,2022,2021,winter,1,0,0,0,214,0.5631578947368421,1.2,2.2,2.2,0.0,1.8,1.6,1.0,0.6,1.5,1.74,-0.24,0.9123157894736842
2022-02-05,Burnley,Watford,0,0,5.6,-0.5,89,15.1,43.6,63,1,0,1,0,0,1,0,0,draw,1,1,0,1,1,1,0,-6.1,1,2,2022,2021,winter,1,0,0,0,215,0.5657894736842105,0.4,0.4,1.4,-1.0,0.2,0.6,2.2,-1.6,0.39999999999999997,0.31999999999999995,0.08000000000000002,0.20368421052631577
2022-02-08,Burnley,Manchester United,1,1,9.5,5.0,94,15.6,36.3,63,1,0,0,0,0,1,2,0,draw,1,1,0,1,1,1,0,-4.5,1,2,2022,2021,winter,1,0,0,0,216,0.5684210526315789,0.6,0.4,1.2,-0.8,2.0,1.8,1.0,0.8,0.54,1.94,-1.4,0.7048421052631578
2022-02-08,Newcastle United,Everton,3,1,9.7,6.0,78,0.5,35.2,51,0,0,0,0,0,0,4,2,win,1,1,0,1,0,1,0,-3.6999999999999993,1,2,2022,2021,winter,1,0,0,0,217,0.5710526315789474,1.0,0.8,1.8,-1.0,0.2,1.0,2.0,-1.0,0.94,0.43999999999999995,0.5,0.39402631578947367
2022-02-08,West Ham United,Watford,1,0,10.3,6.2,80,0.0,29.8,3,0,0,0,0,0,0,1,1,win,0,0,0,0,0,1,0,-4.1000000000000005,1,2,2022,2021,winter,1,0,0,0,218,0.5736842105263158,1.8,2.2,1.4,0.8,0.4,0.4,1.8,-1.4,1.92,0.39999999999999997,1.52,0.6654736842105263
2022-02-09,Aston Villa,Leeds United,3,3,8.1,4.6,81,0.1,23.4,51,0,0,0,0,0,0,6,0,draw,1,1,0,0,0,1,0,-3.5,1,2,2022,2021,winter,1,0,0,0,219,0.5763157894736842,1.4,1.4,1.4,0.0,1.2,1.4,3.0,-1.6,1.4,1.26,0.1399999999999999,0.7665000000000001
2022-02-09,Manchester City,Brentford,2,0,7.7,4.1,80,6.1,21.8,61,0,0,0,0,0,0,2,2,win,1,1,0,0,0,1,0,-3.6000000000000005,1,2,2022,2021,winter,1,0,0,0,220,0.5789473684210527,2.6,2.2,1.0,1.2,0.6,1.0,2.6,-1.6,2.48,0.72,1.76,0.9263157894736843
2022-02-09,Norwich City,Crystal Palace,1,1,9.1,6.0,83,0.7,23.6,51,0,0,0,0,0,0,2,0,draw,1,1,0,0,0,1,0,-3.0999999999999996,1,2,2022,2021,winter,1,0,0,0,221,0.5815789473684211,1.2,1.0,2.2,-1.2,0.8,1.4,2.0,-0.6,1.14,0.98,0.15999999999999992,0.6164736842105264
2022-02-09,Tottenham Hotspur,Southampton,2,3,9.3,6.3,86,1.3,21.3,53,0,0,0,0,0,0,5,-1,loss,1,1,0,0,1,1,0,-3.000000000000001,1,2,2022,2021,winter,1,0,0,0,222,0.5842105263157895,2.0,1.6,1.0,0.6,1.6,2.0,1.6,0.4,1.88,1.7199999999999998,0.16000000000000014,1.051578947368421
2022-02-10,Liverpool,Leicester City,2,0,5.5,-0.6,71,2.5,35.7,71,0,0,1,0,0,1,2,2,win,1,1,0,1,0,1,0,-6.1,1,2,2022,2021,winter,1,0,0,0,223,0.5868421052631579,1.6,2.0,1.2,0.8,1.4,2.2,2.0,0.2,1.7199999999999998,1.64,0.07999999999999985,0.9858947368421052
2022-02-10,Wolverhampton Wanderers,Arsenal,0,1,4.2,-0.5,75,0.2,24.5,51,0,0,1,0,0,1,1,-1,loss,1,1,0,0,0,1,0,-4.7,1,2,2022,2021,winter,1,0,0,0,224,0.5894736842105263,2.6,1.4,0.4,1.0,2.0,2.4,0.6,1.8,2.2399999999999998,2.12,0.11999999999999966,1.285052631578947
2022-02-12,Brentford,Crystal Palace,0,0,5.2,0.5,77,0.0,28.7,3,0,0,0,0,0,0,0,0,draw,0,1,0,0,0,1,0,-4.7,1,2,2022,2021,winter,1,0,0,0,225,0.5921052631578947,0.0,0.6,2.8,-2.2,1.0,1.6,1.6,0.0,0.18,1.18,-1.0,0.40263157894736834
2022-02-12,Everton,Leeds United,3,0,7.2,2.1,79,2.8,33.1,61,0,0,0,0,0,0,3,3,win,1,1,0,1,0,1,0,-5.1,1,2,2022,2021,winter,1,0,0,0,226,0.5947368421052631,0.2,1.0,2.0,-1.0,1.4,2.0,2.2,-0.2,0.43999999999999995,1.5799999999999998,-1.14,0.6006842105263156
2022-02-12,Manchester United,Southampton,1,1,6.1,0.6,81,11.5,34.6,73,1,0,0,0,0,1,2,0,draw,1,1,0,1,0,1,0,-5.5,1,2,2022,2021,winter,1,0,0,0,227,0.5973684210526315,1.6,1.4,1.0,0.4,1.6,2.0,1.6,0.4,1.5399999999999998,1.7199999999999998,-0.17999999999999994,0.9737105263157894
2022-02-12,Norwich City,Manchester City,0,4,4.7,-1.1,75,0.2,36.2,51,0,0,1,0,0,1,4,-4,loss,1,1,0,1,0,1,0,-5.800000000000001,1,2,2022,2021,winter,1,0,0,0,228,0.6,1.4,1.2,1.4,-0.2,2.6,1.4,0.4,1.0,1.3399999999999999,2.2399999999999998,-0.8999999999999999,1.0739999999999998
2022-02-12,Watford,Brighton,0,2,4.7,-0.3,79,0.0,30.8,3,0,0,1,0,0,1,2,-2,loss,0,1,0,1,0,1,0,-5.0,1,2,2022,2021,winter,1,0,0,0,229,0.6026315789473684,0.4,0.2,1.2,-1.0,1.4,1.4,1.2,0.2,0.33999999999999997,1.4,-1.06,0.5242894736842104
2022-02-13,Burnley,Liverpool,0,1,7.5,3.1,96,10.1,35.3,61,1,0,0,0,0,1,1,-1,loss,1,1,0,1,1,1,0,-4.4,1,2,2022,2021,winter,1,0,0,0,230,0.6052631578947368,0.6,0.6,1.4,-0.8,2.0,2.0,0.8,1.2,0.6,2.0,-1.4,0.7868421052631579
2022-02-13,Leicester City,West Ham United,2,2,8.0,3.0,91,11.4,35.1,61,1,0,0,0,0,1,4,0,draw,1,1,0,1,1,1,0,-5.0,1,2,2022,2021,winter,1,0,0,0,231,0.6078947368421053,0.8,1.4,2.4,-1.0,1.8,1.6,1.2,0.4,0.98,1.74,-0.76,0.8267368421052631
2022-02-13,Newcastle United,Aston Villa,1,0,7.6,4.4,89,6.8,22.4,61,0,0,0,0,0,0,1,1,win,1,1,0,0,1,1,0,-3.1999999999999993,1,2,2022,2021,winter,1,0,0,0,232,0.6105263157894737,1.6,1.2,1.4,-0.2,1.0,1.6,2.0,-0.4,1.48,1.18,0.30000000000000004,0.812
2022-02-13,Tottenham Hotspur,Wolverhampton Wanderers,0,2,7.8,2.8,87,10.5,34.3,61,1,0,0,0,0,1,2,-2,loss,1,1,0,1,1,1,0,-5.0,1,2,2022,2021,winter,1,0,0,0,233,0.6131578947368421,1.4,1.4,1.6,-0.2,2.0,1.2,0.6,0.6,1.4,1.7599999999999998,-0.3599999999999999,0.9687894736842104
2022-02-15,Manchester United,Brighton,2,0,6.2,2.0,83,4.8,28.1,61,0,0,0,0,0,0,2,2,win,1,1,0,0,0,1,0,-4.2,1,2,2022,2021,winter,1,0,0,0,234,0.6157894736842106,1.8,1.6,1.0,0.6,1.8,1.6,1.0,0.6,1.74,1.74,0.0,1.0714736842105264
2022-02-19,Arsenal,Brentford,2,1,5.3,-0.4,71,2.4,40.1,61,0,0,1,0,0,1,3,1,win,1,1,0,1,0,1,0,-5.7,1,2,2022,2021,winter,1,0,0,0,235,0.618421052631579,2.0,2.2,0.6,1.6,0.2,0.4,2.0,-1.6,2.06,0.26,1.8,0.7173684210526317
2022-02-19,Aston Villa,Watford,0,1,3.3,-1.9,81,3.5,35.5,73,0,0,1,0,0,1,1,-1,loss,1,1,0,1,0,1,0,-5.199999999999999,1,2,2022,2021,winter,1,0,0,0,236,0.6210526315789474,1.0,1.4,1.6,-0.2,0.4,0.2,1.4,-1.2,1.1199999999999999,0.33999999999999997,0.7799999999999999,0.4533684210526316
2022-02-19,Brighton,Burnley,0,3,6.5,0.1,73,4.9,51.7,61,0,1,0,0,0,1,3,-3,loss,1,1,0,1,0,1,0,-6.4,1,2,2022,2021,winter,1,0,0,0,237,0.6236842105263158,1.2,1.0,1.0,0.0,0.6,0.4,1.0,-0.6,1.14,0.54,0.5999999999999999,0.5238947368421053
2022-02-19,Crystal Palace,Chelsea,0,1,5.5,-0.3,72,7.6,41.5,63,0,0,1,0,0,1,1,-1,loss,1,1,0,1,0,1,0,-5.8,1,2,2022,2021,winter,1,0,0,0,238,0.6263157894736842,0.6,1.0,1.6,-0.6,1.2,1.2,1.0,0.2,0.72,1.2,-0.48,0.6012631578947367
2022-02-19,Liverpool,Norwich City,3,1,3.9,-1.2,82,6.7,38.4,73,0,0,1,0,0,1,4,2,win,1,1,0,1,0,1,0,-5.1,1,2,2022,2021,winter,1,0,0,0,239,0.6289473684210526,2.6,2.2,0.6,1.6,1.4,1.2,1.6,-0.4,2.48,1.3399999999999999,1.1400000000000001,1.2012894736842104
2022-02-19,Manchester City,Tottenham Hotspur,2,3,2.9,-1.5,87,7.3,31.3,73,0,0,1,0,0,1,5,-1,loss,1,1,0,1,1,1,0,-4.4,1,2,2022,2021,winter,1,0,0,0,240,0.631578947368421,2.6,2.0,0.4,1.6,1.2,1.2,1.8,-0.6,2.42,1.2,1.22,1.1431578947368422
2022-02-19,Southampton,Everton,2,0,6.3,1.1,74,6.9,41.0,63,0,0,0,0,0,0,2,2,win,1,1,0,1,0,1,0,-5.199999999999999,1,2,2022,2021,winter,1,0,0,0,241,0.6342105263157894,1.6,2.0,1.6,0.4,0.6,1.4,1.8,-0.4,1.7199999999999998,0.84,0.8799999999999998,0.8117894736842104
2022-02-19,West Ham United,Newcastle United,1,1,5.5,-0.2,71,4.3,38.6,61,0,0,1,0,0,1,2,0,draw,1,1,0,1,0,1,0,-5.7,1,2,2022,2021,winter,1,0,0,0,242,0.6368421052631579,1.4,1.4,1.2,0.2,2.2,1.4,0.6,0.8,1.4,1.96,-0.56,1.0698947368421052
2022-02-20,Leeds United,Manchester United,2,4,7.9,1.8,84,32.6,41.3,63,1,0,0,0,0,1,6,-2,loss,1,1,0,1,0,1,0,-6.1000000000000005,1,2,2022,2021,winter,1,0,0,0,243,0.6394736842105263,1.4,1.8,2.0,-0.2,2.2,1.6,0.6,1.0,1.52,2.02,-0.5,1.1318684210526315
2022-02-20,Wolverhampton Wanderers,Leicester City,2,1,8.3,2.8,85,13.9,40.5,63,1,0,0,0,0,1,3,1,win,1,1,0,1,1,1,0,-5.500000000000001,1,2,2022,2021,winter,1,0,0,0,244,0.6421052631578947,2.4,1.6,0.6,1.0,1.0,1.2,1.6,-0.4,2.16,1.06,1.1,1.0337894736842106
2022-02-23,Burnley,Tottenham Hotspur,1,0,6.4,0.6,84,9.6,34.4,63,0,0,0,0,0,0,1,1,win,1,1,0,1,0,1,0,-5.800000000000001,1,2,2022,2021,winter,1,0,0,0,245,0.6447368421052632,1.2,0.8,0.4,0.4,1.2,1.6,2.2,-0.6,1.08,1.3199999999999998,-0.23999999999999977,0.7736842105263158
2022-02-23,Liverpool,Leeds United,6,0,7.5,2.5,78,3.3,32.6,61,0,0,0,0,0,0,6,6,win,1,1,0,1,0,1,0,-5.0,1,2,2022,2021,winter,1,0,0,0,246,0.6473684210526316,3.0,2.4,0.4,2.0,0.8,1.6,2.6,-1.0,2.8199999999999994,1.04,1.7799999999999994,1.2494210526315788
2022-02-23,Watford,Crystal Palace,1,4,6.2,1.9,84,0.3,31.1,51,0,0,0,0,0,0,5,-3,loss,1,1,0,1,0,1,0,-4.300000000000001,1,2,2022,2021,winter,1,0,0,0,247,0.65,0.8,0.2,1.2,-1.0,0.6,0.6,1.2,-0.6,0.6199999999999999,0.6,0.019999999999999907,0.3964999999999999
2022-02-24,Arsenal,Wolverhampton Wanderers,2,1,5.9,0.2,72,3.7,32.4,63,0,0,0,0,0,0,3,1,win,1,1,0,1,0,1,0,-5.7,1,2,2022,2021,winter,1,0,0,0,248,0.6526315789473685,2.0,1.8,0.6,1.2,2.4,1.8,0.8,1.0,1.94,2.2199999999999998,-0.2799999999999998,1.3574736842105264
2022-02-25,Southampton,Norwich City,2,0,5.7,1.6,73,0.0,23.0,1,0,0,0,0,0,0,2,2,win,0,1,0,0,0,1,0,-4.1,1,2,2022,2021,winter,1,0,0,0,249,0.6552631578947369,1.6,1.6,1.4,0.2,1.4,1.4,1.8,-0.4,1.5999999999999999,1.4,0.19999999999999996,0.9828947368421053
2022-02-26,Brentford,Newcastle United,0,2,4.6,0.7,78,0.0,22.3,3,0,0,0,0,0,0,2,-2,loss,0,1,0,0,0,1,0,-3.8999999999999995,1,2,2022,2021,winter,1,0,0,0,250,0.6578947368421053,0.2,0.6,1.8,-1.2,2.2,1.4,0.6,0.8,0.31999999999999995,1.96,-1.6400000000000001,0.75
2022-02-26,Brighton,Aston Villa,0,2,6.4,2.2,76,0.0,26.2,3,0,0,0,0,0,0,2,-2,loss,0,1,0,0,0,1,0,-4.2,1,2,2022,2021,winter,1,0,0,0,251,0.6605263157894737,1.0,0.8,1.4,-0.6,1.0,1.2,1.4,-0.2,0.94,1.06,-0.1200000000000001,0.6605263157894737
2022-02-26,Crystal Palace,Burnley,1,1,5.1,1.0,76,0.0,21.6,3,0,0,0,0,0,0,2,0,draw,0,1,0,0,0,1,0,-4.1,1,2,2022,2021,winter,1,0,0,0,252,0.6631578947368421,1.0,1.2,1.2,0.0,1.6,1.0,0.4,0.6,1.06,1.42,-0.3599999999999999,0.8223157894736841
2022-02-26,Everton,Manchester City,0,1,6.1,0.8,75,0.0,33.4,3,0,0,0,0,0,0,1,-1,loss,0,1,0,1,0,1,0,-5.3,1,2,2022,2021,winter,1,0,0,0,253,0.6657894736842105,0.6,1.0,1.6,-0.6,2.0,2.0,0.8,1.2,0.72,2.0,-1.28,0.9054736842105262
2022-02-26,Leeds United,Tottenham Hotspur,0,4,5.7,1.5,76,0.0,25.6,3,0,0,0,0,0,0,4,-4,loss,0,1,0,0,0,1,0,-4.2,1,2,2022,2021,winter,1,0,0,0,254,0.6684210526315789,0.2,1.0,3.4,-2.4,0.6,1.0,2.0,-1.0,0.43999999999999995,0.72,-0.28,0.38768421052631574
2022-02-26,Manchester United,Watford,0,0,5.9,1.5,74,0.0,29.3,3,0,0,0,0,0,0,0,0,draw,0,1,0,0,0,1,0,-4.4,1,2,2022,2021,winter,1,0,0,0,255,0.6710526315789473,2.2,1.8,0.8,1.0,0.8,0.4,1.4,-1.0,2.08,0.6799999999999999,1.4000000000000001,0.9260526315789472
2022-02-27,West Ham United,Wolverhampton Wanderers,1,0,5.2,0.6,70,0.0,20.1,2,0,0,0,0,0,0,1,1,win,0,1,0,0,0,1,0,-4.6000000000000005,1,2,2022,2021,winter,1,0,0,0,256,0.6736842105263158,1.0,1.2,1.4,-0.2,1.8,1.4,1.0,0.4,1.06,1.68,-0.6199999999999999,0.9229473684210526
2022-03-01,Burnley,Leicester City,0,2,3.8,0.0,86,0.0,20.6,3,0,0,1,0,0,1,2,-2,loss,0,1,0,0,1,1,0,-3.8,1,3,2022,2021,spring,0,1,0,0,257,0.6763157894736842,1.6,1.2,0.6,0.6,0.4,1.2,2.0,-0.8,1.48,0.6399999999999999,0.8400000000000001,0.7168947368421053
2022-03-05,Aston Villa,Southampton,4,0,4.2,-0.8,77,0.2,27.8,51,0,0,1,0,0,1,4,4,win,1,1,0,0,0,1,0,-5.0,1,3,2022,2021,spring,0,1,0,0,258,0.6789473684210526,1.4,1.2,1.0,0.2,2.2,1.8,0.8,1.0,1.3399999999999999,2.08,-0.7400000000000002,1.161
2022-03-05,Burnley,Chelsea,0,4,3.2,-1.0,80,0.0,25.8,2,0,0,1,0,0,1,4,-4,loss,0,1,0,0,0,1,0,-4.2,1,3,2022,2021,spring,0,1,0,0,259,0.6815789473684211,1.4,1.0,0.8,0.2,1.6,1.2,0.8,0.4,1.2799999999999998,1.48,-0.20000000000000018,0.940578947368421
2022-03-05,Leicester City,Leeds United,1,0,4.6,-0.6,81,1.0,32.8,51,0,0,1,0,0,1,1,1,win,1,1,0,1,0,1,0,-5.199999999999999,1,3,2022,2021,spring,0,1,0,0,260,0.6842105263157895,1.0,1.2,1.4,-0.2,0.2,1.0,4.0,-3.0,1.06,0.43999999999999995,0.6200000000000001,0.5131578947368421
2022-03-05,Liverpool,West Ham United,1,0,4.3,0.3,77,0.8,20.0,51,0,0,0,0,0,0,1,1,win,1,1,0,0,0,1,0,-4.0,1,3,2022,2021,spring,0,1,0,0,261,0.6868421052631579,3.0,3.0,0.4,2.6,1.6,1.0,0.8,0.2,2.9999999999999996,1.42,1.5799999999999996,1.517921052631579
2022-03-05,Newcastle United,Brighton,2,1,4.0,-0.3,81,1.0,28.4,51,0,0,1,0,0,1,3,1,win,1,1,0,0,0,1,0,-4.3,1,3,2022,2021,spring,0,1,0,0,262,0.6894736842105263,2.6,1.6,0.4,1.2,0.8,0.6,1.6,-1.0,2.3,0.74,1.5599999999999998,1.048
2022-03-05,Norwich City,Brentford,1,3,5.0,1.0,88,6.9,18.7,55,0,0,0,0,0,0,4,-2,loss,1,1,0,0,1,1,0,-4.0,1,3,2022,2021,spring,0,1,0,0,263,0.6921052631578948,0.8,1.0,2.0,-1.0,0.2,0.4,1.6,-1.2,0.8599999999999999,0.26,0.5999999999999999,0.387578947368421
2022-03-05,Wolverhampton Wanderers,Crystal Palace,0,2,3.9,-0.6,77,0.3,24.4,51,0,0,1,0,0,1,2,-2,loss,1,1,0,0,0,1,0,-4.5,1,3,2022,2021,spring,0,1,0,0,264,0.6947368421052632,1.2,1.0,1.0,0.0,1.2,1.2,0.8,0.4,1.14,1.2,-0.06000000000000005,0.8128421052631579
2022-03-06,Manchester City,Manchester United,4,1,4.0,0.4,76,0.0,19.5,2,0,0,0,0,0,0,5,3,win,0,1,0,0,0,1,0,-3.6,1,3,2022,2021,spring,0,1,0,0,265,0.6973684210526315,2.0,2.0,0.8,1.2,1.8,1.6,0.8,0.8,2.0,1.74,0.26,1.3040789473684211
2022-03-06,Watford,Arsenal,2,3,3.9,-1.0,74,0.0,26.7,3,0,0,1,0,0,1,5,-1,loss,0,1,0,0,0,1,0,-4.9,1,3,2022,2021,spring,0,1,0,0,266,0.7,0.8,0.4,1.4,-1.0,2.0,1.2,0.8,0.4,0.6799999999999999,1.7599999999999998,-1.0799999999999998,0.8539999999999998
2022-03-07,Tottenham Hotspur,Everton,5,0,4.2,-0.7,71,0.0,23.1,3,0,0,1,0,0,1,5,5,win,0,1,0,0,0,1,0,-4.9,1,3,2022,2021,spring,0,1,0,0,267,0.7026315789473684,1.2,1.8,1.6,0.2,0.6,0.8,1.4,-0.6,1.38,0.6599999999999999,0.72,0.7166842105263158
2022-03-10,Leeds United,Aston Villa,0,3,10.3,6.5,78,0.1,30.8,51,0,0,0,0,0,0,3,-3,loss,1,0,0,1,0,1,0,-3.8000000000000007,1,3,2022,2021,spring,0,1,0,0,268,0.7052631578947368,0.0,0.4,3.6,-3.2,1.4,1.8,1.0,0.8,0.12,1.52,-1.4,0.5783157894736842
2022-03-10,Norwich City,Chelsea,1,3,9.3,5.6,76,0.0,20.7,3,0,0,0,0,0,0,4,-2,loss,0,1,0,0,0,1,0,-3.700000000000001,1,3,2022,2021,spring,0,1,0,0,269,0.7078947368421052,0.2,0.6,2.6,-2.0,2.0,1.6,0.4,1.2,0.31999999999999995,1.88,-1.56,0.7786842105263156
2022-03-10,Southampton,Newcastle United,1,2,10.6,7.3,80,0.4,24.1,51,0,0,0,0,0,0,3,-1,loss,1,0,0,0,0,1,0,-3.3,1,3,2022,2021,spring,0,1,0,0,270,0.7105263157894737,2.0,1.6,1.4,0.2,2.6,1.8,0.6,1.2,1.88,2.36,-0.48,1.5063157894736843
2022-03-10,Wolverhampton Wanderers,Watford,4,0,10.0,5.8,78,1.2,31.8,51,0,0,0,0,0,0,4,4,win,1,0,0,1,0,1,0,-4.2,1,3,2022,2021,spring,0,1,0,0,271,0.7131578947368421,1.2,1.0,1.2,-0.2,0.8,0.8,1.8,-1.0,1.14,0.7999999999999999,0.33999999999999997,0.6917631578947369
2022-03-12,Brentford,Burnley,2,0,9.0,4.6,78,1.6,28.3,61,0,0,0,0,0,0,2,2,win,1,1,0,0,0,1,0,-4.4,1,3,2022,2021,spring,0,1,0,0,272,0.7157894736842105,0.8,0.8,1.4,-0.6,1.4,1.0,1.4,-0.4,0.7999999999999999,1.2799999999999998,-0.47999999999999987,0.7444210526315789
2022-03-12,Brighton,Liverpool,0,2,8.8,3.7,82,8.0,32.7,61,0,0,0,0,0,0,2,-2,loss,1,1,0,1,0,1,0,-5.1000000000000005,1,3,2022,2021,spring,0,1,0,0,273,0.718421052631579,0.6,0.6,1.8,-1.2,3.0,2.6,0.2,2.4,0.6,2.88,-2.28,1.2500526315789473
2022-03-12,Manchester United,Tottenham Hotspur,3,2,9.0,4.2,72,4.6,29.0,61,0,0,0,0,0,0,5,1,win,1,1,0,0,0,1,0,-4.8,1,3,2022,2021,spring,0,1,0,0,274,0.7210526315789474,1.6,1.6,1.4,0.2,1.8,2.4,1.0,1.4,1.5999999999999999,1.98,-0.3800000000000001,1.2906842105263159
2022-03-13,Arsenal,Leicester City,2,0,8.3,4.8,84,1.8,24.6,51,0,0,0,0,0,0,2,2,win,1,1,0,0,0,1,0,-3.500000000000001,1,3,2022,2021,spring,0,1,0,0,275,0.7236842105263158,2.6,1.6,0.8,0.8,1.4,1.2,1.2,0.0,2.3,1.3399999999999999,0.96,1.3171052631578948
2022-03-13,Chelsea,Newcastle United,1,0,8.3,4.8,84,1.7,23.9,51,0,0,0,0,0,0,1,1,win,1,1,0,0,0,1,0,-3.500000000000001,1,3,2022,2021,spring,0,1,0,0,276,0.7263157894736842,2.6,2.2,0.4,1.8,2.6,1.6,0.6,1.0,2.48,2.3,0.18000000000000016,1.7358947368421052
2022-03-13,Everton,Wolverhampton Wanderers,0,1,8.9,3.8,75,1.6,38.2,53,0,0,0,0,0,0,1,-1,loss,1,1,0,1,0,1,0,-5.1000000000000005,1,3,2022,2021,spring,0,1,0,0,277,0.7289473684210527,0.6,0.8,2.2,-1.4,1.2,1.4,1.2,0.2,0.6599999999999999,1.26,-0.6000000000000001,0.6997894736842105
2022-03-13,Leeds United,Norwich City,2,1,8.6,4.3,76,2.3,30.1,53,0,0,0,0,0,0,3,1,win,1,1,0,1,0,1,0,-4.3,1,3,2022,2021,spring,0,1,0,0,278,0.7315789473684211,0.0,0.4,3.6,-3.2,0.0,0.6,3.0,-2.4,0.12,0.18,-0.06,0.10973684210526316
2022-03-13,Southampton,Watford,1,2,8.7,5.0,83,6.8,26.3,61,0,0,0,0,0,0,3,-1,loss,1,1,0,0,0,1,0,-3.6999999999999993,1,3,2022,2021,spring,0,1,0,0,279,0.7342105263157894,1.4,1.2,1.4,-0.2,0.8,0.8,2.2,-1.4,1.3399999999999999,0.7999999999999999,0.5399999999999999,0.7856052631578946
2022-03-13,West Ham United,Aston Villa,2,1,8.4,5.1,84,1.7,22.7,53,0,0,0,0,0,0,3,1,win,1,1,0,0,0,1,0,-3.3000000000000007,1,3,2022,2021,spring,0,1,0,0,280,0.7368421052631579,1.6,1.0,0.8,0.2,1.8,1.8,0.4,1.4,1.42,1.8,-0.3800000000000001,1.186315789473684
2022-03-14,Crystal Palace,Manchester City,0,0,7.5,4.9,86,1.4,15.3,55,0,0,0,0,0,0,0,0,draw,1,1,0,0,1,1,0,-2.5999999999999996,1,3,2022,2021,spring,0,1,0,0,281,0.7394736842105263,1.6,1.4,0.6,0.8,2.4,2.6,0.8,1.8,1.5399999999999998,2.46,-0.9200000000000002,1.4789473684210526
2022-03-16,Arsenal,Liverpool,0,2,9.3,6.8,90,11.9,22.3,63,1,0,0,0,0,1,2,-2,loss,1,1,0,0,1,1,0,-2.500000000000001,1,3,2022,2021,spring,0,1,0,0,282,0.7421052631578947,3.0,2.0,0.8,1.2,3.0,2.6,0.2,2.4,2.6999999999999997,2.88,-0.18000000000000016,2.0704736842105262
2022-03-16,Brighton,Tottenham Hotspur,0,2,9.4,6.6,93,7.7,22.2,61,0,0,0,0,0,0,2,-2,loss,1,1,0,0,1,1,0,-2.8000000000000007,1,3,2022,2021,spring,0,1,0,0,283,0.7447368421052631,0.0,0.2,2.2,-2.0,1.8,2.8,1.2,1.6,0.06,2.1,-2.04,0.8043157894736842
2022-03-17,Everton,Newcastle United,1,0,7.9,4.3,81,0.0,30.2,3,0,0,0,0,0,0,1,1,win,0,1,0,1,0,1,0,-3.6000000000000005,1,3,2022,2021,spring,0,1,0,0,284,0.7473684210526316,0.6,0.6,1.8,-1.2,2.0,1.4,0.8,0.6,0.6,1.8199999999999998,-1.2199999999999998,0.9043157894736842
2022-03-18,Wolverhampton Wanderers,Leeds United,2,3,9.1,6.6,81,0.0,16.7,3,0,0,0,0,0,0,5,-1,loss,0,1,0,0,0,1,0,-2.5,1,3,2022,2021,spring,0,1,0,0,285,0.75,1.2,1.2,1.0,0.2,0.6,0.4,3.0,-2.6,1.2,0.54,0.6599999999999999,0.6525
2022-03-19,Aston Villa,Arsenal,0,1,8.1,3.6,70,0.0,24.3,0,0,0,0,0,0,0,1,-1,loss,0,1,0,0,0,1,0,-4.5,1,3,2022,2021,spring,0,1,0,0,286,0.7526315789473684,1.8,2.0,0.6,1.4,2.4,1.8,1.2,0.6,1.8599999999999999,2.2199999999999998,-0.3599999999999999,1.5353684210526317
2022-03-20,Leicester City,Brentford,2,1,5.6,1.9,72,0.0,19.6,3,0,0,0,0,0,0,3,1,win,0,1,0,0,0,1,0,-3.6999999999999997,1,3,2022,2021,spring,0,1,0,0,287,0.7552631578947369,1.4,1.2,1.2,0.0,1.4,1.2,1.0,0.2,1.3399999999999999,1.3399999999999999,0.0,1.0120526315789473
2022-03-20,Tottenham Hotspur,West Ham United,3,1,6.7,3.1,64,0.0,22.0,2,0,0,0,0,0,0,4,2,win,0,1,0,0,0,1,0,-3.6,1,3,2022,2021,spring,0,1,0,0,288,0.7578947368421053,1.8,2.6,0.8,1.8,1.6,1.2,1.0,0.2,2.04,1.48,0.56,1.3338947368421052
2022-04-02,Brighton,Norwich City,0,0,3.5,-1.0,66,0.8,18.4,51,0,0,1,0,0,1,0,0,draw,1,1,0,0,0,1,0,-4.5,1,4,2022,2021,spring,0,1,0,0,289,0.7605263157894737,0.0,0.2,2.2,-2.0,0.0,0.8,2.6,-1.8,0.06,0.24,-0.18,0.11407894736842106
2022-04-02,Burnley,Manchester City,0,2,2.8,-0.6,76,0.6,12.0,51,0,0,1,0,0,1,2,-2,loss,1,1,0,0,0,1,0,-3.4,1,4,2022,2021,spring,0,1,0,0,290,0.7631578947368421,0.8,0.4,1.8,-1.4,2.0,2.2,0.8,1.4,0.6799999999999999,2.06,-1.3800000000000001,1.0455263157894739
2022-04-02,Chelsea,Brentford,1,4,3.2,-0.6,76,0.8,15.0,71,0,0,1,0,0,1,5,-3,loss,1,1,0,0,0,1,0,-3.8000000000000003,1,4,2022,2021,spring,0,1,0,0,291,0.7657894736842106,3.0,2.2,0.2,2.0,1.2,1.4,1.4,0.0,2.76,1.26,1.4999999999999998,1.5392368421052631
2022-04-02,Leeds United,Southampton,1,1,3.0,-0.4,77,1.4,13.8,53,0,0,1,0,0,1,2,0,draw,1,1,0,0,0,1,0,-3.4,1,4,2022,2021,spring,0,1,0,0,292,0.7684210526315789,1.2,1.0,2.2,-1.2,1.2,1.2,1.6,-0.4,1.14,1.2,-0.06000000000000005,0.8990526315789472
2022-04-02,Liverpool,Watford,2,0,4.1,0.9,77,0.5,10.4,51,0,0,0,0,0,0,2,2,win,1,1,0,0,0,1,0,-3.1999999999999997,1,4,2022,2021,spring,0,1,0,0,293,0.7710526315789473,3.0,2.8,0.2,2.6,0.8,1.0,2.4,-1.4,2.9399999999999995,0.8599999999999999,2.0799999999999996,1.4649999999999996
2022-04-02,Manchester United,Leicester City,1,1,3.3,0.2,76,0.3,11.7,51,0,0,0,0,0,0,2,0,draw,1,1,0,0,0,1,0,-3.0999999999999996,1,4,2022,2021,spring,0,1,0,0,294,0.7736842105263158,2.0,2.0,1.6,0.4,1.8,1.2,1.0,0.2,2.0,1.62,0.3799999999999999,1.4003684210526315
2022-04-02,Wolverhampton Wanderers,Aston Villa,2,1,2.4,-0.9,78,0.4,10.9,51,0,0,1,0,0,1,3,1,win,1,1,0,0,0,1,0,-3.3,1,4,2022,2021,spring,0,1,0,0,295,0.7763157894736842,1.2,1.4,1.2,0.2,1.8,2.0,0.6,1.4,1.26,1.8599999999999999,-0.5999999999999999,1.2110526315789474
2022-04-03,Tottenham Hotspur,Newcastle United,5,1,4.1,0.3,68,0.1,15.9,51,0,0,0,0,0,0,6,4,win,1,1,0,0,0,1,0,-3.8,1,4,2022,2021,spring,0,1,0,0,296,0.7789473684210526,2.4,3.2,0.8,2.4,1.8,1.2,0.8,0.4,2.6399999999999997,1.62,1.0199999999999996,1.659157894736842
2022-04-03,West Ham United,Everton,2,1,4.2,0.4,68,0.1,16.3,51,0,0,0,0,0,0,3,1,win,1,1,0,0,0,1,0,-3.8000000000000003,1,4,2022,2021,spring,0,1,0,0,297,0.781578947368421,1.4,1.0,1.2,-0.2,0.6,0.2,1.8,-1.6,1.2799999999999998,0.48,0.7999999999999998,0.6877894736842104
2022-04-04,Crystal Palace,Arsenal,3,0,8.9,4.7,82,4.1,29.2,71,0,0,0,0,0,0,3,3,win,1,1,0,0,0,1,0,-4.2,1,4,2022,2021,spring,0,1,0,0,298,0.7842105263157895,1.6,1.4,0.6,0.8,2.4,1.6,1.0,0.6,1.5399999999999998,2.16,-0.6200000000000003,1.4507894736842106
2022-04-06,Burnley,Everton,3,2,7.6,2.3,87,15.5,34.7,71,1,0,0,0,0,1,5,1,win,1,1,0,1,1,1,0,-5.3,1,4,2022,2021,spring,0,1,0,0,299,0.7868421052631579,0.2,0.2,2.2,-2.0,0.6,0.4,1.8,-1.4,0.19999999999999998,0.54,-0.3400000000000001,0.2911315789473684
2022-04-08,Newcastle United,Wolverhampton Wanderers,1,0,4.1,-0.2,69,0.7,20.7,71,0,0,1,0,0,1,1,1,win,1,1,0,0,0,1,0,-4.3,1,4,2022,2021,spring,0,1,0,0,300,0.7894736842105263,1.2,1.0,1.8,-0.8,1.8,1.8,1.2,0.6,1.14,1.8,-0.6600000000000001,1.1605263157894736
2022-04-09,Arsenal,Brighton,1,2,5.9,2.2,70,1.2,17.8,71,0,0,0,0,0,0,3,-1,loss,1,1,0,0,0,1,0,-3.7,1,4,2022,2021,spring,0,1,0,0,301,0.7921052631578948,1.8,1.2,1.4,-0.2,0.2,0.2,1.6,-1.4,1.62,0.19999999999999998,1.4200000000000002,0.7208157894736843
2022-04-09,Aston Villa,Tottenham Hotspur,0,4,4.5,0.1,71,0.9,21.3,51,0,0,0,0,0,0,4,-4,loss,1,1,0,0,0,1,0,-4.4,1,4,2022,2021,spring,0,1,0,0,302,0.7947368421052632,1.2,1.8,1.0,0.8,2.4,3.4,1.0,2.4,1.38,2.7,-1.3200000000000003,1.621263157894737
2022-04-09,Everton,Manchester United,1,0,5.9,1.3,69,0.5,24.3,51,0,0,0,0,0,0,1,1,win,1,1,0,0,0,1,0,-4.6000000000000005,1,4,2022,2021,spring,0,1,0,0,303,0.7973684210526316,0.6,0.8,2.2,-1.4,1.6,1.8,1.8,0.0,0.6599999999999999,1.66,-1.0,0.9249473684210526
2022-04-09,Southampton,Chelsea,0,6,5.7,1.9,70,0.0,16.1,3,0,0,0,0,0,0,6,-6,loss,0,1,0,0,0,1,0,-3.8000000000000003,1,4,2022,2021,spring,0,1,0,0,304,0.8,0.8,1.0,1.8,-0.8,2.4,2.0,1.0,1.0,0.8599999999999999,2.28,-1.42,1.256
2022-04-09,Watford,Leeds United,0,3,5.2,1.5,72,0.9,17.7,53,0,0,0,0,0,0,3,-3,loss,1,1,0,0,0,1,0,-3.7,1,4,2022,2021,spring,0,1,0,0,305,0.8026315789473685,0.8,0.8,2.0,-1.2,1.4,1.2,1.6,-0.4,0.7999999999999999,1.3399999999999999,-0.5399999999999999,0.8588157894736841
2022-04-10,Brentford,West Ham United,2,0,7.2,4.0,67,0.0,16.4,3,0,0,0,0,0,0,2,2,win,0,1,0,0,0,1,0,-3.2,1,4,2022,2021,spring,0,1,0,0,306,0.8052631578947368,1.8,2.0,1.2,0.8,1.8,1.2,1.2,0.0,1.8599999999999999,1.62,0.23999999999999977,1.401157894736842
2022-04-10,Leicester City,Crystal Palace,2,1,5.6,2.2,72,0.1,14.1,51,0,0,0,0,0,0,3,1,win,1,1,0,0,0,1,0,-3.3999999999999995,1,4,2022,2021,spring,0,1,0,0,307,0.8078947368421052,2.0,1.2,0.8,0.4,2.2,2.0,0.4,1.6,1.7599999999999998,2.14,-0.38000000000000034,1.575394736842105
2022-04-10,Manchester City,Liverpool,2,2,5.6,2.4,70,0.1,12.2,51,0,0,0,0,0,0,4,0,draw,1,1,0,0,0,1,0,-3.1999999999999997,1,4,2022,2021,spring,0,1,0,0,308,0.8105263157894737,2.0,1.8,0.8,1.0,3.0,2.6,0.0,2.6,1.94,2.88,-0.94,1.9533684210526316
2022-04-10,Norwich City,Burnley,2,0,6.2,2.8,72,0.0,16.0,3,0,0,0,0,0,0,2,2,win,0,1,0,0,0,1,0,-3.4000000000000004,1,4,2022,2021,spring,0,1,0,0,309,0.8131578947368421,0.2,0.6,2.0,-1.4,0.6,0.6,2.4,-1.8,0.31999999999999995,0.6,-0.28,0.3740526315789473
2022-04-16,Manchester United,Norwich City,3,2,13.8,12.0,77,0.0,20.8,3,0,0,0,0,0,0,5,1,win,0,0,0,0,0,0,0,-1.8000000000000007,1,4,2022,2021,spring,0,1,0,0,310,0.8157894736842105,1.0,1.0,1.6,-0.6,0.8,1.0,1.6,-0.6,1.0,0.8599999999999999,0.14000000000000012,0.7586842105263157
2022-04-16,Southampton,Arsenal,1,0,11.7,9.9,78,0.0,15.3,3,0,0,0,0,0,0,1,1,win,0,0,0,0,0,1,0,-1.799999999999999,1,4,2022,2021,spring,0,1,0,0,311,0.8184210526315789,0.2,0.6,3.0,-2.4,1.2,0.8,1.4,-0.6,0.31999999999999995,1.08,-0.7600000000000001,0.5728947368421052
2022-04-16,Tottenham Hotspur,Brighton,0,1,11.6,9.5,77,0.0,14.2,3,0,0,0,0,0,0,1,-1,loss,0,0,0,0,0,1,0,-2.0999999999999996,1,4,2022,2021,spring,0,1,0,0,312,0.8210526315789474,2.4,3.2,1.0,2.2,0.8,0.6,1.4,-0.8,2.6399999999999997,0.74,1.8999999999999997,1.387578947368421
2022-04-16,Watford,Brentford,1,2,11.9,10.0,77,0.0,13.2,3,0,0,0,0,0,0,3,-1,loss,0,0,0,0,0,0,0,-1.9000000000000004,1,4,2022,2021,spring,0,1,0,0,313,0.8236842105263158,0.6,0.8,2.6,-1.8,2.4,2.4,0.8,1.6,0.6599999999999999,2.4,-1.74,1.260236842105263
2022-04-17,Newcastle United,Leicester City,2,1,13.2,10.7,74,0.0,18.7,3,0,0,0,0,0,0,3,1,win,0,0,0,0,0,0,0,-2.5,1,4,2022,2021,spring,0,1,0,0,314,0.8263157894736842,1.2,0.8,1.6,-0.8,2.0,1.2,1.0,0.2,1.08,1.7599999999999998,-0.6799999999999997,1.1733684210526316
2022-04-17,West Ham United,Burnley,1,1,11.9,9.1,64,0.0,16.9,3,0,0,0,0,0,0,2,0,draw,0,0,0,0,0,1,0,-2.8000000000000007,1,4,2022,2021,spring,0,1,0,0,315,0.8289473684210527,1.2,1.0,1.6,-0.6,0.6,0.6,2.4,-1.8,1.14,0.6,0.5399999999999999,0.7211842105263158
2022-04-19,Liverpool,Manchester United,4,0,8.2,5.8,81,0.6,15.8,51,0,0,0,0,0,0,4,4,win,1,1,0,0,0,1,0,-2.3999999999999995,1,4,2022,2021,spring,0,1,0,0,316,0.8315789473684211,2.6,1.8,0.4,1.4,1.4,1.6,2.0,-0.4,2.36,1.46,0.8999999999999999,1.5883157894736841
2022-04-20,Chelsea,Arsenal,2,4,11.3,7.7,64,0.0,23.2,3,0,0,0,0,0,0,6,-2,loss,0,0,0,0,0,1,0,-3.6000000000000005,1,4,2022,2021,spring,0,1,0,0,317,0.8342105263157895,2.4,3.0,1.0,2.0,0.6,0.4,1.6,-1.2,2.58,0.54,2.04,1.3013684210526317
2022-04-20,Everton,Leicester City,1,1,10.6,7.7,69,0.0,18.5,3,0,0,0,0,0,0,2,0,draw,0,0,0,0,0,1,0,-2.8999999999999995,1,4,2022,2021,spring,0,1,0,0,318,0.8368421052631579,1.2,1.0,1.2,-0.2,1.4,1.2,1.4,-0.2,1.14,1.3399999999999999,-0.19999999999999996,1.0376842105263158
2022-04-20,Manchester City,Brighton,3,0,10.9,7.6,64,0.0,18.9,3,0,0,0,0,0,0,3,3,win,0,0,0,0,0,1,0,-3.3000000000000007,1,4,2022,2021,spring,0,1,0,0,319,0.8394736842105263,2.2,1.8,0.6,1.2,1.4,0.6,1.0,-0.4,2.08,1.16,0.9200000000000002,1.3599473684210526
2022-04-20,Newcastle United,Crystal Palace,1,0,7.8,5.6,84,0.0,15.1,3,0,0,0,0,0,0,1,1,win,0,1,0,0,0,1,0,-2.2,1,4,2022,2021,spring,0,1,0,0,320,0.8421052631578947,1.2,0.8,1.6,-0.8,1.6,1.4,0.6,0.8,1.08,1.5399999999999998,-0.45999999999999974,1.1031578947368421
2022-04-21,Burnley,Southampton,2,0,9.5,5.2,71,0.0,25.0,3,0,0,0,0,0,0,2,2,win,0,1,0,0,0,1,0,-4.3,1,4,2022,2021,spring,0,1,0,0,321,0.8447368421052631,0.8,0.8,1.8,-1.0,0.8,0.8,2.2,-1.4,0.7999999999999999,0.7999999999999999,0.0,0.6757894736842104
2022-04-23,Arsenal,Manchester United,3,1,12.5,8.2,70,0.3,30.8,51,0,0,0,0,0,0,4,2,win,1,0,0,1,0,1,0,-4.300000000000001,1,4,2022,2021,spring,0,1,0,0,322,0.8473684210526315,1.2,1.2,1.6,-0.4,1.4,1.4,2.0,-0.6,1.2,1.4,-0.19999999999999996,1.1015789473684208
2022-04-23,Brentford,Tottenham Hotspur,0,0,12.6,8.5,69,0.0,30.6,3,0,0,0,0,0,0,0,0,draw,0,0,0,1,0,1,0,-4.1,1,4,2022,2021,spring,0,1,0,0,323,0.85,2.4,2.2,0.8,1.4,2.4,2.8,0.6,2.2,2.34,2.52,-0.18000000000000016,2.0654999999999997
2022-04-23,Leicester City,Aston Villa,0,0,10.3,5.6,78,0.8,33.8,51,0,0,0,0,0,0,0,0,draw,1,0,0,1,0,1,0,-4.700000000000001,1,4,2022,2021,spring,0,1,0,0,324,0.8526315789473684,1.6,1.4,1.2,0.2,0.6,1.0,1.8,-0.8,1.5399999999999998,0.72,0.8199999999999998,0.9634736842105263
2022-04-23,Manchester City,Watford,5,1,10.8,5.8,71,0.4,34.9,51,0,0,0,0,0,0,6,4,win,1,0,0,1,0,1,0,-5.000000000000001,1,4,2022,2021,spring,0,1,0,0,325,0.8552631578947368,2.2,2.2,0.6,1.6,0.6,0.6,2.4,-1.8,2.2,0.6,1.6,1.1973684210526316
2022-04-23,Norwich City,Newcastle United,0,3,11.3,7.2,75,0.0,29.7,3,0,0,0,0,0,0,3,-3,loss,0,0,0,0,0,1,0,-4.1000000000000005,1,4,2022,2021,spring,0,1,0,0,326,0.8578947368421053,0.8,1.2,1.6,-0.4,1.8,1.0,1.4,-0.4,0.9199999999999999,1.56,-0.6400000000000001,1.0637894736842106
2022-04-24,Brighton,Southampton,2,2,12.2,8.3,65,1.3,24.5,61,0,0,0,0,0,0,4,0,draw,1,0,0,0,0,1,0,-3.8999999999999986,1,4,2022,2021,spring,0,1,0,0,327,0.8605263157894737,1.4,0.6,1.2,-0.6,0.8,0.6,2.2,-1.6,1.16,0.74,0.41999999999999993,0.8175
2022-04-24,Burnley,Wolverhampton Wanderers,1,0,8.8,4.3,78,0.0,31.6,3,0,0,0,0,0,0,1,1,win,0,1,0,1,0,1,0,-4.500000000000001,1,4,2022,2021,spring,0,1,0,0,328,0.8631578947368421,1.4,1.2,1.4,-0.2,1.8,1.8,1.0,0.8,1.3399999999999999,1.8,-0.4600000000000002,1.355157894736842
2022-04-24,Chelsea,West Ham United,1,0,12.5,8.6,61,0.0,23.9,3,0,0,0,0,0,0,1,1,win,0,0,0,0,0,1,0,-3.9000000000000004,1,4,2022,2021,spring,0,1,0,0,329,0.8657894736842106,1.8,2.6,1.8,0.8,1.4,1.2,1.6,-0.4,2.04,1.3399999999999999,0.7000000000000002,1.4631842105263158
2022-04-24,Liverpool,Everton,2,0,10.5,6.6,67,0.0,25.5,3,0,0,0,0,0,0,2,2,win,0,0,0,0,0,1,0,-3.9000000000000004,1,4,2022,2021,spring,0,1,0,0,330,0.868421052631579,2.6,2.4,0.4,2.0,1.4,1.2,1.2,0.0,2.54,1.3399999999999999,1.2000000000000002,1.684736842105263
2022-04-25,Crystal Palace,Leeds United,0,0,9.3,6.0,74,0.6,22.4,51,0,0,0,0,0,0,0,0,draw,1,1,0,0,0,1,0,-3.3000000000000007,1,4,2022,2021,spring,0,1,0,0,331,0.8710526315789474,1.4,1.2,0.6,0.6,2.0,1.8,1.4,0.4,1.3399999999999999,1.94,-0.6000000000000001,1.4285263157894736
2022-04-28,Manchester United,Chelsea,1,1,7.8,4.8,69,0.4,12.1,51,0,0,0,0,0,0,2,0,draw,1,1,0,0,0,1,0,-3.0,1,4,2022,2021,spring,0,1,0,0,332,0.8736842105263158,0.8,1.0,2.2,-1.2,1.8,2.2,1.6,0.6,0.8599999999999999,1.92,-1.06,1.2144210526315788
2022-04-30,Aston Villa,Norwich City,2,0,9.7,7.2,65,0.3,13.0,51,0,0,0,0,0,0,2,2,win,1,1,0,0,0,1,0,-2.499999999999999,1,4,2022,2021,spring,0,1,0,0,333,0.8763157894736842,0.2,0.4,1.8,-1.4,0.8,1.0,1.6,-0.6,0.26,0.8599999999999999,-0.5999999999999999,0.4907368421052631
2022-04-30,Leeds United,Manchester City,0,4,9.5,6.9,73,2.4,17.5,53,0,0,0,0,0,0,4,-4,loss,1,1,0,0,0,1,0,-2.5999999999999996,1,4,2022,2021,spring,0,1,0,0,334,0.8789473684210526,2.2,1.8,0.8,1.0,2.2,2.4,0.6,1.8,2.08,2.26,-0.17999999999999972,1.907315789473684
2022-04-30,Newcastle United,Liverpool,0,1,9.8,7.1,74,5.1,19.5,61,0,0,0,0,0,0,1,-1,loss,1,1,0,0,0,1,0,-2.700000000000001,1,4,2022,2021,spring,0,1,0,0,335,0.881578947368421,2.4,1.6,1.2,0.4,2.6,2.4,0.4,2.0,2.16,2.54,-0.3799999999999999,2.0717105263157896
2022-04-30,Southampton,Crystal Palace,1,2,9.4,7.1,74,0.0,11.6,3,0,0,0,0,0,0,3,-1,loss,0,1,0,0,0,1,0,-2.3000000000000007,1,4,2022,2021,spring,0,1,0,0,336,0.8842105263157894,1.0,0.8,2.2,-1.4,1.0,0.8,0.6,0.2,0.94,0.94,0.0,0.831157894736842
2022-04-30,Watford,Burnley,1,2,9.9,7.7,67,0.0,10.2,3,0,0,0,0,0,0,3,-1,loss,0,1,0,0,0,1,0,-2.2,1,4,2022,2021,spring,0,1,0,0,337,0.8868421052631579,0.6,0.8,2.6,-1.8,2.0,1.4,1.0,0.4,0.6599999999999999,1.8199999999999998,-1.16,1.0996842105263156
2022-04-30,Wolverhampton Wanderers,Brighton,0,3,9.1,6.5,67,0.0,13.1,3,0,0,0,0,0,0,3,-3,loss,0,1,0,0,0,1,0,-2.5999999999999996,1,4,2022,2021,spring,0,1,0,0,338,0.8894736842105263,1.2,1.0,1.2,-0.2,1.6,1.0,1.2,-0.2,1.14,1.42,-0.28,1.1385263157894734
2022-05-01,Everton,Chelsea,1,0,11.1,9.3,84,4.8,11.4,53,0,0,0,0,0,0,1,1,win,1,0,0,0,0,1,0,-1.799999999999999,1,5,2022,2021,spring,0,1,0,0,339,0.8921052631578947,0.8,1.0,1.6,-0.6,1.4,2.2,1.8,0.4,0.8599999999999999,1.64,-0.78,1.1151315789473684
2022-05-01,Tottenham Hotspur,Leicester City,3,1,11.1,8.9,74,1.0,14.2,51,0,0,0,0,0,0,4,2,win,1,0,0,0,0,1,0,-2.1999999999999993,1,5,2022,2021,spring,0,1,0,0,340,0.8947368421052632,2.0,2.4,0.6,1.8,1.2,1.0,1.0,0.0,2.12,1.14,0.9800000000000002,1.4584210526315788
2022-05-01,West Ham United,Arsenal,1,2,11.3,8.9,72,0.9,14.1,51,0,0,0,0,0,0,3,-1,loss,1,0,0,0,0,1,0,-2.4000000000000004,1,5,2022,2021,spring,0,1,0,0,341,0.8973684210526316,0.8,0.8,1.6,-0.8,1.2,1.6,1.8,-0.2,0.7999999999999999,1.3199999999999998,-0.5199999999999999,0.9512105263157893
2022-05-02,Manchester United,Brentford,3,0,12.1,10.9,80,0.9,13.4,51,0,0,0,0,0,0,3,3,win,1,0,0,0,0,0,0,-1.1999999999999993,1,5,2022,2021,spring,0,1,0,0,342,0.9,0.8,1.0,2.2,-1.2,2.0,1.8,0.8,1.0,0.8599999999999999,1.94,-1.08,1.26
2022-05-07,Brentford,Southampton,3,0,14.1,12.8,80,1.4,15.6,51,0,0,0,0,0,0,3,3,win,1,0,0,0,0,0,0,-1.299999999999999,1,5,2022,2021,spring,0,1,0,0,343,0.9026315789473685,2.0,1.6,1.0,0.6,0.8,0.8,2.4,-1.6,1.88,0.7999999999999999,1.08,1.2095263157894736
2022-05-07,Brighton,Manchester United,4,0,13.6,12.7,83,5.4,15.0,61,0,0,0,0,0,0,4,4,win,1,0,0,0,0,0,0,-0.9000000000000004,1,5,2022,2021,spring,0,1,0,0,344,0.9052631578947369,2.0,1.6,1.2,0.4,1.4,1.6,2.0,-0.4,1.88,1.46,0.41999999999999993,1.5117894736842106
2022-05-07,Burnley,Aston Villa,1,3,10.9,9.0,84,0.3,16.5,51,0,0,0,0,0,0,4,-2,loss,1,0,0,0,0,1,0,-1.9000000000000004,1,5,2022,2021,spring,0,1,0,0,345,0.9078947368421053,2.0,1.2,0.8,0.4,0.8,0.6,1.4,-0.8,1.7599999999999998,0.74,1.0199999999999998,1.1348684210526316
2022-05-07,Chelsea,Wolverhampton Wanderers,2,2,14.0,12.6,80,2.3,15.7,55,0,0,0,0,0,0,4,0,draw,1,0,0,0,0,0,0,-1.4000000000000004,1,5,2022,2021,spring,0,1,0,0,346,0.9105263157894737,1.4,2.0,1.2,0.8,0.6,0.8,1.8,-1.0,1.5799999999999998,0.6599999999999999,0.9199999999999999,1.0197894736842106
2022-05-07,Crystal Palace,Watford,1,0,13.9,12.4,81,2.3,16.0,53,0,0,0,0,0,0,1,1,win,1,0,0,0,0,0,0,-1.5,1,5,2022,2021,spring,0,1,0,0,347,0.9131578947368421,1.4,1.2,0.8,0.4,0.0,0.6,2.8,-2.2,1.3399999999999999,0.18,1.16,0.6939999999999998
2022-05-07,Liverpool,Tottenham Hotspur,1,1,11.9,10.0,85,0.0,18.8,3,0,0,0,0,0,0,2,0,draw,0,0,0,0,1,0,0,-1.9000000000000004,1,5,2022,2021,spring,0,1,0,0,348,0.9157894736842105,2.6,2.2,0.4,1.8,2.0,2.4,0.6,1.8,2.48,2.12,0.3599999999999999,2.106315789473684
2022-05-08,Arsenal,Leeds United,2,1,12.0,9.7,74,0.0,15.5,3,0,0,0,0,0,0,3,1,win,0,0,0,0,0,1,0,-2.3000000000000007,1,5,2022,2021,spring,0,1,0,0,349,0.9184210526315789,1.8,2.0,1.4,0.6,1.6,1.4,1.4,0.0,1.8599999999999999,1.5399999999999998,0.32000000000000006,1.561315789473684
2022-05-08,Leicester City,Everton,1,2,11.7,9.9,77,0.0,12.8,3,0,0,0,0,0,0,3,-1,loss,0,0,0,0,0,1,0,-1.799999999999999,1,5,2022,2021,spring,0,1,0,0,350,0.9210526315789473,1.0,1.0,1.4,-0.4,1.4,1.0,1.2,-0.2,1.0,1.2799999999999998,-0.2799999999999998,1.0499999999999998
2022-05-08,Manchester City,Newcastle United,5,0,13.1,11.3,74,0.0,14.1,3,0,0,0,0,0,0,5,5,win,0,0,0,0,0,0,0,-1.799999999999999,1,5,2022,2021,spring,0,1,0,0,351,0.9236842105263158,2.6,3.2,0.6,2.6,2.4,1.4,0.4,1.0,2.78,2.1,0.6799999999999997,2.2537894736842103
2022-05-08,Norwich City,West Ham United,0,4,9.8,7.4,76,0.0,14.3,3,0,0,0,0,0,0,4,-4,loss,0,1,0,0,0,1,0,-2.4000000000000004,1,5,2022,2021,spring,0,1,0,0,352,0.9263157894736842,0.8,0.8,1.6,-0.8,0.8,0.8,1.4,-0.6,0.7999999999999999,0.7999999999999999,0.0,0.7410526315789473
2022-05-10,Aston Villa,Liverpool,1,2,14.3,10.3,64,0.5,27.7,51,0,0,0,0,0,0,3,-1,loss,1,0,0,0,0,0,0,-4.0,1,5,2022,2021,spring,0,1,0,0,353,0.9289473684210526,1.4,1.2,1.4,-0.2,2.2,2.0,0.6,1.4,1.3399999999999999,2.14,-0.8000000000000003,1.6163684210526317
2022-05-11,Leeds United,Chelsea,0,3,11.6,7.9,74,6.4,27.4,55,0,0,0,0,0,0,3,-3,loss,1,0,0,0,0,1,0,-3.6999999999999993,1,5,2022,2021,spring,0,1,0,0,354,0.9315789473684211,1.0,1.0,1.4,-0.4,1.0,1.2,1.6,-0.4,1.0,1.06,-0.06000000000000005,0.9595263157894737
2022-05-11,Leicester City,Norwich City,3,0,11.5,8.2,81,12.4,25.2,63,1,0,0,0,0,1,3,3,win,1,0,0,0,0,1,0,-3.3000000000000007,1,5,2022,2021,spring,0,1,0,0,355,0.9342105263157895,0.4,0.8,1.6,-0.8,0.6,0.8,2.4,-1.6,0.52,0.6599999999999999,-0.1399999999999999,0.5511842105263157
2022-05-11,Watford,Everton,0,0,12.3,9.7,83,8.3,29.6,63,0,0,0,0,0,0,0,0,draw,1,0,0,0,0,1,0,-2.6000000000000014,1,5,2022,2021,spring,0,1,0,0,356,0.9368421052631579,0.0,0.6,2.6,-2.0,2.0,1.0,0.8,0.2,0.18,1.7,-1.52,0.8806315789473684
2022-05-11,Wolverhampton Wanderers,Manchester City,1,5,11.7,8.7,78,15.2,23.8,63,1,0,0,0,0,1,6,-4,loss,1,0,0,0,0,1,0,-3.0,1,5,2022,2021,spring,0,1,0,0,357,0.9394736842105263,0.8,0.8,1.6,-0.8,2.6,3.8,0.6,3.2,0.7999999999999999,2.96,-2.16,1.7662105263157895
2022-05-12,Tottenham Hotspur,Arsenal,3,0,12.5,9.6,69,0.0,22.3,3,0,0,0,0,0,0,3,3,win,0,0,0,0,0,1,0,-2.9000000000000004,1,5,2022,2021,spring,0,1,0,0,358,0.9421052631578948,1.6,1.6,0.6,1.0,2.4,2.2,1.2,1.0,1.5999999999999999,2.34,-0.74,1.8559473684210526
2022-05-15,Aston Villa,Crystal Palace,1,1,14.9,13.1,78,3.6,23.5,53,0,0,0,0,0,0,2,0,draw,1,0,0,0,0,0,0,-1.8000000000000007,1,5,2022,2021,spring,0,1,0,0,359,0.9447368421052632,1.4,1.2,1.4,-0.2,1.4,0.8,0.8,0.0,1.3399999999999999,1.2199999999999998,0.1200000000000001,1.2092631578947368
2022-05-15,Everton,Brentford,2,3,16.2,13.7,73,1.4,31.2,53,0,0,0,0,0,0,5,-1,loss,1,0,0,1,0,0,0,-2.5,1,5,2022,2021,spring,0,1,0,0,360,0.9473684210526315,1.6,0.8,0.8,0.0,2.0,1.4,0.8,0.6,1.3599999999999999,1.8199999999999998,-0.45999999999999996,1.506315789473684
2022-05-15,Leeds United,Brighton,1,1,13.4,11.1,78,2.1,24.1,53,0,0,0,0,0,0,2,0,draw,1,0,0,0,0,0,0,-2.3000000000000007,1,5,2022,2021,spring,0,1,0,0,361,0.95,0.8,0.8,1.8,-1.0,2.0,2.0,1.0,1.0,0.7999999999999999,2.0,-1.2000000000000002,1.3299999999999998
2022-05-15,Tottenham Hotspur,Burnley,1,0,15.0,13.6,81,13.1,20.5,63,1,0,0,0,0,1,1,1,win,1,0,0,0,0,0,0,-1.4000000000000004,1,5,2022,2021,spring,0,1,0,0,362,0.9526315789473684,1.6,1.4,0.6,0.8,2.0,1.4,1.0,0.4,1.5399999999999998,1.8199999999999998,-0.28,1.6004210526315785
2022-05-15,Watford,Leicester City,1,5,14.5,13.2,82,17.5,20.8,63,1,0,0,0,0,1,6,-4,loss,1,0,0,0,0,0,0,-1.3000000000000007,1,5,2022,2021,spring,0,1,0,0,363,0.9552631578947368,0.2,0.6,2.0,-1.4,1.0,1.2,1.2,0.0,0.31999999999999995,1.06,-0.7400000000000001,0.6591315789473684
2022-05-15,West Ham United,Manchester City,2,2,15.0,13.8,81,21.3,21.1,63,1,0,0,0,0,1,4,0,draw,1,0,0,0,0,0,0,-1.1999999999999993,1,5,2022,2021,spring,0,1,0,0,364,0.9578947368421052,0.8,1.2,1.2,0.0,3.0,4.4,0.4,4.0,0.9199999999999999,3.42,-2.5,2.0786315789473684
2022-05-15,Wolverhampton Wanderers,Norwich City,1,1,15.2,13.3,77,3.3,21.6,55,0,0,0,0,0,0,2,0,draw,1,0,0,0,0,0,0,-1.8999999999999986,1,5,2022,2021,spring,0,1,0,0,365,0.9605263157894737,0.2,0.6,2.4,-1.8,0.0,0.4,3.0,-2.6,0.31999999999999995,0.12,0.19999999999999996,0.21131578947368418
2022-05-16,Newcastle United,Arsenal,2,0,11.8,10.3,92,6.4,18.9,61,0,0,0,0,0,0,2,2,win,1,0,0,0,1,0,0,-1.5,1,5,2022,2021,spring,0,1,0,0,366,0.9631578947368421,1.8,1.2,1.4,-0.2,2.4,2.2,1.6,0.6,1.62,2.34,-0.7199999999999998,1.9070526315789473
2022-05-17,Southampton,Liverpool,1,2,16.2,15.4,80,0.6,22.7,51,0,0,0,0,0,0,3,-1,loss,1,0,0,0,0,0,0,-0.7999999999999989,1,5,2022,2021,spring,0,1,0,0,367,0.9657894736842105,0.8,0.8,1.8,-1.0,2.6,2.0,0.4,1.6,0.7999999999999999,2.42,-1.62,1.5549210526315789
2022-05-19,Aston Villa,Burnley,1,1,13.9,12.2,73,0.0,15.9,3,0,0,0,0,0,0,2,0,draw,0,0,0,0,0,0,0,-1.700000000000001,1,5,2022,2021,spring,0,1,0,0,368,0.968421052631579,1.6,1.4,0.8,0.6,1.8,1.2,1.0,0.2,1.5399999999999998,1.62,-0.0800000000000003,1.5301052631578949
2022-05-19,Chelsea,Leicester City,1,1,16.6,15.5,71,11.2,18.0,65,1,0,0,0,0,1,2,0,draw,1,0,0,0,0,0,0,-1.1000000000000014,1,5,2022,2021,spring,0,1,0,0,369,0.9710526315789474,1.6,1.4,0.8,0.6,1.4,2.0,1.2,0.8,1.5399999999999998,1.5799999999999998,-0.040000000000000036,1.5148421052631578
2022-05-19,Everton,Crystal Palace,3,2,13.5,12.0,71,0.0,12.3,3,0,0,0,0,0,0,5,1,win,0,0,0,0,0,0,0,-1.5,1,5,2022,2021,spring,0,1,0,0,370,0.9736842105263158,1.4,1.0,1.2,-0.2,1.6,0.8,0.6,0.2,1.2799999999999998,1.3599999999999999,-0.08000000000000007,1.2852631578947367
2022-05-22,Arsenal,Everton,5,1,15.5,14.3,70,0.0,13.8,3,0,0,0,0,0,0,6,4,win,0,0,0,0,0,0,0,-1.1999999999999993,1,5,2022,2021,spring,0,1,0,0,371,0.9763157894736842,1.8,1.4,1.6,-0.2,2.0,1.6,1.2,0.4,1.68,1.88,-0.19999999999999996,1.7378421052631579
2022-05-22,Brentford,Leeds United,1,2,15.6,14.6,71,0.0,14.0,3,0,0,0,0,0,0,3,-1,loss,0,0,0,0,0,0,0,-1.0,1,5,2022,2021,spring,0,1,0,0,372,0.9789473684210527,2.0,1.6,1.2,0.4,0.4,0.4,2.0,-1.6,1.88,0.39999999999999997,1.48,1.1159999999999999
2022-05-22,Brighton,West Ham United,3,1,13.8,13.4,82,1.0,12.6,55,0,0,0,0,0,0,4,2,win,1,0,0,0,0,0,0,-0.40000000000000036,1,5,2022,2021,spring,0,1,0,0,373,0.9815789473684211,1.6,2.0,1.2,0.8,1.0,1.6,1.2,0.4,1.7199999999999998,1.18,0.5399999999999998,1.4232894736842103
2022-05-22,Burnley,Newcastle United,1,2,13.4,11.2,84,2.5,20.6,53,0,0,0,0,0,0,3,-1,loss,1,0,0,0,0,0,0,-2.200000000000001,1,5,2022,2021,spring,0,1,0,0,374,0.9842105263157894,1.4,1.0,1.2,-0.2,1.8,1.2,1.2,0.0,1.2799999999999998,1.62,-0.3400000000000003,1.4271052631578947
2022-05-22,Chelsea,Watford,2,1,15.5,14.5,70,0.0,13.8,3,0,0,0,0,0,0,3,1,win,0,0,0,0,0,0,0,-1.0,1,5,2022,2021,spring,0,1,0,0,375,0.9868421052631579,1.2,1.4,1.0,0.4,0.2,0.6,2.6,-2.0,1.26,0.31999999999999995,0.9400000000000001,0.7796052631578947
2022-05-22,Crystal Palace,Manchester United,1,0,15.5,14.3,69,0.0,13.4,3,0,0,0,0,0,0,1,1,win,0,0,0,0,0,0,0,-1.1999999999999993,1,5,2022,2021,spring,0,1,0,0,376,0.9894736842105263,1.6,1.2,1.0,0.2,0.8,1.0,2.4,-1.4,1.48,0.8599999999999999,0.6200000000000001,1.1576842105263156
2022-05-22,Leicester City,Southampton,4,1,14.7,12.7,74,1.3,19.2,53,0,0,0,0,0,0,5,3,win,1,0,0,0,0,0,0,-2.0,1,5,2022,2021,spring,0,1,0,0,377,0.9921052631578947,1.4,2.2,1.4,0.8,0.2,0.8,2.2,-1.4,1.64,0.38,1.2599999999999998,1.0020263157894738
2022-05-22,Liverpool,Wolverhampton Wanderers,3,1,14.7,12.6,77,1.9,21.2,51,0,0,0,0,0,0,4,2,win,1,0,0,0,0,0,0,-2.0999999999999996,1,5,2022,2021,spring,0,1,0,0,378,0.9947368421052631,2.6,1.6,0.6,1.0,0.4,0.8,2.4,-1.6,2.3,0.52,1.7799999999999998,1.402578947368421
2022-05-22,Manchester City,Aston Villa,3,2,14.7,12.8,77,1.6,21.3,51,0,0,0,0,0,0,5,1,win,1,0,0,0,0,0,0,-1.8999999999999986,1,5,2022,2021,spring,0,1,0,0,379,0.9973684210526316,2.6,4.2,0.8,3.4,1.6,1.6,1.0,0.6,3.08,1.5999999999999999,1.4800000000000002,2.333842105263158
2022-05-22,Norwich City,Tottenham Hotspur,0,5,14.4,12.5,70,0.0,21.3,3,0,0,0,0,0,0,5,-5,loss,0,0,0,0,0,0,0,-1.9000000000000004,1,5,2022,2021,spring,0,1,0,0,380,1.0,0.2,0.2,2.6,-2.4,2.2,1.6,0.4,1.2,0.19999999999999998,2.02,-1.82,1.11
2022-08-05,Crystal Palace,Arsenal,0,2,17.7,14.6,46,0.0,17.8,3,0,0,0,0,0,0,2,-2,loss,0,0,0,0,0,0,0,-3.0999999999999996,1,8,2022,2022,summer,0,0,1,0,1,0.002631578947368421,2.0,1.4,1.0,0.4,1.8,1.8,1.6,0.2,1.8199999999999998,1.8,0.019999999999999796,0.004763157894736842
2022-08-06,Bournemouth,Aston Villa,2,0,18.3,16.0,47,0.0,17.4,3,0,0,0,0,0,0,2,2,win,0,0,0,0,0,0,0,-2.3000000000000007,1,8,2022,2022,summer,0,0,1,0,2,0.005263157894736842,1.4,1.6,1.2,0.4,1.0,1.6,1.6,0.0,1.46,1.18,0.28,0.006947368421052631
2022-08-06,Everton,Chelsea,0,1,15.1,13.6,73,0.4,18.4,51,0,0,0,0,0,0,1,-1,loss,1,0,0,0,0,0,0,-1.5,1,8,2022,2022,summer,0,0,1,0,3,0.007894736842105263,1.4,1.6,2.2,-0.6,1.6,1.6,1.0,0.6,1.46,1.5999999999999999,-0.1399999999999999,0.012078947368421052
2022-08-06,Fulham,Liverpool,2,2,17.5,15.9,54,0.0,13.2,3,0,0,0,0,0,0,4,0,draw,0,0,0,0,0,0,0,-1.5999999999999996,1,8,2022,2022,summer,0,0,1,0,4,0.010526315789473684,0.2,0.4,2.0,-1.6,2.6,1.8,0.8,1.0,0.26,2.36,-2.0999999999999996,0.013789473684210527
2022-08-06,Leeds United,Wolverhampton Wanderers,2,1,14.4,12.3,71,0.0,16.7,3,0,0,0,0,0,0,3,1,win,0,0,0,0,0,0,0,-2.0999999999999996,1,8,2022,2022,summer,0,0,1,0,5,0.013157894736842105,0.8,0.8,2.2,-1.4,0.4,1.0,2.8,-1.8,0.7999999999999999,0.58,0.21999999999999997,0.009078947368421051
2022-08-06,Newcastle United,Nottingham Forest,2,0,14.5,12.0,72,0.0,22.6,3,0,0,0,0,0,0,2,2,win,0,0,0,0,0,0,0,-2.5,1,8,2022,2022,summer,0,0,1,0,6,0.015789473684210527,1.8,1.4,1.4,0.0,0.0,0.0,0.0,0.0,1.68,0.0,1.68,0.013263157894736841
2022-08-06,Tottenham Hotspur,Southampton,4,1,17.5,15.7,53,0.0,14.6,3,0,0,0,0,0,0,5,3,win,0,0,0,0,0,0,0,-1.8000000000000007,1,8,2022,2022,summer,0,0,1,0,7,0.018421052631578946,2.6,2.6,0.4,2.2,0.2,1.0,2.6,-1.6,2.5999999999999996,0.43999999999999995,2.1599999999999997,0.027999999999999994
2022-08-07,Leicester City,Brentford,2,2,17.1,15.7,64,0.0,15.1,3,0,0,0,0,0,0,4,0,draw,0,0,0,0,0,0,0,-1.4000000000000021,1,8,2022,2022,summer,0,0,1,0,8,0.021052631578947368,2.0,2.8,1.0,1.8,1.4,1.4,1.4,0.0,2.2399999999999998,1.4,0.8399999999999999,0.038315789473684206
2022-08-07,Manchester United,Brighton,1,2,15.7,14.7,77,0.0,18.2,3,0,0,0,0,0,0,3,-1,loss,0,0,0,0,0,0,0,-1.0,1,8,2022,2022,summer,0,0,1,0,9,0.02368421052631579,0.8,1.0,1.8,-0.8,2.2,2.6,0.8,1.8,0.8599999999999999,2.3200000000000003,-1.4600000000000004,0.037657894736842105
2022-08-07,West Ham United,Manchester City,0,2,20.0,19.4,55,0.0,10.8,2,0,0,0,0,0,0,2,-2,loss,0,0,0,0,0,0,0,-0.6000000000000014,1,8,2022,2022,summer,0,0,1,0,10,0.02631578947368421,0.8,1.6,1.6,0.0,2.6,3.8,1.0,2.8,1.04,2.96,-1.92,0.05263157894736842
2022-08-13,Arsenal,Leicester City,4,2,25.3,24.1,46,0.0,17.7,3,0,0,0,0,0,0,6,2,win,0,0,1,0,0,0,0,-1.1999999999999993,1,8,2022,2022,summer,0,0,1,0,11,0.02894736842105263,1.8,1.8,1.4,0.4,2.2,3.0,1.0,2.0,1.8,2.44,-0.6399999999999999,0.06136842105263158
2022-08-13,Aston Villa,Everton,2,1,23.8,23.1,53,0.0,17.6,3,0,0,0,0,0,0,3,1,win,0,0,0,0,0,0,0,-0.6999999999999993,1,8,2022,2022,summer,0,0,1,0,12,0.031578947368421054,0.4,1.0,1.8,-0.8,0.8,1.2,2.2,-1.0,0.58,0.9199999999999999,-0.33999999999999997,0.02368421052631579
2022-08-13,Brentford,Manchester United,4,0,25.3,24.3,45,0.0,14.5,3,0,0,0,0,0,0,4,4,win,0,0,1,0,0,0,0,-1.0,1,8,2022,2022,summer,0,0,1,0,13,0.034210526315789476,1.4,1.8,1.8,0.0,0.8,1.0,1.6,-0.6,1.52,0.8599999999999999,0.6600000000000001,0.040710526315789475
2022-08-13,Brighton,Newcastle United,0,0,24.4,23.2,49,0.0,18.1,3,0,0,0,0,0,0,0,0,draw,0,0,0,0,0,0,0,-1.1999999999999993,1,8,2022,2022,summer,0,0,1,0,14,0.03684210526315789,2.6,2.6,0.6,2.0,1.8,1.2,1.4,-0.2,2.5999999999999996,1.62,0.9799999999999995,0.07773684210526315
2022-08-13,Manchester City,Bournemouth,4,0,23.2,22.8,55,0.0,17.7,3,0,0,0,0,0,0,4,4,win,0,0,0,0,0,0,0,-0.3999999999999986,1,8,2022,2022,summer,0,0,1,0,15,0.039473684210526314,2.6,3.4,1.0,2.4,1.8,2.0,1.2,0.8,2.84,1.8599999999999999,0.98,0.09276315789473683
2022-08-13,Southampton,Leeds United,2,2,24.6,23.9,47,0.0,18.1,3,0,0,0,0,0,0,4,0,draw,0,0,0,0,0,0,0,-0.7000000000000028,1,8,2022,2022,summer,0,0,1,0,16,0.042105263157894736,0.0,0.8,3.0,-2.2,1.4,1.2,1.6,-0.4,0.24,1.3399999999999999,-1.0999999999999999,0.033263157894736835
2022-08-13,Wolverhampton Wanderers,Fulham,0,0,23.7,23.0,54,0.0,16.3,3,0,0,0,0,0,0,0,0,draw,0,0,0,0,0,0,0,-0.6999999999999993,1,8,2022,2022,summer,0,0,1,0,17,0.04473684210526316,0.4,1.2,2.6,-1.4,0.4,0.8,2.0,-1.2,0.6399999999999999,0.52,0.11999999999999988,0.02594736842105263
2022-08-14,Chelsea,Tottenham Hotspur,2,2,25.2,24.2,46,0.0,17.5,3,0,0,0,0,0,0,4,0,draw,0,0,1,0,0,0,0,-1.0,1,8,2022,2022,summer,0,0,1,0,18,0.04736842105263158,2.2,1.8,0.8,1.0,2.6,2.8,0.4,2.4,2.08,2.6599999999999997,-0.5799999999999996,0.11226315789473686
2022-08-14,Nottingham Forest,West Ham United,1,0,24.1,23.1,45,0.0,11.9,3,0,0,0,0,0,0,1,1,win,0,0,0,0,0,0,0,-1.0,1,8,2022,2022,summer,0,0,1,0,19,0.05,0.0,0.0,2.0,-2.0,0.8,1.6,1.8,-0.2,0.0,1.04,-1.04,0.026000000000000002
2022-08-15,Liverpool,Crystal Palace,1,1,18.5,19.2,85,2.1,15.5,53,0,0,0,0,0,0,2,0,draw,1,0,0,0,1,0,0,0.6999999999999993,1,8,2022,2022,summer,0,0,1,0,20,0.05263157894736842,2.2,2.0,1.2,0.8,1.4,1.0,1.2,-0.2,2.14,1.2799999999999998,0.8600000000000003,0.09
2022-08-20,Bournemouth,Arsenal,0,3,17.7,16.0,73,0.1,27.9,51,0,0,0,0,0,0,3,-3,loss,1,0,0,0,0,0,0,-1.6999999999999993,1,8,2022,2022,summer,0,0,1,0,21,0.05526315789473684,1.2,1.2,1.8,-0.6,1.8,2.2,1.6,0.6,1.2,1.92,-0.72,0.08621052631578947
2022-08-20,Crystal Palace,Aston Villa,3,1,18.0,16.3,69,0.0,20.9,3,0,0,0,0,0,0,4,2,win,0,0,0,0,0,0,0,-1.6999999999999993,1,8,2022,2022,summer,0,0,1,0,22,0.05789473684210526,1.0,1.0,1.4,-0.4,1.0,1.2,1.6,-0.4,1.0,1.06,-0.06000000000000005,0.059631578947368424
2022-08-20,Everton,Nottingham Forest,1,1,17.6,15.1,70,3.1,31.5,61,0,0,0,0,0,0,2,0,draw,1,0,0,1,0,0,0,-2.5000000000000018,1,8,2022,2022,summer,0,0,1,0,23,0.060526315789473685,0.6,1.4,2.6,-1.2,1.5,0.5,1.0,-0.5,0.84,1.1999999999999997,-0.35999999999999976,0.061736842105263146
2022-08-20,Fulham,Brentford,3,2,18.2,16.6,69,0.0,22.5,3,0,0,0,0,0,0,5,1,win,0,0,0,0,0,0,0,-1.5999999999999979,1,8,2022,2022,summer,0,0,1,0,24,0.06315789473684211,0.6,0.8,1.6,-0.8,2.0,2.6,1.2,1.4,0.6599999999999999,2.1799999999999997,-1.5199999999999998,0.08968421052631578
2022-08-20,Leicester City,Southampton,1,2,17.6,15.0,67,0.2,26.6,51,0,0,0,0,0,0,3,-1,loss,1,0,0,0,0,0,0,-2.6000000000000014,1,8,2022,2022,summer,0,0,1,0,25,0.06578947368421052,1.6,2.8,1.8,1.0,0.2,1.0,3.0,-2.0,1.96,0.43999999999999995,1.52,0.07894736842105263
2022-08-20,Tottenham Hotspur,Wolverhampton Wanderers,1,0,18.1,16.5,69,0.0,20.4,3,0,0,0,0,0,0,1,1,win,0,0,0,0,0,0,0,-1.6000000000000014,1,8,2022,2022,summer,0,0,1,0,26,0.06842105263157895,2.6,3.0,0.6,2.4,0.4,0.8,2.2,-1.4,2.7199999999999998,0.52,2.1999999999999997,0.1108421052631579
2022-08-21,Leeds United,Chelsea,3,0,16.5,15.1,68,0.4,18.4,51,0,0,0,0,0,0,3,3,win,1,0,0,0,0,0,0,-1.4000000000000004,1,8,2022,2022,summer,0,0,1,0,27,0.07105263157894737,1.6,1.4,1.6,-0.2,2.2,1.8,0.8,1.0,1.5399999999999998,2.08,-0.5400000000000003,0.12860526315789475
2022-08-21,Newcastle United,Manchester City,3,3,14.9,12.8,69,0.0,22.0,3,0,0,0,0,0,0,6,0,draw,0,0,0,0,0,0,0,-2.0999999999999996,1,8,2022,2022,summer,0,0,1,0,28,0.07368421052631578,2.0,1.2,1.2,0.0,2.6,3.2,1.0,2.2,1.7599999999999998,2.78,-1.02,0.1672631578947368
2022-08-21,West Ham United,Brighton,0,2,18.5,18.0,70,0.0,17.3,3,0,0,0,0,0,0,2,-2,loss,0,0,0,0,0,0,0,-0.5,1,8,2022,2022,summer,0,0,1,0,29,0.07631578947368421,0.8,1.4,1.6,-0.2,2.2,2.0,0.6,1.4,0.98,2.14,-1.1600000000000001,0.11905263157894737
2022-08-22,Manchester United,Liverpool,2,1,17.7,18.0,81,15.6,16.6,63,1,0,0,0,0,1,3,1,win,1,0,0,0,0,0,0,0.3000000000000007,1,8,2022,2022,summer,0,0,1,0,30,0.07894736842105263,0.6,0.8,2.2,-1.4,2.2,2.0,1.2,0.8,0.6599999999999999,2.14,-1.4800000000000002,0.11052631578947367
2022-08-27,Arsenal,Fulham,2,1,17.7,17.3,74,0.1,18.8,51,0,0,0,0,0,0,3,1,win,1,0,0,0,0,0,0,-0.3999999999999986,1,8,2022,2022,summer,0,0,1,0,31,0.08157894736842106,2.4,2.8,1.0,1.8,1.2,1.2,1.4,-0.2,2.52,1.2,1.32,0.15173684210526314
2022-08-27,Brentford,Everton,1,1,17.9,17.4,73,0.4,18.8,51,0,0,0,0,0,0,2,0,draw,1,0,0,0,0,0,0,-0.5,1,8,2022,2022,summer,0,0,1,0,32,0.08421052631578947,1.4,2.4,1.8,0.6,0.8,1.2,2.2,-1.0,1.6999999999999997,0.9199999999999999,0.7799999999999998,0.1103157894736842
2022-08-27,Brighton,Leeds United,1,0,17.2,17.5,81,2.5,15.2,55,0,0,0,0,0,0,1,1,win,1,0,0,0,0,0,0,0.3000000000000007,1,8,2022,2022,summer,0,0,1,0,33,0.0868421052631579,2.2,1.6,0.6,1.0,2.2,2.0,1.0,1.0,2.02,2.14,-0.1200000000000001,0.18063157894736845
2022-08-27,Chelsea,Leicester City,2,1,17.8,17.6,75,0.3,16.6,51,0,0,0,0,0,0,3,1,win,1,0,0,0,0,0,0,-0.1999999999999993,1,8,2022,2022,summer,0,0,1,0,34,0.08947368421052632,1.6,1.2,1.4,-0.2,1.0,2.0,2.0,0.0,1.48,1.2999999999999998,0.18000000000000016,0.12436842105263157
2022-08-27,Liverpool,Bournemouth,9,0,16.0,15.5,78,1.3,14.8,51,0,0,0,0,0,0,9,9,win,1,0,0,0,0,0,0,-0.5,1,8,2022,2022,summer,0,0,1,0,35,0.09210526315789473,1.6,1.8,1.4,0.4,1.2,1.0,2.0,-1.0,1.66,1.14,0.52,0.12894736842105262
2022-08-27,Manchester City,Crystal Palace,4,2,17.2,17.2,74,1.0,9.2,53,0,0,0,0,0,0,6,2,win,1,0,0,0,0,0,0,0.0,1,8,2022,2022,summer,0,0,1,0,36,0.09473684210526316,2.2,2.8,1.4,1.4,1.4,1.4,1.4,0.0,2.38,1.4,0.98,0.17905263157894735
2022-08-27,Southampton,Manchester United,0,1,18.2,18.5,78,1.1,13.0,53,0,0,0,0,0,0,1,-1,loss,1,0,0,0,0,0,0,0.3000000000000007,1,8,2022,2022,summer,0,0,1,0,37,0.09736842105263158,0.8,1.4,2.6,-1.2,0.6,0.6,2.4,-1.8,0.98,0.6,0.38,0.07692105263157895
2022-08-28,Aston Villa,West Ham United,0,1,16.9,16.1,70,0.1,10.4,51,0,0,0,0,0,0,1,-1,loss,1,0,0,0,0,0,0,-0.7999999999999972,1,8,2022,2022,summer,0,0,1,0,38,0.1,0.8,1.2,2.0,-0.8,0.2,0.6,2.0,-1.4,0.9199999999999999,0.31999999999999995,0.6,0.06199999999999999
2022-08-28,Nottingham Forest,Tottenham Hotspur,0,2,16.9,16.5,72,0.1,13.0,51,0,0,0,0,0,0,2,-2,loss,1,0,0,0,0,0,0,-0.3999999999999986,1,8,2022,2022,summer,0,0,1,0,39,0.10263157894736842,1.3333333333333333,0.6666666666666666,1.0,-0.3333333333333333,2.6,2.6,0.6,2.0,1.1333333333333333,2.5999999999999996,-1.4666666666666663,0.19157894736842104
2022-08-28,Wolverhampton Wanderers,Newcastle United,1,1,17.0,16.3,71,0.1,10.4,51,0,0,0,0,0,0,2,0,draw,1,0,0,0,0,0,0,-0.6999999999999993,1,8,2022,2022,summer,0,0,1,0,40,0.10526315789473684,0.4,0.6,1.4,-0.8,2.2,1.8,0.8,1.0,0.45999999999999996,2.08,-1.62,0.1336842105263158
2022-08-30,Crystal Palace,Brentford,1,1,18.0,16.2,69,0.0,21.9,3,0,0,0,0,0,0,2,0,draw,0,0,0,0,0,0,0,-1.8000000000000007,1,8,2022,2022,summer,0,0,1,0,41,0.10789473684210527,1.4,1.4,1.6,-0.2,1.0,2.0,1.6,0.4,1.4,1.2999999999999998,0.10000000000000009,0.1456578947368421
2022-08-30,Fulham,Brighton,2,1,18.3,16.5,68,0.0,23.3,3,0,0,0,0,0,0,3,1,win,0,0,0,0,0,0,0,-1.8000000000000007,1,8,2022,2022,summer,0,0,1,0,42,0.11052631578947368,1.0,1.2,1.6,-0.4,2.6,1.6,0.4,1.2,1.06,2.3,-1.2399999999999998,0.18568421052631578
2022-08-30,Leeds United,Everton,1,1,15.1,13.0,68,0.0,18.4,3,0,0,0,0,0,0,2,0,draw,0,0,0,0,0,0,0,-2.0999999999999996,1,8,2022,2022,summer,0,0,1,0,43,0.11315789473684211,2.0,1.8,1.0,0.8,0.4,0.8,2.0,-1.2,1.94,0.52,1.42,0.1391842105263158
2022-08-30,Southampton,Chelsea,2,1,18.0,16.1,69,0.1,21.9,51,0,0,0,0,0,0,3,1,win,1,0,0,0,0,0,0,-1.8999999999999986,1,8,2022,2022,summer,0,0,1,0,44,0.11578947368421053,0.8,1.2,2.4,-1.2,2.0,1.4,1.4,0.0,0.9199999999999999,1.8199999999999998,-0.8999999999999999,0.1586315789473684
2022-08-31,Arsenal,Aston Villa,2,1,17.9,15.2,63,0.1,23.8,51,0,0,0,0,0,0,3,1,win,1,0,0,0,0,0,0,-2.6999999999999993,1,8,2022,2022,summer,0,0,1,0,45,0.11842105263157894,3.0,3.2,0.8,2.4,0.6,1.0,2.0,-1.0,3.0599999999999996,0.72,2.34,0.22381578947368416
2022-08-31,Bournemouth,Wolverhampton Wanderers,0,0,18.6,16.2,64,0.2,23.2,51,0,0,0,0,0,0,0,0,draw,1,0,0,0,0,0,0,-2.400000000000002,1,8,2022,2022,summer,0,0,1,0,46,0.12105263157894737,1.2,1.0,3.4,-2.4,0.4,0.6,1.4,-0.8,1.14,0.45999999999999996,0.6799999999999999,0.09684210526315788
2022-08-31,Liverpool,Newcastle United,2,1,16.3,14.5,69,0.0,19.1,3,0,0,0,0,0,0,3,1,win,0,0,0,0,0,0,0,-1.8000000000000007,1,8,2022,2022,summer,0,0,1,0,47,0.12368421052631579,1.6,3.2,1.2,2.0,1.8,1.6,1.0,0.6,2.08,1.74,0.3400000000000001,0.23623684210526316
2022-08-31,Manchester City,Nottingham Forest,6,0,16.4,14.4,70,0.0,20.3,3,0,0,0,0,0,0,6,6,win,0,0,0,0,0,0,0,-1.9999999999999982,1,8,2022,2022,summer,0,0,1,0,48,0.12631578947368421,2.6,3.2,1.4,1.8,1.0,0.5,1.25,-0.75,2.78,0.85,1.9299999999999997,0.22926315789473684
2022-08-31,West Ham United,Tottenham Hotspur,1,1,18.0,15.5,63,0.1,23.7,51,0,0,0,0,0,0,2,0,draw,1,0,0,0,0,0,0,-2.5,1,8,2022,2022,summer,0,0,1,0,49,0.12894736842105264,0.6,0.4,1.6,-1.2,2.6,2.8,0.6,2.2,0.54,2.6599999999999997,-2.1199999999999997,0.2063157894736842
2022-09-01,Leicester City,Manchester United,0,1,17.1,15.0,71,0.0,25.0,3,0,0,0,0,0,0,1,-1,loss,0,0,0,0,0,0,0,-2.1000000000000014,1,9,2022,2022,autumn,0,0,0,1,50,0.13157894736842105,0.8,2.0,2.2,-0.2,1.2,0.8,1.6,-0.8,1.16,1.08,0.07999999999999985,0.1473684210526316
2022-09-03,Aston Villa,Manchester City,1,1,17.4,16.6,77,1.3,19.4,51,0,0,0,0,0,0,2,0,draw,1,0,0,0,0,0,0,-0.7999999999999972,1,9,2022,2022,autumn,0,0,0,1,51,0.13421052631578947,0.6,0.8,1.8,-1.0,2.6,3.8,1.0,2.8,0.6599999999999999,2.96,-2.3,0.24292105263157895
2022-09-03,Brentford,Leeds United,5,2,18.6,18.6,79,0.2,19.7,51,0,0,0,0,0,0,7,3,win,1,0,0,0,0,0,0,0.0,1,9,2022,2022,autumn,0,0,0,1,52,0.1368421052631579,1.2,2.0,1.4,0.6,1.6,1.6,1.0,0.6,1.44,1.5999999999999999,-0.15999999999999992,0.20800000000000002
2022-09-03,Chelsea,West Ham United,2,1,18.8,18.8,77,1.4,20.0,53,0,0,0,0,0,0,3,1,win,1,0,0,0,0,0,0,0.0,1,9,2022,2022,autumn,0,0,0,1,53,0.1394736842105263,1.4,1.2,1.6,-0.4,0.8,0.4,1.2,-0.8,1.3399999999999999,0.6799999999999999,0.6599999999999999,0.14086842105263153
2022-09-03,Everton,Liverpool,0,0,18.6,16.9,71,0.3,22.9,51,0,0,0,0,0,0,0,0,draw,1,0,0,0,0,0,0,-1.7000000000000028,1,9,2022,2022,autumn,0,0,0,1,54,0.14210526315789473,0.6,0.8,1.2,-0.4,1.6,3.0,1.2,1.8,0.6599999999999999,2.0199999999999996,-1.3599999999999997,0.19042105263157894
2022-09-03,Newcastle United,Crystal Palace,0,0,17.7,16.9,85,2.0,27.2,55,0,0,0,0,0,0,0,0,draw,1,0,0,0,1,0,0,-0.8000000000000007,1,9,2022,2022,autumn,0,0,0,1,55,0.14473684210526316,1.2,1.4,1.2,0.2,1.0,1.4,1.8,-0.4,1.26,1.1199999999999999,0.14000000000000012,0.17223684210526316
2022-09-03,Nottingham Forest,Bournemouth,2,3,18.8,18.2,71,0.2,17.6,51,0,0,0,0,0,0,5,-1,loss,1,0,0,0,0,0,0,-0.6000000000000014,1,9,2022,2022,autumn,0,0,0,1,56,0.14736842105263157,0.8,0.4,2.2,-1.8,0.8,0.4,3.2,-2.8,0.6799999999999999,0.6799999999999999,0.0,0.10021052631578946
2022-09-03,Tottenham Hotspur,Fulham,2,1,19.0,19.2,78,0.1,16.3,51,0,0,0,0,0,0,3,1,win,1,0,0,0,0,0,0,0.1999999999999993,1,9,2022,2022,autumn,0,0,0,1,57,0.15,2.2,2.0,0.8,1.2,1.6,1.6,1.4,0.2,2.14,1.5999999999999999,0.5400000000000003,0.2805
2022-09-03,Wolverhampton Wanderers,Southampton,1,0,17.5,16.5,76,1.1,19.1,51,0,0,0,0,0,0,1,1,win,1,0,0,0,0,0,0,-1.0,1,9,2022,2022,autumn,0,0,0,1,58,0.15263157894736842,0.6,0.4,0.8,-0.4,1.4,1.4,1.8,-0.4,0.54,1.4,-0.8599999999999999,0.14805263157894738
2022-09-04,Brighton,Leicester City,5,2,19.2,18.4,78,0.0,27.8,3,0,0,0,0,0,0,7,3,win,0,0,0,0,0,0,0,-0.8000000000000007,1,9,2022,2022,autumn,0,0,0,1,59,0.15526315789473685,2.0,1.2,0.6,0.6,0.2,1.2,2.2,-1.0,1.7599999999999998,0.5,1.2599999999999998,0.17544736842105263
2022-09-04,Manchester United,Arsenal,3,1,19.4,18.1,71,4.0,22.4,61,0,0,0,0,0,0,4,2,win,1,0,0,0,0,0,0,-1.2999999999999972,1,9,2022,2022,autumn,0,0,0,1,60,0.15789473684210525,1.8,1.0,1.4,-0.4,3.0,2.6,0.8,1.8,1.56,2.88,-1.3199999999999998,0.35052631578947363
2022-09-16,Aston Villa,Southampton,1,0,11.3,7.8,67,0.6,23.5,51,0,0,0,0,0,0,1,1,win,1,0,0,0,0,1,0,-3.500000000000001,1,9,2022,2022,autumn,0,0,0,1,61,0.16052631578947368,0.8,1.0,1.6,-0.6,1.4,1.2,1.2,0.0,0.8599999999999999,1.3399999999999999,-0.48,0.17657894736842103
2022-09-16,Nottingham Forest,Fulham,2,3,11.2,7.7,64,0.0,23.6,2,0,0,0,0,0,0,5,-1,loss,0,0,0,0,0,1,0,-3.499999999999999,1,9,2022,2022,autumn,0,0,0,1,62,0.1631578947368421,0.8,0.8,2.4,-1.6,1.4,1.4,1.4,0.0,0.7999999999999999,1.4,-0.6,0.1794736842105263
2022-09-17,Newcastle United,Bournemouth,1,1,11.1,7.4,66,0.1,22.7,51,0,0,0,0,0,0,2,0,draw,1,0,0,0,0,1,0,-3.6999999999999993,1,9,2022,2022,autumn,0,0,0,1,63,0.16578947368421051,0.8,1.0,1.2,-0.2,0.8,0.6,3.6,-3.0,0.8599999999999999,0.74,0.11999999999999988,0.1326315789473684
2022-09-17,Tottenham Hotspur,Leicester City,6,2,11.6,7.9,59,0.0,19.7,2,0,0,0,0,0,0,8,4,win,0,0,0,0,0,1,0,-3.6999999999999993,1,9,2022,2022,autumn,0,0,0,1,64,0.16842105263157894,2.2,1.6,0.8,0.8,0.0,1.2,2.8,-1.6,2.02,0.36,1.6600000000000001,0.20042105263157894
2022-09-17,Wolverhampton Wanderers,Manchester City,0,3,10.3,7.3,72,0.0,19.3,3,0,0,0,0,0,0,3,-3,loss,0,0,0,0,0,1,0,-3.000000000000001,1,9,2022,2022,autumn,0,0,0,1,65,0.17105263157894737,1.2,0.4,0.4,0.0,2.2,3.6,1.2,2.4,0.96,2.62,-1.6600000000000001,0.3061842105263158
2022-09-18,Brentford,Arsenal,0,3,12.8,10.1,70,0.0,21.8,3,0,0,0,0,0,0,3,-3,loss,0,0,0,0,0,0,0,-2.700000000000001,1,9,2022,2022,autumn,0,0,0,1,66,0.1736842105263158,1.6,2.6,1.4,1.2,2.4,2.4,1.4,1.0,1.9,2.4,-0.5,0.37342105263157893
2022-09-18,Everton,West Ham United,1,0,13.5,10.6,77,2.8,27.0,53,0,0,0,0,0,0,1,1,win,1,0,0,0,0,0,0,-2.9000000000000004,1,9,2022,2022,autumn,0,0,0,1,67,0.1763157894736842,0.8,0.8,1.0,-0.2,0.8,0.6,1.2,-0.6,0.7999999999999999,0.74,0.05999999999999994,0.13576315789473684
2022-10-01,Arsenal,Tottenham Hotspur,3,1,14.7,12.0,74,0.0,24.4,3,0,0,0,0,0,0,4,2,win,0,0,0,0,0,0,0,-2.6999999999999993,1,10,2022,2022,autumn,0,0,0,1,68,0.17894736842105263,2.4,2.2,1.0,1.2,2.6,2.4,0.8,1.6,2.34,2.54,-0.20000000000000018,0.4366315789473684
2022-10-01,Bournemouth,Brentford,0,0,15.6,12.9,77,1.5,27.8,53,0,0,0,0,0,0,0,0,draw,1,0,0,0,0,0,0,-2.6999999999999993,1,10,2022,2022,autumn,0,0,0,1,69,0.18157894736842106,1.0,0.8,3.0,-2.2,1.0,1.8,2.0,-0.2,0.94,1.24,-0.30000000000000004,0.19792105263157894
2022-10-01,Crystal Palace,Chelsea,1,2,14.9,12.1,74,0.3,26.0,51,0,0,0,0,0,0,3,-1,loss,1,0,0,0,0,0,0,-2.8000000000000007,1,10,2022,2022,autumn,0,0,0,1,70,0.18421052631578946,1.2,1.4,1.4,0.0,1.4,1.4,1.8,-0.4,1.26,1.4,-0.1399999999999999,0.245
2022-10-01,Fulham,Newcastle United,1,4,14.9,12.2,74,0.1,25.6,51,0,0,0,0,0,0,5,-3,loss,1,0,0,0,0,0,0,-2.700000000000001,1,10,2022,2022,autumn,0,0,0,1,71,0.1868421052631579,1.8,2.0,1.8,0.2,0.8,1.2,1.4,-0.2,1.8599999999999999,0.9199999999999999,0.94,0.25971052631578945
2022-10-01,Liverpool,Brighton,3,3,14.2,9.8,73,1.3,36.1,51,0,0,0,0,0,0,6,0,draw,1,0,0,1,0,1,0,-4.399999999999999,1,10,2022,2022,autumn,0,0,0,1,72,0.18947368421052632,1.6,2.6,0.8,1.8,2.0,1.8,0.8,1.0,1.9,1.94,-0.040000000000000036,0.36378947368421055
2022-10-01,Southampton,Everton,1,2,15.2,12.9,77,0.2,26.3,51,0,0,0,0,0,0,3,-1,loss,1,0,0,0,0,0,0,-2.299999999999999,1,10,2022,2022,autumn,0,0,0,1,73,0.19210526315789472,1.2,0.8,1.0,-0.2,1.4,0.8,0.6,0.2,1.08,1.2199999999999998,-0.13999999999999968,0.2209210526315789
2022-10-01,West Ham United,Wolverhampton Wanderers,2,0,14.9,12.2,74,0.2,23.3,51,0,0,0,0,0,0,2,2,win,1,0,0,0,0,0,0,-2.700000000000001,1,10,2022,2022,autumn,0,0,0,1,74,0.19473684210526315,0.8,0.6,1.2,-0.6,1.0,0.4,1.0,-0.6,0.74,0.82,-0.07999999999999996,0.15189473684210528
2022-10-02,Leeds United,Aston Villa,0,0,12.4,9.9,76,0.1,19.0,51,0,0,0,0,0,0,0,0,draw,1,0,0,0,0,1,0,-2.5,1,10,2022,2022,autumn,0,0,0,1,75,0.19736842105263158,1.0,1.6,1.8,-0.2,0.8,0.8,1.4,-0.6,1.18,0.7999999999999999,0.38,0.19539473684210526
2022-10-02,Manchester City,Manchester United,6,3,12.7,10.7,78,0.2,18.3,51,0,0,0,0,0,0,9,3,win,1,0,0,0,0,0,0,-2.0,1,10,2022,2022,autumn,0,0,0,1,76,0.2,2.2,3.4,1.2,2.2,2.4,1.4,1.2,0.2,2.56,2.1,0.45999999999999996,0.466
2022-10-03,Leicester City,Nottingham Forest,4,0,11.7,9.5,81,0.0,19.7,3,0,0,0,0,0,0,4,4,win,0,0,0,0,0,1,0,-2.1999999999999993,1,10,2022,2022,autumn,0,0,0,1,77,0.2026315789473684,0.0,1.2,3.2,-2.0,0.2,1.0,3.0,-2.0,0.36,0.43999999999999995,-0.07999999999999996,0.08105263157894736
2022-10-08,Bournemouth,Leicester City,2,1,11.8,9.8,76,0.0,15.3,3,0,0,0,0,0,0,3,1,win,0,0,0,0,0,1,0,-2.0,1,10,2022,2022,autumn,0,0,0,1,78,0.20526315789473684,1.2,0.8,2.4,-1.6,0.6,1.8,2.8,-1.0,1.08,0.96,0.1200000000000001,0.2093684210526316
2022-10-08,Brighton,Tottenham Hotspur,0,1,11.5,9.2,78,0.0,17.0,3,0,0,0,0,0,0,1,-1,loss,0,0,0,0,0,1,0,-2.3000000000000007,1,10,2022,2022,autumn,0,0,0,1,79,0.20789473684210527,2.0,2.4,1.4,1.0,2.0,2.4,1.4,1.0,2.12,2.12,0.0,0.4407368421052632
2022-10-08,Chelsea,Wolverhampton Wanderers,3,0,10.9,8.6,77,0.0,13.1,3,0,0,0,0,0,0,3,3,win,0,0,0,0,0,1,0,-2.3000000000000007,1,10,2022,2022,autumn,0,0,0,1,80,0.21052631578947367,1.8,1.4,1.6,-0.2,1.0,0.4,1.2,-0.8,1.68,0.82,0.86,0.2631578947368421
2022-10-08,Manchester City,Southampton,4,0,10.6,8.1,76,0.0,19.1,3,0,0,0,0,0,0,4,4,win,0,0,0,0,0,1,0,-2.5,1,10,2022,2022,autumn,0,0,0,1,81,0.2131578947368421,2.6,4.0,1.2,2.8,0.6,0.6,1.2,-0.6,3.0199999999999996,0.6,2.4199999999999995,0.38581578947368417
2022-10-08,Newcastle United,Brentford,5,1,10.4,6.9,78,0.0,24.9,3,0,0,0,0,0,0,6,4,win,0,0,0,0,0,1,0,-3.5,1,10,2022,2022,autumn,0,0,0,1,82,0.21578947368421053,1.2,1.4,1.0,0.4,1.2,1.4,1.4,0.0,1.26,1.26,0.0,0.27189473684210524
2022-10-09,Arsenal,Liverpool,3,2,11.6,9.0,75,0.0,19.9,3,0,0,0,0,0,0,5,1,win,0,0,0,0,0,1,0,-2.5999999999999996,1,10,2022,2022,autumn,0,0,0,1,83,0.21842105263157896,2.4,2.2,1.2,1.0,1.6,3.0,1.2,1.8,2.34,2.0199999999999996,0.3200000000000003,0.47615789473684206
2022-10-09,Crystal Palace,Leeds United,2,1,11.9,9.3,74,0.0,19.1,3,0,0,0,0,0,0,3,1,win,0,0,0,0,0,1,0,-2.5999999999999996,1,10,2022,2022,autumn,0,0,0,1,84,0.22105263157894736,1.0,1.4,1.6,-0.2,1.0,1.2,1.4,-0.2,1.1199999999999999,1.06,0.05999999999999983,0.2409473684210526
2022-10-09,Everton,Manchester United,1,2,11.4,8.0,82,5.1,29.2,61,0,0,0,0,0,0,3,-1,loss,1,0,0,0,0,1,0,-3.4000000000000004,1,10,2022,2022,autumn,0,0,0,1,85,0.2236842105263158,1.8,1.0,0.6,0.4,2.4,2.0,1.6,0.4,1.56,2.28,-0.7199999999999998,0.4294736842105263
2022-10-09,West Ham United,Fulham,3,1,11.7,9.3,75,0.0,18.1,3,0,0,0,0,0,0,4,2,win,0,0,0,0,0,1,0,-2.3999999999999986,1,10,2022,2022,autumn,0,0,0,1,86,0.22631578947368422,1.4,1.0,0.8,0.2,1.2,1.6,2.2,-0.6,1.2799999999999998,1.3199999999999998,-0.040000000000000036,0.2942105263157894
2022-10-10,Nottingham Forest,Aston Villa,1,1,10.8,7.6,76,2.8,24.6,61,0,0,0,0,0,0,2,0,draw,1,0,0,0,0,1,0,-3.200000000000001,1,10,2022,2022,autumn,0,0,0,1,87,0.22894736842105262,0.0,0.8,3.6,-2.8,1.0,0.6,0.8,-0.2,0.24,0.8799999999999999,-0.6399999999999999,0.12821052631578944
2022-10-14,Brentford,Brighton,2,0,11.7,10.7,93,0.8,12.5,51,0,0,0,0,0,0,2,2,win,1,0,0,0,1,0,0,-1.0,1,10,2022,2022,autumn,0,0,0,1,88,0.23157894736842105,1.0,1.4,2.2,-0.8,1.4,2.0,1.6,0.4,1.1199999999999999,1.5799999999999998,-0.45999999999999996,0.31263157894736837
2022-10-15,Fulham,Bournemouth,2,2,12.4,9.4,81,0.2,30.0,51,0,0,0,0,0,0,4,0,draw,1,0,0,1,0,1,0,-3.0,1,10,2022,2022,autumn,0,0,0,1,89,0.23421052631578948,1.2,1.6,2.4,-0.8,1.8,1.2,0.8,0.4,1.3199999999999998,1.62,-0.30000000000000027,0.34428947368421053
2022-10-15,Leicester City,Crystal Palace,0,0,11.8,7.7,78,1.6,30.8,53,0,0,0,0,0,0,0,0,draw,1,0,0,1,0,1,0,-4.1000000000000005,1,10,2022,2022,autumn,0,0,0,1,90,0.23684210526315788,0.6,1.8,2.8,-1.0,1.0,1.2,1.6,-0.4,0.96,1.06,-0.10000000000000009,0.23921052631578946
2022-10-15,Tottenham Hotspur,Everton,2,0,12.2,9.2,82,0.2,29.7,51,0,0,0,0,0,0,2,2,win,1,0,0,0,0,1,0,-3.0,1,10,2022,2022,autumn,0,0,0,1,91,0.2394736842105263,2.0,2.2,1.4,0.8,1.6,1.0,0.8,0.2,2.06,1.42,0.6400000000000001,0.41668421052631577
2022-10-15,Wolverhampton Wanderers,Nottingham Forest,1,0,11.6,7.7,78,4.5,26.6,61,0,0,0,0,0,0,1,1,win,1,0,0,0,0,1,0,-3.8999999999999995,1,10,2022,2022,autumn,0,0,0,1,92,0.24210526315789474,0.8,0.2,1.6,-1.4,0.2,1.0,3.4,-2.4,0.6199999999999999,0.43999999999999995,0.17999999999999994,0.1283157894736842
2022-10-16,Aston Villa,Chelsea,0,2,11.5,8.2,77,4.8,29.0,61,0,0,0,0,0,0,2,-2,loss,1,0,0,0,0,1,0,-3.3000000000000007,1,10,2022,2022,autumn,0,0,0,1,93,0.24473684210526317,1.2,0.8,0.8,0.0,2.4,2.0,1.0,1.0,1.08,2.28,-1.1999999999999997,0.4111578947368421
2022-10-16,Leeds United,Arsenal,0,1,10.8,6.6,71,7.1,32.9,63,0,0,0,0,0,0,1,-1,loss,1,0,0,1,0,1,0,-4.200000000000001,1,10,2022,2022,autumn,0,0,0,1,94,0.24736842105263157,0.4,0.8,1.8,-1.0,2.4,2.4,1.4,1.0,0.52,2.4,-1.88,0.36115789473684207
2022-10-16,Liverpool,Manchester City,1,0,11.7,7.6,69,2.9,33.1,61,0,0,0,0,0,0,1,1,win,1,0,0,1,0,1,0,-4.1,1,10,2022,2022,autumn,0,0,0,1,95,0.25,1.6,3.2,1.4,1.8,2.6,4.0,0.8,3.2,2.08,3.0199999999999996,-0.9399999999999995,0.6375
2022-10-16,Manchester United,Newcastle United,0,0,11.1,7.6,71,8.4,28.6,63,0,0,0,0,0,0,0,0,draw,1,0,0,0,0,1,0,-3.5,1,10,2022,2022,autumn,0,0,0,1,96,0.25263157894736843,2.4,2.0,1.6,0.4,1.6,2.2,1.0,1.2,2.28,1.7799999999999998,0.5,0.5128421052631579
2022-10-16,Southampton,West Ham United,1,1,14.0,11.7,78,11.6,22.9,63,1,0,0,0,0,1,2,0,draw,1,0,0,0,0,0,0,-2.3000000000000007,1,10,2022,2022,autumn,0,0,0,1,97,0.25526315789473686,0.6,0.6,1.8,-1.2,1.4,1.4,1.0,0.4,0.6,1.4,-0.7999999999999999,0.25526315789473686
2022-10-18,Brighton,Nottingham Forest,0,0,13.3,11.4,83,0.0,24.1,3,0,0,0,0,0,0,0,0,draw,0,0,0,0,0,0,0,-1.9000000000000004,1,10,2022,2022,autumn,0,0,0,1,98,0.2578947368421053,0.8,1.8,2.0,-0.2,0.2,1.0,2.4,-1.4,1.1,0.43999999999999995,0.6600000000000001,0.19857894736842108
2022-10-18,Crystal Palace,Wolverhampton Wanderers,2,1,11.7,9.9,86,0.0,17.3,3,0,0,0,0,0,0,3,1,win,0,0,0,0,1,1,0,-1.799999999999999,1,10,2022,2022,autumn,0,0,0,1,99,0.26052631578947366,1.2,0.8,0.8,0.0,1.2,0.4,1.6,-1.2,1.08,0.96,0.1200000000000001,0.26573684210526316
2022-10-19,Bournemouth,Southampton,0,1,16.5,13.7,86,3.5,36.2,61,0,0,0,0,0,0,1,-1,loss,1,0,0,1,1,0,0,-2.8000000000000007,1,10,2022,2022,autumn,0,0,0,1,100,0.2631578947368421,1.8,1.6,1.2,0.4,0.2,0.4,1.8,-1.4,1.74,0.26,1.48,0.2631578947368421
2022-10-19,Brentford,Chelsea,0,0,14.1,11.3,84,1.0,28.6,53,0,0,0,0,0,0,0,0,draw,1,0,0,0,0,0,0,-2.799999999999999,1,10,2022,2022,autumn,0,0,0,1,101,0.2657894736842105,1.4,1.6,2.0,-0.4,2.4,2.0,0.8,1.2,1.46,2.28,-0.8199999999999998,0.49702631578947365
2022-10-19,Liverpool,West Ham United,1,0,11.4,6.9,79,1.5,32.7,61,0,0,0,0,0,0,1,1,win,1,0,0,1,0,1,0,-4.5,1,10,2022,2022,autumn,0,0,0,1,102,0.26842105263157895,1.6,1.6,1.4,0.2,1.4,1.4,1.0,0.4,1.5999999999999999,1.4,0.19999999999999996,0.40263157894736845
2022-10-19,Manchester United,Tottenham Hotspur,2,0,11.7,7.5,78,11.4,35.4,65,1,0,0,0,0,1,2,2,win,1,0,0,1,0,1,0,-4.199999999999999,1,10,2022,2022,autumn,0,0,0,1,103,0.2710526315789474,2.0,1.8,1.6,0.2,2.4,2.4,1.2,1.2,1.94,2.4,-0.45999999999999996,0.5881842105263158
2022-10-19,Newcastle United,Everton,1,0,11.0,7.7,77,0.2,24.5,51,0,0,0,0,0,0,1,1,win,1,0,0,0,0,1,0,-3.3,1,10,2022,2022,autumn,0,0,0,1,104,0.2736842105263158,1.8,2.0,0.6,1.4,1.4,0.8,1.0,-0.2,1.8599999999999999,1.2199999999999998,0.6400000000000001,0.4214736842105263
2022-10-20,Fulham,Aston Villa,3,0,13.7,13.3,93,9.9,14.1,63,0,0,0,0,0,0,3,3,win,1,0,0,0,1,0,0,-0.3999999999999986,1,10,2022,2022,autumn,0,0,0,1,105,0.27631578947368424,0.8,1.6,2.6,-1.0,1.2,0.6,0.8,-0.2,1.04,1.02,0.020000000000000018,0.28460526315789475
2022-10-20,Leicester City,Leeds United,2,0,12.5,11.5,95,10.1,16.9,63,1,0,0,0,0,1,2,2,win,1,0,0,0,1,0,0,-1.0,1,10,2022,2022,autumn,0,0,0,1,106,0.2789473684210526,0.8,1.8,2.6,-0.8,0.4,0.8,1.8,-1.0,1.1,0.52,0.5800000000000001,0.22594736842105262
2022-10-22,Chelsea,Manchester United,1,1,14.7,13.2,85,0.0,24.0,3,0,0,0,0,0,0,2,0,draw,0,0,0,0,1,0,0,-1.5,1,10,2022,2022,autumn,0,0,0,1,107,0.28157894736842104,2.6,1.8,0.4,1.4,2.0,2.0,1.6,0.4,2.36,2.0,0.3599999999999999,0.6138421052631577
2022-10-22,Everton,Crystal Palace,3,0,14.1,12.0,82,0.1,21.1,51,0,0,0,0,0,0,3,3,win,1,0,0,0,0,0,0,-2.0999999999999996,1,10,2022,2022,autumn,0,0,0,1,108,0.28421052631578947,1.2,0.8,1.2,-0.4,1.6,1.0,0.8,0.2,1.08,1.42,-0.33999999999999986,0.35526315789473684
2022-10-22,Manchester City,Brighton,3,1,13.8,11.7,83,2.1,22.7,61,0,0,0,0,0,0,4,2,win,1,0,0,0,0,0,0,-2.1000000000000014,1,10,2022,2022,autumn,0,0,0,1,109,0.2868421052631579,2.0,2.8,1.0,1.8,1.0,1.6,1.6,0.0,2.2399999999999998,1.18,1.0599999999999998,0.4905
2022-10-22,Nottingham Forest,Liverpool,1,0,13.7,11.3,84,0.3,26.6,51,0,0,0,0,0,0,1,1,win,1,0,0,0,0,0,0,-2.3999999999999986,1,10,2022,2022,autumn,0,0,0,1,110,0.2894736842105263,0.4,0.6,1.8,-1.2,1.6,1.4,1.2,0.2,0.45999999999999996,1.5399999999999998,-1.0799999999999998,0.28947368421052627
2022-10-23,Aston Villa,Brentford,4,0,13.5,12.1,93,13.4,22.0,63,1,0,0,0,0,1,4,4,win,1,0,0,0,1,0,0,-1.4000000000000004,1,10,2022,2022,autumn,0,0,0,1,111,0.29210526315789476,1.0,0.4,1.2,-0.8,1.0,0.6,1.6,-1.0,0.82,0.8799999999999999,-0.05999999999999994,0.2482894736842105
2022-10-23,Leeds United,Fulham,2,3,12.5,11.6,96,8.2,20.5,61,0,0,0,0,0,0,5,-1,loss,1,0,0,0,1,0,0,-0.9000000000000004,1,10,2022,2022,autumn,0,0,0,1,112,0.29473684210526313,0.2,0.6,2.0,-1.4,1.4,2.0,2.2,-0.2,0.31999999999999995,1.5799999999999998,-1.2599999999999998,0.27999999999999997
2022-10-23,Southampton,Arsenal,1,1,15.3,13.9,88,16.9,23.6,65,1,0,0,0,0,1,2,0,draw,1,0,0,0,1,0,0,-1.4000000000000004,1,10,2022,2022,autumn,0,0,0,1,113,0.29736842105263156,0.8,0.6,1.6,-1.0,2.4,2.2,1.2,1.0,0.74,2.34,-1.5999999999999999,0.4579473684210526
2022-10-23,Tottenham Hotspur,Newcastle United,1,2,15.0,13.5,88,10.4,24.9,61,1,0,0,0,0,1,3,-1,loss,1,0,0,0,1,0,0,-1.5,1,10,2022,2022,autumn,0,0,0,1,114,0.3,1.8,2.0,1.4,0.6,2.2,2.2,0.6,1.6,1.8599999999999999,2.2,-0.3400000000000003,0.6090000000000001
2022-10-23,Wolverhampton Wanderers,Leicester City,0,4,13.7,12.4,91,9.5,23.3,61,0,0,0,0,0,0,4,-4,loss,1,0,0,0,1,0,0,-1.299999999999999,1,10,2022,2022,autumn,0,0,0,1,115,0.3026315789473684,0.6,0.4,2.0,-1.6,1.4,1.8,1.6,0.2,0.54,1.52,-0.98,0.3117105263157895
2022-10-24,West Ham United,Bournemouth,2,0,13.6,10.8,83,0.9,31.9,51,0,0,0,0,0,0,2,2,win,1,0,0,1,0,0,0,-2.799999999999999,1,10,2022,2022,autumn,0,0,0,1,116,0.30526315789473685,1.4,1.2,0.8,0.4,1.2,1.0,1.0,0.0,1.3399999999999999,1.14,0.19999999999999996,0.3785263157894736
2022-10-29,Bournemouth,Tottenham Hotspur,2,3,16.9,15.0,86,6.6,36.5,63,0,0,0,0,0,0,5,-1,loss,1,0,0,1,1,0,0,-1.8999999999999986,1,10,2022,2022,autumn,0,0,0,1,117,0.3078947368421053,1.0,0.8,1.2,-0.4,1.2,1.0,1.4,-0.4,0.94,1.14,-0.19999999999999996,0.3202105263157895
2022-10-29,Brentford,Wolverhampton Wanderers,1,1,16.4,15.9,86,3.2,18.2,61,0,0,0,0,0,0,2,0,draw,1,0,0,0,1,0,0,-0.4999999999999982,1,10,2022,2022,autumn,0,0,0,1,118,0.3105263157894737,1.0,0.6,1.8,-1.2,0.6,0.4,2.2,-1.8,0.8799999999999999,0.54,0.33999999999999986,0.22047368421052632
2022-10-29,Brighton,Chelsea,4,1,17.1,16.1,86,0.1,24.0,51,0,0,0,0,0,0,5,3,win,1,0,0,0,1,0,0,-1.0,1,10,2022,2022,autumn,0,0,0,1,119,0.3131578947368421,0.4,0.8,1.8,-1.0,2.2,1.6,0.4,1.2,0.52,2.02,-1.5,0.39771052631578946
2022-10-29,Crystal Palace,Southampton,1,0,16.6,15.8,86,1.2,19.0,55,0,0,0,0,0,0,1,1,win,1,0,0,0,1,0,0,-0.8000000000000007,1,10,2022,2022,autumn,0,0,0,1,120,0.3157894736842105,1.4,1.0,1.4,-0.4,1.0,0.8,1.6,-0.8,1.2799999999999998,0.94,0.33999999999999986,0.35052631578947363
2022-10-29,Fulham,Everton,0,0,16.5,16.0,86,3.0,17.3,61,0,0,0,0,0,0,0,0,draw,1,0,0,0,1,0,0,-0.5,1,10,2022,2022,autumn,0,0,0,1,121,0.31842105263157894,1.4,2.0,2.2,-0.2,1.2,1.2,1.2,0.0,1.5799999999999998,1.2,0.3799999999999999,0.44260526315789467
2022-10-29,Leicester City,Manchester City,0,1,14.6,13.0,90,3.2,22.8,61,0,0,0,0,0,0,1,-1,loss,1,0,0,0,1,0,0,-1.5999999999999996,1,10,2022,2022,autumn,0,0,0,1,122,0.32105263157894737,2.0,2.2,0.4,1.8,2.4,3.2,1.0,2.2,2.06,2.6399999999999997,-0.5799999999999996,0.7544736842105262
2022-10-29,Liverpool,Leeds United,1,2,13.5,11.5,91,7.9,26.3,61,0,0,0,0,0,0,3,-1,loss,1,0,0,0,1,0,0,-2.0,1,10,2022,2022,autumn,0,0,0,1,123,0.3236842105263158,1.4,1.4,1.4,0.0,0.2,0.6,1.6,-1.0,1.4,0.31999999999999995,1.08,0.27836842105263154
2022-10-29,Newcastle United,Aston Villa,4,0,12.0,10.3,92,3.8,19.5,61,0,0,0,0,0,0,4,4,win,1,0,0,0,1,0,0,-1.6999999999999993,1,10,2022,2022,autumn,0,0,0,1,124,0.3263157894736842,2.6,2.4,0.6,1.8,1.0,1.0,1.2,-0.2,2.54,1.0,1.54,0.5775789473684211
2022-10-30,Arsenal,Nottingham Forest,5,0,14.1,12.2,86,1.2,24.1,53,0,0,0,0,0,0,5,5,win,1,0,0,0,1,0,0,-1.9000000000000004,1,10,2022,2022,autumn,0,0,0,1,125,0.32894736842105265,2.6,2.2,0.8,1.4,1.0,0.4,1.2,-0.8,2.48,0.82,1.6600000000000001,0.5427631578947368
2022-10-30,Manchester United,West Ham United,1,0,12.9,10.2,85,4.6,25.4,63,0,0,0,0,0,0,1,1,win,1,0,0,0,1,0,0,-2.700000000000001,1,10,2022,2022,autumn,0,0,0,1,126,0.33157894736842103,1.6,1.6,1.6,0.0,2.0,1.6,0.6,1.0,1.5999999999999999,1.88,-0.28,0.5769473684210525
2022-11-05,Everton,Leicester City,0,2,9.8,7.1,90,3.1,24.0,55,0,0,0,0,0,0,2,-2,loss,1,1,0,0,1,1,0,-2.700000000000001,1,11,2022,2022,autumn,0,0,0,1,127,0.33421052631578946,0.8,0.8,1.0,-0.2,1.4,1.4,0.6,0.8,0.7999999999999999,1.4,-0.6,0.36763157894736836
2022-11-05,Leeds United,Bournemouth,4,3,9.6,7.1,88,0.5,19.9,51,0,0,0,0,0,0,7,1,win,1,1,0,0,1,1,0,-2.5,1,11,2022,2022,autumn,0,0,0,1,128,0.3368421052631579,0.6,1.0,1.8,-0.8,0.8,1.2,1.8,-0.6,0.72,0.9199999999999999,-0.19999999999999996,0.27621052631578946
2022-11-05,Manchester City,Fulham,2,1,9.3,6.7,91,2.7,23.8,53,0,0,0,0,0,0,3,1,win,1,1,0,0,1,1,0,-2.6000000000000005,1,11,2022,2022,autumn,0,0,0,1,129,0.3394736842105263,2.4,2.8,1.0,1.8,1.6,1.8,1.4,0.4,2.52,1.66,0.8600000000000001,0.7094999999999999
2022-11-05,Nottingham Forest,Brentford,2,2,9.3,6.2,89,0.6,28.5,51,0,0,0,0,0,0,4,0,draw,1,1,0,0,1,1,0,-3.1000000000000005,1,11,2022,2022,autumn,0,0,0,1,130,0.34210526315789475,1.0,0.4,1.4,-1.0,1.0,0.8,2.0,-1.2,0.82,0.94,-0.12,0.30105263157894735
2022-11-05,Wolverhampton Wanderers,Brighton,2,3,9.0,6.0,91,2.5,24.1,53,0,0,0,0,0,0,5,-1,loss,1,1,0,0,1,1,0,-3.0,1,11,2022,2022,autumn,0,0,0,1,131,0.3447368421052632,0.8,0.6,2.0,-1.4,0.8,1.0,1.4,-0.4,0.74,0.8599999999999999,-0.11999999999999988,0.27578947368421053
2022-11-06,Aston Villa,Manchester United,3,1,8.6,5.5,94,1.7,26.0,53,0,0,0,0,0,0,4,2,win,1,1,0,0,1,1,0,-3.0999999999999996,1,11,2022,2022,autumn,0,0,0,1,132,0.3473684210526316,0.8,1.0,2.0,-1.0,2.2,1.2,0.4,0.8,0.8599999999999999,1.9,-1.04,0.47936842105263155
2022-11-06,Chelsea,Arsenal,0,1,12.6,10.1,89,20.0,24.1,63,1,0,0,0,0,1,1,-1,loss,1,0,0,0,1,0,0,-2.5,1,11,2022,2022,autumn,0,0,0,1,133,0.35,1.6,1.4,1.0,0.4,2.6,2.6,0.8,1.8,1.5399999999999998,2.5999999999999996,-1.0599999999999998,0.7244999999999999
2022-11-06,Southampton,Newcastle United,1,4,12.6,10.1,88,17.2,27.4,63,1,0,0,0,0,1,5,-3,loss,1,0,0,0,1,0,0,-2.5,1,11,2022,2022,autumn,0,0,0,1,134,0.3526315789473684,1.0,0.6,1.4,-0.8,2.6,2.4,0.4,2.0,0.8799999999999999,2.54,-1.6600000000000001,0.603
2022-11-06,Tottenham Hotspur,Liverpool,1,2,12.4,9.9,90,25.0,25.7,63,1,0,0,0,0,1,3,-1,loss,1,0,0,0,1,1,0,-2.5,1,11,2022,2022,autumn,0,0,0,1,135,0.35526315789473684,1.8,1.4,1.2,0.2,1.2,1.0,1.2,-0.2,1.68,1.14,0.54,0.5009210526315789
2022-11-06,West Ham United,Crystal Palace,1,2,12.6,10.1,89,17.6,24.7,63,1,0,0,0,0,1,3,-1,loss,1,0,0,0,1,0,0,-2.5,1,11,2022,2022,autumn,0,0,0,1,136,0.35789473684210527,1.4,1.2,0.8,0.4,2.0,1.0,1.0,0.0,1.3399999999999999,1.7,-0.3600000000000001,0.544
2022-11-12,Bournemouth,Everton,3,0,14.3,12.7,88,0.0,21.4,3,0,0,0,0,0,0,3,3,win,0,0,0,0,1,0,0,-1.6000000000000014,1,11,2022,2022,autumn,0,0,0,1,137,0.3605263157894737,0.2,1.4,2.4,-1.0,0.8,0.6,1.0,-0.4,0.5599999999999999,0.74,-0.18000000000000005,0.23434210526315788
2022-11-12,Liverpool,Southampton,3,1,12.2,9.5,88,0.0,22.8,3,0,0,0,0,0,0,4,2,win,0,0,0,0,1,1,0,-2.6999999999999993,1,11,2022,2022,autumn,0,0,0,1,138,0.3631578947368421,1.8,1.0,0.8,0.2,1.0,0.8,1.4,-0.6,1.56,0.94,0.6200000000000001,0.45394736842105265
2022-11-12,Manchester City,Brentford,1,2,12.3,10.4,86,0.0,16.4,3,0,0,0,0,0,0,3,-1,loss,0,0,0,0,1,0,0,-1.9000000000000004,1,11,2022,2022,autumn,0,0,0,1,139,0.36578947368421055,2.4,2.0,0.6,1.4,1.2,1.0,1.4,-0.4,2.28,1.14,1.14,0.6255000000000001
2022-11-12,Newcastle United,Chelsea,1,0,11.7,10.1,89,0.0,17.8,3,0,0,0,0,0,0,1,1,win,0,0,0,0,1,0,0,-1.5999999999999996,1,11,2022,2022,autumn,0,0,0,1,140,0.3684210526315789,2.6,2.2,0.4,1.8,1.0,0.8,1.2,-0.4,2.48,0.94,1.54,0.63
2022-11-12,Nottingham Forest,Crystal Palace,1,0,12.0,10.1,90,0.0,18.1,3,0,0,0,0,0,0,1,1,win,0,0,0,0,1,0,0,-1.9000000000000004,1,11,2022,2022,autumn,0,0,0,1,141,0.37105263157894736,1.0,0.6,1.6,-1.0,2.0,1.0,1.0,0.0,0.8799999999999999,1.7,-0.8200000000000001,0.4786578947368421
2022-11-12,Tottenham Hotspur,Leeds United,4,3,11.8,10.7,93,0.0,12.3,3,0,0,0,0,0,0,7,1,win,0,0,0,0,1,0,0,-1.1000000000000014,1,11,2022,2022,autumn,0,0,0,1,142,0.3736842105263158,1.2,1.4,1.6,-0.2,1.2,1.6,2.0,-0.4,1.26,1.3199999999999998,-0.05999999999999983,0.4820526315789474
2022-11-12,West Ham United,Leicester City,0,2,11.9,11.0,93,0.0,11.8,3,0,0,0,0,0,0,2,-2,loss,0,0,0,0,1,0,0,-0.9000000000000004,1,11,2022,2022,autumn,0,0,0,1,143,0.3763157894736842,0.8,0.8,1.0,-0.2,2.0,1.6,0.2,1.4,0.7999999999999999,1.88,-1.08,0.5042631578947367
2022-11-12,Wolverhampton Wanderers,Arsenal,0,2,11.8,9.5,89,0.0,19.5,3,0,0,0,0,0,0,2,-2,loss,0,0,0,0,1,1,0,-2.3000000000000007,1,11,2022,2022,autumn,0,0,0,1,144,0.37894736842105264,0.8,1.0,2.0,-1.0,2.6,2.2,0.6,1.6,0.8599999999999999,2.48,-1.62,0.6328421052631579
2022-11-13,Brighton,Aston Villa,1,2,12.5,11.0,95,0.0,16.6,3,0,0,0,0,0,0,3,-1,loss,0,0,0,0,1,0,0,-1.5,1,11,2022,2022,autumn,0,0,0,1,145,0.3815789473684211,1.4,1.6,1.6,0.0,1.2,1.4,2.0,-0.6,1.46,1.26,0.19999999999999996,0.5189473684210526
2022-11-13,Fulham,Manchester United,1,2,10.6,9.2,96,0.0,12.8,3,0,0,0,0,0,0,3,-1,loss,0,0,0,0,1,1,0,-1.4000000000000004,1,11,2022,2022,autumn,0,0,0,1,146,0.38421052631578945,1.6,1.8,1.2,0.6,1.6,1.0,0.8,0.2,1.66,1.42,0.24,0.5916842105263158
2022-12-26,Arsenal,West Ham United,3,1,5.8,1.5,84,0.0,27.3,3,0,0,0,0,0,0,4,2,win,0,1,0,0,0,1,0,-4.3,1,12,2022,2022,winter,1,0,0,0,147,0.3868421052631579,2.6,2.0,0.2,1.8,0.6,0.6,1.2,-0.6,2.42,0.6,1.8199999999999998,0.5841315789473684
2022-12-26,Aston Villa,Liverpool,1,3,4.1,-0.6,83,0.2,31.4,51,0,0,1,0,0,1,4,-2,loss,1,1,0,1,0,1,0,-4.699999999999999,1,12,2022,2022,winter,1,0,0,0,148,0.3894736842105263,1.8,1.8,1.8,0.0,1.8,1.4,1.0,0.4,1.8,1.68,0.1200000000000001,0.6776842105263158
2022-12-26,Brentford,Tottenham Hotspur,2,2,6.0,2.1,85,0.0,24.2,3,0,0,0,0,0,0,4,0,draw,0,1,0,0,1,1,0,-3.9,1,12,2022,2022,winter,1,0,0,0,149,0.39210526315789473,1.2,1.0,1.6,-0.6,1.2,1.8,2.2,-0.4,1.14,1.38,-0.24,0.4940526315789473
2022-12-26,Crystal Palace,Fulham,0,3,6.0,1.8,84,0.0,25.9,3,0,0,0,0,0,0,3,-3,loss,0,1,0,0,0,1,0,-4.2,1,12,2022,2022,winter,1,0,0,0,150,0.39473684210526316,1.8,1.0,1.2,-0.2,1.4,1.6,1.2,0.4,1.56,1.46,0.10000000000000009,0.5960526315789474
2022-12-26,Everton,Wolverhampton Wanderers,1,2,5.6,-0.2,75,6.6,39.8,73,0,0,1,0,0,1,3,-1,loss,1,1,0,1,0,1,0,-5.8,1,12,2022,2022,winter,1,0,0,0,151,0.3973684210526316,0.8,0.6,1.2,-0.6,0.2,0.8,2.4,-1.6,0.74,0.38,0.36,0.2225263157894737
2022-12-26,Leicester City,Newcastle United,0,3,4.3,-0.7,83,0.1,32.8,51,0,0,1,0,0,1,3,-3,loss,1,1,0,1,0,1,0,-5.0,1,12,2022,2022,winter,1,0,0,0,152,0.4,2.4,2.0,0.2,1.8,3.0,2.4,0.4,2.0,2.28,2.8199999999999994,-0.5399999999999996,1.02
2022-12-26,Southampton,Brighton,1,3,6.3,2.5,85,0.0,28.0,3,0,0,0,0,0,0,4,-2,loss,0,1,0,0,1,1,0,-3.8,1,12,2022,2022,winter,1,0,0,0,153,0.4026315789473684,0.8,0.8,1.8,-1.0,1.4,1.8,1.6,0.2,0.7999999999999999,1.52,-0.7200000000000001,0.46705263157894733
2022-12-27,Chelsea,Bournemouth,2,0,6.2,1.9,88,3.8,36.1,53,0,0,0,0,0,0,2,2,win,1,1,0,1,1,1,0,-4.300000000000001,1,12,2022,2022,winter,1,0,0,0,154,0.4052631578947368,0.4,0.4,1.4,-1.0,0.6,1.6,2.0,-0.4,0.39999999999999997,0.8999999999999999,-0.49999999999999994,0.2634210526315789
2022-12-27,Manchester United,Nottingham Forest,3,0,5.9,1.6,89,7.5,34.1,61,0,0,0,0,0,0,3,3,win,1,1,0,1,1,1,0,-4.300000000000001,1,12,2022,2022,winter,1,0,0,0,155,0.40789473684210525,2.0,1.4,1.0,0.4,1.6,0.8,1.4,-0.6,1.8199999999999998,1.3599999999999999,0.45999999999999996,0.6485526315789473
2022-12-28,Leeds United,Manchester City,1,3,7.7,3.6,87,5.2,35.9,61,0,0,0,0,0,0,4,-2,loss,1,1,0,1,1,1,0,-4.1,1,12,2022,2022,winter,1,0,0,0,156,0.4105263157894737,1.2,2.2,2.6,-0.4,1.8,1.4,1.0,0.4,1.5,1.68,-0.17999999999999994,0.6527368421052631
2022-12-30,Liverpool,Leicester City,2,1,8.6,2.9,78,0.1,40.1,51,0,0,0,0,0,0,3,1,win,1,1,0,1,0,1,0,-5.699999999999999,1,12,2022,2022,winter,1,0,0,0,157,0.4131578947368421,1.8,1.8,1.2,0.6,1.8,1.6,0.8,0.8,1.8,1.74,0.06000000000000005,0.7312894736842106
2022-12-30,West Ham United,Brentford,0,2,9.6,5.2,87,4.9,32.7,61,0,0,0,0,0,0,2,-2,loss,1,1,0,1,1,1,0,-4.3999999999999995,1,12,2022,2022,winter,1,0,0,0,158,0.41578947368421054,0.6,0.8,1.6,-0.8,1.2,1.4,2.0,-0.6,0.6599999999999999,1.26,-0.6000000000000001,0.3991578947368421
2022-12-31,Bournemouth,Crystal Palace,0,2,12.1,6.8,90,13.1,44.9,61,1,0,0,0,0,1,2,-2,loss,1,0,0,1,1,1,0,-5.3,1,12,2022,2022,winter,1,0,0,0,159,0.41842105263157897,0.6,1.6,2.2,-0.6,1.2,0.6,1.6,-1.0,0.8999999999999999,1.02,-0.1200000000000001,0.4016842105263158
2022-12-31,Brighton,Arsenal,2,4,12.1,6.3,90,21.1,49.5,63,1,0,0,0,0,1,6,-2,loss,1,0,0,1,1,1,0,-5.8,1,12,2022,2022,winter,1,0,0,0,160,0.42105263157894735,1.8,2.4,1.8,0.6,2.6,2.4,0.4,2.0,1.98,2.54,-0.56,0.9515789473684209
2022-12-31,Fulham,Southampton,2,1,12.2,7.9,88,10.2,35.8,61,1,0,0,0,0,1,3,1,win,1,0,0,1,1,1,0,-4.299999999999999,1,12,2022,2022,winter,1,0,0,0,161,0.4236842105263158,1.4,1.6,1.2,0.4,0.2,0.8,2.4,-1.6,1.46,0.38,1.08,0.38978947368421046
2022-12-31,Manchester City,Everton,1,1,9.2,6.8,91,16.9,19.7,61,1,0,0,0,0,1,2,0,draw,1,1,0,0,1,1,0,-2.3999999999999995,1,12,2022,2022,winter,1,0,0,0,162,0.4263157894736842,2.4,2.0,1.0,1.0,0.8,0.8,1.4,-0.6,2.28,0.7999999999999999,1.48,0.6565263157894736
2022-12-31,Newcastle United,Leeds United,0,0,5.9,3.2,91,14.5,19.3,63,1,0,0,0,0,1,0,0,draw,1,1,0,0,1,1,0,-2.7,1,12,2022,2022,winter,1,0,0,0,163,0.42894736842105263,3.0,2.8,0.4,2.4,1.2,2.4,2.8,-0.4,2.9399999999999995,1.56,1.3799999999999994,0.9651315789473685
2022-12-31,Wolverhampton Wanderers,Manchester United,0,1,9.6,6.2,91,4.7,25.0,53,0,0,0,0,0,0,1,-1,loss,1,1,0,0,1,1,0,-3.3999999999999995,1,12,2022,2022,winter,1,0,0,0,164,0.43157894736842106,0.8,1.0,2.2,-1.2,2.0,1.6,1.0,0.6,0.8599999999999999,1.88,-1.02,0.5912631578947368
2023-01-01,Nottingham Forest,Chelsea,1,1,8.5,4.0,83,0.6,30.3,51,0,0,0,0,0,0,2,0,draw,1,1,0,1,0,1,0,-4.5,1,1,2023,2022,winter,1,0,0,0,165,0.4342105263157895,1.4,0.8,2.0,-1.2,0.8,0.8,1.4,-0.6,1.2199999999999998,0.7999999999999999,0.4199999999999998,0.4385526315789473
2023-01-01,Tottenham Hotspur,Aston Villa,0,2,10.0,6.4,84,7.0,30.3,61,0,0,0,0,0,0,2,-2,loss,1,0,0,1,0,1,0,-3.5999999999999996,1,1,2023,2022,winter,1,0,0,0,166,0.4368421052631579,1.4,2.2,2.2,0.0,1.8,2.0,1.8,0.2,1.64,1.8599999999999999,-0.21999999999999997,0.7644736842105264
2023-01-02,Brentford,Liverpool,3,1,5.5,2.8,91,0.3,14.5,51,0,0,0,0,0,0,4,2,win,1,1,0,0,1,1,0,-2.7,1,1,2023,2022,winter,1,0,0,0,167,0.4394736842105263,1.8,1.8,1.2,0.6,2.4,2.2,1.2,1.0,1.8,2.34,-0.5399999999999998,0.9097105263157894
2023-01-03,Arsenal,Newcastle United,0,0,8.2,3.9,91,2.7,36.7,53,0,0,0,0,0,0,0,0,draw,1,1,0,1,1,1,0,-4.299999999999999,1,1,2023,2022,winter,1,0,0,0,168,0.4421052631578947,3.0,3.0,0.6,2.4,2.6,2.4,0.2,2.2,2.9999999999999996,2.54,0.4599999999999995,1.2246315789473683
2023-01-03,Everton,Brighton,1,4,7.2,2.7,90,6.4,29.7,61,0,0,0,0,0,0,5,-3,loss,1,1,0,0,1,1,0,-4.5,1,1,2023,2022,winter,1,0,0,0,169,0.44473684210526315,0.4,0.4,1.6,-1.2,1.8,2.6,2.0,0.6,0.39999999999999997,2.04,-1.6400000000000001,0.542578947368421
2023-01-03,Leicester City,Fulham,0,1,7.2,2.4,92,4.0,36.6,55,0,0,0,0,0,0,1,-1,loss,1,1,0,1,1,1,0,-4.800000000000001,1,1,2023,2022,winter,1,0,0,0,170,0.4473684210526316,1.2,1.0,1.2,-0.2,1.4,1.4,1.0,0.4,1.14,1.4,-0.26,0.5681578947368421
2023-01-03,Manchester United,Bournemouth,3,0,7.5,3.3,89,7.3,29.5,61,0,0,0,0,0,0,3,3,win,1,1,0,0,1,1,0,-4.2,1,1,2023,2022,winter,1,0,0,0,171,0.45,2.4,1.6,0.8,0.8,0.6,1.6,2.2,-0.6,2.16,0.8999999999999999,1.2600000000000002,0.6885
2023-01-04,Aston Villa,Wolverhampton Wanderers,1,1,10.7,6.5,85,2.0,33.1,53,0,0,0,0,0,0,2,0,draw,1,0,0,1,1,1,0,-4.199999999999999,1,1,2023,2022,winter,1,0,0,0,172,0.45263157894736844,1.8,1.6,1.8,-0.2,0.8,1.0,1.6,-0.6,1.74,0.8599999999999999,0.8800000000000001,0.5884210526315788
2023-01-04,Crystal Palace,Tottenham Hotspur,0,4,11.8,7.1,85,1.2,35.9,55,0,0,0,0,0,0,4,-4,loss,1,0,0,1,1,1,0,-4.700000000000001,1,1,2023,2022,winter,1,0,0,0,173,0.45526315789473687,1.8,1.0,1.0,0.0,1.4,2.0,2.2,-0.2,1.56,1.5799999999999998,-0.019999999999999796,0.7147631578947368
2023-01-04,Leeds United,West Ham United,2,2,10.6,5.3,83,1.5,37.6,51,0,0,0,0,0,0,4,0,draw,1,0,0,1,0,1,0,-5.3,1,1,2023,2022,winter,1,0,0,0,174,0.45789473684210524,1.4,2.0,2.2,-0.2,0.0,0.4,2.0,-1.6,1.5799999999999998,0.12,1.46,0.3892105263157894
2023-01-04,Southampton,Nottingham Forest,0,1,11.8,8.0,87,1.8,33.1,55,0,0,0,0,0,0,1,-1,loss,1,0,0,1,1,1,0,-3.8000000000000007,1,1,2023,2022,winter,1,0,0,0,175,0.4605263157894737,0.0,0.8,2.6,-1.8,1.0,0.8,2.2,-1.4,0.24,0.94,-0.7,0.27171052631578946
2023-01-05,Chelsea,Manchester City,0,1,10.5,7.1,87,0.1,31.5,51,0,0,0,0,0,0,1,-1,loss,1,0,0,1,1,1,0,-3.4000000000000004,1,1,2023,2022,winter,1,0,0,0,176,0.4631578947368421,0.8,0.8,1.4,-0.6,2.0,1.6,1.0,0.6,0.7999999999999999,1.88,-1.08,0.6206315789473683
2023-01-12,Fulham,Chelsea,2,1,10.3,5.1,86,5.4,40.7,53,0,0,0,0,0,0,3,1,win,1,0,0,1,1,1,0,-5.200000000000001,1,1,2023,2022,winter,1,0,0,0,177,0.46578947368421053,1.8,1.6,1.0,0.6,0.8,0.6,0.8,-0.2,1.74,0.74,1.0,0.5775789473684211
2023-01-13,Aston Villa,Leeds United,2,1,6.2,0.7,77,0.5,30.9,51,0,0,0,0,0,0,3,1,win,1,1,0,1,0,1,0,-5.5,1,1,2023,2022,winter,1,0,0,0,178,0.46842105263157896,2.0,1.8,1.2,0.6,1.0,2.0,2.4,-0.4,1.94,1.2999999999999998,0.6400000000000001,0.7588421052631579
2023-01-14,Brentford,Bournemouth,2,0,8.9,4.0,82,11.3,38.5,61,1,0,0,0,0,1,2,2,win,1,1,0,1,0,1,0,-4.9,1,1,2023,2022,winter,1,0,0,0,179,0.4710526315789474,2.2,2.2,1.2,1.0,0.6,1.2,2.2,-1.0,2.2,0.78,1.4200000000000002,0.7018684210526317
2023-01-14,Brighton,Liverpool,3,0,9.3,3.6,85,18.4,50.7,63,1,1,0,0,0,1,3,3,win,1,1,0,1,1,1,0,-5.700000000000001,1,1,2023,2022,winter,1,0,0,0,180,0.47368421052631576,1.8,2.6,2.0,0.6,2.4,2.2,1.4,0.8,2.04,2.34,-0.2999999999999998,1.0373684210526315
2023-01-14,Everton,Southampton,1,2,6.9,0.6,80,6.2,42.3,61,0,0,0,0,0,0,3,-1,loss,1,1,0,1,0,1,0,-6.300000000000001,1,1,2023,2022,winter,1,0,0,0,181,0.4763157894736842,0.2,0.6,2.4,-1.8,0.0,0.8,2.6,-1.8,0.31999999999999995,0.24,0.07999999999999996,0.13336842105263155
2023-01-14,Manchester United,Manchester City,2,1,6.7,1.5,80,7.7,31.0,61,0,0,0,0,0,0,3,1,win,1,1,0,1,0,1,0,-5.2,1,1,2023,2022,winter,1,0,0,0,182,0.4789473684210526,2.4,2.0,0.8,1.2,2.0,1.6,1.0,0.6,2.28,1.88,0.3999999999999999,0.9962105263157894
2023-01-14,Nottingham Forest,Leicester City,2,0,6.9,1.4,82,9.2,33.8,63,0,0,0,0,0,0,2,2,win,1,1,0,1,0,1,0,-5.5,1,1,2023,2022,winter,1,0,0,0,183,0.48157894736842105,1.6,1.0,1.2,-0.2,1.2,1.0,1.2,-0.2,1.42,1.14,0.28,0.6164210526315789
2023-01-14,Wolverhampton Wanderers,West Ham United,1,0,6.8,1.5,82,7.8,32.8,61,0,0,0,0,0,0,1,1,win,1,1,0,1,0,1,0,-5.3,1,1,2023,2022,winter,1,0,0,0,184,0.4842105263157895,0.8,1.0,1.6,-0.6,0.2,0.8,2.2,-1.4,0.8599999999999999,0.38,0.47999999999999987,0.3002105263157894
2023-01-15,Chelsea,Crystal Palace,1,0,4.6,-0.6,76,0.0,29.6,3,0,0,1,0,0,1,1,1,win,0,1,0,0,0,1,0,-5.199999999999999,1,1,2023,2022,winter,1,0,0,0,185,0.4868421052631579,0.8,0.8,1.0,-0.2,1.2,0.8,1.8,-1.0,0.7999999999999999,1.08,-0.28000000000000014,0.4576315789473684
2023-01-15,Newcastle United,Fulham,1,0,3.2,-2.1,83,1.7,46.1,53,0,0,1,0,0,1,1,1,win,1,1,0,1,0,1,0,-5.300000000000001,1,1,2023,2022,winter,1,0,0,0,186,0.48947368421052634,2.2,1.6,0.2,1.4,2.4,1.8,0.8,1.0,2.02,2.2199999999999998,-0.19999999999999973,1.037684210526316
2023-01-15,Tottenham Hotspur,Arsenal,0,2,4.6,-0.6,76,0.0,29.8,3,0,0,1,0,0,1,2,-2,loss,0,1,0,0,0,1,0,-5.199999999999999,1,1,2023,2022,winter,1,0,0,0,187,0.4921052631578947,1.4,2.2,1.8,0.4,2.6,2.0,0.6,1.4,1.64,2.42,-0.78,0.9989736842105261
2023-01-18,Crystal Palace,Manchester United,1,1,-0.3,-4.6,87,0.0,15.4,3,0,0,1,0,0,1,2,0,draw,0,1,0,0,1,1,0,-4.3,1,1,2023,2022,winter,1,0,0,0,188,0.49473684210526314,0.6,0.4,1.8,-1.4,3.0,2.2,0.4,1.8,0.54,2.76,-2.2199999999999998,0.8163157894736841
2023-01-19,Manchester City,Tottenham Hotspur,4,2,0.5,-3.3,86,0.5,17.7,51,0,0,1,0,0,1,6,2,win,1,1,0,0,1,1,0,-3.8,1,1,2023,2022,winter,1,0,0,0,189,0.49736842105263157,1.4,1.4,1.2,0.2,1.4,2.0,1.8,0.2,1.4,1.5799999999999998,-0.17999999999999994,0.741078947368421
2023-01-21,Bournemouth,Nottingham Forest,1,1,1.9,-1.7,87,0.0,13.3,2,0,0,1,0,0,1,2,0,draw,0,1,0,0,1,1,0,-3.5999999999999996,1,1,2023,2022,winter,1,0,0,0,190,0.5,0.6,0.6,1.8,-1.2,2.0,1.0,0.8,0.2,0.6,1.7,-1.1,0.575
2023-01-21,Crystal Palace,Newcastle United,0,0,1.3,-1.8,91,0.0,11.0,3,0,0,1,0,0,1,0,0,draw,0,1,0,0,1,1,0,-3.1,1,1,2023,2022,winter,1,0,0,0,191,0.5026315789473684,0.8,0.6,1.8,-1.2,2.2,1.0,0.0,1.0,0.74,1.84,-1.1,0.6483947368421052
2023-01-21,Leicester City,Brighton,2,2,-0.7,-4.3,90,0.0,10.7,3,0,0,1,0,0,1,4,0,draw,0,1,0,0,1,1,0,-3.5999999999999996,1,1,2023,2022,winter,1,0,0,0,192,0.5052631578947369,0.6,0.6,1.6,-1.0,1.8,2.6,1.6,1.0,0.6,2.04,-1.44,0.6669473684210527
2023-01-21,Liverpool,Chelsea,0,0,0.1,-4.5,91,0.0,23.2,3,0,0,1,0,0,1,0,0,draw,0,1,0,0,1,1,0,-4.6,1,1,2023,2022,winter,1,0,0,0,193,0.5078947368421053,1.8,1.8,1.8,0.0,1.4,1.0,0.8,0.2,1.8,1.2799999999999998,0.5200000000000002,0.7821578947368422
2023-01-21,Southampton,Aston Villa,0,1,0.4,-3.2,89,0.0,11.4,3,0,0,1,0,0,1,1,-1,loss,0,1,0,0,1,1,0,-3.6,1,1,2023,2022,winter,1,0,0,0,194,0.5105263157894737,0.6,1.0,2.0,-1.0,2.0,1.6,1.2,0.4,0.72,1.88,-1.16,0.6636842105263158
2023-01-21,West Ham United,Everton,2,0,1.3,-1.9,90,0.0,11.5,3,0,0,1,0,0,1,2,2,win,0,1,0,0,1,1,0,-3.2,1,1,2023,2022,winter,1,0,0,0,195,0.5131578947368421,0.2,0.6,2.0,-1.4,0.2,0.8,2.4,-1.6,0.31999999999999995,0.38,-0.06000000000000005,0.17960526315789474
2023-01-22,Arsenal,Manchester United,3,2,-1.9,-4.9,96,0.0,6.3,3,0,0,1,0,0,1,5,1,win,0,1,0,0,1,1,0,-3.0000000000000004,1,1,2023,2022,winter,1,0,0,0,196,0.5157894736842106,2.6,2.2,0.6,1.6,2.6,2.0,0.4,1.6,2.48,2.42,0.06000000000000005,1.263684210526316
2023-01-22,Leeds United,Brentford,0,0,0.6,-2.7,87,0.3,8.9,51,0,0,1,0,0,1,0,0,draw,1,1,0,0,1,1,0,-3.3000000000000003,1,1,2023,2022,winter,1,0,0,0,197,0.5184210526315789,0.4,1.4,2.2,-0.8,2.6,2.2,0.8,1.4,0.7,2.48,-1.78,0.8242894736842103
2023-01-22,Manchester City,Wolverhampton Wanderers,3,0,1.8,-1.6,84,0.0,11.4,3,0,0,1,0,0,1,3,3,win,0,1,0,0,0,1,0,-3.4000000000000004,1,1,2023,2022,winter,1,0,0,0,198,0.5210526315789473,2.0,2.0,1.2,0.8,1.4,0.8,1.0,-0.2,2.0,1.2199999999999998,0.7800000000000002,0.8388947368421051
2023-01-23,Fulham,Tottenham Hotspur,0,1,-1.0,-4.1,86,0.0,6.6,3,0,0,1,0,0,1,1,-1,loss,0,1,0,0,1,1,0,-3.0999999999999996,1,1,2023,2022,winter,1,0,0,0,199,0.5236842105263158,2.4,1.6,0.6,1.0,0.8,1.6,2.0,-0.4,2.16,1.04,1.12,0.8378947368421052
2023-02-03,Chelsea,Fulham,0,0,9.3,6.0,86,0.0,22.7,3,0,0,0,0,0,0,0,0,draw,0,1,0,0,1,1,0,-3.3000000000000007,1,2,2023,2022,winter,1,0,0,0,200,0.5263157894736842,1.0,0.6,0.8,-0.2,1.8,1.0,0.8,0.2,0.8799999999999999,1.56,-0.6800000000000002,0.6421052631578947
2023-02-04,Aston Villa,Leicester City,2,4,7.7,4.7,87,0.1,20.8,51,0,0,0,0,0,0,6,-2,loss,1,1,0,0,1,1,0,-3.0,1,2,2023,2022,winter,1,0,0,0,201,0.5289473684210526,2.0,1.4,1.0,0.4,0.2,0.6,2.0,-1.4,1.8199999999999998,0.31999999999999995,1.5,0.5659736842105262
2023-02-04,Brentford,Southampton,3,0,7.5,5.2,87,0.5,11.9,51,0,0,0,0,0,0,3,3,win,1,1,0,0,1,1,0,-2.3,1,2,2023,2022,winter,1,0,0,0,202,0.531578947368421,2.2,1.8,0.6,1.2,0.6,0.8,1.6,-0.8,2.08,0.6599999999999999,1.4200000000000002,0.7282631578947368
2023-02-04,Brighton,Bournemouth,1,0,8.0,5.5,85,0.0,12.8,3,0,0,0,0,0,0,1,1,win,0,1,0,0,1,1,0,-2.5,1,2,2023,2022,winter,1,0,0,0,203,0.5342105263157895,2.0,2.8,1.6,1.2,0.2,0.2,2.0,-1.8,2.2399999999999998,0.19999999999999998,2.0399999999999996,0.6517368421052632
2023-02-04,Everton,Arsenal,1,0,8.5,5.2,84,1.6,32.7,53,0,0,0,0,0,0,1,1,win,1,1,0,1,0,1,0,-3.3,1,2,2023,2022,winter,1,0,0,0,204,0.5368421052631579,0.2,0.8,2.2,-1.4,2.6,2.4,1.0,1.4,0.38,2.54,-2.16,0.7837894736842105
2023-02-04,Manchester United,Crystal Palace,2,1,8.3,5.6,85,0.9,23.4,53,0,0,0,0,0,0,3,1,win,1,1,0,0,1,1,0,-2.700000000000001,1,2,2023,2022,winter,1,0,0,0,205,0.5394736842105263,2.0,1.8,1.0,0.8,1.0,0.6,1.2,-0.6,1.94,0.8799999999999999,1.06,0.7606578947368421
2023-02-04,Newcastle United,West Ham United,1,1,7.9,4.7,82,0.4,25.3,51,0,0,0,0,0,0,2,0,draw,1,1,0,0,0,1,0,-3.2,1,2,2023,2022,winter,1,0,0,0,206,0.5421052631578948,1.8,0.8,0.0,0.8,0.8,1.0,1.6,-0.6,1.5,0.8599999999999999,0.6400000000000001,0.6396842105263157
2023-02-04,Wolverhampton Wanderers,Liverpool,3,0,8.0,5.1,86,0.2,20.2,51,0,0,0,0,0,0,3,3,win,1,1,0,0,1,1,0,-2.9000000000000004,1,2,2023,2022,winter,1,0,0,0,207,0.5447368421052632,1.4,0.8,1.2,-0.4,1.4,1.2,1.6,-0.4,1.2199999999999998,1.3399999999999999,-0.1200000000000001,0.6972631578947368
2023-02-05,Nottingham Forest,Leeds United,1,0,3.4,-0.0,79,0.0,14.4,3,0,0,1,0,0,1,1,1,win,0,1,0,0,0,1,0,-3.4,1,2,2023,2022,winter,1,0,0,0,208,0.5473684210526316,1.6,1.0,1.0,0.0,0.6,0.8,1.4,-0.6,1.42,0.6599999999999999,0.76,0.5692631578947369
2023-02-05,Tottenham Hotspur,Manchester City,1,0,4.9,1.3,81,0.0,19.4,3,0,0,0,0,0,0,1,1,win,0,1,0,0,0,1,0,-3.6000000000000005,1,2,2023,2022,winter,1,0,0,0,209,0.55,1.2,1.4,1.6,-0.2,2.0,2.0,1.0,1.0,1.26,2.0,-0.74,0.8965
2023-02-08,Manchester United,Leeds United,2,2,2.4,-1.4,81,0.0,15.9,3,0,0,1,0,0,1,4,0,draw,0,1,0,0,0,1,0,-3.8,1,2,2023,2022,winter,1,0,0,0,210,0.5526315789473685,2.0,2.0,1.2,0.8,0.6,0.6,1.0,-0.4,2.0,0.6,1.4,0.7184210526315791
2023-02-11,Arsenal,Brentford,1,1,8.0,5.8,87,0.0,12.1,3,0,0,0,0,0,0,2,0,draw,0,1,0,0,1,1,0,-2.2,1,2,2023,2022,winter,1,0,0,0,211,0.5552631578947368,2.0,1.8,1.0,0.8,2.6,2.0,0.2,1.8,1.94,2.42,-0.48,1.2104736842105261
2023-02-11,Bournemouth,Newcastle United,1,1,6.8,4.7,91,0.0,13.1,3,0,0,0,0,0,0,2,0,draw,0,1,0,0,1,1,0,-2.0999999999999996,1,2,2023,2022,winter,1,0,0,0,212,0.5578947368421052,0.2,0.2,1.8,-1.6,1.4,0.4,0.2,0.2,0.19999999999999998,1.0999999999999999,-0.8999999999999999,0.36263157894736836
2023-02-11,Crystal Palace,Brighton,1,1,7.8,5.5,87,0.0,12.6,3,0,0,0,0,0,0,2,0,draw,0,1,0,0,1,1,0,-2.3,1,2,2023,2022,winter,1,0,0,0,213,0.5605263157894737,0.4,0.4,1.6,-1.2,2.0,2.4,1.4,1.0,0.39999999999999997,2.12,-1.7200000000000002,0.7062631578947368
2023-02-11,Fulham,Nottingham Forest,2,0,7.9,5.7,87,0.0,12.7,3,0,0,0,0,0,0,2,2,win,0,1,0,0,1,1,0,-2.2,1,2,2023,2022,winter,1,0,0,0,214,0.5631578947368421,1.4,0.6,0.6,0.0,2.2,1.2,0.4,0.8,1.16,1.9,-0.74,0.8616315789473683
2023-02-11,Leicester City,Tottenham Hotspur,4,1,7.4,4.6,86,0.0,17.7,3,0,0,0,0,0,0,5,3,win,0,1,0,0,1,1,0,-2.8000000000000007,1,2,2023,2022,winter,1,0,0,0,215,0.5657894736842105,0.8,1.4,1.8,-0.4,1.8,1.6,1.2,0.4,0.98,1.74,-0.76,0.7694736842105262
2023-02-11,Southampton,Wolverhampton Wanderers,1,2,7.0,4.8,90,0.0,12.2,3,0,0,0,0,0,0,3,-1,loss,0,1,0,0,1,1,0,-2.2,1,2,2023,2022,winter,1,0,0,0,216,0.5684210526315789,0.6,0.6,1.6,-1.0,1.4,1.0,1.0,0.0,0.6,1.2799999999999998,-0.6799999999999998,0.5343157894736842
2023-02-11,West Ham United,Chelsea,1,1,8.0,5.8,87,0.0,11.6,3,0,0,0,0,0,0,2,0,draw,0,1,0,0,1,1,0,-2.2,1,2,2023,2022,winter,1,0,0,0,217,0.5710526315789474,1.0,1.0,1.2,-0.2,1.0,0.4,0.6,-0.2,1.0,0.82,0.18000000000000005,0.5196578947368421
2023-02-12,Leeds United,Manchester United,0,2,5.3,2.5,84,0.0,11.4,3,0,0,0,0,0,0,2,-2,loss,0,1,0,0,0,1,0,-2.8,1,2,2023,2022,winter,1,0,0,0,218,0.5736842105263158,0.6,1.0,1.4,-0.4,1.6,1.8,1.6,0.2,0.72,1.66,-0.94,0.6826842105263158
2023-02-12,Manchester City,Aston Villa,3,1,6.6,4.0,81,0.0,12.8,3,0,0,0,0,0,0,4,2,win,0,1,0,0,0,1,0,-2.5999999999999996,1,2,2023,2022,winter,1,0,0,0,219,0.5763157894736842,1.8,1.8,1.0,0.8,2.0,1.6,1.2,0.4,1.8,1.88,-0.07999999999999985,1.060421052631579
2023-02-13,Liverpool,Everton,2,0,5.6,1.7,87,0.0,22.6,3,0,0,0,0,0,0,2,2,win,0,1,0,0,1,1,0,-3.8999999999999995,1,2,2023,2022,winter,1,0,0,0,220,0.5789473684210527,0.8,0.6,2.0,-1.4,0.8,0.8,1.8,-1.0,0.74,0.7999999999999999,-0.05999999999999994,0.44578947368421057
2023-02-15,Arsenal,Manchester City,1,3,6.6,3.2,84,0.0,18.8,3,0,0,0,0,0,0,4,-2,loss,0,1,0,0,0,1,0,-3.3999999999999995,1,2,2023,2022,winter,1,0,0,0,221,0.5815789473684211,1.6,1.2,0.8,0.4,1.8,2.2,1.2,1.0,1.48,1.92,-0.43999999999999995,0.9886842105263158
2023-02-18,Aston Villa,Arsenal,2,4,10.5,6.4,85,1.0,31.4,51,0,0,0,0,0,0,6,-2,loss,1,0,0,1,1,1,0,-4.1,1,2,2023,2022,winter,1,0,0,0,222,0.5842105263157895,1.4,1.4,1.8,-0.4,1.4,1.4,1.4,0.0,1.4,1.4,0.0,0.8178947368421052
2023-02-18,Brentford,Crystal Palace,1,1,10.9,7.3,85,0.8,25.1,51,0,0,0,0,0,0,2,0,draw,1,0,0,0,1,1,0,-3.6000000000000005,1,2,2023,2022,winter,1,0,0,0,223,0.5868421052631579,2.2,1.8,0.4,1.4,0.6,0.6,1.0,-0.4,2.08,0.6,1.48,0.7863684210526317
2023-02-18,Brighton,Fulham,0,1,9.5,4.9,92,0.1,33.1,51,0,0,0,0,0,0,1,-1,loss,1,1,0,1,1,1,0,-4.6,1,2,2023,2022,winter,1,0,0,0,224,0.5894736842105263,2.2,2.2,0.8,1.4,1.4,0.8,0.6,0.2,2.2,1.2199999999999998,0.9800000000000004,1.0079999999999998
2023-02-18,Chelsea,Southampton,0,1,10.9,7.1,85,0.7,27.3,51,0,0,0,0,0,0,1,-1,loss,1,0,0,0,1,1,0,-3.8000000000000007,1,2,2023,2022,winter,1,0,0,0,225,0.5921052631578947,1.2,0.6,0.6,0.0,0.6,0.6,1.6,-1.0,1.02,0.6,0.42000000000000004,0.47960526315789476
2023-02-18,Everton,Leeds United,1,0,10.6,5.6,83,1.3,38.1,51,0,0,0,0,0,0,1,1,win,1,0,0,1,0,1,0,-5.0,1,2,2023,2022,winter,1,0,0,0,226,0.5947368421052631,0.6,0.6,2.0,-1.4,0.4,0.6,1.4,-0.8,0.6,0.45999999999999996,0.14,0.3152105263157895
2023-02-18,Newcastle United,Liverpool,0,2,8.7,5.5,88,8.3,35.7,61,0,0,0,0,0,0,2,-2,loss,1,1,0,1,1,1,0,-3.1999999999999993,1,2,2023,2022,winter,1,0,0,0,227,0.5973684210526315,1.4,0.6,0.4,0.2,0.8,0.6,1.8,-1.2,1.16,0.74,0.41999999999999993,0.5674999999999999
2023-02-18,Nottingham Forest,Manchester City,1,1,11.2,6.9,80,0.8,37.5,51,0,0,0,0,0,0,2,0,draw,1,0,0,1,0,1,0,-4.299999999999999,1,2,2023,2022,winter,1,0,0,0,228,0.6,2.0,1.0,0.6,0.4,2.4,2.6,1.0,1.6,1.7,2.46,-0.76,1.248
2023-02-18,Wolverhampton Wanderers,Bournemouth,0,1,10.6,6.7,84,1.4,30.7,51,0,0,0,0,0,0,1,-1,loss,1,0,0,1,0,1,0,-3.8999999999999995,1,2,2023,2022,winter,1,0,0,0,229,0.6026315789473684,2.0,1.4,1.0,0.4,0.4,0.4,1.6,-1.2,1.8199999999999998,0.39999999999999997,1.42,0.6689210526315789
2023-02-19,Manchester United,Leicester City,3,0,7.8,4.5,83,0.6,27.1,51,0,0,0,0,0,0,3,3,win,1,1,0,0,0,1,0,-3.3,1,2,2023,2022,winter,1,0,0,0,230,0.6052631578947368,1.6,1.8,1.4,0.4,1.4,2.0,1.6,0.4,1.66,1.5799999999999998,0.08000000000000007,0.9805263157894736
2023-02-19,Tottenham Hotspur,West Ham United,2,0,8.7,5.1,78,0.0,19.2,3,0,0,0,0,0,0,2,2,win,0,1,0,0,0,1,0,-3.5999999999999996,1,2,2023,2022,winter,1,0,0,0,231,0.6078947368421053,1.2,1.0,2.0,-1.0,1.2,1.2,1.0,0.2,1.14,1.2,-0.06000000000000005,0.7112368421052632
2023-02-24,Fulham,Wolverhampton Wanderers,1,1,4.0,0.5,83,0.0,15.2,3,0,0,0,0,0,0,2,0,draw,0,1,0,0,0,1,0,-3.5,1,2,2023,2022,winter,1,0,0,0,232,0.6105263157894737,1.4,0.6,0.4,0.2,1.8,1.2,1.0,0.2,1.16,1.62,-0.4600000000000002,0.8486315789473685
2023-02-25,Bournemouth,Manchester City,1,4,4.5,-0.5,74,0.0,26.4,3,0,0,1,0,0,1,5,-3,loss,0,1,0,0,0,1,0,-5.0,1,2,2023,2022,winter,1,0,0,0,233,0.6131578947368421,1.0,0.6,1.0,-0.4,2.0,2.0,0.8,1.2,0.8799999999999999,2.0,-1.12,0.8829473684210526
2023-02-25,Crystal Palace,Liverpool,0,0,4.0,-0.7,77,0.0,26.4,3,0,0,1,0,0,1,0,0,draw,0,1,0,0,0,1,0,-4.7,1,2,2023,2022,winter,1,0,0,0,234,0.6157894736842106,0.8,0.8,1.0,-0.2,1.4,0.8,1.2,-0.4,0.7999999999999999,1.2199999999999998,-0.4199999999999998,0.6219473684210526
2023-02-25,Everton,Aston Villa,0,2,3.4,-0.9,76,0.0,20.1,3,0,0,1,0,0,1,2,-2,loss,0,1,0,0,0,1,0,-4.3,1,2,2023,2022,winter,1,0,0,0,235,0.618421052631579,1.2,0.6,1.2,-0.6,1.2,1.6,2.4,-0.8,1.02,1.3199999999999998,-0.2999999999999998,0.7235526315789473
2023-02-25,Leeds United,Southampton,1,0,4.1,-0.8,75,0.1,25.8,51,0,0,1,0,0,1,1,1,win,1,1,0,0,0,1,0,-4.8999999999999995,1,2,2023,2022,winter,1,0,0,0,236,0.6210526315789474,0.4,0.4,1.2,-0.8,1.2,0.8,1.4,-0.6,0.39999999999999997,1.08,-0.6800000000000002,0.4595789473684211
2023-02-25,Leicester City,Arsenal,0,1,3.4,-1.5,80,0.0,27.3,3,0,0,1,0,0,1,1,-1,loss,0,1,0,0,0,1,0,-4.9,1,2,2023,2022,winter,1,0,0,0,237,0.6236842105263158,1.4,2.0,2.0,0.0,1.4,1.8,1.8,0.0,1.5799999999999998,1.52,0.05999999999999983,0.9667105263157895
2023-02-25,West Ham United,Nottingham Forest,4,0,4.3,-0.4,76,0.0,25.3,3,0,0,1,0,0,1,4,4,win,0,1,0,0,0,1,0,-4.7,1,2,2023,2022,winter,1,0,0,0,238,0.6263157894736842,1.0,0.8,1.0,-0.2,1.6,1.0,0.8,0.2,0.94,1.42,-0.48,0.7390526315789473
2023-02-26,Tottenham Hotspur,Chelsea,2,0,4.0,-0.9,65,0.0,25.5,3,0,0,1,0,0,1,2,2,win,0,1,0,0,0,1,0,-4.9,1,2,2023,2022,winter,1,0,0,0,239,0.6289473684210526,1.8,1.4,1.6,-0.2,1.2,0.4,0.4,0.0,1.68,0.96,0.72,0.8302105263157893
2023-03-01,Arsenal,Everton,4,0,5.3,1.6,85,1.2,19.7,51,0,0,0,0,0,0,4,4,win,1,1,0,0,1,1,0,-3.6999999999999997,1,3,2023,2022,spring,0,1,0,0,240,0.631578947368421,1.4,1.4,1.4,0.0,1.2,0.4,1.2,-0.8,1.4,0.96,0.43999999999999995,0.7452631578947367
2023-03-01,Liverpool,Wolverhampton Wanderers,2,0,6.2,2.4,78,0.2,19.2,51,0,0,0,0,0,0,2,2,win,1,1,0,0,0,1,0,-3.8000000000000003,1,3,2023,2022,spring,0,1,0,0,241,0.6342105263157894,1.6,0.8,0.6,0.2,1.4,1.2,1.2,0.0,1.3599999999999999,1.3399999999999999,0.020000000000000018,0.8561842105263157
2023-03-04,Arsenal,Bournemouth,3,2,5.0,1.4,74,0.0,15.1,3,0,0,0,0,0,0,5,1,win,0,1,0,0,0,1,0,-3.6,1,3,2023,2022,spring,0,1,0,0,242,0.6368421052631579,2.0,2.2,1.2,1.0,1.0,0.8,1.4,-0.6,2.06,0.94,1.12,0.9552631578947368
2023-03-04,Aston Villa,Crystal Palace,1,0,3.2,-0.4,75,0.0,12.6,3,0,0,1,0,0,1,1,1,win,0,1,0,0,0,1,0,-3.6,1,3,2023,2022,spring,0,1,0,0,243,0.6394736842105263,1.2,1.6,2.2,-0.6,0.8,0.6,0.8,-0.2,1.3199999999999998,0.74,0.5799999999999998,0.658657894736842
2023-03-04,Brighton,West Ham United,4,0,4.8,1.1,76,0.4,17.3,51,0,0,0,0,0,0,4,4,win,1,1,0,0,0,1,0,-3.6999999999999997,1,3,2023,2022,spring,0,1,0,0,244,0.6421052631578947,1.6,1.4,0.8,0.6,1.6,1.6,0.8,0.8,1.5399999999999998,1.5999999999999999,-0.06000000000000005,1.0081052631578946
2023-03-04,Chelsea,Leeds United,1,0,5.0,1.6,76,0.0,15.5,3,0,0,0,0,0,0,1,1,win,0,1,0,0,0,1,0,-3.4,1,3,2023,2022,spring,0,1,0,0,245,0.6447368421052632,0.6,0.2,0.8,-0.6,0.8,0.6,1.2,-0.6,0.48,0.74,-0.26,0.3932894736842105
2023-03-04,Manchester City,Newcastle United,2,0,3.8,0.8,75,0.0,12.1,3,0,0,0,0,0,0,2,2,win,0,1,0,0,0,1,0,-3.0,1,3,2023,2022,spring,0,1,0,0,246,0.6473684210526316,2.0,2.2,1.0,1.2,1.2,0.6,0.8,-0.2,2.06,1.02,1.04,0.9969473684210527
2023-03-04,Southampton,Leicester City,1,0,4.6,0.9,73,0.0,14.2,3,0,0,0,0,0,0,1,1,win,0,1,0,0,0,1,0,-3.6999999999999997,1,3,2023,2022,spring,0,1,0,0,247,0.65,0.6,0.4,1.4,-1.0,1.4,2.0,1.8,0.2,0.54,1.5799999999999998,-1.0399999999999998,0.6890000000000001
2023-03-04,Wolverhampton Wanderers,Tottenham Hotspur,1,0,3.1,-0.4,77,0.0,13.0,3,0,0,1,0,0,1,1,1,win,0,1,0,0,0,1,0,-3.5,1,3,2023,2022,spring,0,1,0,0,248,0.6526315789473685,1.4,1.2,1.0,0.2,2.4,1.4,0.8,0.6,1.3399999999999999,2.1,-0.7600000000000002,1.1225263157894738
2023-03-05,Liverpool,Manchester United,7,0,4.0,0.7,84,0.9,19.5,51,0,0,0,0,0,0,7,7,win,1,1,0,0,0,1,0,-3.3,1,3,2023,2022,spring,0,1,0,0,249,0.6552631578947369,2.0,1.2,0.6,0.6,2.0,2.2,1.2,1.0,1.7599999999999998,2.06,-0.30000000000000027,1.2515526315789474
2023-03-05,Nottingham Forest,Everton,2,2,2.4,-1.2,76,0.0,14.3,3,0,0,1,0,0,1,4,0,draw,0,1,0,0,0,1,0,-3.5999999999999996,1,3,2023,2022,spring,0,1,0,0,250,0.6578947368421053,1.0,0.6,1.6,-1.0,1.2,0.4,1.6,-1.2,0.8799999999999999,0.96,-0.08000000000000007,0.6052631578947368
2023-03-06,Brentford,Fulham,3,2,4.1,0.4,87,1.5,21.0,51,0,0,0,0,0,0,5,1,win,1,1,0,0,1,1,0,-3.6999999999999997,1,3,2023,2022,spring,0,1,0,0,251,0.6605263157894737,1.8,1.4,0.4,1.0,1.6,0.8,0.4,0.4,1.68,1.3599999999999999,0.32000000000000006,1.004
2023-03-11,Bournemouth,Liverpool,1,0,5.6,1.3,84,0.8,25.9,51,0,0,0,0,0,0,1,1,win,1,1,0,0,0,1,0,-4.3,1,3,2023,2022,spring,0,1,0,0,252,0.6631578947368421,0.8,1.0,1.8,-0.8,2.6,2.6,0.0,2.6,0.8599999999999999,2.5999999999999996,-1.7399999999999998,1.1472631578947365
2023-03-11,Crystal Palace,Manchester City,0,1,2.8,-1.2,75,0.6,16.3,53,0,0,1,0,0,1,1,-1,loss,1,1,0,0,0,1,0,-4.0,1,3,2023,2022,spring,0,1,0,0,253,0.6657894736842105,0.6,0.6,1.0,-0.4,2.6,2.6,0.8,1.8,0.6,2.5999999999999996,-1.9999999999999996,1.0652631578947367
2023-03-11,Everton,Brentford,1,0,1.4,-3.1,86,7.6,27.5,71,0,0,1,0,0,1,1,1,win,1,1,0,0,1,1,0,-4.5,1,3,2023,2022,spring,0,1,0,0,254,0.6684210526315789,0.8,0.6,2.0,-1.4,1.8,1.6,0.8,0.8,0.74,1.74,-1.0,0.8288421052631578
2023-03-11,Leeds United,Brighton,2,2,-0.8,-4.9,83,2.6,20.6,73,0,0,1,0,0,1,4,0,draw,1,1,0,0,0,1,0,-4.1000000000000005,1,3,2023,2022,spring,0,1,0,0,255,0.6710526315789473,0.8,0.6,1.2,-0.6,1.6,1.6,0.8,0.8,0.74,1.5999999999999999,-0.8599999999999999,0.7851315789473683
2023-03-11,Leicester City,Chelsea,1,3,0.9,-3.3,79,1.8,21.3,51,0,0,1,0,0,1,4,-2,loss,1,1,0,0,0,1,0,-4.2,1,3,2023,2022,spring,0,1,0,0,256,0.6736842105263158,1.2,1.6,1.6,0.0,1.0,0.4,0.8,-0.4,1.3199999999999998,0.82,0.4999999999999999,0.7208421052631577
2023-03-11,Tottenham Hotspur,Nottingham Forest,3,1,2.5,-1.2,77,1.4,15.0,71,0,0,1,0,0,1,4,2,win,1,1,0,0,0,1,0,-3.7,1,3,2023,2022,spring,0,1,0,0,257,0.6763157894736842,1.8,1.2,1.0,0.2,1.0,0.8,1.8,-1.0,1.62,0.94,0.6800000000000002,0.8656842105263158
2023-03-12,Fulham,Arsenal,0,3,10.1,6.0,85,1.3,32.6,53,0,0,0,0,0,0,3,-3,loss,1,0,0,1,1,1,0,-4.1,1,3,2023,2022,spring,0,1,0,0,258,0.6789473684210526,1.6,1.2,0.8,0.4,2.4,2.6,1.4,1.2,1.48,2.46,-0.98,1.3375263157894737
2023-03-12,Manchester United,Southampton,0,0,9.2,5.2,84,10.5,30.5,61,1,0,0,0,0,1,0,0,draw,1,1,0,1,0,1,0,-3.999999999999999,1,3,2023,2022,spring,0,1,0,0,259,0.6815789473684211,2.0,1.8,2.0,-0.2,1.2,0.6,1.2,-0.6,1.94,1.02,0.9199999999999999,1.0087368421052632
2023-03-12,Newcastle United,Wolverhampton Wanderers,2,1,8.0,3.9,81,4.1,29.3,75,0,0,0,0,1,1,3,1,win,1,1,0,0,0,1,0,-4.1,1,3,2023,2022,spring,0,1,0,0,260,0.6842105263157895,0.6,0.4,1.2,-0.8,1.4,0.8,1.0,-0.2,0.54,1.2199999999999998,-0.6799999999999997,0.6021052631578947
2023-03-12,West Ham United,Aston Villa,1,1,10.0,5.9,85,1.7,31.1,53,0,0,0,0,0,0,2,0,draw,1,0,0,1,1,1,0,-4.1,1,3,2023,2022,spring,0,1,0,0,261,0.6868421052631579,1.0,1.2,1.6,-0.4,1.2,1.6,2.2,-0.6,1.06,1.3199999999999998,-0.2599999999999998,0.8173421052631579
2023-03-15,Brighton,Crystal Palace,1,0,4.9,1.4,88,4.9,26.8,61,0,0,0,0,0,0,1,1,win,1,1,0,0,1,1,0,-3.5000000000000004,1,3,2023,2022,spring,0,1,0,0,262,0.6894736842105263,1.6,1.6,0.8,0.8,0.6,0.4,0.8,-0.4,1.5999999999999999,0.54,1.0599999999999998,0.7377368421052631
2023-03-15,Southampton,Brentford,0,2,5.2,2.0,90,8.0,24.5,61,0,0,0,0,0,0,2,-2,loss,1,1,0,0,1,1,0,-3.2,1,3,2023,2022,spring,0,1,0,0,263,0.6921052631578948,1.4,0.6,0.6,0.0,1.6,1.6,1.0,0.6,1.16,1.5999999999999999,-0.43999999999999995,0.9551052631578947
2023-03-17,Nottingham Forest,Newcastle United,1,2,10.9,8.1,83,1.0,21.7,53,0,0,0,0,0,0,3,-1,loss,1,0,0,0,0,1,0,-2.8000000000000007,1,3,2023,2022,spring,0,1,0,0,264,0.6947368421052632,0.4,0.8,2.4,-1.6,1.0,0.8,1.4,-0.6,0.52,0.94,-0.41999999999999993,0.5071578947368421
2023-03-18,Aston Villa,Bournemouth,3,0,9.6,7.4,89,4.2,20.1,61,0,0,0,0,0,0,3,3,win,1,1,0,0,1,1,0,-2.1999999999999993,1,3,2023,2022,spring,0,1,0,0,265,0.6973684210526315,1.4,1.4,1.6,-0.2,1.4,1.2,1.6,-0.4,1.4,1.3399999999999999,0.06000000000000005,0.9553947368421051
2023-03-18,Brentford,Leicester City,1,1,10.1,8.0,87,3.4,13.7,61,0,0,0,0,0,0,2,0,draw,1,0,0,0,1,1,0,-2.0999999999999996,1,3,2023,2022,spring,0,1,0,0,266,0.7,1.6,1.4,1.0,0.4,0.6,1.0,1.8,-0.8,1.5399999999999998,0.72,0.8199999999999998,0.7909999999999999
2023-03-18,Chelsea,Everton,2,2,10.0,7.9,86,4.0,14.0,61,0,0,0,0,0,0,4,0,draw,1,0,0,0,1,1,0,-2.0999999999999996,1,3,2023,2022,spring,0,1,0,0,267,0.7026315789473684,1.4,1.0,1.0,0.0,1.4,0.8,1.6,-0.8,1.2799999999999998,1.2199999999999998,0.06000000000000005,0.8782894736842103
2023-03-18,Southampton,Tottenham Hotspur,3,3,10.2,8.3,89,5.6,15.8,61,0,0,0,0,0,0,6,0,draw,1,0,0,0,1,1,0,-1.8999999999999986,1,3,2023,2022,spring,0,1,0,0,268,0.7052631578947368,1.4,0.4,0.6,-0.2,1.8,1.6,1.2,0.4,1.0999999999999999,1.74,-0.6400000000000001,1.0014736842105263
2023-03-18,Wolverhampton Wanderers,Leeds United,2,4,9.6,7.5,90,3.3,22.2,61,0,0,0,0,0,0,6,-2,loss,1,1,0,0,1,1,0,-2.0999999999999996,1,3,2023,2022,spring,0,1,0,0,269,0.7078947368421052,0.8,0.6,1.2,-0.6,0.8,0.6,1.2,-0.6,0.74,0.74,0.0,0.5238421052631579
2023-03-19,Arsenal,Crystal Palace,4,1,8.2,4.9,76,1.1,20.4,51,0,0,0,0,0,0,5,3,win,1,1,0,0,0,1,0,-3.299999999999999,1,3,2023,2022,spring,0,1,0,0,270,0.7105263157894737,3.0,3.0,0.8,2.2,0.4,0.2,0.8,-0.6,2.9999999999999996,0.33999999999999997,2.6599999999999997,1.1865789473684207
2023-04-01,Arsenal,Leeds United,4,1,9.3,6.0,81,1.0,21.2,51,0,0,0,0,0,0,5,3,win,1,1,0,0,0,1,0,-3.3000000000000007,1,4,2023,2022,spring,0,1,0,0,271,0.7131578947368421,3.0,3.0,0.6,2.4,1.4,1.4,1.2,0.2,2.9999999999999996,1.4,1.5999999999999996,1.5689473684210524
2023-04-01,Bournemouth,Fulham,2,1,9.7,6.3,83,5.5,24.6,53,0,0,0,0,0,0,3,1,win,1,1,0,0,0,1,0,-3.3999999999999995,1,4,2023,2022,spring,0,1,0,0,272,0.7157894736842105,1.2,1.0,2.0,-1.0,1.4,1.2,1.4,-0.2,1.14,1.3399999999999999,-0.19999999999999996,0.8875789473684209
2023-04-01,Brighton,Brentford,3,3,9.7,6.5,84,6.9,25.1,61,0,0,0,0,0,0,6,0,draw,1,1,0,0,0,1,0,-3.1999999999999993,1,4,2023,2022,spring,0,1,0,0,273,0.718421052631579,1.6,1.6,0.8,0.8,1.6,1.4,1.0,0.4,1.5999999999999999,1.5399999999999998,0.06000000000000005,1.1279210526315788
2023-04-01,Chelsea,Aston Villa,0,2,9.6,6.3,81,1.0,21.2,51,0,0,0,0,0,0,2,-2,loss,1,1,0,0,0,1,0,-3.3,1,4,2023,2022,spring,0,1,0,0,274,0.7210526315789474,1.4,1.2,1.2,0.0,2.0,1.8,1.0,0.8,1.3399999999999999,1.94,-0.6000000000000001,1.1825263157894736
2023-04-01,Crystal Palace,Leicester City,2,1,9.4,6.3,82,1.2,20.2,51,0,0,0,0,0,0,3,1,win,1,1,0,0,0,1,0,-3.1000000000000005,1,4,2023,2022,spring,0,1,0,0,275,0.7236842105263158,0.2,0.2,1.4,-1.2,0.2,0.4,1.8,-1.4,0.19999999999999998,0.26,-0.060000000000000026,0.16644736842105262
2023-04-01,Manchester City,Liverpool,4,1,8.1,4.9,77,0.4,14.7,51,0,0,0,0,0,0,5,3,win,1,1,0,0,0,1,0,-3.1999999999999993,1,4,2023,2022,spring,0,1,0,0,276,0.7263157894736842,2.6,2.2,0.6,1.6,2.0,2.2,0.2,2.0,2.48,2.06,0.41999999999999993,1.6487368421052633
2023-04-01,Nottingham Forest,Wolverhampton Wanderers,1,1,7.8,3.9,81,0.4,22.3,51,0,0,0,0,0,0,2,0,draw,1,1,0,0,0,1,0,-3.9,1,4,2023,2022,spring,0,1,0,0,277,0.7289473684210527,0.4,1.0,2.4,-1.4,0.8,1.0,1.8,-0.8,0.58,0.8599999999999999,-0.2799999999999999,0.5248421052631579
2023-04-02,Newcastle United,Manchester United,2,0,5.2,2.2,79,0.2,12.0,51,0,0,0,0,0,0,2,2,win,1,1,0,0,0,1,0,-3.0,1,4,2023,2022,spring,0,1,0,0,278,0.7315789473684211,1.4,1.0,1.4,-0.4,1.6,1.4,1.8,-0.4,1.2799999999999998,1.5399999999999998,-0.26,1.0315263157894736
2023-04-02,West Ham United,Southampton,1,0,7.8,3.7,71,0.0,22.1,3,0,0,0,0,0,0,1,1,win,0,1,0,0,0,1,0,-4.1,1,4,2023,2022,spring,0,1,0,0,279,0.7342105263157894,1.0,1.2,1.6,-0.4,1.0,0.8,1.2,-0.4,1.06,0.94,0.1200000000000001,0.7342105263157894
2023-04-03,Everton,Tottenham Hotspur,1,1,5.6,1.6,76,0.0,23.1,3,0,0,0,0,0,0,2,0,draw,0,1,0,0,0,1,0,-3.9999999999999996,1,4,2023,2022,spring,0,1,0,0,280,0.7368421052631579,1.0,1.0,2.0,-1.0,2.0,2.0,1.0,1.0,1.0,2.0,-1.0,1.1052631578947367
2023-04-04,Bournemouth,Brighton,0,2,6.2,3.0,76,0.0,15.8,3,0,0,0,0,0,0,2,-2,loss,0,1,0,0,0,1,0,-3.2,1,4,2023,2022,spring,0,1,0,0,281,0.7394736842105263,1.2,1.2,2.2,-1.0,1.6,2.0,1.2,0.8,1.2,1.7199999999999998,-0.5199999999999998,1.0796315789473683
2023-04-04,Chelsea,Liverpool,0,0,5.7,2.9,75,0.0,13.3,3,0,0,0,0,0,0,0,0,draw,0,1,0,0,0,1,0,-2.8000000000000003,1,4,2023,2022,spring,0,1,0,0,282,0.7421052631578947,1.4,1.2,1.4,-0.2,1.4,2.0,1.0,1.0,1.3399999999999999,1.5799999999999998,-0.24,1.0834736842105261
2023-04-04,Leeds United,Nottingham Forest,2,1,5.7,2.5,73,0.0,13.3,3,0,0,0,0,0,0,3,1,win,0,1,0,0,0,1,0,-3.2,1,4,2023,2022,spring,0,1,0,0,283,0.7447368421052631,1.4,1.6,1.8,-0.2,0.4,1.0,2.4,-1.4,1.46,0.58,0.88,0.7596315789473684
2023-04-04,Leicester City,Aston Villa,1,2,5.2,2.1,74,0.0,10.7,3,0,0,0,0,0,0,3,-1,loss,0,1,0,0,0,1,0,-3.1,1,4,2023,2022,spring,0,1,0,0,284,0.7473684210526316,0.2,0.6,1.6,-1.0,2.6,1.8,0.2,1.6,0.31999999999999995,2.36,-2.04,1.0014736842105263
2023-04-05,Manchester United,Brentford,1,0,8.6,5.9,85,4.9,16.9,53,0,0,0,0,0,0,1,1,win,1,1,0,0,1,1,0,-2.6999999999999993,1,4,2023,2022,spring,0,1,0,0,285,0.75,1.4,1.0,1.8,-0.8,1.6,1.8,1.4,0.4,1.2799999999999998,1.66,-0.3800000000000001,1.1024999999999998
2023-04-05,West Ham United,Newcastle United,1,5,7.0,4.1,77,1.6,11.2,51,0,0,0,0,0,0,6,-4,loss,1,1,0,0,0,1,0,-2.9000000000000004,1,4,2023,2022,spring,0,1,0,0,286,0.7526315789473684,1.4,1.2,1.4,-0.2,1.8,1.2,1.2,0.0,1.3399999999999999,1.62,-0.28000000000000025,1.1138947368421053
2023-04-08,Aston Villa,Nottingham Forest,2,0,7.6,4.7,74,0.0,13.4,3,0,0,0,0,0,0,2,2,win,0,1,0,0,0,1,0,-2.8999999999999995,1,4,2023,2022,spring,0,1,0,0,287,0.7552631578947369,2.6,1.8,0.4,1.4,0.4,1.2,2.0,-0.8,2.36,0.6399999999999999,1.72,1.1328947368421054
2023-04-08,Brentford,Newcastle United,1,2,7.9,5.7,80,0.0,11.9,3,0,0,0,0,0,0,3,-1,loss,0,1,0,0,0,1,0,-2.2,1,4,2023,2022,spring,0,1,0,0,288,0.7578947368421053,1.0,1.2,1.2,0.0,2.4,2.2,1.0,1.2,1.06,2.34,-1.2799999999999998,1.288421052631579
2023-04-08,Fulham,West Ham United,0,1,7.9,5.5,81,0.0,11.0,3,0,0,0,0,0,0,1,-1,loss,0,1,0,0,0,1,0,-2.4000000000000004,1,4,2023,2022,spring,0,1,0,0,289,0.7605263157894737,0.8,1.0,1.8,-0.8,1.4,1.4,2.0,-0.6,0.8599999999999999,1.4,-0.54,0.8593947368421052
2023-04-08,Leicester City,Bournemouth,0,1,7.8,5.1,78,0.0,16.3,3,0,0,0,0,0,0,1,-1,loss,0,1,0,0,0,1,0,-2.7,1,4,2023,2022,spring,0,1,0,0,290,0.7631578947368421,0.2,0.8,1.8,-1.0,1.2,1.0,1.8,-0.8,0.38,1.14,-0.7599999999999999,0.5800000000000001
2023-04-08,Manchester United,Everton,2,0,8.9,6.0,70,0.0,15.5,3,0,0,0,0,0,0,2,2,win,0,1,0,0,0,1,0,-2.9000000000000004,1,4,2023,2022,spring,0,1,0,0,291,0.7657894736842106,1.4,0.8,1.8,-1.0,1.2,1.2,1.8,-0.6,1.2199999999999998,1.2,0.019999999999999796,0.9266052631578948
2023-04-08,Southampton,Manchester City,1,4,8.2,5.9,83,0.0,10.7,3,0,0,0,0,0,0,5,-3,loss,0,1,0,0,0,1,0,-2.299999999999999,1,4,2023,2022,spring,0,1,0,0,292,0.7684210526315789,1.0,0.8,1.2,-0.4,2.6,2.4,0.6,1.8,0.94,2.54,-1.6,1.3370526315789473
2023-04-08,Tottenham Hotspur,Brighton,2,1,7.9,5.6,82,0.0,11.4,3,0,0,0,0,0,0,3,1,win,0,1,0,0,0,1,0,-2.3000000000000007,1,4,2023,2022,spring,0,1,0,0,293,0.7710526315789473,1.6,1.8,1.2,0.6,2.2,2.4,1.0,1.4,1.66,2.26,-0.5999999999999999,1.5112631578947366
2023-04-08,Wolverhampton Wanderers,Chelsea,1,0,7.7,4.8,74,0.0,15.0,3,0,0,0,0,0,0,1,1,win,0,1,0,0,0,1,0,-2.9000000000000004,1,4,2023,2022,spring,0,1,0,0,294,0.7736842105263158,0.8,1.0,1.8,-0.8,1.6,1.2,1.0,0.2,0.8599999999999999,1.48,-0.6200000000000001,0.9052105263157894
2023-04-09,Leeds United,Crystal Palace,1,5,8.3,5.0,80,0.3,20.4,51,0,0,0,0,0,0,6,-4,loss,1,1,0,0,0,1,0,-3.3000000000000007,1,4,2023,2022,spring,0,1,0,0,295,0.7763157894736842,1.4,1.8,2.0,-0.2,0.6,0.6,1.6,-1.0,1.52,0.6,0.92,0.8228947368421052
2023-04-09,Liverpool,Arsenal,2,2,10.1,5.8,73,0.0,27.8,3,0,0,0,0,0,0,4,0,draw,0,0,0,0,0,1,0,-4.3,1,4,2023,2022,spring,0,1,0,0,296,0.7789473684210526,1.4,2.0,1.0,1.0,3.0,3.6,0.8,2.8,1.5799999999999998,3.1799999999999997,-1.5999999999999999,1.853894736842105
2023-04-15,Aston Villa,Newcastle United,3,0,7.6,5.0,81,0.7,13.6,51,0,0,0,0,0,0,3,3,win,1,1,0,0,0,1,0,-2.5999999999999996,1,4,2023,2022,spring,0,1,0,0,297,0.781578947368421,2.6,2.0,0.4,1.6,3.0,2.6,0.8,1.8,2.42,2.88,-0.45999999999999996,2.0711842105263156
2023-04-15,Chelsea,Brighton,1,2,9.6,6.9,80,1.1,18.0,51,0,0,0,0,0,0,3,-1,loss,1,1,0,0,0,1,0,-2.6999999999999993,1,4,2023,2022,spring,0,1,0,0,298,0.7842105263157895,1.0,1.0,1.2,-0.2,1.6,1.8,1.4,0.4,1.0,1.66,-0.6599999999999999,1.0430000000000001
2023-04-15,Everton,Fulham,1,3,8.0,5.7,78,0.0,11.4,3,0,0,0,0,0,0,4,-2,loss,0,1,0,0,0,1,0,-2.3,1,4,2023,2022,spring,0,1,0,0,299,0.7868421052631579,1.2,1.2,1.4,-0.2,0.2,0.8,2.0,-1.2,1.2,0.38,0.82,0.6216052631578948
2023-04-15,Manchester City,Leicester City,3,1,7.6,5.5,81,0.4,9.1,51,0,0,0,0,0,0,4,2,win,1,1,0,0,0,1,0,-2.0999999999999996,1,4,2023,2022,spring,0,1,0,0,300,0.7894736842105263,3.0,3.0,0.6,2.4,0.2,0.8,1.8,-1.0,2.9999999999999996,0.38,2.6199999999999997,1.3342105263157893
2023-04-15,Southampton,Crystal Palace,0,2,8.3,5.0,79,0.1,21.1,51,0,0,0,0,0,0,2,-2,loss,1,1,0,0,0,1,0,-3.3000000000000007,1,4,2023,2022,spring,0,1,0,0,301,0.7921052631578948,0.4,0.8,2.0,-1.2,1.2,1.6,1.6,0.0,0.52,1.3199999999999998,-0.7999999999999998,0.7287368421052631
2023-04-15,Tottenham Hotspur,Bournemouth,2,3,9.1,6.5,82,2.3,18.5,51,0,0,0,0,0,0,5,-1,loss,1,1,0,0,0,1,0,-2.5999999999999996,1,4,2023,2022,spring,0,1,0,0,302,0.7947368421052632,1.6,1.8,1.4,0.4,1.8,0.8,1.2,-0.4,1.66,1.5,0.15999999999999992,1.255684210526316
2023-04-15,Wolverhampton Wanderers,Brentford,2,0,7.4,4.8,81,0.3,11.8,51,0,0,0,0,0,0,2,2,win,1,1,0,0,0,1,0,-2.6000000000000005,1,4,2023,2022,spring,0,1,0,0,303,0.7973684210526316,1.4,1.2,1.4,-0.2,1.0,1.4,1.4,0.0,1.3399999999999999,1.1199999999999999,0.21999999999999997,0.9807631578947369
2023-04-16,Nottingham Forest,Manchester United,0,2,9.3,7.3,82,0.1,13.6,51,0,0,0,0,0,0,2,-2,loss,1,1,0,0,0,1,0,-2.000000000000001,1,4,2023,2022,spring,0,1,0,0,304,0.8,0.2,0.8,2.0,-1.2,1.4,0.6,1.8,-1.2,0.38,1.16,-0.7799999999999999,0.6160000000000001
2023-04-16,West Ham United,Arsenal,2,2,9.9,8.1,78,0.0,10.4,3,0,0,0,0,0,0,4,0,draw,0,1,0,0,0,1,0,-1.8000000000000007,1,4,2023,2022,spring,0,1,0,0,305,0.8026315789473685,1.4,0.8,2.0,-1.2,2.6,3.2,1.2,2.0,1.2199999999999998,2.78,-1.56,1.6052631578947367
2023-04-17,Leeds United,Liverpool,1,6,10.6,8.8,85,0.3,16.6,51,0,0,0,0,0,0,7,-5,loss,1,0,0,0,1,1,0,-1.799999999999999,1,4,2023,2022,spring,0,1,0,0,306,0.8052631578947368,1.4,2.0,2.8,-0.8,1.0,2.0,1.4,0.6,1.5799999999999998,1.2999999999999998,0.28,1.159578947368421
2023-04-21,Arsenal,Southampton,3,3,7.3,4.4,85,5.7,17.6,61,0,0,0,0,0,0,6,0,draw,1,1,0,0,1,1,0,-2.8999999999999995,1,4,2023,2022,spring,0,1,0,0,307,0.8078947368421052,2.2,3.0,1.2,1.8,0.2,0.8,2.4,-1.6,2.44,0.38,2.06,1.1391315789473684
2023-04-22,Brentford,Aston Villa,1,1,8.1,5.6,79,0.3,17.3,51,0,0,0,0,0,0,2,0,draw,1,1,0,0,0,1,0,-2.5,1,4,2023,2022,spring,0,1,0,0,308,0.8105263157894737,0.4,1.0,1.8,-0.8,3.0,2.4,0.2,2.2,0.58,2.8199999999999994,-2.2399999999999993,1.377894736842105
2023-04-22,Crystal Palace,Everton,0,0,8.1,5.5,78,0.0,20.0,3,0,0,0,0,0,0,0,0,draw,0,1,0,0,0,1,0,-2.5999999999999996,1,4,2023,2022,spring,0,1,0,0,309,0.8131578947368421,1.8,2.0,1.4,0.6,1.0,1.0,1.6,-0.6,1.8599999999999999,1.0,0.8599999999999999,1.1628157894736841
2023-04-22,Fulham,Leeds United,2,1,8.2,5.6,79,1.5,17.7,53,0,0,0,0,0,0,3,1,win,1,1,0,0,0,1,0,-2.5999999999999996,1,4,2023,2022,spring,0,1,0,0,310,0.8157894736842105,0.6,1.2,2.0,-0.8,1.2,1.8,3.6,-1.8,0.78,1.38,-0.5999999999999999,0.8810526315789474
2023-04-22,Leicester City,Wolverhampton Wanderers,2,1,8.7,6.0,78,1.2,15.8,55,0,0,0,0,0,0,3,1,win,1,1,0,0,0,1,0,-2.6999999999999993,1,4,2023,2022,spring,0,1,0,0,311,0.8184210526315789,0.2,0.8,1.8,-1.0,1.4,1.4,1.4,0.0,0.38,1.4,-1.02,0.7283947368421052
2023-04-22,Liverpool,Nottingham Forest,3,2,8.6,6.6,85,6.4,12.2,61,0,0,0,0,0,0,5,1,win,1,1,0,0,1,1,0,-2.0,1,4,2023,2022,spring,0,1,0,0,312,0.8210526315789474,1.0,1.8,1.6,0.2,0.2,0.6,1.8,-1.2,1.24,0.31999999999999995,0.92,0.640421052631579
2023-04-23,Bournemouth,West Ham United,0,4,9.9,6.9,82,3.2,27.2,61,0,0,0,0,0,0,4,-4,loss,1,1,0,0,0,1,0,-3.0,1,4,2023,2022,spring,0,1,0,0,313,0.8236842105263158,1.8,1.2,1.6,-0.4,1.6,1.2,1.6,-0.4,1.62,1.48,0.14000000000000012,1.2767105263157896
2023-04-23,Newcastle United,Tottenham Hotspur,6,1,7.6,4.5,83,1.9,25.0,53,0,0,0,0,0,0,7,5,win,1,1,0,0,0,1,0,-3.0999999999999996,1,4,2023,2022,spring,0,1,0,0,314,0.8263157894736842,2.4,2.2,1.2,1.0,1.6,2.2,1.8,0.4,2.34,1.7799999999999998,0.56,1.7022105263157892
2023-04-25,Aston Villa,Fulham,1,0,5.1,2.0,66,0.0,9.8,3,0,0,0,0,0,0,1,1,win,0,1,0,0,0,1,0,-3.0999999999999996,1,4,2023,2022,spring,0,1,0,0,315,0.8289473684210527,2.6,2.0,0.4,1.6,1.2,1.2,1.6,-0.4,2.42,1.2,1.22,1.5003947368421053
2023-04-25,Leeds United,Leicester City,1,1,5.4,1.7,63,0.0,15.7,3,0,0,0,0,0,0,2,0,draw,0,1,0,0,0,1,0,-3.7,1,4,2023,2022,spring,0,1,0,0,316,0.8315789473684211,0.6,1.2,3.6,-2.4,0.6,1.0,1.8,-0.8,0.78,0.72,0.06000000000000005,0.6236842105263158
2023-04-25,Wolverhampton Wanderers,Crystal Palace,2,0,5.2,2.1,66,0.0,9.1,3,0,0,0,0,0,0,2,2,win,0,1,0,0,0,1,0,-3.1,1,4,2023,2022,spring,0,1,0,0,317,0.8342105263157895,1.4,1.4,1.4,0.0,2.0,2.0,1.2,0.8,1.4,2.0,-0.6000000000000001,1.418157894736842
2023-04-26,Chelsea,Brentford,0,2,7.9,4.7,69,0.0,15.1,3,0,0,0,0,0,0,2,-2,loss,0,1,0,0,0,1,0,-3.2,1,4,2023,2022,spring,0,1,0,0,318,0.8368421052631579,0.4,0.6,1.4,-0.8,0.4,1.0,1.8,-0.8,0.45999999999999996,0.58,-0.12,0.43515789473684213
2023-04-26,Manchester City,Arsenal,4,1,7.3,4.6,67,0.4,9.0,51,0,0,0,0,0,0,5,3,win,1,1,0,0,0,1,0,-2.7,1,4,2023,2022,spring,0,1,0,0,319,0.8394736842105263,3.0,2.8,0.6,2.2,1.8,3.0,1.8,1.2,2.9399999999999995,2.16,0.7799999999999994,2.140657894736842
2023-04-26,Nottingham Forest,Brighton,3,1,7.6,4.7,70,0.3,12.3,51,0,0,0,0,0,0,4,2,win,1,1,0,0,0,1,0,-2.8999999999999995,1,4,2023,2022,spring,0,1,0,0,320,0.8421052631578947,0.2,0.8,2.0,-1.2,2.0,1.8,1.2,0.6,0.38,1.94,-1.56,0.9768421052631577
2023-04-26,West Ham United,Liverpool,1,2,7.8,4.5,69,0.0,15.4,3,0,0,0,0,0,0,3,-1,loss,0,1,0,0,0,1,0,-3.3,1,4,2023,2022,spring,0,1,0,0,321,0.8447368421052631,2.0,1.8,1.4,0.4,1.6,2.4,1.8,0.6,1.94,1.8399999999999999,0.10000000000000009,1.5965526315789471
2023-04-27,Everton,Newcastle United,1,4,9.2,5.5,78,0.8,23.9,51,0,0,0,0,0,0,5,-3,loss,1,1,0,0,0,1,0,-3.6999999999999993,1,4,2023,2022,spring,0,1,0,0,322,0.8473684210526315,0.6,0.8,1.6,-0.8,2.4,3.0,1.2,1.8,0.6599999999999999,2.58,-1.9200000000000002,1.3727368421052633
2023-04-27,Southampton,Bournemouth,0,1,10.4,7.4,84,15.8,22.9,65,1,0,0,0,0,1,1,-1,loss,1,0,0,0,0,1,0,-3.0,1,4,2023,2022,spring,0,1,0,0,323,0.85,0.4,1.4,2.6,-1.2,1.8,1.2,1.8,-0.6,0.7,1.62,-0.9200000000000002,0.9860000000000001
2023-04-27,Tottenham Hotspur,Manchester United,2,2,9.0,5.6,77,14.8,21.7,63,1,0,0,0,0,1,4,0,draw,1,1,0,0,0,1,0,-3.4000000000000004,1,4,2023,2022,spring,0,1,0,0,324,0.8526315789473684,1.0,1.8,2.8,-1.0,2.0,1.0,0.4,0.6,1.24,1.7,-0.45999999999999996,1.2533684210526315
2023-04-29,Brentford,Nottingham Forest,2,1,11.2,9.9,80,0.0,11.5,3,0,0,0,0,0,0,3,1,win,0,0,0,0,0,1,0,-1.299999999999999,1,4,2023,2022,spring,0,1,0,0,325,0.8552631578947368,0.8,0.8,1.2,-0.4,0.6,1.2,2.0,-0.8,0.7999999999999999,0.78,0.019999999999999907,0.6756578947368421
2023-04-29,Brighton,Wolverhampton Wanderers,6,0,10.0,8.3,84,0.0,15.1,3,0,0,0,0,0,0,6,6,win,0,0,0,0,0,1,0,-1.6999999999999993,1,4,2023,2022,spring,0,1,0,0,326,0.8578947368421053,1.4,1.8,1.8,0.0,2.0,1.4,0.6,0.8,1.52,1.8199999999999998,-0.2999999999999998,1.4326842105263158
2023-04-29,Crystal Palace,West Ham United,4,3,11.1,9.8,80,0.1,10.8,51,0,0,0,0,0,0,7,1,win,1,0,0,0,0,1,0,-1.299999999999999,1,4,2023,2022,spring,0,1,0,0,327,0.8605263157894737,2.0,1.8,0.8,1.0,1.4,1.8,1.8,0.0,1.94,1.52,0.41999999999999993,1.4887105263157894
2023-04-30,Bournemouth,Leeds United,4,1,10.5,8.7,90,1.1,16.2,51,0,0,0,0,0,0,5,3,win,1,0,0,0,1,1,0,-1.8000000000000007,1,4,2023,2022,spring,0,1,0,0,328,0.8631578947368421,1.8,1.0,1.6,-0.6,0.8,1.2,3.0,-1.8,1.56,0.9199999999999999,0.6400000000000001,1.0703157894736843
2023-04-30,Fulham,Manchester City,1,2,11.4,9.2,77,0.0,15.9,3,0,0,0,0,0,0,3,-1,loss,0,0,0,0,0,1,0,-2.200000000000001,1,4,2023,2022,spring,0,1,0,0,329,0.8657894736842106,1.2,1.2,1.2,0.0,3.0,3.2,0.8,2.4,1.2,3.0599999999999996,-1.8599999999999997,1.8441315789473685
2023-04-30,Liverpool,Tottenham Hotspur,4,3,11.8,10.1,90,14.6,21.4,63,1,0,0,0,0,1,7,1,win,1,0,0,0,1,0,0,-1.700000000000001,1,4,2023,2022,spring,0,1,0,0,330,0.868421052631579,2.2,2.6,1.2,1.4,1.0,1.6,2.6,-1.0,2.3200000000000003,1.18,1.1400000000000003,1.5197368421052633
2023-04-30,Manchester United,Aston Villa,1,0,11.8,9.9,87,6.3,22.9,55,0,0,0,0,0,0,1,1,win,1,0,0,0,1,1,0,-1.9000000000000004,1,4,2023,2022,spring,0,1,0,0,331,0.8710526315789474,2.0,1.4,0.8,0.6,2.6,1.8,0.4,1.4,1.8199999999999998,2.36,-0.54,1.8205
2023-04-30,Newcastle United,Southampton,3,1,10.8,9.0,88,6.5,17.1,61,0,0,0,0,0,0,4,2,win,1,0,0,0,1,1,0,-1.8000000000000007,1,4,2023,2022,spring,0,1,0,0,332,0.8736842105263158,2.4,3.4,1.4,2.0,0.2,0.8,2.2,-1.4,2.7,0.38,2.3200000000000003,1.3454736842105264
2023-05-01,Leicester City,Everton,2,2,12.0,9.6,81,2.0,20.6,53,0,0,0,0,0,0,4,0,draw,1,0,0,0,0,1,0,-2.4000000000000004,1,5,2023,2022,spring,0,1,0,0,333,0.8763157894736842,0.8,1.0,1.6,-0.6,0.4,0.6,2.0,-1.4,0.8599999999999999,0.45999999999999996,0.3999999999999999,0.5783684210526314
2023-05-02,Arsenal,Chelsea,3,1,10.3,7.7,81,0.1,18.4,51,0,0,0,0,0,0,4,2,win,1,0,0,0,0,1,0,-2.6000000000000005,1,5,2023,2022,spring,0,1,0,0,334,0.8789473684210526,1.2,2.4,2.4,0.0,0.2,0.2,1.4,-1.2,1.56,0.19999999999999998,1.36,0.7734736842105263
2023-05-03,Liverpool,Fulham,1,0,11.2,7.4,70,0.0,24.5,3,0,0,0,0,0,0,1,1,win,0,0,0,0,0,1,0,-3.799999999999999,1,5,2023,2022,spring,0,1,0,0,335,0.881578947368421,2.6,3.4,1.8,1.6,1.2,1.2,1.2,0.0,2.84,1.2,1.64,1.7807894736842105
2023-05-03,Manchester City,West Ham United,3,0,11.1,8.1,68,0.0,17.9,3,0,0,0,0,0,0,3,3,win,0,0,0,0,0,1,0,-3.0,1,5,2023,2022,spring,0,1,0,0,336,0.8842105263157894,3.0,3.4,1.0,2.4,1.4,2.2,1.6,0.6,3.1199999999999997,1.64,1.4799999999999998,2.104421052631579
2023-05-04,Brighton,Manchester United,1,0,12.6,9.6,79,0.1,24.6,51,0,0,0,0,0,0,1,1,win,1,0,0,0,0,1,0,-3.0,1,5,2023,2022,spring,0,1,0,0,337,0.8868421052631579,1.8,2.4,1.2,1.2,2.6,1.6,0.4,1.2,1.98,2.3,-0.31999999999999984,1.8978421052631576
2023-05-06,Bournemouth,Chelsea,1,3,12.3,10.3,94,17.5,26.3,63,1,0,0,0,0,1,4,-2,loss,1,0,0,0,1,0,0,-2.0,1,5,2023,2022,spring,0,1,0,0,338,0.8894736842105263,2.4,1.8,1.4,0.4,0.2,0.4,1.6,-1.2,2.2199999999999998,0.26,1.9599999999999997,1.1029473684210525
2023-05-06,Liverpool,Brentford,1,0,12.6,11.4,88,1.5,17.4,51,0,0,0,0,0,0,1,1,win,1,0,0,0,1,0,0,-1.1999999999999993,1,5,2023,2022,spring,0,1,0,0,339,0.8921052631578947,3.0,3.2,1.4,1.8,1.4,1.2,1.2,0.0,3.0599999999999996,1.3399999999999999,1.7199999999999998,1.9626315789473683
2023-05-06,Manchester City,Leeds United,2,1,12.9,12.1,87,1.6,11.6,53,0,0,0,0,0,0,3,1,win,1,0,0,0,1,0,0,-0.8000000000000007,1,5,2023,2022,spring,0,1,0,0,340,0.8947368421052632,3.0,3.2,0.8,2.4,0.2,1.0,3.6,-2.6,3.0599999999999996,0.43999999999999995,2.6199999999999997,1.5657894736842104
2023-05-06,Tottenham Hotspur,Crystal Palace,1,0,12.5,11.2,90,6.5,18.4,61,0,0,0,0,0,0,1,1,win,1,0,0,0,1,0,0,-1.3000000000000007,1,5,2023,2022,spring,0,1,0,0,341,0.8973684210526316,0.8,2.0,3.2,-1.2,2.0,2.2,1.2,1.0,1.16,2.06,-0.9000000000000001,1.4447631578947369
2023-05-06,Wolverhampton Wanderers,Aston Villa,1,0,12.1,10.7,91,3.1,17.3,55,0,0,0,0,0,0,1,1,win,1,0,0,0,1,0,0,-1.4000000000000004,1,5,2023,2022,spring,0,1,0,0,342,0.9,1.8,1.2,1.6,-0.4,2.0,1.4,0.4,1.0,1.62,1.8199999999999998,-0.19999999999999973,1.548
2023-05-07,Newcastle United,Arsenal,0,2,12.1,11.4,93,1.4,9.2,53,0,0,0,0,0,0,2,-2,loss,1,0,0,0,1,0,0,-0.6999999999999993,1,5,2023,2022,spring,0,1,0,0,343,0.9026315789473685,2.4,3.0,1.4,1.6,1.2,2.2,2.4,-0.2,2.58,1.5,1.08,1.8413684210526318
2023-05-07,West Ham United,Manchester United,1,0,15.1,14.4,82,0.7,10.9,51,0,0,0,0,0,0,1,1,win,1,0,0,0,0,0,0,-0.6999999999999993,1,5,2023,2022,spring,0,1,0,0,344,0.9052631578947369,0.8,2.0,2.2,-0.2,2.0,1.4,0.6,0.8,1.16,1.8199999999999998,-0.6599999999999999,1.3488421052631578
2023-05-08,Brighton,Everton,1,5,11.7,9.5,93,7.4,24.4,63,0,0,0,0,0,0,6,-4,loss,1,0,0,0,1,1,0,-2.1999999999999993,1,5,2023,2022,spring,0,1,0,0,345,0.9078947368421053,1.8,2.2,1.2,1.0,0.4,0.8,2.2,-1.4,1.92,0.52,1.4,1.1076315789473685
2023-05-08,Fulham,Leicester City,5,3,12.6,10.4,86,5.0,23.4,61,0,0,0,0,0,0,8,2,win,1,0,0,0,1,0,0,-2.1999999999999993,1,5,2023,2022,spring,0,1,0,0,346,0.9105263157894737,1.2,1.2,1.2,0.0,1.0,1.2,1.6,-0.4,1.2,1.06,0.1399999999999999,1.0288947368421053
2023-05-08,Nottingham Forest,Southampton,4,3,13.1,11.0,86,12.2,23.8,63,1,0,0,0,0,1,7,1,win,1,0,0,0,1,0,0,-2.0999999999999996,1,5,2023,2022,spring,0,1,0,0,347,0.9131578947368421,0.6,1.2,2.0,-0.8,0.2,1.0,2.6,-1.6,0.78,0.43999999999999995,0.3400000000000001,0.5570263157894736
2023-05-13,Aston Villa,Tottenham Hotspur,2,1,10.6,8.5,82,0.0,15.8,3,0,0,0,0,0,0,3,1,win,0,0,0,0,0,1,0,-2.0999999999999996,1,5,2023,2022,spring,0,1,0,0,348,0.9157894736842105,1.4,1.0,0.6,0.4,0.8,1.8,3.0,-1.2,1.2799999999999998,1.1,0.17999999999999972,1.0897894736842104
2023-05-13,Chelsea,Nottingham Forest,2,2,11.6,9.0,84,0.0,20.2,3,0,0,0,0,0,0,4,0,draw,0,0,0,0,0,1,0,-2.5999999999999996,1,5,2023,2022,spring,0,1,0,0,349,0.9184210526315789,0.6,1.0,1.8,-0.8,1.2,2.0,2.2,-0.2,0.72,1.44,-0.72,0.9918947368421053
2023-05-13,Crystal Palace,Bournemouth,2,0,11.6,8.9,84,0.0,20.0,3,0,0,0,0,0,0,2,2,win,0,0,0,0,0,1,0,-2.6999999999999993,1,5,2023,2022,spring,0,1,0,0,350,0.9210526315789473,1.4,1.2,1.2,0.0,1.8,1.8,2.0,-0.2,1.3399999999999999,1.8,-0.4600000000000002,1.4460526315789473
2023-05-13,Leeds United,Newcastle United,2,2,10.9,9.3,80,0.0,13.2,3,0,0,0,0,0,0,4,0,draw,0,0,0,0,0,1,0,-1.5999999999999996,1,5,2023,2022,spring,0,1,0,0,351,0.9236842105263158,0.2,1.0,3.0,-2.0,1.8,2.6,1.6,1.0,0.43999999999999995,2.04,-1.6,1.1453684210526316
2023-05-13,Manchester United,Wolverhampton Wanderers,2,0,12.0,11.1,78,0.0,9.8,3,0,0,0,0,0,0,2,2,win,0,0,0,0,0,0,0,-0.9000000000000004,1,5,2023,2022,spring,0,1,0,0,352,0.9263157894736842,1.4,1.0,0.8,0.2,1.8,1.2,1.6,-0.4,1.2799999999999998,1.62,-0.3400000000000003,1.343157894736842
2023-05-13,Southampton,Fulham,0,2,12.2,9.8,82,0.0,23.7,3,0,0,0,0,0,0,2,-2,loss,0,0,0,0,0,1,0,-2.3999999999999986,1,5,2023,2022,spring,0,1,0,0,353,0.9289473684210526,0.2,1.4,2.6,-1.2,1.2,1.6,1.6,0.0,0.5599999999999999,1.3199999999999998,-0.7599999999999999,0.8732105263157894
2023-05-14,Arsenal,Brighton,0,3,12.8,12.0,81,0.8,11.6,51,0,0,0,0,0,0,3,-3,loss,1,0,0,0,0,0,0,-0.8000000000000007,1,5,2023,2022,spring,0,1,0,0,354,0.9315789473684211,1.6,2.2,2.0,0.2,1.8,2.2,1.8,0.4,1.7799999999999998,1.92,-0.14000000000000012,1.7234210526315787
2023-05-14,Brentford,West Ham United,2,0,12.8,12.0,82,0.3,13.7,51,0,0,0,0,0,0,2,2,win,1,0,0,0,0,0,0,-0.8000000000000007,1,5,2023,2022,spring,0,1,0,0,355,0.9342105263157895,1.4,1.0,1.0,0.0,1.2,1.8,1.8,0.0,1.2799999999999998,1.38,-0.10000000000000009,1.2425
2023-05-14,Everton,Manchester City,0,3,12.0,10.0,82,0.4,24.6,51,0,0,0,0,0,0,3,-3,loss,1,0,0,0,0,0,0,-2.0,1,5,2023,2022,spring,0,1,0,0,356,0.9368421052631579,1.0,1.8,2.0,-0.2,3.0,2.8,0.8,2.0,1.24,2.9399999999999995,-1.6999999999999995,1.958
2023-05-15,Leicester City,Liverpool,0,3,10.7,6.8,67,0.9,21.9,53,0,0,0,0,0,0,3,-3,loss,1,0,0,0,0,1,0,-3.8999999999999995,1,5,2023,2022,spring,0,1,0,0,357,0.9394736842105263,1.0,1.8,2.4,-0.6,3.0,2.2,1.2,1.0,1.24,2.76,-1.5199999999999998,1.8789473684210527
2023-05-18,Newcastle United,Brighton,4,1,13.2,11.7,73,0.1,13.0,51,0,0,0,0,0,0,5,3,win,1,0,0,0,0,0,0,-1.5,1,5,2023,2022,spring,0,1,0,0,358,0.9421052631578948,2.0,3.0,1.4,1.6,1.8,2.4,1.6,0.8,2.3,1.98,0.31999999999999984,2.0161052631578946
2023-05-20,Bournemouth,Manchester United,0,1,13.9,11.1,69,0.0,20.7,3,0,0,0,0,0,0,1,-1,loss,0,0,0,0,0,0,0,-2.8000000000000007,1,5,2023,2022,spring,0,1,0,0,359,0.9447368421052632,1.2,1.2,2.0,-0.8,1.4,1.0,0.8,0.2,1.2,1.2799999999999998,-0.07999999999999985,1.1714736842105262
2023-05-20,Fulham,Crystal Palace,2,2,12.9,10.0,70,0.1,22.9,51,0,0,0,0,0,0,4,0,draw,1,0,0,0,0,0,0,-2.9000000000000004,1,5,2023,2022,spring,0,1,0,0,360,0.9473684210526315,1.2,1.6,1.4,0.2,1.4,1.2,1.2,0.0,1.3199999999999998,1.3399999999999999,-0.020000000000000018,1.2599999999999998
2023-05-20,Liverpool,Aston Villa,1,1,13.6,12.4,75,0.2,12.2,51,0,0,0,0,0,0,2,0,draw,1,0,0,0,0,0,0,-1.1999999999999993,1,5,2023,2022,spring,0,1,0,0,361,0.95,3.0,2.2,0.8,1.4,1.4,0.8,0.8,0.0,2.76,1.2199999999999998,1.54,1.8904999999999996
2023-05-20,Nottingham Forest,Arsenal,1,0,11.7,9.4,77,0.0,18.4,2,0,0,0,0,0,0,1,1,win,0,0,0,0,0,1,0,-2.299999999999999,1,5,2023,2022,spring,0,1,0,0,362,0.9526315789473684,1.4,2.4,2.2,0.2,1.4,1.8,2.2,-0.4,1.6999999999999997,1.52,0.17999999999999972,1.533736842105263
2023-05-20,Tottenham Hotspur,Brentford,1,3,12.8,9.7,70,0.0,20.9,2,0,0,0,0,0,0,4,-2,loss,0,0,0,0,0,1,0,-3.1000000000000014,1,5,2023,2022,spring,0,1,0,0,363,0.9552631578947368,0.8,1.6,2.8,-1.2,2.0,1.4,0.6,0.8,1.04,1.8199999999999998,-0.7799999999999998,1.3660263157894736
2023-05-20,Wolverhampton Wanderers,Everton,1,1,12.2,10.0,73,0.0,17.1,2,0,0,0,0,0,0,2,0,draw,0,0,0,0,0,0,0,-2.1999999999999993,1,5,2023,2022,spring,0,1,0,0,364,0.9578947368421052,1.2,0.8,2.0,-1.2,1.0,1.6,2.0,-0.4,1.08,1.18,-0.09999999999999987,1.0824210526315787
2023-05-21,Brighton,Southampton,3,1,13.3,10.2,71,0.1,21.4,51,0,0,0,0,0,0,4,2,win,1,0,0,0,0,0,0,-3.1000000000000014,1,5,2023,2022,spring,0,1,0,0,365,0.9605263157894737,1.8,2.4,1.8,0.6,0.2,1.4,2.6,-1.2,1.98,0.5599999999999999,1.42,1.2198684210526316
2023-05-21,Manchester City,Chelsea,1,0,13.8,12.4,67,0.0,13.5,3,0,0,0,0,0,0,1,1,win,0,0,0,0,0,0,0,-1.4000000000000004,1,5,2023,2022,spring,0,1,0,0,366,0.9631578947368421,3.0,2.8,0.6,2.2,0.8,1.4,2.0,-0.6,2.9399999999999995,0.98,1.9599999999999995,1.8877894736842102
2023-05-21,West Ham United,Leeds United,3,1,13.1,10.1,70,0.0,23.7,3,0,0,0,0,0,0,4,2,win,0,0,0,0,0,0,0,-3.0,1,5,2023,2022,spring,0,1,0,0,367,0.9657894736842105,0.6,1.0,2.2,-1.2,0.4,1.2,2.2,-1.0,0.72,0.6399999999999999,0.08000000000000007,0.6567368421052631
2023-05-22,Newcastle United,Leicester City,0,0,11.0,9.0,77,0.0,17.8,3,0,0,0,0,0,0,0,0,draw,0,0,0,0,0,1,0,-2.0,1,5,2023,2022,spring,0,1,0,0,368,0.968421052631579,2.0,2.6,1.4,1.2,1.0,1.6,2.4,-0.8,2.1799999999999997,1.18,0.9999999999999998,1.6269473684210525
2023-05-24,Brighton,Manchester City,1,1,13.7,13.2,82,0.0,15.1,3,0,0,0,0,0,0,2,0,draw,0,0,0,0,0,0,0,-0.5,1,5,2023,2022,spring,0,1,0,0,369,0.9710526315789474,1.8,1.8,2.0,-0.2,3.0,2.2,0.4,1.8,1.8,2.76,-0.9599999999999997,2.214
2023-05-25,Manchester United,Chelsea,4,1,14.8,14.4,77,0.4,10.6,51,0,0,0,0,0,0,5,3,win,1,0,0,0,0,0,0,-0.40000000000000036,1,5,2023,2022,spring,0,1,0,0,370,0.9736842105263158,1.8,0.8,0.4,0.4,0.8,1.2,1.8,-0.6,1.5,0.9199999999999999,0.5800000000000001,1.178157894736842
2023-05-28,Arsenal,Wolverhampton Wanderers,5,0,14.1,11.4,64,0.0,24.8,3,0,0,0,0,0,0,5,5,win,0,0,0,0,0,0,0,-2.6999999999999993,1,5,2023,2022,spring,0,1,0,0,371,0.9763157894736842,1.2,1.2,1.8,-0.6,1.4,0.8,1.8,-1.0,1.2,1.2199999999999998,-0.019999999999999796,1.1813421052631579
2023-05-28,Aston Villa,Brighton,2,1,14.2,11.9,73,0.5,21.8,51,0,0,0,0,0,0,3,1,win,1,0,0,0,0,0,0,-2.299999999999999,1,5,2023,2022,spring,0,1,0,0,372,0.9789473684210527,1.4,0.8,0.8,0.0,1.4,1.8,2.2,-0.4,1.2199999999999998,1.52,-0.30000000000000027,1.341157894736842
2023-05-28,Brentford,Manchester City,1,0,14.2,11.6,65,0.0,22.7,3,0,0,0,0,0,0,1,1,win,0,0,0,0,0,0,0,-2.5999999999999996,1,5,2023,2022,spring,0,1,0,0,373,0.9815789473684211,2.4,1.8,0.6,1.2,2.6,2.0,0.4,1.6,2.2199999999999998,2.42,-0.20000000000000018,2.277263157894737
2023-05-28,Chelsea,Newcastle United,1,1,14.1,11.4,66,0.0,25.3,3,0,0,0,0,0,0,2,0,draw,0,0,0,0,0,0,0,-2.6999999999999993,1,5,2023,2022,spring,0,1,0,0,374,0.9842105263157894,0.8,1.4,2.2,-0.8,1.6,1.8,1.2,0.6,0.98,1.66,-0.6799999999999999,1.2991578947368418
2023-05-28,Crystal Palace,Nottingham Forest,1,1,13.8,11.2,66,0.0,24.0,3,0,0,0,0,0,0,2,0,draw,0,0,0,0,0,0,0,-2.6000000000000014,1,5,2023,2022,spring,0,1,0,0,375,0.9868421052631579,1.4,1.6,1.6,0.0,2.0,2.2,1.6,0.6,1.46,2.06,-0.6000000000000001,1.7368421052631577
2023-05-28,Everton,Bournemouth,1,0,14.0,12.2,76,0.0,23.4,3,0,0,0,0,0,0,1,1,win,0,0,0,0,0,0,0,-1.8000000000000007,1,5,2023,2022,spring,0,1,0,0,376,0.9894736842105263,1.0,1.8,2.2,-0.4,1.2,1.2,1.4,-0.2,1.24,1.2,0.040000000000000036,1.207157894736842
2023-05-28,Leeds United,Tottenham Hotspur,1,4,13.0,10.7,75,1.0,17.8,51,0,0,0,0,0,0,5,-3,loss,1,0,0,0,0,0,0,-2.3000000000000007,1,5,2023,2022,spring,0,1,0,0,377,0.9921052631578947,0.4,1.2,2.4,-1.2,0.8,1.6,2.2,-0.6,0.6399999999999999,1.04,-0.40000000000000013,0.8333684210526315
2023-05-28,Leicester City,West Ham United,2,1,13.9,11.6,75,0.0,23.2,3,0,0,0,0,0,0,3,1,win,0,0,0,0,0,0,0,-2.3000000000000007,1,5,2023,2022,spring,0,1,0,0,378,0.9947368421052631,0.6,1.2,2.2,-1.0,1.2,1.4,2.0,-0.6,0.78,1.26,-0.48,1.0146315789473683
2023-05-28,Manchester United,Fulham,2,1,14.2,12.3,73,0.4,21.7,51,0,0,0,0,0,0,3,1,win,1,0,0,0,0,0,0,-1.8999999999999986,1,5,2023,2022,spring,0,1,0,0,379,0.9973684210526316,1.8,1.4,0.6,0.8,1.4,2.0,1.6,0.4,1.68,1.5799999999999998,0.10000000000000009,1.6257105263157894
2023-05-28,Southampton,Liverpool,4,4,15.4,13.1,63,0.0,20.2,3,0,0,0,0,0,0,8,0,draw,0,0,0,0,0,0,0,-2.3000000000000007,1,5,2023,2022,spring,0,1,0,0,380,1.0,0.0,1.0,2.6,-1.6,2.6,2.0,0.8,1.2,0.3,2.42,-2.12,1.3599999999999999
2023-08-11,Burnley,Manchester City,0,3,18.2,16.6,77,1.2,27.2,51,0,0,0,0,0,0,3,-3,loss,1,0,0,0,0,0,0,-1.5999999999999979,1,8,2023,2023,summer,0,0,1,0,1,0.002631578947368421,0.8,1.0,1.6,-0.6,2.0,1.4,0.6,0.8,0.8599999999999999,1.8199999999999998,-0.96,0.003526315789473684
2023-08-12,Arsenal,Nottingham Forest,2,1,17.5,15.4,78,1.0,31.9,51,0,0,0,0,0,0,3,1,win,1,0,0,1,0,0,0,-2.0999999999999996,1,8,2023,2023,summer,0,0,1,0,2,0.005263157894736842,1.8,2.0,1.0,1.0,1.6,1.8,1.6,0.2,1.8599999999999999,1.66,0.19999999999999996,0.009263157894736841
2023-08-12,Bournemouth,West Ham United,1,1,17.4,14.9,83,1.1,34.6,51,0,0,0,0,0,0,2,0,draw,1,0,0,1,0,0,0,-2.4999999999999982,1,8,2023,2023,summer,0,0,1,0,3,0.007894736842105263,0.6,1.0,1.6,-0.6,1.2,1.0,1.6,-0.6,0.72,1.14,-0.41999999999999993,0.007342105263157895
2023-08-12,Brighton,Luton Town,4,1,17.0,14.7,86,2.4,36.1,53,0,0,0,0,0,0,5,3,win,1,0,0,1,1,0,0,-2.3000000000000007,1,8,2023,2023,summer,0,0,1,0,4,0.010526315789473684,1.4,1.8,1.6,0.2,0.0,0.0,0.0,0.0,1.52,0.0,1.52,0.008
2023-08-12,Everton,Fulham,0,1,17.4,15.3,76,5.7,28.6,61,0,0,0,0,0,0,1,-1,loss,1,0,0,0,0,0,0,-2.099999999999998,1,8,2023,2023,summer,0,0,1,0,5,0.013157894736842105,1.6,1.8,1.4,0.4,1.4,2.0,1.6,0.4,1.66,1.5799999999999998,0.08000000000000007,0.021315789473684208
2023-08-12,Newcastle United,Aston Villa,5,1,17.3,15.8,75,3.4,24.2,61,0,0,0,0,0,0,6,4,win,1,0,0,0,0,0,0,-1.5,1,8,2023,2023,summer,0,0,1,0,6,0.015789473684210527,1.2,1.4,1.2,0.2,1.4,1.0,1.0,0.0,1.26,1.2799999999999998,-0.019999999999999796,0.02005263157894737
2023-08-12,Sheffield United,Crystal Palace,0,1,17.1,14.8,77,1.1,29.2,53,0,0,0,0,0,0,1,-1,loss,1,0,0,0,0,0,0,-2.3000000000000007,1,8,2023,2023,summer,0,0,1,0,7,0.018421052631578946,1.2,0.4,1.4,-1.0,1.6,1.8,1.4,0.4,0.96,1.66,-0.7,0.02413157894736842
2023-08-13,Brentford,Tottenham Hotspur,2,2,18.0,16.3,75,0.2,24.3,51,0,0,0,0,0,0,4,0,draw,1,0,0,0,0,0,0,-1.6999999999999993,1,8,2023,2023,summer,0,0,1,0,8,0.021052631578947368,2.4,1.6,0.6,1.0,1.2,2.0,2.0,0.0,2.16,1.44,0.7200000000000002,0.037894736842105266
2023-08-13,Chelsea,Liverpool,1,1,18.0,16.1,75,0.3,25.8,51,0,0,0,0,0,0,2,0,draw,1,0,0,0,0,0,0,-1.8999999999999986,1,8,2023,2023,summer,0,0,1,0,9,0.02368421052631579,1.0,1.4,1.8,-0.4,2.2,2.0,1.0,1.0,1.1199999999999999,2.14,-1.0200000000000002,0.03860526315789473
2023-08-14,Manchester United,Wolverhampton Wanderers,1,0,16.8,16.1,88,30.6,24.7,63,1,0,0,0,0,1,1,1,win,1,0,0,0,1,0,0,-0.6999999999999993,1,8,2023,2023,summer,0,0,1,0,10,0.02631578947368421,2.4,1.8,0.6,1.2,0.8,0.4,2.8,-2.4,2.2199999999999998,0.6799999999999999,1.5399999999999998,0.0381578947368421
2023-08-18,Nottingham Forest,Sheffield United,2,1,17.6,16.2,85,2.4,25.6,55,0,0,0,0,0,0,3,1,win,1,0,0,0,1,0,0,-1.4000000000000021,1,8,2023,2023,summer,0,0,1,0,11,0.02894736842105263,1.6,1.8,1.6,0.2,1.2,0.4,0.8,-0.4,1.66,0.96,0.7,0.037921052631578946
2023-08-19,Fulham,Brentford,0,3,19.9,18.8,76,0.2,27.8,51,0,0,0,0,0,0,3,-3,loss,1,0,0,0,0,0,0,-1.0999999999999979,1,8,2023,2023,summer,0,0,1,0,12,0.031578947368421054,2.0,2.2,1.4,0.8,2.0,1.6,0.8,0.8,2.06,1.88,0.18000000000000016,0.06221052631578947
2023-08-19,Liverpool,Bournemouth,3,1,19.1,16.8,73,2.2,32.8,55,0,0,0,0,0,0,4,2,win,1,0,0,1,0,0,0,-2.3000000000000007,1,8,2023,2023,summer,0,0,1,0,13,0.034210526315789476,1.8,2.0,1.2,0.8,0.2,0.4,1.6,-1.2,1.8599999999999999,0.26,1.5999999999999999,0.036263157894736844
2023-08-19,Manchester City,Newcastle United,1,0,19.1,17.4,75,7.3,29.5,63,0,0,0,0,0,0,1,1,win,1,0,0,0,0,0,0,-1.7000000000000028,1,8,2023,2023,summer,0,0,1,0,14,0.03684210526315789,2.0,1.6,0.4,1.2,1.8,2.4,1.0,1.4,1.88,1.98,-0.10000000000000009,0.07110526315789473
2023-08-19,Tottenham Hotspur,Manchester United,2,0,19.8,18.7,77,0.4,25.5,51,0,0,0,0,0,0,2,2,win,1,0,0,0,0,0,0,-1.1000000000000014,1,8,2023,2023,summer,0,0,1,0,15,0.039473684210526314,1.4,1.8,1.6,0.2,3.0,2.0,0.4,1.6,1.52,2.6999999999999997,-1.1799999999999997,0.08328947368421051
2023-08-19,Wolverhampton Wanderers,Brighton,1,4,18.4,16.4,76,1.4,28.6,53,0,0,0,0,0,0,5,-3,loss,1,0,0,0,0,0,0,-2.0,1,8,2023,2023,summer,0,0,1,0,16,0.042105263157894736,0.8,0.4,1.8,-1.4,1.4,2.0,1.8,0.2,0.6799999999999999,1.5799999999999998,-0.8999999999999999,0.04757894736842105
2023-08-20,Aston Villa,Everton,4,0,17.2,16.0,77,0.7,21.4,51,0,0,0,0,0,0,4,4,win,1,0,0,0,0,0,0,-1.1999999999999993,1,8,2023,2023,summer,0,0,1,0,17,0.04473684210526316,1.4,1.2,1.8,-0.6,1.4,1.4,1.2,0.2,1.3399999999999999,1.4,-0.06000000000000005,0.06128947368421052
2023-08-20,West Ham United,Chelsea,3,1,18.9,18.5,76,0.5,17.4,51,0,0,0,0,0,0,4,2,win,1,0,0,0,0,0,0,-0.3999999999999986,1,8,2023,2023,summer,0,0,1,0,18,0.04736842105263158,1.4,1.2,1.2,0.0,0.6,1.0,1.8,-0.8,1.3399999999999999,0.72,0.6199999999999999,0.04878947368421052
2023-08-21,Crystal Palace,Arsenal,0,1,18.3,17.6,77,0.0,19.1,3,0,0,0,0,0,0,1,-1,loss,0,0,0,0,0,0,0,-0.6999999999999993,1,8,2023,2023,summer,0,0,1,0,19,0.05,1.6,1.2,0.8,0.4,1.8,1.8,1.0,0.8,1.48,1.8,-0.32000000000000006,0.08200000000000002
2023-08-25,Chelsea,Luton Town,3,0,16.7,15.0,65,0.1,18.5,51,0,0,0,0,0,0,3,3,win,1,0,0,0,0,0,0,-1.6999999999999993,1,8,2023,2023,summer,0,0,1,0,20,0.05263157894736842,0.4,0.8,2.0,-1.2,0.0,1.0,4.0,-3.0,0.52,0.3,0.22000000000000003,0.02157894736842105
2023-08-26,Arsenal,Fulham,2,2,14.8,13.4,80,1.8,17.1,55,0,0,0,0,0,0,4,0,draw,1,0,0,0,0,0,0,-1.4000000000000004,1,8,2023,2023,summer,0,0,1,0,21,0.05526315789473684,1.8,1.6,1.0,0.6,1.4,1.2,1.4,-0.2,1.74,1.3399999999999999,0.40000000000000013,0.08510526315789474
2023-08-26,Bournemouth,Tottenham Hotspur,0,2,15.1,13.8,79,8.2,18.4,63,0,0,0,0,0,0,2,-2,loss,1,0,0,0,0,0,0,-1.299999999999999,1,8,2023,2023,summer,0,0,1,0,22,0.05789473684210526,0.2,0.4,1.6,-1.2,1.4,2.0,1.6,0.4,0.26,1.5799999999999998,-1.3199999999999998,0.05326315789473684
2023-08-26,Brentford,Crystal Palace,1,1,15.0,13.8,79,0.4,15.6,51,0,0,0,0,0,0,2,0,draw,1,0,0,0,0,0,0,-1.1999999999999993,1,8,2023,2023,summer,0,0,1,0,23,0.060526315789473685,2.6,2.2,0.6,1.6,1.6,1.2,0.8,0.4,2.48,1.48,1.0,0.11984210526315789
2023-08-26,Brighton,West Ham United,1,3,15.4,13.8,80,10.1,24.3,63,1,0,0,0,0,1,4,-2,loss,1,0,0,0,0,0,0,-1.5999999999999996,1,8,2023,2023,summer,0,0,1,0,24,0.06315789473684211,2.0,2.6,1.2,1.4,1.4,1.6,1.4,0.2,2.1799999999999997,1.46,0.7199999999999998,0.11494736842105263
2023-08-26,Everton,Wolverhampton Wanderers,0,1,14.5,12.8,79,2.5,22.0,51,0,0,0,0,0,0,1,-1,loss,1,0,0,0,0,0,0,-1.6999999999999993,1,8,2023,2023,summer,0,0,1,0,25,0.06578947368421052,0.8,0.4,1.8,-1.4,0.2,0.4,2.6,-2.2,0.6799999999999999,0.26,0.41999999999999993,0.030921052631578943
2023-08-26,Manchester United,Nottingham Forest,3,2,13.9,12.8,81,5.1,12.7,63,0,0,0,0,0,0,5,1,win,1,0,0,0,0,0,0,-1.0999999999999996,1,8,2023,2023,summer,0,0,1,0,26,0.06842105263157895,2.4,1.6,0.8,0.8,1.6,1.4,1.2,0.2,2.16,1.5399999999999998,0.6200000000000003,0.12657894736842107
2023-08-27,Burnley,Aston Villa,1,3,12.5,10.8,90,11.9,24.9,63,1,0,0,0,0,1,4,-2,loss,1,0,0,0,1,0,0,-1.6999999999999993,1,8,2023,2023,summer,0,0,1,0,27,0.07105263157894737,0.2,0.6,2.0,-1.4,2.0,2.0,1.6,0.4,0.31999999999999995,2.0,-1.6800000000000002,0.08242105263157894
2023-08-27,Newcastle United,Liverpool,1,2,13.1,12.5,88,11.6,10.2,63,1,0,0,0,0,1,3,-1,loss,1,0,0,0,1,0,0,-0.5999999999999996,1,8,2023,2023,summer,0,0,1,0,28,0.07368421052631578,1.6,2.0,0.8,1.2,1.8,2.4,1.4,1.0,1.7199999999999998,1.98,-0.26000000000000023,0.1363157894736842
2023-08-27,Sheffield United,Manchester City,1,2,13.5,11.7,82,2.2,24.4,55,0,0,0,0,0,0,3,-1,loss,1,0,0,0,0,0,0,-1.8000000000000007,1,8,2023,2023,summer,0,0,1,0,29,0.07631578947368421,1.2,0.6,0.8,-0.2,2.0,1.2,0.4,0.8,1.02,1.7599999999999998,-0.7399999999999998,0.10607894736842105
2023-09-01,Luton Town,West Ham United,1,2,16.6,17.1,85,3.9,9.8,53,0,0,0,0,0,0,3,-1,loss,1,0,0,0,1,0,0,0.5,1,9,2023,2023,autumn,0,0,0,1,30,0.07894736842105263,0.0,0.5,3.5,-3.0,2.0,2.2,1.2,1.0,0.15,2.06,-1.9100000000000001,0.08723684210526315
2023-09-02,Brentford,Bournemouth,2,2,18.7,18.8,82,0.8,14.9,51,0,0,0,0,0,0,4,0,draw,1,0,0,0,0,0,0,0.10000000000000142,1,9,2023,2023,autumn,0,0,0,1,31,0.08157894736842106,2.2,2.0,0.8,1.2,0.2,0.4,1.6,-1.2,2.14,0.26,1.8800000000000001,0.09789473684210528
2023-09-02,Brighton,Newcastle United,3,1,17.7,18.3,85,0.1,15.4,51,0,0,0,0,0,0,4,2,win,1,0,0,0,1,0,0,0.6000000000000014,1,9,2023,2023,autumn,0,0,0,1,32,0.08421052631578947,1.4,2.2,1.6,0.6,1.0,1.4,1.0,0.4,1.64,1.1199999999999999,0.52,0.11621052631578946
2023-09-02,Burnley,Tottenham Hotspur,2,5,16.6,16.6,83,0.1,12.3,51,0,0,0,0,0,0,7,-3,loss,1,0,0,0,0,0,0,0.0,1,9,2023,2023,autumn,0,0,0,1,33,0.0868421052631579,0.2,0.6,2.0,-1.4,2.0,2.2,1.2,1.0,0.31999999999999995,2.06,-1.7400000000000002,0.1033421052631579
2023-09-02,Chelsea,Nottingham Forest,0,1,18.6,18.7,83,0.4,15.6,51,0,0,0,0,0,0,1,-1,loss,1,0,0,0,0,0,0,0.09999999999999787,1,9,2023,2023,autumn,0,0,0,1,34,0.08947368421052632,1.0,1.4,1.8,-0.4,1.4,1.4,1.4,0.0,1.1199999999999999,1.4,-0.28,0.11273684210526314
2023-09-02,Manchester City,Fulham,5,1,17.5,17.8,79,0.0,10.2,3,0,0,0,0,0,0,6,4,win,0,0,0,0,0,0,0,0.3000000000000007,1,9,2023,2023,autumn,0,0,0,1,35,0.09210526315789473,2.0,1.4,0.6,0.8,1.0,1.2,1.8,-0.6,1.8199999999999998,1.06,0.7599999999999998,0.1326315789473684
2023-09-02,Sheffield United,Everton,2,2,16.8,16.8,79,0.0,8.7,3,0,0,0,0,0,0,4,0,draw,0,0,0,0,0,0,0,0.0,1,9,2023,2023,autumn,0,0,0,1,36,0.09473684210526316,0.6,0.6,1.2,-0.6,0.8,0.4,1.4,-1.0,0.6,0.6799999999999999,-0.07999999999999996,0.06063157894736841
2023-09-03,Arsenal,Manchester United,3,1,18.4,19.0,81,0.0,12.3,3,0,0,0,0,0,0,4,2,win,0,0,0,0,0,0,0,0.6000000000000014,1,9,2023,2023,autumn,0,0,0,1,37,0.09736842105263158,2.0,2.0,0.8,1.2,2.4,2.0,1.2,0.8,2.0,2.28,-0.2799999999999998,0.20836842105263154
2023-09-03,Crystal Palace,Wolverhampton Wanderers,3,2,18.6,19.4,81,0.0,12.7,3,0,0,0,0,0,0,5,1,win,0,0,0,0,0,0,0,0.7999999999999972,1,9,2023,2023,autumn,0,0,0,1,38,0.1,1.2,1.0,1.0,0.0,0.8,0.6,2.2,-1.6,1.14,0.74,0.3999999999999999,0.094
2023-09-03,Liverpool,Aston Villa,3,0,16.4,16.8,85,0.0,9.9,3,0,0,0,0,0,0,3,3,win,0,0,0,0,1,0,0,0.40000000000000213,1,9,2023,2023,autumn,0,0,0,1,39,0.10263157894736842,1.8,2.2,1.6,0.6,2.0,2.2,1.6,0.6,1.92,2.06,-0.14000000000000012,0.20423684210526316
2023-09-16,Aston Villa,Crystal Palace,3,1,15.9,14.5,82,0.0,19.6,3,0,0,0,0,0,0,4,2,win,0,0,0,0,0,0,0,-1.4000000000000004,1,9,2023,2023,autumn,0,0,0,1,40,0.10526315789473684,1.8,2.0,2.0,0.0,1.6,1.2,1.0,0.2,1.8599999999999999,1.48,0.3799999999999999,0.1757894736842105
2023-09-16,Fulham,Luton Town,1,0,18.7,18.6,77,0.0,17.1,3,0,0,0,0,0,0,1,1,win,0,0,0,0,0,0,0,-0.09999999999999787,1,9,2023,2023,autumn,0,0,0,1,41,0.10789473684210527,0.8,1.0,2.4,-1.4,0.0,0.6666666666666666,3.0,-2.3333333333333335,0.8599999999999999,0.19999999999999998,0.6599999999999999,0.05718421052631578
2023-09-16,Manchester United,Brighton,1,3,15.5,13.6,84,0.0,23.6,3,0,0,0,0,0,0,4,-2,loss,0,0,0,0,0,0,0,-1.9000000000000004,1,9,2023,2023,autumn,0,0,0,1,42,0.11052631578947368,1.8,1.4,1.6,-0.2,1.8,2.6,1.6,1.0,1.68,2.04,-0.3600000000000001,0.20557894736842103
2023-09-16,Newcastle United,Brentford,1,0,13.5,10.5,83,1.5,29.4,51,0,0,0,0,0,0,1,1,win,1,0,0,0,0,0,0,-3.0,1,9,2023,2023,autumn,0,0,0,1,43,0.11315789473684211,0.8,1.6,1.6,0.0,1.8,1.8,1.0,0.8,1.04,1.8,-0.76,0.1606842105263158
2023-09-16,Tottenham Hotspur,Sheffield United,2,1,18.6,18.7,79,0.0,18.1,3,0,0,0,0,0,0,3,1,win,0,0,0,0,0,0,0,0.09999999999999787,1,9,2023,2023,autumn,0,0,0,1,44,0.11578947368421053,2.6,3.0,1.0,2.0,0.8,1.0,1.4,-0.4,2.7199999999999998,0.8599999999999999,1.8599999999999999,0.20726315789473682
2023-09-16,West Ham United,Manchester City,1,3,18.7,18.8,78,0.0,17.1,3,0,0,0,0,0,0,4,-2,loss,0,0,0,0,0,0,0,0.10000000000000142,1,9,2023,2023,autumn,0,0,0,1,45,0.11842105263157894,2.0,2.0,1.2,0.8,2.4,2.2,0.6,1.6,2.0,2.34,-0.33999999999999986,0.2569736842105263
2023-09-16,Wolverhampton Wanderers,Liverpool,1,3,16.0,14.9,83,0.0,18.9,3,0,0,0,0,0,0,4,-2,loss,0,0,0,0,0,0,0,-1.0999999999999996,1,9,2023,2023,autumn,0,0,0,1,46,0.12105263157894737,0.6,0.8,2.6,-1.8,2.2,2.6,1.4,1.2,0.6599999999999999,2.3200000000000003,-1.6600000000000004,0.1803684210526316
2023-09-17,Bournemouth,Chelsea,0,0,18.0,17.2,86,11.5,25.5,63,1,0,0,0,0,1,0,0,draw,1,0,0,0,1,0,0,-0.8000000000000007,1,9,2023,2023,autumn,0,0,0,1,47,0.12368421052631579,0.4,0.8,1.8,-1.0,1.0,1.2,1.2,0.0,0.52,1.06,-0.54,0.09771052631578947
2023-09-17,Everton,Arsenal,0,1,16.3,15.3,85,7.9,18.8,63,0,0,0,0,0,0,1,-1,loss,1,0,0,0,1,0,0,-1.0,1,9,2023,2023,autumn,0,0,0,1,48,0.12631578947368421,0.8,0.6,1.6,-1.0,2.6,2.6,0.8,1.8,0.74,2.5999999999999996,-1.8599999999999997,0.21094736842105263
2023-09-18,Nottingham Forest,Burnley,1,1,14.9,12.6,82,20.9,29.2,65,1,0,0,0,0,1,2,0,draw,1,0,0,0,0,0,0,-2.3000000000000007,1,9,2023,2023,autumn,0,0,0,1,49,0.12894736842105264,1.4,1.4,1.4,0.0,0.2,1.0,2.8,-1.8,1.4,0.43999999999999995,0.96,0.11863157894736842
2023-09-23,Brentford,Everton,1,3,12.7,10.3,72,0.0,15.1,3,0,0,0,0,0,0,4,-2,loss,0,0,0,0,0,0,0,-2.3999999999999986,1,9,2023,2023,autumn,0,0,0,1,50,0.13157894736842105,1.2,1.6,1.2,0.4,0.2,0.4,1.8,-1.4,1.3199999999999998,0.26,1.0599999999999998,0.10394736842105262
2023-09-23,Burnley,Manchester United,0,1,11.4,8.9,80,0.4,28.2,51,0,0,0,0,0,0,1,-1,loss,1,0,0,0,0,1,0,-2.5,1,9,2023,2023,autumn,0,0,0,1,51,0.13421052631578947,0.2,1.0,2.8,-1.8,1.2,1.2,2.0,-0.8,0.43999999999999995,1.2,-0.76,0.11005263157894736
2023-09-23,Crystal Palace,Fulham,0,0,12.7,10.1,72,0.0,15.6,3,0,0,0,0,0,0,0,0,draw,0,0,0,0,0,0,0,-2.5999999999999996,1,9,2023,2023,autumn,0,0,0,1,52,0.1368421052631579,1.4,1.2,1.4,-0.2,1.4,1.0,2.0,-1.0,1.3399999999999999,1.2799999999999998,0.06000000000000005,0.17926315789473682
2023-09-23,Luton Town,Wolverhampton Wanderers,1,1,11.9,9.0,73,0.0,17.3,3,0,0,0,0,0,0,2,0,draw,0,0,0,0,0,1,0,-2.9000000000000004,1,9,2023,2023,autumn,0,0,0,1,53,0.1394736842105263,0.0,0.5,2.5,-2.0,0.6,1.0,2.2,-1.2,0.15,0.72,-0.57,0.060671052631578945
2023-09-23,Manchester City,Nottingham Forest,2,0,12.1,9.8,77,0.7,21.2,51,0,0,0,0,0,0,2,2,win,1,0,0,0,0,1,0,-2.299999999999999,1,9,2023,2023,autumn,0,0,0,1,54,0.14210526315789473,3.0,2.8,0.6,2.2,1.4,1.4,1.4,0.0,2.9399999999999995,1.4,1.5399999999999996,0.30836842105263157
2023-09-24,Arsenal,Tottenham Hotspur,2,2,16.8,13.9,72,0.1,30.8,51,0,0,0,0,0,0,4,0,draw,1,0,0,1,0,0,0,-2.9000000000000004,1,9,2023,2023,autumn,0,0,0,1,55,0.14473684210526316,2.6,1.8,0.8,1.0,2.6,2.6,1.0,1.6,2.36,2.5999999999999996,-0.23999999999999977,0.35894736842105257
2023-09-24,Brighton,Bournemouth,3,1,17.0,13.7,75,0.0,30.8,3,0,0,0,0,0,0,4,2,win,0,0,0,1,0,0,0,-3.3000000000000007,1,9,2023,2023,autumn,0,0,0,1,56,0.14736842105263157,2.4,3.0,1.4,1.6,0.6,0.8,1.6,-0.8,2.58,0.6599999999999999,1.9200000000000002,0.23873684210526316
2023-09-24,Chelsea,Aston Villa,0,1,17.0,14.2,71,0.0,30.6,3,0,0,0,0,0,0,1,-1,loss,0,0,0,1,0,0,0,-2.8000000000000007,1,9,2023,2023,autumn,0,0,0,1,57,0.15,1.0,1.0,1.0,0.0,1.8,2.2,2.0,0.2,1.0,1.92,-0.9199999999999999,0.219
2023-09-24,Liverpool,West Ham United,3,1,17.2,14.4,80,4.9,35.8,61,0,0,0,0,0,0,4,2,win,1,0,0,1,0,0,0,-2.799999999999999,1,9,2023,2023,autumn,0,0,0,1,58,0.15263157894736842,2.6,2.4,0.8,1.6,2.0,2.0,1.4,0.6,2.54,2.0,0.54,0.3464736842105263
2023-09-24,Sheffield United,Newcastle United,0,8,16.4,13.1,80,1.7,36.6,53,0,0,0,0,0,0,8,-8,loss,1,0,0,1,0,0,0,-3.299999999999999,1,9,2023,2023,autumn,0,0,0,1,59,0.15526315789473685,0.2,1.0,1.8,-0.8,1.2,1.6,1.4,0.2,0.43999999999999995,1.3199999999999998,-0.8799999999999999,0.1366315789473684
2023-09-30,Aston Villa,Brighton,6,1,13.2,11.6,88,2.8,24.6,55,0,0,0,0,0,0,7,5,win,1,0,0,0,1,0,0,-1.5999999999999996,1,9,2023,2023,autumn,0,0,0,1,60,0.15789473684210525,2.4,2.2,1.0,1.2,2.4,2.8,1.4,1.4,2.34,2.52,-0.18000000000000016,0.38368421052631574
2023-09-30,Bournemouth,Arsenal,0,4,15.4,14.3,82,0.0,22.0,3,0,0,0,0,0,0,4,-4,loss,0,0,0,0,0,0,0,-1.0999999999999996,1,9,2023,2023,autumn,0,0,0,1,61,0.16052631578947368,0.4,0.8,2.0,-1.2,2.2,1.8,1.0,0.8,0.52,2.08,-1.56,0.2086842105263158
2023-09-30,Everton,Luton Town,1,2,13.3,11.7,90,9.9,23.4,61,0,0,0,0,0,0,3,-1,loss,1,0,0,0,1,0,0,-1.6000000000000014,1,9,2023,2023,autumn,0,0,0,1,62,0.1631578947368421,0.8,1.0,1.8,-0.8,0.2,0.6,2.2,-1.6,0.8599999999999999,0.31999999999999995,0.5399999999999999,0.09626315789473683
2023-09-30,Manchester United,Crystal Palace,0,1,12.8,11.5,90,7.4,21.6,61,0,0,0,0,0,0,1,-1,loss,1,0,0,0,1,0,0,-1.3000000000000007,1,9,2023,2023,autumn,0,0,0,1,63,0.16578947368421051,1.2,1.2,2.0,-0.8,1.0,1.0,1.4,-0.4,1.2,1.0,0.19999999999999996,0.18236842105263157
2023-09-30,Newcastle United,Burnley,2,0,12.3,10.8,86,3.0,15.8,55,0,0,0,0,0,0,2,2,win,1,0,0,0,1,0,0,-1.5,1,9,2023,2023,autumn,0,0,0,1,64,0.16842105263157894,1.2,2.2,1.2,1.0,0.2,0.8,2.6,-1.8,1.5,0.38,1.12,0.1583157894736842
2023-09-30,Tottenham Hotspur,Liverpool,2,1,14.5,13.2,80,0.0,18.2,3,0,0,0,0,0,0,3,1,win,0,0,0,0,0,0,0,-1.3000000000000007,1,9,2023,2023,autumn,0,0,0,1,65,0.17105263157894737,2.6,2.6,1.0,1.6,3.0,2.8,0.8,2.0,2.5999999999999996,2.9399999999999995,-0.33999999999999986,0.47381578947368413
2023-09-30,West Ham United,Sheffield United,2,0,14.7,13.4,79,0.0,18.5,3,0,0,0,0,0,0,2,2,win,0,0,0,0,0,0,0,-1.299999999999999,1,9,2023,2023,autumn,0,0,0,1,66,0.1736842105263158,1.8,2.0,1.8,0.2,0.2,1.0,3.2,-2.2,1.8599999999999999,0.43999999999999995,1.42,0.19973684210526316
2023-09-30,Wolverhampton Wanderers,Manchester City,2,1,12.6,11.1,91,6.9,25.0,63,0,0,0,0,0,0,3,1,win,1,0,0,0,1,0,0,-1.5,1,9,2023,2023,autumn,0,0,0,1,67,0.1763157894736842,0.8,1.2,2.2,-1.0,3.0,2.6,0.6,2.0,0.9199999999999999,2.88,-1.96,0.33499999999999996
2023-10-01,Nottingham Forest,Brentford,1,1,17.9,17.4,89,1.5,25.6,53,0,0,0,0,0,0,2,0,draw,1,0,0,0,1,0,0,-0.5,1,10,2023,2023,autumn,0,0,0,1,68,0.17894736842105263,1.4,1.2,1.4,-0.2,1.0,1.4,1.4,0.0,1.3399999999999999,1.1199999999999999,0.21999999999999997,0.22010526315789475
2023-10-02,Fulham,Chelsea,0,2,17.7,18.4,89,4.1,25.9,63,0,0,0,0,0,0,2,-2,loss,1,0,0,0,1,0,0,0.6999999999999993,1,10,2023,2023,autumn,0,0,0,1,69,0.18157894736842106,1.0,0.8,2.0,-1.2,0.8,0.8,1.0,-0.2,0.94,0.7999999999999999,0.14,0.1579736842105263
2023-10-03,Luton Town,Burnley,1,2,13.3,10.3,78,1.3,26.7,55,0,0,0,0,0,0,3,-1,loss,1,0,0,0,0,0,0,-3.0,1,10,2023,2023,autumn,0,0,0,1,70,0.18421052631578946,0.8,0.8,1.6,-0.8,0.2,0.8,2.4,-1.6,0.7999999999999999,0.38,0.41999999999999993,0.10868421052631577
2023-10-07,Burnley,Chelsea,1,4,15.8,14.4,89,2.0,26.2,53,0,0,0,0,0,0,5,-3,loss,1,0,0,0,1,0,0,-1.4000000000000004,1,10,2023,2023,autumn,0,0,0,1,71,0.1868421052631579,0.8,1.0,2.0,-1.0,1.4,1.0,0.4,0.6,0.8599999999999999,1.2799999999999998,-0.41999999999999993,0.19992105263157892
2023-10-07,Crystal Palace,Nottingham Forest,0,0,17.6,16.2,77,0.0,19.7,3,0,0,0,0,0,0,0,0,draw,0,0,0,0,0,0,0,-1.4000000000000021,1,10,2023,2023,autumn,0,0,0,1,72,0.18947368421052632,1.6,1.2,1.2,0.0,1.0,1.0,1.4,-0.4,1.48,1.0,0.48,0.23494736842105263
2023-10-07,Everton,Bournemouth,3,0,16.8,16.7,84,0.0,24.1,3,0,0,0,0,0,0,3,3,win,0,0,0,0,0,0,0,-0.10000000000000142,1,10,2023,2023,autumn,0,0,0,1,73,0.19210526315789472,0.8,1.2,1.4,-0.2,0.4,0.6,2.2,-1.6,0.9199999999999999,0.45999999999999996,0.45999999999999996,0.13255263157894734
2023-10-07,Fulham,Sheffield United,3,1,17.6,16.2,78,0.0,21.9,3,0,0,0,0,0,0,4,2,win,0,0,0,0,0,0,0,-1.4000000000000021,1,10,2023,2023,autumn,0,0,0,1,74,0.19473684210526315,1.0,0.8,1.8,-1.0,0.2,0.8,3.2,-2.4,0.94,0.38,0.5599999999999999,0.12852631578947366
2023-10-07,Luton Town,Tottenham Hotspur,0,1,17.2,15.2,75,0.1,22.1,51,0,0,0,0,0,0,1,-1,loss,1,0,0,0,0,0,0,-2.0,1,10,2023,2023,autumn,0,0,0,1,75,0.19736842105263158,0.8,1.0,1.4,-0.4,2.6,2.6,1.2,1.4,0.8599999999999999,2.5999999999999996,-1.7399999999999998,0.3414473684210526
2023-10-07,Manchester United,Brentford,2,1,16.8,16.8,84,0.2,14.9,51,0,0,0,0,0,0,3,1,win,1,0,0,0,0,0,0,0.0,1,10,2023,2023,autumn,0,0,0,1,76,0.2,1.2,1.2,1.8,-0.6,0.6,1.0,1.6,-0.6,1.2,0.72,0.48,0.192
2023-10-08,Arsenal,Manchester City,1,0,16.6,16.1,79,0.0,12.1,3,0,0,0,0,0,0,1,1,win,0,0,0,0,0,0,0,-0.5,1,10,2023,2023,autumn,0,0,0,1,77,0.2026315789473684,2.2,2.4,1.0,1.4,2.4,2.6,1.0,1.6,2.26,2.46,-0.20000000000000018,0.4782105263157894
2023-10-08,Brighton,Liverpool,2,2,15.9,15.5,81,0.0,10.1,3,0,0,0,0,0,0,4,0,draw,0,0,0,0,0,0,0,-0.40000000000000036,1,10,2023,2023,autumn,0,0,0,1,78,0.20526315789473684,1.8,2.2,2.4,-0.2,2.4,2.4,1.0,1.4,1.92,2.4,-0.48,0.44336842105263163
2023-10-08,West Ham United,Newcastle United,2,2,16.8,16.3,78,0.0,12.6,3,0,0,0,0,0,0,4,0,draw,0,0,0,0,0,0,0,-0.5,1,10,2023,2023,autumn,0,0,0,1,79,0.20789473684210527,1.8,1.8,1.6,0.2,1.8,2.6,1.0,1.6,1.8,2.04,-0.24,0.3991578947368421
2023-10-08,Wolverhampton Wanderers,Aston Villa,1,1,15.3,14.5,78,0.0,12.6,3,0,0,0,0,0,0,2,0,draw,0,0,0,0,0,0,0,-0.8000000000000007,1,10,2023,2023,autumn,0,0,0,1,80,0.21052631578947367,1.4,1.4,1.6,-0.2,2.4,2.6,1.2,1.4,1.4,2.46,-1.06,0.4063157894736842
2023-10-21,Bournemouth,Wolverhampton Wanderers,1,2,12.6,10.7,86,3.2,23.7,61,0,0,0,0,0,0,3,-1,loss,1,0,0,0,1,0,0,-1.9000000000000004,1,10,2023,2023,autumn,0,0,0,1,81,0.2131578947368421,0.4,0.6,2.4,-1.8,1.0,1.4,1.8,-0.4,0.45999999999999996,1.1199999999999999,-0.6599999999999999,0.16839473684210524
2023-10-21,Brentford,Burnley,3,0,12.5,11.0,89,4.5,19.5,61,0,0,0,0,0,0,3,3,win,1,0,0,0,1,0,0,-1.5,1,10,2023,2023,autumn,0,0,0,1,82,0.21578947368421053,0.4,1.0,1.8,-0.8,0.8,0.8,1.8,-1.0,0.58,0.7999999999999999,-0.21999999999999997,0.14889473684210525
2023-10-21,Chelsea,Arsenal,2,2,12.7,10.9,88,3.4,21.8,61,0,0,0,0,0,0,4,0,draw,1,0,0,0,1,0,0,-1.799999999999999,1,10,2023,2023,autumn,0,0,0,1,83,0.21842105263157896,1.4,1.2,0.6,0.6,2.6,2.2,0.6,1.6,1.3399999999999999,2.48,-1.1400000000000001,0.4171842105263158
2023-10-21,Liverpool,Everton,2,0,10.0,6.9,80,1.6,24.0,53,0,0,0,0,0,0,2,2,win,1,0,0,0,0,1,0,-3.0999999999999996,1,10,2023,2023,autumn,0,0,0,1,84,0.22105263157894736,2.0,2.4,1.2,1.2,1.4,1.8,1.2,0.6,2.12,1.52,0.6000000000000001,0.40231578947368424
2023-10-21,Manchester City,Brighton,2,1,9.4,7.0,86,3.7,27.6,55,0,0,0,0,0,0,3,1,win,1,1,0,0,1,1,0,-2.4000000000000004,1,10,2023,2023,autumn,0,0,0,1,85,0.2236842105263158,1.8,2.2,1.0,1.2,2.0,2.4,2.2,0.2,1.92,2.12,-0.20000000000000018,0.4518421052631579
2023-10-21,Newcastle United,Crystal Palace,4,0,8.7,5.0,84,2.8,30.9,53,0,0,0,0,0,0,4,4,win,1,1,0,1,0,1,0,-3.6999999999999993,1,10,2023,2023,autumn,0,0,0,1,86,0.22631578947368422,2.0,2.8,1.0,1.8,1.6,1.0,1.0,0.0,2.2399999999999998,1.42,0.8199999999999998,0.4141578947368421
2023-10-21,Nottingham Forest,Luton Town,2,2,9.4,7.4,90,2.6,13.4,51,0,0,0,0,0,0,4,0,draw,1,1,0,0,1,1,0,-2.0,1,10,2023,2023,autumn,0,0,0,1,87,0.22894736842105262,1.2,0.6,0.8,-0.2,0.8,0.8,1.2,-0.4,1.02,0.7999999999999999,0.22000000000000008,0.20834210526315786
2023-10-21,Sheffield United,Manchester United,1,2,9.3,7.1,88,4.8,20.2,53,0,0,0,0,0,0,3,-1,loss,1,1,0,0,1,1,0,-2.200000000000001,1,10,2023,2023,autumn,0,0,0,1,88,0.23157894736842105,0.2,0.8,3.4,-2.6,1.2,1.0,1.6,-0.6,0.38,1.14,-0.7599999999999999,0.176
2023-10-22,Aston Villa,West Ham United,4,1,8.6,6.1,87,0.2,14.5,51,0,0,0,0,0,0,5,3,win,1,1,0,0,1,1,0,-2.5,1,10,2023,2023,autumn,0,0,0,1,89,0.23421052631578948,2.0,2.2,1.2,1.0,1.4,1.6,1.8,-0.2,2.06,1.46,0.6000000000000001,0.41221052631578947
2023-10-23,Tottenham Hotspur,Fulham,2,0,10.8,8.9,89,1.3,15.5,51,0,0,0,0,0,0,2,2,win,1,0,0,0,1,1,0,-1.9000000000000004,1,10,2023,2023,autumn,0,0,0,1,90,0.23684210526315788,2.6,2.4,1.2,1.2,1.4,1.0,1.6,-0.6,2.54,1.2799999999999998,1.2600000000000002,0.45236842105263153
2023-10-27,Crystal Palace,Tottenham Hotspur,1,2,10.3,8.3,89,3.2,17.3,61,0,0,0,0,0,0,3,-1,loss,1,0,0,0,1,1,0,-2.0,1,10,2023,2023,autumn,0,0,0,1,91,0.2394736842105263,1.0,0.4,1.4,-1.0,2.6,1.8,0.8,1.0,0.82,2.36,-1.54,0.3807631578947368
2023-10-28,Arsenal,Sheffield United,5,0,11.6,9.0,86,8.1,25.6,63,0,0,0,0,0,0,5,5,win,1,0,0,0,1,1,0,-2.5999999999999996,1,10,2023,2023,autumn,0,0,0,1,92,0.24210526315789474,2.2,2.0,0.8,1.2,0.0,0.6,3.4,-2.8,2.14,0.18,1.9600000000000002,0.28084210526315795
2023-10-28,Bournemouth,Burnley,2,1,12.8,9.4,83,9.5,28.8,63,0,0,0,0,0,0,3,1,win,1,0,0,0,0,1,0,-3.4000000000000004,1,10,2023,2023,autumn,0,0,0,1,93,0.24473684210526317,0.2,0.4,2.4,-2.0,0.6,0.6,2.2,-1.6,0.26,0.6,-0.33999999999999997,0.10523684210526316
2023-10-28,Chelsea,Brentford,0,2,11.8,9.3,86,10.6,26.1,63,1,0,0,0,0,1,2,-2,loss,1,0,0,0,1,1,0,-2.5,1,10,2023,2023,autumn,0,0,0,1,94,0.24736842105263157,1.6,1.6,0.8,0.8,0.8,1.2,1.4,-0.2,1.5999999999999999,0.9199999999999999,0.6799999999999999,0.31168421052631573
2023-10-28,Wolverhampton Wanderers,Newcastle United,2,2,9.8,7.2,90,14.6,19.2,65,1,0,0,0,0,1,4,0,draw,1,1,0,0,1,1,0,-2.6000000000000005,1,10,2023,2023,autumn,0,0,0,1,95,0.25,1.6,1.4,1.4,0.0,2.6,3.4,0.4,3.0,1.5399999999999998,2.84,-1.3,0.5475
2023-10-29,Aston Villa,Luton Town,3,1,9.6,6.5,87,0.2,21.1,51,0,0,0,0,0,0,4,2,win,1,1,0,0,1,1,0,-3.0999999999999996,1,10,2023,2023,autumn,0,0,0,1,96,0.25263157894736843,2.6,3.0,0.8,2.2,1.0,1.2,1.4,-0.2,2.7199999999999998,1.06,1.6599999999999997,0.47747368421052633
2023-10-29,Brighton,Fulham,1,1,11.8,7.1,81,12.0,34.4,61,1,0,0,0,0,1,2,0,draw,1,0,0,1,0,1,0,-4.700000000000001,1,10,2023,2023,autumn,0,0,0,1,97,0.25526315789473686,1.4,2.0,2.4,-0.4,1.4,0.8,1.0,-0.2,1.5799999999999998,1.2199999999999998,0.3600000000000001,0.35736842105263156
2023-10-29,Liverpool,Nottingham Forest,3,0,10.1,7.6,86,1.0,19.6,51,0,0,0,0,0,0,3,3,win,1,0,0,0,1,1,0,-2.5,1,10,2023,2023,autumn,0,0,0,1,98,0.2578947368421053,2.0,2.2,1.2,1.0,0.8,0.8,1.2,-0.4,2.06,0.7999999999999999,1.2600000000000002,0.36878947368421056
2023-10-29,Manchester United,Manchester City,0,3,10.3,8.3,86,2.3,16.6,61,0,0,0,0,0,0,3,-3,loss,1,0,0,0,1,1,0,-2.0,1,10,2023,2023,autumn,0,0,0,1,99,0.26052631578947366,1.8,1.2,1.2,0.0,1.8,1.6,1.0,0.6,1.62,1.74,-0.11999999999999988,0.4376842105263158
2023-10-29,West Ham United,Everton,0,1,10.7,7.7,86,6.1,25.3,63,0,0,0,0,0,0,1,-1,loss,1,0,0,0,1,1,0,-2.999999999999999,1,10,2023,2023,autumn,0,0,0,1,100,0.2631578947368421,0.8,1.4,2.4,-1.0,1.2,1.4,1.2,0.2,0.98,1.26,-0.28,0.2947368421052632
2023-11-04,Brentford,West Ham United,3,2,8.6,5.7,89,8.4,24.8,61,0,0,0,0,0,0,5,1,win,1,1,0,0,1,1,0,-2.8999999999999995,1,11,2023,2023,autumn,0,0,0,1,101,0.2657894736842105,1.4,1.6,1.2,0.4,0.8,1.2,2.0,-0.8,1.46,0.9199999999999999,0.54,0.3162894736842105
2023-11-04,Burnley,Crystal Palace,0,2,7.1,3.8,93,6.0,23.5,61,0,0,0,0,0,0,2,-2,loss,1,1,0,0,1,1,0,-3.3,1,11,2023,2023,autumn,0,0,0,1,102,0.26842105263157895,0.6,0.8,2.4,-1.6,1.0,0.4,1.2,-0.8,0.6599999999999999,0.82,-0.16000000000000003,0.1986315789473684
2023-11-04,Everton,Brighton,1,1,7.4,4.0,90,5.2,20.7,53,0,0,0,0,0,0,2,0,draw,1,1,0,0,1,1,0,-3.4000000000000004,1,11,2023,2023,autumn,0,0,0,1,103,0.2710526315789474,1.8,1.6,1.0,0.6,1.0,1.6,2.4,-0.8,1.74,1.18,0.56,0.39573684210526316
2023-11-04,Fulham,Manchester United,0,1,8.6,5.5,88,5.5,26.5,61,0,0,0,0,0,0,1,-1,loss,1,1,0,0,1,1,0,-3.0999999999999996,1,11,2023,2023,autumn,0,0,0,1,104,0.2736842105263158,1.0,0.8,1.2,-0.4,1.8,1.0,1.2,-0.2,0.94,1.56,-0.6200000000000001,0.34210526315789475
2023-11-04,Manchester City,Bournemouth,6,1,7.7,4.4,88,2.1,21.8,51,0,0,0,0,0,0,7,5,win,1,1,0,0,1,1,0,-3.3,1,11,2023,2023,autumn,0,0,0,1,105,0.27631578947368424,1.8,1.6,0.8,0.8,0.6,0.8,2.6,-1.8,1.74,0.6599999999999999,1.08,0.3315789473684211
2023-11-04,Newcastle United,Arsenal,1,0,6.6,4.2,92,2.9,15.3,53,0,0,0,0,0,0,1,1,win,1,1,0,0,1,1,0,-2.3999999999999995,1,11,2023,2023,autumn,0,0,0,1,106,0.2789473684210526,2.2,3.6,0.8,2.8,2.2,2.8,0.8,2.0,2.62,2.38,0.2400000000000002,0.6973684210526315
2023-11-04,Sheffield United,Wolverhampton Wanderers,2,1,7.0,3.8,93,8.0,21.0,61,0,0,0,0,0,0,3,1,win,1,1,0,0,1,1,0,-3.2,1,11,2023,2023,autumn,0,0,0,1,107,0.28157894736842104,0.0,0.4,4.0,-3.6,1.8,1.6,1.2,0.4,0.12,1.74,-1.62,0.26186842105263153
2023-11-05,Luton Town,Liverpool,1,1,8.0,4.1,86,0.0,28.9,3,0,0,0,0,0,0,2,0,draw,0,1,0,0,1,1,0,-3.9000000000000004,1,11,2023,2023,autumn,0,0,0,1,108,0.28421052631578947,0.8,1.2,1.8,-0.6,2.0,2.2,1.0,1.2,0.9199999999999999,2.06,-1.1400000000000001,0.4234736842105263
2023-11-05,Nottingham Forest,Aston Villa,2,0,8.3,4.6,85,0.9,24.9,53,0,0,0,0,0,0,2,2,win,1,1,0,0,1,1,0,-3.700000000000001,1,11,2023,2023,autumn,0,0,0,1,109,0.2868421052631579,0.6,0.6,1.6,-1.0,2.6,3.0,0.8,2.2,0.6,2.7199999999999998,-2.1199999999999997,0.4761578947368421
2023-11-06,Tottenham Hotspur,Chelsea,1,4,8.6,5.1,84,0.0,24.2,3,0,0,0,0,0,0,5,-3,loss,0,1,0,0,0,1,0,-3.5,1,11,2023,2023,autumn,0,0,0,1,110,0.2894736842105263,2.6,1.8,0.8,1.0,1.4,1.6,1.2,0.4,2.36,1.46,0.8999999999999999,0.5528947368421052
2023-11-11,Arsenal,Burnley,3,1,5.3,2.4,89,0.0,14.3,3,0,0,0,0,0,0,4,2,win,0,1,0,0,1,1,0,-2.9,1,11,2023,2023,autumn,0,0,0,1,111,0.29210526315789476,2.0,2.4,0.6,1.8,0.6,0.8,2.4,-1.6,2.12,0.6599999999999999,1.4600000000000002,0.40602631578947374
2023-11-11,Bournemouth,Newcastle United,2,0,8.4,5.7,81,0.0,21.3,3,0,0,0,0,0,0,2,2,win,0,1,0,0,0,1,0,-2.7,1,11,2023,2023,autumn,0,0,0,1,112,0.29473684210526313,0.6,0.8,3.2,-2.4,2.2,2.2,0.8,1.4,0.6599999999999999,2.2,-1.5400000000000003,0.42147368421052633
2023-11-11,Crystal Palace,Everton,2,3,5.3,2.4,89,0.0,14.3,3,0,0,0,0,0,0,5,-1,loss,0,1,0,0,1,1,0,-2.9,1,11,2023,2023,autumn,0,0,0,1,113,0.29736842105263156,1.4,0.8,1.2,-0.4,1.4,1.2,1.0,0.2,1.2199999999999998,1.3399999999999999,-0.1200000000000001,0.3806315789473683
2023-11-11,Manchester United,Luton Town,1,0,4.5,1.8,89,0.0,11.4,3,0,0,0,0,0,0,1,1,win,0,1,0,0,1,1,0,-2.7,1,11,2023,2023,autumn,0,0,0,1,114,0.3,1.8,1.0,1.2,-0.2,0.4,1.0,1.8,-0.8,1.56,0.58,0.9800000000000001,0.321
2023-11-11,Wolverhampton Wanderers,Tottenham Hotspur,2,1,5.2,2.3,89,0.0,12.8,3,0,0,0,0,0,0,3,1,win,0,1,0,0,1,1,0,-2.9000000000000004,1,11,2023,2023,autumn,0,0,0,1,115,0.3026315789473684,1.6,1.6,1.4,0.2,2.4,1.6,1.2,0.4,1.5999999999999999,2.16,-0.5600000000000003,0.5689473684210526
2023-11-12,Aston Villa,Fulham,3,1,5.4,2.2,96,1.9,18.0,53,0,0,0,0,0,0,4,2,win,1,1,0,0,1,1,0,-3.2,1,11,2023,2023,autumn,0,0,0,1,116,0.30526315789473685,2.0,2.8,1.2,1.6,0.8,0.8,1.4,-0.6,2.2399999999999998,0.7999999999999999,1.44,0.46399999999999997
2023-11-12,Brighton,Sheffield United,1,1,9.8,6.9,84,5.6,21.6,61,0,0,0,0,0,0,2,0,draw,1,1,0,0,0,1,0,-2.9000000000000004,1,11,2023,2023,autumn,0,0,0,1,117,0.3078947368421053,0.6,1.2,2.4,-1.2,0.6,0.8,2.6,-1.8,0.78,0.6599999999999999,0.1200000000000001,0.2216842105263158
2023-11-12,Chelsea,Manchester City,4,4,7.0,4.6,93,2.0,12.4,53,0,0,0,0,0,0,8,0,draw,1,1,0,0,1,1,0,-2.4000000000000004,1,11,2023,2023,autumn,0,0,0,1,118,0.3105263157894737,2.0,2.4,1.2,1.2,1.8,2.4,1.0,1.4,2.12,1.98,0.14000000000000012,0.636578947368421
2023-11-12,Liverpool,Brentford,3,0,5.8,1.9,93,6.5,27.7,61,0,0,0,0,0,0,3,3,win,1,1,0,0,1,1,0,-3.9,1,11,2023,2023,autumn,0,0,0,1,119,0.3131578947368421,1.6,1.8,1.0,0.8,2.0,2.0,1.0,1.0,1.66,2.0,-0.3400000000000001,0.573078947368421
2023-11-12,West Ham United,Nottingham Forest,3,2,7.0,4.6,93,2.7,12.3,53,0,0,0,0,0,0,5,1,win,1,1,0,0,1,1,0,-2.4000000000000004,1,11,2023,2023,autumn,0,0,0,1,120,0.3157894736842105,0.8,1.4,2.0,-0.6,1.2,1.0,1.2,-0.2,0.98,1.14,-0.15999999999999992,0.33473684210526317
2023-11-25,Brentford,Arsenal,0,1,1.6,-2.2,82,0.0,14.3,3,0,0,1,0,0,1,1,-1,loss,0,1,0,0,0,1,0,-3.8000000000000003,1,11,2023,2023,autumn,0,0,0,1,121,0.31842105263157894,1.8,1.8,1.4,0.4,2.0,2.2,0.8,1.4,1.8,2.06,-0.26,0.6145526315789474
2023-11-25,Burnley,West Ham United,1,2,0.3,-2.8,82,0.0,7.1,3,0,0,1,0,0,1,3,-1,loss,0,1,0,0,0,1,0,-3.0999999999999996,1,11,2023,2023,autumn,0,0,0,1,122,0.32105263157894737,0.0,0.6,2.8,-2.2,0.8,1.6,2.4,-0.8,0.18,1.04,-0.8600000000000001,0.1958421052631579
2023-11-25,Luton Town,Crystal Palace,2,1,0.7,-3.4,85,0.0,15.5,3,0,0,1,0,0,1,3,1,win,0,1,0,0,1,1,0,-4.1,1,11,2023,2023,autumn,0,0,0,1,123,0.3236842105263158,0.4,0.8,1.6,-0.8,0.8,1.0,1.8,-0.8,0.52,0.8599999999999999,-0.33999999999999986,0.22334210526315787
2023-11-25,Manchester City,Liverpool,1,1,0.3,-2.7,85,0.0,6.3,3,0,0,1,0,0,1,2,0,draw,0,1,0,0,1,1,0,-3.0,1,11,2023,2023,autumn,0,0,0,1,124,0.3263157894736842,2.0,3.0,1.4,1.6,2.2,2.2,0.6,1.6,2.3,2.2,0.09999999999999964,0.7342105263157895
2023-11-25,Newcastle United,Chelsea,4,1,2.0,-2.1,82,0.0,17.4,3,0,0,1,0,0,1,5,3,win,0,1,0,0,0,1,0,-4.1,1,11,2023,2023,autumn,0,0,0,1,125,0.32894736842105265,1.6,1.8,1.2,0.6,1.6,2.8,2.0,0.8,1.66,1.96,-0.30000000000000004,0.5953947368421053
2023-11-25,Nottingham Forest,Brighton,2,3,1.5,-2.3,80,0.0,15.6,3,0,0,1,0,0,1,5,-1,loss,0,1,0,0,0,1,0,-3.8,1,11,2023,2023,autumn,0,0,0,1,126,0.33157894736842103,1.0,1.2,1.6,-0.4,0.8,1.2,1.4,-0.2,1.06,0.9199999999999999,0.14000000000000012,0.3282631578947368
2023-11-25,Sheffield United,Bournemouth,1,3,1.9,-2.2,77,0.0,15.5,3,0,0,1,0,0,1,4,-2,loss,0,1,0,0,0,1,0,-4.1,1,11,2023,2023,autumn,0,0,0,1,127,0.33421052631578946,0.8,1.0,2.4,-1.4,1.2,1.2,2.4,-1.2,0.8599999999999999,1.2,-0.3400000000000001,0.34423684210526306
2023-11-26,Everton,Manchester United,0,3,3.6,-0.0,88,1.4,15.0,53,0,0,1,0,0,1,3,-3,loss,1,1,0,0,1,1,0,-3.6,1,11,2023,2023,autumn,0,0,0,1,128,0.3368421052631579,2.0,1.6,1.0,0.6,2.4,1.2,1.0,0.2,1.88,2.04,-0.16000000000000014,0.6602105263157895
2023-11-26,Tottenham Hotspur,Aston Villa,1,2,3.4,0.6,92,7.8,14.4,63,0,0,0,0,0,0,3,-1,loss,1,1,0,0,1,1,0,-2.8,1,11,2023,2023,autumn,0,0,0,1,129,0.3394736842105263,1.8,1.4,1.4,0.0,2.0,2.2,1.2,1.0,1.68,2.06,-0.3800000000000001,0.6348157894736842
2023-11-27,Fulham,Wolverhampton Wanderers,3,2,7.7,4.1,91,5.1,22.4,61,0,0,0,0,0,0,5,1,win,1,1,0,0,1,1,0,-3.6000000000000005,1,11,2023,2023,autumn,0,0,0,1,130,0.34210526315789475,0.8,1.0,1.6,-0.6,1.6,1.6,1.4,0.2,0.8599999999999999,1.5999999999999999,-0.74,0.42078947368421055
2023-12-02,Arsenal,Wolverhampton Wanderers,2,1,-2.3,-6.0,95,0.0,10.9,3,0,0,1,0,0,1,3,1,win,0,1,0,0,1,1,0,-3.7,1,12,2023,2023,winter,1,0,0,0,131,0.3447368421052632,2.0,2.2,0.8,1.4,1.4,1.8,1.8,0.0,2.06,1.52,0.54,0.6170789473684211
2023-12-02,Brentford,Luton Town,3,1,-2.3,-5.8,94,0.0,12.9,3,0,0,1,0,0,1,4,2,win,0,1,0,0,1,1,0,-3.5,1,12,2023,2023,winter,1,0,0,0,132,0.3473684210526316,1.8,1.6,1.2,0.4,1.0,1.2,1.6,-0.4,1.74,1.06,0.6799999999999999,0.4863157894736842
2023-12-02,Burnley,Sheffield United,5,0,-1.5,-5.7,91,3.9,20.6,75,0,0,1,0,1,1,5,5,win,1,1,0,0,1,1,0,-4.2,1,12,2023,2023,winter,1,0,0,0,133,0.35,0.0,0.6,2.4,-1.8,0.8,1.0,2.4,-1.4,0.18,0.8599999999999999,-0.6799999999999999,0.18199999999999997
2023-12-02,Newcastle United,Manchester United,1,0,-2.7,-6.6,91,0.7,11.3,73,0,0,1,0,0,1,1,1,win,1,1,0,0,1,1,0,-3.8999999999999995,1,12,2023,2023,winter,1,0,0,0,134,0.3526315789473684,2.0,2.2,1.0,1.2,2.4,1.4,0.8,0.6,2.06,2.1,-0.040000000000000036,0.7334736842105263
2023-12-02,Nottingham Forest,Everton,0,1,-2.6,-6.5,94,0.0,13.2,3,0,0,1,0,0,1,1,-1,loss,0,1,0,0,1,1,0,-3.9,1,12,2023,2023,winter,1,0,0,0,135,0.35526315789473684,0.8,1.6,2.2,-0.6,1.4,1.0,1.6,-0.6,1.04,1.2799999999999998,-0.23999999999999977,0.4121052631578947
2023-12-03,Bournemouth,Aston Villa,2,2,7.9,3.6,87,19.8,38.5,71,1,0,0,0,0,1,4,0,draw,1,1,0,1,1,1,0,-4.300000000000001,1,12,2023,2023,winter,1,0,0,0,136,0.35789473684210527,1.8,1.8,2.0,-0.2,2.4,2.4,1.2,1.2,1.8,2.4,-0.5999999999999999,0.7515789473684211
2023-12-03,Chelsea,Brighton,3,2,4.6,1.2,90,7.0,21.1,73,0,0,0,0,0,0,5,1,win,1,1,0,0,1,1,0,-3.3999999999999995,1,12,2023,2023,winter,1,0,0,0,137,0.3605263157894737,1.0,2.2,2.6,-0.4,1.2,1.4,1.4,0.0,1.3599999999999999,1.26,0.09999999999999987,0.47228947368421054
2023-12-03,Liverpool,Fulham,4,3,0.9,-3.1,93,4.0,16.5,71,0,0,1,0,0,1,7,1,win,1,1,0,0,1,1,0,-4.0,1,12,2023,2023,winter,1,0,0,0,138,0.3631578947368421,2.2,2.0,0.4,1.6,0.8,1.0,1.8,-0.8,2.14,0.8599999999999999,1.2800000000000002,0.5447368421052632
2023-12-03,Manchester City,Tottenham Hotspur,3,3,1.7,-1.6,90,4.9,19.3,73,0,0,1,0,0,1,6,0,draw,1,1,0,0,1,1,0,-3.3,1,12,2023,2023,winter,1,0,0,0,139,0.36578947368421055,2.2,3.2,1.4,1.8,1.2,1.4,1.8,-0.4,2.5,1.26,1.24,0.6876842105263158
2023-12-03,West Ham United,Crystal Palace,1,1,4.3,0.9,90,6.0,20.1,73,0,0,0,0,0,0,2,0,draw,1,1,0,0,1,1,0,-3.4,1,12,2023,2023,winter,1,0,0,0,140,0.3684210526315789,1.2,1.6,2.2,-0.6,0.6,1.2,2.2,-1.0,1.3199999999999998,0.78,0.5399999999999998,0.3868421052631578
2023-12-05,Luton Town,Arsenal,3,4,4.2,0.7,97,6.6,17.3,53,0,0,0,0,0,0,7,-1,loss,1,1,0,0,1,1,0,-3.5,1,12,2023,2023,winter,1,0,0,0,141,0.37105263157894736,0.8,1.0,1.8,-0.8,2.4,2.2,0.6,1.6,0.8599999999999999,2.34,-1.48,0.5936842105263157
2023-12-05,Wolverhampton Wanderers,Burnley,1,0,3.0,-0.3,94,5.5,15.6,53,0,0,1,0,0,1,1,1,win,1,1,0,0,1,1,0,-3.3,1,12,2023,2023,winter,1,0,0,0,142,0.3736842105263158,0.8,1.6,2.0,-0.4,0.6,1.6,1.8,-0.2,1.04,0.8999999999999999,0.14000000000000012,0.3624736842105263
2023-12-06,Aston Villa,Manchester City,1,0,0.8,-3.0,94,0.5,20.9,51,0,0,1,0,0,1,1,1,win,1,1,0,0,1,1,0,-3.8,1,12,2023,2023,winter,1,0,0,0,143,0.3763157894736842,2.0,2.0,1.4,0.6,1.8,3.4,1.8,1.6,2.0,2.2800000000000002,-0.28000000000000025,0.8053157894736843
2023-12-06,Brighton,Brentford,2,1,4.3,1.2,90,0.0,23.1,3,0,0,0,0,0,0,3,1,win,0,1,0,0,1,1,0,-3.0999999999999996,1,12,2023,2023,winter,1,0,0,0,144,0.37894736842105264,1.2,1.6,1.6,0.0,1.8,1.6,1.4,0.2,1.3199999999999998,1.74,-0.42000000000000015,0.5797894736842105
2023-12-06,Crystal Palace,Bournemouth,0,2,2.8,0.0,95,0.0,14.6,3,0,0,1,0,0,1,2,-2,loss,0,1,0,0,1,1,0,-2.8,1,12,2023,2023,winter,1,0,0,0,145,0.3815789473684211,0.8,1.4,1.6,-0.2,2.0,2.0,2.0,0.0,0.98,2.0,-1.02,0.5685526315789474
2023-12-06,Fulham,Nottingham Forest,5,0,2.5,-0.3,95,0.0,12.7,3,0,0,1,0,0,1,5,5,win,0,1,0,0,1,1,0,-2.8,1,12,2023,2023,winter,1,0,0,0,146,0.38421052631578945,0.8,1.6,2.2,-0.6,0.6,1.2,2.0,-0.8,1.04,0.78,0.26,0.3496315789473684
2023-12-06,Manchester United,Chelsea,2,1,0.9,-3.0,84,0.1,21.9,51,0,0,1,0,0,1,3,1,win,1,1,0,0,0,1,0,-3.9,1,12,2023,2023,winter,1,0,0,0,147,0.3868421052631579,1.8,1.0,0.8,0.2,1.4,2.4,2.6,-0.2,1.56,1.6999999999999997,-0.13999999999999968,0.6305526315789473
2023-12-06,Sheffield United,Liverpool,0,2,0.4,-3.1,88,0.0,15.8,3,0,0,1,0,0,1,2,-2,loss,0,1,0,0,1,1,0,-3.5,1,12,2023,2023,winter,1,0,0,0,148,0.3894736842105263,0.8,0.8,3.0,-2.2,2.2,2.4,1.0,1.4,0.7999999999999999,2.26,-1.46,0.5958947368421051
2023-12-07,Everton,Newcastle United,3,0,6.2,0.7,91,10.4,34.6,63,1,0,0,0,0,1,3,3,win,1,1,0,1,1,1,0,-5.5,1,12,2023,2023,winter,1,0,0,0,149,0.39210526315789473,2.0,1.2,1.2,0.0,2.0,1.6,1.0,0.6,1.7599999999999998,1.88,-0.1200000000000001,0.7136315789473684
2023-12-07,Tottenham Hotspur,West Ham United,1,2,5.9,1.5,90,6.9,26.7,61,0,0,0,0,0,0,3,-1,loss,1,1,0,0,1,1,0,-4.4,1,12,2023,2023,winter,1,0,0,0,150,0.39473684210526316,0.8,1.6,2.4,-0.8,1.4,1.6,1.6,0.0,1.04,1.46,-0.41999999999999993,0.493421052631579
2023-12-09,Aston Villa,Arsenal,1,0,8.3,3.0,83,11.7,38.5,63,1,0,0,0,0,1,1,1,win,1,1,0,1,0,1,0,-5.300000000000001,1,12,2023,2023,winter,1,0,0,0,151,0.3973684210526316,2.0,1.6,1.2,0.4,2.4,2.0,1.2,0.8,1.88,2.28,-0.3999999999999999,0.8265263157894738
2023-12-09,Brighton,Burnley,1,1,10.3,5.0,86,14.9,40.9,63,1,0,0,0,0,1,2,0,draw,1,0,0,1,1,1,0,-5.300000000000001,1,12,2023,2023,winter,1,0,0,0,152,0.4,1.6,1.8,1.6,0.2,0.6,1.4,1.6,-0.2,1.66,0.84,0.82,0.5
2023-12-09,Crystal Palace,Liverpool,1,2,9.6,5.0,84,9.4,33.2,63,0,0,0,0,0,0,3,-1,loss,1,1,0,1,0,1,0,-4.6,1,12,2023,2023,winter,1,0,0,0,153,0.4026315789473684,0.8,1.2,1.6,-0.4,2.2,2.2,1.0,1.2,0.9199999999999999,2.2,-1.2800000000000002,0.6281052631578947
2023-12-09,Manchester United,Bournemouth,0,3,8.5,3.3,86,14.8,47.7,61,1,0,0,0,0,1,3,-3,loss,1,1,0,1,1,1,0,-5.2,1,12,2023,2023,winter,1,0,0,0,154,0.4052631578947368,2.4,1.4,0.4,1.0,2.0,2.0,1.8,0.2,2.1,2.0,0.10000000000000009,0.8307894736842104
2023-12-09,Sheffield United,Brentford,1,0,7.8,2.3,88,13.8,49.0,63,1,0,0,0,0,1,1,1,win,1,1,0,1,1,1,0,-5.5,1,12,2023,2023,winter,1,0,0,0,155,0.40789473684210525,0.8,0.8,2.4,-1.6,1.2,1.4,1.8,-0.4,0.7999999999999999,1.26,-0.4600000000000001,0.4201315789473684
2023-12-09,Wolverhampton Wanderers,Nottingham Forest,1,1,8.3,3.2,83,7.9,37.2,63,0,0,0,0,0,0,2,0,draw,1,1,0,1,0,1,0,-5.1000000000000005,1,12,2023,2023,winter,1,0,0,0,156,0.4105263157894737,1.2,1.4,1.6,-0.2,0.6,1.2,2.4,-1.2,1.26,0.78,0.48,0.4187368421052632
2023-12-10,Everton,Chelsea,2,0,8.3,3.3,84,11.0,51.0,61,1,1,0,0,0,1,2,2,win,1,1,0,1,0,1,0,-5.000000000000001,1,12,2023,2023,winter,1,0,0,0,157,0.4131578947368421,2.0,1.6,1.2,0.4,1.4,2.6,2.6,0.0,1.88,1.7599999999999998,0.1200000000000001,0.7519473684210526
2023-12-10,Fulham,West Ham United,5,0,9.3,4.5,80,2.1,35.0,61,0,0,0,0,0,0,5,5,win,1,1,0,1,0,1,0,-4.800000000000001,1,12,2023,2023,winter,1,0,0,0,158,0.41578947368421054,1.2,2.4,2.0,0.4,2.0,2.0,1.6,0.4,1.56,2.0,-0.43999999999999995,0.7401052631578948
2023-12-10,Luton Town,Manchester City,1,2,8.0,3.0,83,4.0,41.3,63,0,0,0,0,0,0,3,-1,loss,1,1,0,1,0,1,0,-5.0,1,12,2023,2023,winter,1,0,0,0,159,0.41842105263157897,0.8,1.4,2.0,-0.6,1.2,2.8,2.0,0.8,0.98,1.68,-0.7,0.5565000000000001
2023-12-10,Tottenham Hotspur,Newcastle United,4,1,8.9,4.2,80,2.6,34.7,61,0,0,0,0,0,0,5,3,win,1,1,0,1,0,1,0,-4.7,1,12,2023,2023,winter,1,0,0,0,160,0.42105263157894735,0.2,1.4,2.6,-1.2,1.8,1.2,1.2,0.0,0.5599999999999999,1.62,-1.06,0.45894736842105266
2023-12-15,Nottingham Forest,Tottenham Hotspur,0,2,5.7,2.1,89,0.0,21.2,3,0,0,0,0,0,0,2,-2,loss,0,1,0,0,1,1,0,-3.6,1,12,2023,2023,winter,1,0,0,0,161,0.4236842105263158,0.2,1.0,2.6,-1.6,0.8,2.0,2.0,0.0,0.43999999999999995,1.16,-0.72,0.3389473684210526
2023-12-16,Burnley,Everton,0,2,9.8,5.8,94,0.0,28.9,3,0,0,0,0,0,0,2,-2,loss,0,1,0,0,1,1,0,-4.000000000000001,1,12,2023,2023,winter,1,0,0,0,162,0.4263157894736842,0.8,1.6,1.4,0.2,2.4,1.8,1.0,0.8,1.04,2.2199999999999998,-1.1799999999999997,0.6948947368421052
2023-12-16,Chelsea,Sheffield United,2,0,8.8,5.9,94,0.0,21.2,3,0,0,0,0,0,0,2,2,win,0,1,0,0,1,1,0,-2.9000000000000004,1,12,2023,2023,winter,1,0,0,0,163,0.42894736842105263,0.8,1.8,2.8,-1.0,0.8,0.6,2.2,-1.6,1.1,0.74,0.3600000000000001,0.39463157894736844
2023-12-16,Manchester City,Crystal Palace,2,2,10.3,7.9,89,0.5,17.7,51,0,0,0,0,0,0,4,0,draw,1,0,0,0,1,1,0,-2.4000000000000004,1,12,2023,2023,winter,1,0,0,0,164,0.43157894736842106,1.2,2.0,2.0,0.0,0.2,1.0,2.0,-1.0,1.44,0.43999999999999995,1.0,0.40568421052631576
2023-12-16,Newcastle United,Fulham,3,0,11.4,6.7,80,0.0,32.9,3,0,0,0,0,0,0,3,3,win,0,0,0,1,0,1,0,-4.7,1,12,2023,2023,winter,1,0,0,0,165,0.4342105263157895,1.2,1.2,2.0,-0.8,1.8,3.4,1.8,1.6,1.2,2.2800000000000002,-1.0800000000000003,0.7555263157894738
2023-12-17,Arsenal,Brighton,2,0,8.8,4.8,89,0.0,30.8,3,0,0,0,0,0,0,2,2,win,0,1,0,1,1,1,0,-4.000000000000001,1,12,2023,2023,winter,1,0,0,0,166,0.4368421052631579,2.4,2.0,1.2,0.8,1.6,1.8,1.6,0.2,2.28,1.66,0.6199999999999999,0.860578947368421
2023-12-17,Brentford,Aston Villa,1,2,9.0,5.5,88,0.0,28.8,3,0,0,0,0,0,0,3,-1,loss,0,1,0,0,1,1,0,-3.5,1,12,2023,2023,winter,1,0,0,0,167,0.4394736842105263,0.6,0.8,1.6,-0.8,2.6,1.8,0.8,1.0,0.6599999999999999,2.36,-1.7,0.6636052631578946
2023-12-17,Liverpool,Manchester United,0,0,10.2,7.1,83,2.2,26.2,61,0,0,0,0,0,0,0,0,draw,1,0,0,0,0,1,0,-3.0999999999999996,1,12,2023,2023,winter,1,0,0,0,168,0.4421052631578947,2.6,2.4,1.0,1.4,1.8,1.2,1.0,0.2,2.54,1.62,0.9199999999999999,0.919578947368421
2023-12-17,West Ham United,Wolverhampton Wanderers,3,0,8.9,5.1,88,0.0,28.5,3,0,0,0,0,0,0,3,3,win,0,1,0,0,1,1,0,-3.8000000000000007,1,12,2023,2023,winter,1,0,0,0,169,0.44473684210526315,2.0,1.6,2.0,-0.4,1.4,1.4,1.4,0.0,1.88,1.4,0.48,0.7293684210526316
2023-12-21,Crystal Palace,Brighton,1,1,10.8,6.1,76,0.5,34.2,51,0,0,0,0,0,0,2,0,draw,1,0,0,1,0,1,0,-4.700000000000001,1,12,2023,2023,winter,1,0,0,0,170,0.4473684210526316,0.4,1.0,1.8,-0.8,1.4,1.6,1.8,-0.2,0.58,1.46,-0.88,0.45631578947368423
2023-12-22,Aston Villa,Sheffield United,1,1,8.8,4.1,82,2.3,30.6,53,0,0,0,0,0,0,2,0,draw,1,1,0,1,0,1,0,-4.700000000000001,1,12,2023,2023,winter,1,0,0,0,171,0.45,2.6,1.6,0.8,0.8,0.6,0.4,2.4,-2.0,2.3,0.54,1.7599999999999998,0.639
2023-12-23,Fulham,Burnley,0,2,9.5,5.0,80,0.0,30.3,3,0,0,0,0,0,0,2,-2,loss,0,1,0,1,0,1,0,-4.5,1,12,2023,2023,winter,1,0,0,0,172,0.45263157894736844,1.8,3.2,1.8,1.4,0.8,1.4,1.2,0.2,2.2199999999999998,0.98,1.2399999999999998,0.7242105263157894
2023-12-23,Liverpool,Arsenal,1,1,10.3,4.4,82,3.1,45.7,61,0,0,0,0,0,0,2,0,draw,1,0,0,1,0,1,0,-5.9,1,12,2023,2023,winter,1,0,0,0,173,0.45526315789473687,2.2,1.8,1.0,0.8,2.4,1.8,1.0,0.8,2.08,2.2199999999999998,-0.13999999999999968,0.9788157894736842
2023-12-23,Luton Town,Newcastle United,1,0,8.9,3.7,81,0.0,34.6,3,0,0,0,0,0,0,1,1,win,0,1,0,1,0,1,0,-5.2,1,12,2023,2023,winter,1,0,0,0,174,0.45789473684210524,0.6,1.4,2.2,-0.8,1.8,1.8,1.6,0.2,0.84,1.8,-0.9600000000000001,0.604421052631579
2023-12-23,Nottingham Forest,Bournemouth,2,3,9.7,4.1,79,2.3,38.6,55,0,0,0,0,0,0,5,-1,loss,1,1,0,1,0,1,0,-5.6,1,12,2023,2023,winter,1,0,0,0,175,0.4605263157894737,0.2,0.6,2.4,-1.8,2.6,2.4,0.6,1.8,0.31999999999999995,2.54,-2.22,0.6585526315789473
2023-12-23,Tottenham Hotspur,Everton,2,1,9.4,5.0,79,0.0,29.8,3,0,0,0,0,0,0,3,1,win,0,1,0,0,0,1,0,-4.4,1,12,2023,2023,winter,1,0,0,0,176,0.4631578947368421,1.4,2.2,1.6,0.6,2.4,1.6,0.6,1.0,1.64,2.16,-0.5200000000000002,0.88
2023-12-23,West Ham United,Manchester United,2,0,9.5,5.0,79,0.0,30.4,3,0,0,0,0,0,0,2,2,win,0,1,0,1,0,1,0,-4.5,1,12,2023,2023,winter,1,0,0,0,177,0.46578947368421053,2.0,1.6,1.6,0.0,1.4,1.0,1.0,0.0,1.88,1.2799999999999998,0.6000000000000001,0.7359473684210526
2023-12-24,Wolverhampton Wanderers,Chelsea,2,1,11.5,8.0,90,2.9,28.5,55,0,0,0,0,0,0,3,1,win,1,0,0,0,1,1,0,-3.5,1,12,2023,2023,winter,1,0,0,0,178,0.46842105263157896,0.8,1.0,1.8,-0.8,1.2,1.4,2.0,-0.6,0.8599999999999999,1.26,-0.40000000000000013,0.4965263157894737
2023-12-26,Bournemouth,Fulham,3,0,8.5,5.6,85,3.4,22.8,61,0,0,0,0,0,0,3,3,win,1,1,0,0,1,1,0,-2.9000000000000004,1,12,2023,2023,winter,1,0,0,0,179,0.4710526315789474,2.6,2.6,1.0,1.6,1.2,2.6,1.8,0.8,2.5999999999999996,1.62,0.9799999999999995,0.9939210526315789
2023-12-26,Burnley,Liverpool,0,2,4.9,1.1,91,1.0,33.4,51,0,0,0,0,0,0,2,-2,loss,1,1,0,1,1,1,0,-3.8000000000000003,1,12,2023,2023,winter,1,0,0,0,180,0.47368421052631576,1.4,1.6,0.8,0.8,2.2,1.8,1.0,0.8,1.46,2.08,-0.6200000000000001,0.838421052631579
2023-12-26,Manchester United,Aston Villa,3,2,6.2,2.7,83,0.7,29.6,51,0,0,0,0,0,0,5,1,win,1,1,0,0,0,1,0,-3.5,1,12,2023,2023,winter,1,0,0,0,181,0.4763157894736842,0.8,0.4,1.4,-1.0,2.2,1.4,0.8,0.6,0.6799999999999999,1.96,-1.28,0.628736842105263
2023-12-26,Newcastle United,Nottingham Forest,1,3,3.8,-0.3,85,0.3,35.5,51,0,0,1,0,0,1,4,-2,loss,1,1,0,1,1,1,0,-4.1,1,12,2023,2023,winter,1,0,0,0,182,0.4789473684210526,1.2,1.0,1.6,-0.6,0.2,0.6,2.4,-1.8,1.14,0.31999999999999995,0.82,0.3496315789473684
2023-12-26,Sheffield United,Luton Town,2,3,6.0,1.8,80,0.0,36.4,3,0,0,0,0,0,0,5,-1,loss,0,1,0,1,0,1,0,-4.2,1,12,2023,2023,winter,1,0,0,0,183,0.48157894736842105,0.8,0.4,2.0,-1.6,1.2,1.6,2.0,-0.4,0.6799999999999999,1.3199999999999998,-0.6399999999999999,0.481578947368421
2023-12-27,Brentford,Wolverhampton Wanderers,1,4,10.2,5.7,87,9.0,38.6,61,0,0,0,0,0,0,5,-3,loss,1,0,0,1,1,1,0,-4.499999999999999,1,12,2023,2023,winter,1,0,0,0,184,0.4842105263157895,0.6,1.0,1.4,-0.4,1.4,1.0,1.4,-0.4,0.72,1.2799999999999998,-0.5599999999999998,0.4842105263157894
2023-12-27,Chelsea,Crystal Palace,2,1,10.1,5.5,87,6.3,40.2,61,0,0,0,0,0,0,3,1,win,1,0,0,1,1,1,0,-4.6,1,12,2023,2023,winter,1,0,0,0,185,0.4868421052631579,1.2,1.4,1.6,-0.2,0.6,1.0,1.6,-0.6,1.26,0.72,0.54,0.48197368421052633
2023-12-27,Everton,Manchester City,1,3,8.7,3.1,85,15.9,40.3,63,1,0,0,0,0,1,4,-2,loss,1,1,0,1,1,1,0,-5.6,1,12,2023,2023,winter,1,0,0,0,186,0.48947368421052634,2.4,1.8,0.4,1.4,1.2,1.6,1.6,0.0,2.2199999999999998,1.3199999999999998,0.8999999999999999,0.8663684210526316
2023-12-28,Arsenal,West Ham United,0,2,10.4,4.7,78,0.8,40.0,51,0,0,0,0,0,0,2,-2,loss,1,0,0,1,0,1,0,-5.7,1,12,2023,2023,winter,1,0,0,0,187,0.4921052631578947,2.0,1.8,1.2,0.6,2.0,1.6,1.4,0.2,1.94,1.88,0.06000000000000005,0.9399210526315789
2023-12-28,Brighton,Tottenham Hotspur,4,2,10.7,3.9,83,3.3,49.9,53,0,0,0,0,0,0,6,2,win,1,0,0,1,0,1,0,-6.799999999999999,1,12,2023,2023,winter,1,0,0,0,188,0.49473684210526314,1.0,1.2,1.6,-0.4,2.0,2.4,1.4,1.0,1.06,2.12,-1.06,0.7866315789473685
2023-12-30,Aston Villa,Burnley,3,2,7.1,2.6,89,14.3,36.9,63,1,0,0,0,0,1,5,1,win,1,1,0,1,1,1,0,-4.5,1,12,2023,2023,winter,1,0,0,0,189,0.49736842105263157,2.0,1.4,1.0,0.4,0.8,0.6,1.2,-0.6,1.8199999999999998,0.74,1.0799999999999998,0.6366315789473683
2023-12-30,Crystal Palace,Brentford,3,1,9.1,4.5,85,2.1,38.5,53,0,0,0,0,0,0,4,2,win,1,1,0,1,1,1,0,-4.6,1,12,2023,2023,winter,1,0,0,0,190,0.5,0.4,1.0,1.8,-0.8,0.6,1.2,2.0,-0.8,0.58,0.78,-0.20000000000000007,0.33999999999999997
2023-12-30,Luton Town,Chelsea,2,3,7.8,3.1,89,2.9,39.6,53,0,0,0,0,0,0,5,-1,loss,1,1,0,1,1,1,0,-4.699999999999999,1,12,2023,2023,winter,1,0,0,0,191,0.5026315789473684,1.2,1.8,2.2,-0.4,1.2,1.2,1.4,-0.2,1.38,1.2,0.17999999999999994,0.6483947368421052
2023-12-30,Manchester City,Sheffield United,2,0,6.9,2.8,86,7.1,38.7,55,0,0,0,0,0,0,2,2,win,1,1,0,1,1,1,0,-4.1000000000000005,1,12,2023,2023,winter,1,0,0,0,192,0.5052631578947369,1.6,2.0,1.6,0.4,0.8,0.8,1.6,-0.8,1.7199999999999998,0.7999999999999999,0.9199999999999998,0.6366315789473683
2023-12-30,Nottingham Forest,Manchester United,2,1,7.0,2.4,88,6.3,39.2,61,0,0,0,0,0,0,3,1,win,1,1,0,1,1,1,0,-4.6,1,12,2023,2023,winter,1,0,0,0,193,0.5078947368421053,0.8,1.2,2.4,-1.2,1.4,1.0,1.6,-0.6,0.9199999999999999,1.2799999999999998,-0.3599999999999999,0.5586842105263158
2023-12-30,Wolverhampton Wanderers,Everton,3,0,6.9,2.5,89,8.6,36.7,61,0,0,0,0,0,0,3,3,win,1,1,0,1,1,1,0,-4.4,1,12,2023,2023,winter,1,0,0,0,194,0.5105263157894737,2.0,1.6,1.2,0.4,1.8,1.8,1.0,0.8,1.88,1.8,0.07999999999999985,0.9393684210526315
2023-12-31,Fulham,Arsenal,2,1,8.2,2.8,81,7.6,40.7,61,0,0,0,0,0,0,3,1,win,1,1,0,1,0,1,0,-5.3999999999999995,1,12,2023,2023,winter,1,0,0,0,195,0.5131578947368421,1.2,2.0,1.6,0.4,1.4,1.4,1.4,0.0,1.44,1.4,0.040000000000000036,0.7286842105263158
2023-12-31,Tottenham Hotspur,Bournemouth,3,1,8.0,2.7,83,7.9,35.0,61,0,0,0,0,0,0,4,2,win,1,1,0,1,0,1,0,-5.3,1,12,2023,2023,winter,1,0,0,0,196,0.5157894736842106,1.8,2.2,1.6,0.6,2.6,2.6,0.8,1.8,1.92,2.5999999999999996,-0.6799999999999997,1.1656842105263159
2024-01-01,Liverpool,Newcastle United,4,2,6.8,1.4,83,15.7,38.9,63,1,0,0,0,0,1,6,2,win,1,1,0,1,0,1,0,-5.4,1,1,2024,2023,winter,1,0,0,0,197,0.5184210526315789,2.2,1.4,0.4,1.0,0.6,1.0,2.2,-1.2,1.96,0.72,1.24,0.6946842105263157
2024-01-02,West Ham United,Brighton,0,0,10.9,6.4,87,7.7,52.1,61,0,1,0,0,0,1,0,0,draw,1,0,0,1,1,1,0,-4.5,1,1,2024,2023,winter,1,0,0,0,198,0.5210526315789473,2.4,1.8,1.2,0.6,1.6,1.6,1.4,0.2,2.2199999999999998,1.5999999999999999,0.6199999999999999,0.9952105263157892
2024-01-12,Burnley,Luton Town,1,1,3.1,0.2,92,0.0,15.1,3,0,0,0,0,0,0,2,0,draw,0,1,0,0,1,1,0,-2.9,1,1,2024,2023,winter,1,0,0,0,199,0.5236842105263158,0.8,1.0,1.6,-0.6,1.2,2.0,2.2,-0.2,0.8599999999999999,1.44,-0.5800000000000001,0.6022368421052631
2024-01-13,Chelsea,Fulham,1,0,3.2,0.0,86,0.0,10.7,3,0,0,1,0,0,1,1,1,win,0,1,0,0,1,1,0,-3.2,1,1,2024,2023,winter,1,0,0,0,200,0.5263157894736842,1.8,1.6,1.4,0.2,1.2,1.4,1.8,-0.4,1.74,1.26,0.48,0.7894736842105263
2024-01-13,Newcastle United,Manchester City,2,3,4.0,-0.0,88,0.0,23.5,3,0,0,1,0,0,1,5,-1,loss,0,1,0,0,1,1,0,-4.0,1,1,2024,2023,winter,1,0,0,0,201,0.5289473684210526,0.6,1.4,2.4,-1.0,2.0,1.8,1.0,0.8,0.84,1.94,-1.1,0.7352368421052631
2024-01-14,Everton,Aston Villa,0,0,3.5,-0.3,84,0.1,23.0,51,0,0,1,0,0,1,0,0,draw,1,1,0,0,0,1,0,-3.8,1,1,2024,2023,winter,1,0,0,0,202,0.531578947368421,1.2,1.2,1.6,-0.4,2.0,1.8,1.4,0.4,1.2,1.94,-0.74,0.834578947368421
2024-01-14,Manchester United,Tottenham Hotspur,2,2,1.5,-1.6,90,0.1,12.7,51,0,0,1,0,0,1,4,0,draw,1,1,0,0,1,1,0,-3.1,1,1,2024,2023,winter,1,0,0,0,203,0.5342105263157895,0.8,0.8,1.8,-1.0,2.4,2.6,1.4,1.2,0.7999999999999999,2.46,-1.6600000000000001,0.8707631578947368
2024-01-20,Arsenal,Crystal Palace,5,0,2.4,-3.0,74,0.0,27.2,3,0,0,1,0,0,1,5,5,win,0,1,0,0,0,1,0,-5.4,1,1,2024,2023,winter,1,0,0,0,204,0.5368421052631579,0.8,0.8,1.2,-0.4,1.0,1.6,1.6,0.0,0.7999999999999999,1.18,-0.38,0.5314736842105263
2024-01-20,Brentford,Nottingham Forest,3,2,2.6,-2.6,74,0.0,26.1,3,0,0,1,0,0,1,5,1,win,0,1,0,0,0,1,0,-5.2,1,1,2024,2023,winter,1,0,0,0,205,0.5394736842105263,0.0,0.8,2.4,-1.6,1.4,1.6,1.6,0.0,0.24,1.46,-1.22,0.4585526315789474
2024-01-21,Bournemouth,Liverpool,0,4,10.3,3.6,86,9.6,57.5,63,0,1,0,0,0,1,4,-4,loss,1,0,0,1,1,1,0,-6.700000000000001,1,1,2024,2023,winter,1,0,0,0,206,0.5421052631578948,2.4,2.4,1.0,1.4,2.2,1.8,0.8,1.0,2.4,2.08,0.31999999999999984,1.2143157894736845
2024-01-21,Sheffield United,West Ham United,2,2,8.8,2.0,83,6.4,51.5,55,0,1,0,0,0,1,4,0,draw,1,1,0,1,0,1,0,-6.800000000000001,1,1,2024,2023,winter,1,0,0,0,207,0.5447368421052632,0.8,0.8,1.6,-0.8,2.0,1.4,1.0,0.4,0.7999999999999999,1.8199999999999998,-1.02,0.7136052631578946
2024-01-22,Brighton,Wolverhampton Wanderers,0,0,9.3,2.8,81,7.4,58.9,63,0,1,0,0,0,1,0,0,draw,1,1,0,1,0,1,0,-6.500000000000001,1,1,2024,2023,winter,1,0,0,0,208,0.5473684210526316,1.2,1.2,1.2,0.0,2.0,2.0,1.2,0.8,1.2,2.0,-0.8,0.8757894736842107
2024-01-30,Aston Villa,Newcastle United,1,3,5.5,1.7,87,0.4,22.7,51,0,0,0,0,0,0,4,-2,loss,1,1,0,0,1,1,0,-3.8,1,1,2024,2023,winter,1,0,0,0,209,0.55,1.6,1.6,1.4,0.2,0.6,1.6,2.2,-0.6,1.5999999999999999,0.8999999999999999,0.7,0.6875
2024-01-30,Crystal Palace,Sheffield United,3,2,8.2,4.6,82,0.0,27.7,3,0,0,0,0,0,0,5,1,win,0,1,0,0,0,1,0,-3.5999999999999996,1,1,2024,2023,winter,1,0,0,0,210,0.5526315789473685,1.0,1.4,2.2,-0.8,0.4,1.0,2.0,-1.0,1.1199999999999999,0.58,0.5399999999999999,0.4697368421052631
2024-01-30,Fulham,Everton,0,0,8.3,4.7,82,0.0,27.9,3,0,0,0,0,0,0,0,0,draw,0,1,0,0,0,1,0,-3.6000000000000005,1,1,2024,2023,winter,1,0,0,0,211,0.5552631578947368,0.6,0.4,2.0,-1.6,0.8,0.8,1.6,-0.8,0.54,0.7999999999999999,-0.2599999999999999,0.3720263157894736
2024-01-30,Luton Town,Brighton,4,0,7.1,3.5,85,0.3,29.2,51,0,0,0,0,0,0,4,4,win,1,1,0,0,1,1,0,-3.5999999999999996,1,1,2024,2023,winter,1,0,0,0,212,0.5578947368421052,1.4,1.6,1.6,0.0,1.2,1.0,1.0,0.0,1.46,1.14,0.32000000000000006,0.7252631578947367
2024-01-30,Nottingham Forest,Arsenal,1,2,6.3,2.9,87,0.4,21.3,51,0,0,0,0,0,0,3,-1,loss,1,1,0,0,1,1,0,-3.4,1,1,2024,2023,winter,1,0,0,0,213,0.5605263157894737,1.2,1.8,2.0,-0.2,1.4,1.8,1.0,0.8,1.38,1.52,-0.14000000000000012,0.8127631578947367
2024-01-31,Liverpool,Chelsea,4,1,5.9,1.0,83,3.7,41.5,55,0,0,0,0,0,0,5,3,win,1,1,0,1,0,1,0,-4.9,1,1,2024,2023,winter,1,0,0,0,214,0.5631578947368421,2.2,2.2,0.6,1.6,2.4,1.8,1.0,0.8,2.2,2.2199999999999998,-0.019999999999999574,1.244578947368421
2024-01-31,Manchester City,Burnley,3,1,5.3,0.8,84,5.9,32.2,63,0,0,0,0,0,0,4,2,win,1,1,0,1,0,1,0,-4.5,1,1,2024,2023,winter,1,0,0,0,215,0.5657894736842105,2.6,2.4,1.2,1.2,0.8,1.0,1.6,-0.6,2.54,0.8599999999999999,1.6800000000000002,0.9618421052631578
2024-01-31,Tottenham Hotspur,Brentford,3,2,7.4,3.5,83,0.3,28.5,51,0,0,0,0,0,0,5,1,win,1,1,0,0,0,1,0,-3.9000000000000004,1,1,2024,2023,winter,1,0,0,0,216,0.5684210526315789,2.0,2.2,1.6,0.6,0.6,1.2,2.4,-1.2,2.06,0.78,1.28,0.8071578947368421
2024-02-01,West Ham United,Bournemouth,1,1,6.0,2.8,83,0.0,19.5,3,0,0,0,0,0,0,2,0,draw,0,1,0,0,0,1,0,-3.2,1,2,2024,2023,winter,1,0,0,0,217,0.5710526315789474,2.2,1.8,0.4,1.4,1.8,2.0,1.8,0.2,2.08,1.8599999999999999,0.2200000000000002,1.1249736842105262
2024-02-01,Wolverhampton Wanderers,Manchester United,3,4,4.1,0.7,88,0.0,14.3,3,0,0,0,0,0,0,7,-1,loss,0,1,0,0,1,1,0,-3.3999999999999995,1,2,2024,2023,winter,1,0,0,0,218,0.5736842105263158,2.0,1.8,1.0,0.8,1.0,1.2,1.6,-0.4,1.94,1.06,0.8799999999999999,0.8605263157894737
2024-02-03,Brighton,Crystal Palace,4,1,9.9,6.1,92,0.0,26.0,3,0,0,0,0,0,0,5,3,win,0,1,0,0,1,1,0,-3.8000000000000007,1,2,2024,2023,winter,1,0,0,0,219,0.5763157894736842,1.2,1.0,1.4,-0.4,1.4,1.6,2.2,-0.6,1.14,1.46,-0.32000000000000006,0.7492105263157894
2024-02-03,Burnley,Fulham,2,2,8.0,3.3,91,1.7,32.7,53,0,0,0,0,0,0,4,0,draw,1,1,0,1,1,1,0,-4.7,1,2,2024,2023,winter,1,0,0,0,220,0.5789473684210527,0.8,1.2,1.8,-0.6,0.8,0.4,1.4,-1.0,0.9199999999999999,0.6799999999999999,0.24,0.4631578947368421
2024-02-03,Everton,Tottenham Hotspur,2,2,9.4,5.1,87,2.0,33.6,51,0,0,0,0,0,0,4,0,draw,1,1,0,1,1,1,0,-4.300000000000001,1,2,2024,2023,winter,1,0,0,0,221,0.5815789473684211,0.4,0.4,1.6,-1.2,2.0,2.4,2.0,0.4,0.39999999999999997,2.12,-1.7200000000000002,0.7327894736842105
2024-02-03,Newcastle United,Luton Town,4,4,8.9,3.8,76,0.1,42.5,51,0,0,0,0,0,0,8,0,draw,1,1,0,1,0,1,0,-5.1000000000000005,1,2,2024,2023,winter,1,0,0,0,222,0.5842105263157895,0.6,1.6,2.4,-0.8,2.0,2.2,1.2,1.0,0.8999999999999999,2.06,-1.1600000000000001,0.8646315789473684
2024-02-03,Sheffield United,Aston Villa,0,5,9.9,7.3,83,2.1,20.5,53,0,0,0,0,0,0,5,-5,loss,1,1,0,0,0,1,0,-2.6000000000000005,1,2,2024,2023,winter,1,0,0,0,223,0.5868421052631579,0.4,1.4,2.2,-0.8,1.0,1.4,1.8,-0.4,0.7,1.1199999999999999,-0.41999999999999993,0.5340263157894737
2024-02-04,Arsenal,Liverpool,3,1,11.2,6.9,85,0.2,36.2,51,0,0,0,0,0,0,4,2,win,1,0,0,1,1,1,0,-4.299999999999999,1,2,2024,2023,winter,1,0,0,0,224,0.5894736842105263,1.4,1.8,1.2,0.6,2.6,3.0,0.8,2.2,1.52,2.7199999999999998,-1.1999999999999997,1.2496842105263157
2024-02-04,Bournemouth,Nottingham Forest,1,1,10.7,7.0,88,0.0,27.1,3,0,0,0,0,0,0,2,0,draw,0,0,0,0,1,1,0,-3.6999999999999993,1,2,2024,2023,winter,1,0,0,0,225,0.5921052631578947,1.4,1.6,2.0,-0.4,1.2,2.0,2.0,0.0,1.46,1.44,0.020000000000000018,0.8585526315789472
2024-02-04,Chelsea,Wolverhampton Wanderers,2,4,11.4,7.1,84,0.1,35.4,51,0,0,0,0,0,0,6,-2,loss,1,0,0,1,0,1,0,-4.300000000000001,1,2,2024,2023,winter,1,0,0,0,226,0.5947368421052631,1.8,1.6,1.8,-0.2,2.0,2.4,1.2,1.2,1.74,2.12,-0.3800000000000001,1.147842105263158
2024-02-04,Manchester United,West Ham United,3,0,10.1,5.6,83,5.3,34.7,53,0,0,0,0,0,0,3,3,win,1,0,0,1,0,1,0,-4.5,1,2,2024,2023,winter,1,0,0,0,227,0.5973684210526315,1.4,2.0,2.2,-0.2,1.8,1.4,0.6,0.8,1.5799999999999998,1.68,-0.10000000000000009,0.9737105263157894
2024-02-05,Brentford,Manchester City,1,3,9.6,5.0,80,0.1,33.8,51,0,0,0,0,0,0,4,-2,loss,1,1,0,1,0,1,0,-4.6,1,2,2024,2023,winter,1,0,0,0,228,0.6,0.6,1.6,2.8,-1.2,2.6,2.6,1.2,1.4,0.8999999999999999,2.5999999999999996,-1.6999999999999997,1.0499999999999998
2024-02-10,Fulham,Bournemouth,3,1,9.2,7.4,90,2.1,12.5,53,0,0,0,0,0,0,4,2,win,1,1,0,0,1,1,0,-1.799999999999999,1,2,2024,2023,winter,1,0,0,0,229,0.6026315789473684,1.0,0.8,1.4,-0.6,1.0,1.2,1.8,-0.6,0.94,1.06,-0.1200000000000001,0.6026315789473684
2024-02-10,Liverpool,Burnley,3,1,5.8,2.8,91,0.0,16.1,3,0,0,0,0,0,0,4,2,win,0,1,0,0,1,1,0,-3.0,1,2,2024,2023,winter,1,0,0,0,230,0.6052631578947368,2.4,3.0,1.2,1.8,0.4,1.2,2.2,-1.0,2.58,0.6399999999999999,1.9400000000000002,0.9744736842105263
2024-02-10,Luton Town,Sheffield United,1,3,8.3,6.3,93,1.9,12.4,53,0,0,0,0,0,0,4,-2,loss,1,1,0,0,1,1,0,-2.000000000000001,1,2,2024,2023,winter,1,0,0,0,231,0.6078947368421053,1.6,2.8,2.0,0.8,0.2,1.2,3.0,-1.8,1.96,0.5,1.46,0.7477105263157895
2024-02-10,Manchester City,Everton,2,0,6.0,3.9,92,0.1,7.7,51,0,0,0,0,0,0,2,2,win,1,1,0,0,1,1,0,-2.1,1,2,2024,2023,winter,1,0,0,0,232,0.6105263157894737,3.0,2.8,1.0,1.8,0.6,0.6,1.6,-1.0,2.9399999999999995,0.6,2.3399999999999994,1.0806315789473684
2024-02-10,Nottingham Forest,Newcastle United,2,3,6.3,4.4,96,1.5,9.3,53,0,0,0,0,0,0,5,-1,loss,1,1,0,0,1,1,0,-1.8999999999999995,1,2,2024,2023,winter,1,0,0,0,233,0.6131578947368421,1.4,1.8,1.6,0.2,0.8,2.4,3.0,-0.6,1.52,1.2799999999999998,0.2400000000000002,0.858421052631579
2024-02-10,Tottenham Hotspur,Brighton,2,1,9.0,7.3,93,4.9,13.0,61,0,0,0,0,0,0,3,1,win,1,1,0,0,1,1,0,-1.7000000000000002,1,2,2024,2023,winter,1,0,0,0,234,0.6157894736842106,1.6,2.4,2.2,0.2,1.6,1.6,1.4,0.2,1.8399999999999999,1.5999999999999999,0.24,1.059157894736842
2024-02-10,Wolverhampton Wanderers,Brentford,0,2,6.2,3.8,94,0.1,11.1,51,0,0,0,0,0,0,2,-2,loss,1,1,0,0,1,1,0,-2.4000000000000004,1,2,2024,2023,winter,1,0,0,0,235,0.618421052631579,2.0,2.8,1.4,1.4,0.6,1.6,3.0,-1.4,2.2399999999999998,0.8999999999999999,1.3399999999999999,0.9709210526315789
2024-02-11,Aston Villa,Manchester United,1,2,4.5,1.1,92,0.1,17.8,51,0,0,0,0,0,0,3,-1,loss,1,1,0,0,1,1,0,-3.4,1,2,2024,2023,winter,1,0,0,0,236,0.6210526315789474,1.4,2.2,1.6,0.6,2.0,2.6,1.8,0.8,1.64,2.1799999999999997,-0.5399999999999998,1.1862105263157894
2024-02-11,West Ham United,Arsenal,0,6,7.2,4.7,88,4.8,19.9,61,0,0,0,0,0,0,6,-6,loss,1,1,0,0,1,1,0,-2.5,1,2,2024,2023,winter,1,0,0,0,237,0.6236842105263158,1.2,1.0,1.2,-0.2,1.8,2.2,1.2,1.0,1.14,1.92,-0.78,0.9542368421052632
2024-02-12,Crystal Palace,Chelsea,1,3,4.9,1.3,81,0.0,17.0,3,0,0,0,0,0,0,4,-2,loss,0,1,0,0,0,1,0,-3.6000000000000005,1,2,2024,2023,winter,1,0,0,0,238,0.6263157894736842,1.2,1.6,2.8,-1.2,1.8,1.8,2.2,-0.4,1.3199999999999998,1.8,-0.4800000000000002,0.9770526315789473
2024-02-17,Brentford,Liverpool,1,4,10.0,7.5,91,1.9,25.9,55,0,0,0,0,0,0,5,-3,loss,1,0,0,0,1,1,0,-2.5,1,2,2024,2023,winter,1,0,0,0,239,0.6289473684210526,1.2,1.8,2.2,-0.4,2.4,3.2,1.4,1.8,1.38,2.6399999999999997,-1.2599999999999998,1.2641842105263155
2024-02-17,Burnley,Arsenal,0,5,10.1,7.5,95,6.5,27.9,61,0,0,0,0,0,0,5,-5,loss,1,0,0,0,1,1,0,-2.5999999999999996,1,2,2024,2023,winter,1,0,0,0,240,0.631578947368421,0.4,1.4,2.4,-1.0,2.4,3.4,0.8,2.6,0.7,2.7,-2.0,1.0736842105263158
2024-02-17,Fulham,Aston Villa,1,2,10.0,7.3,90,1.7,27.2,55,0,0,0,0,0,0,3,-1,loss,1,0,0,0,1,1,0,-2.7,1,2,2024,2023,winter,1,0,0,0,241,0.6342105263157894,1.6,1.4,1.0,0.4,1.4,2.0,1.4,0.6,1.5399999999999998,1.5799999999999998,-0.040000000000000036,0.9893684210526315
2024-02-17,Manchester City,Chelsea,1,1,10.8,8.5,91,13.0,24.6,63,1,0,0,0,0,1,2,0,draw,1,0,0,0,1,1,0,-2.3000000000000007,1,2,2024,2023,winter,1,0,0,0,242,0.6368421052631579,3.0,2.6,0.8,1.8,1.8,2.0,2.2,-0.2,2.88,1.8599999999999999,1.02,1.5093157894736842
2024-02-17,Newcastle United,Bournemouth,2,2,9.1,6.8,92,2.9,20.4,55,0,0,0,0,0,0,4,0,draw,1,1,0,0,1,1,0,-2.3,1,2,2024,2023,winter,1,0,0,0,243,0.6394736842105263,1.4,2.8,2.8,0.0,0.4,0.8,2.4,-1.6,1.8199999999999998,0.52,1.2999999999999998,0.7481842105263158
2024-02-17,Nottingham Forest,West Ham United,2,0,10.3,7.7,91,8.6,25.2,61,0,0,0,0,0,0,2,2,win,1,0,0,0,1,1,0,-2.6000000000000005,1,2,2024,2023,winter,1,0,0,0,244,0.6421052631578947,0.8,1.6,2.0,-0.4,0.6,0.6,2.4,-1.8,1.04,0.6,0.44000000000000006,0.5265263157894737
2024-02-17,Tottenham Hotspur,Wolverhampton Wanderers,1,2,9.7,7.0,91,2.0,25.8,53,0,0,0,0,0,0,3,-1,loss,1,1,0,0,1,1,0,-2.6999999999999993,1,2,2024,2023,winter,1,0,0,0,245,0.6447368421052632,2.2,2.4,1.6,0.8,1.4,2.0,1.6,0.4,2.26,1.5799999999999998,0.6799999999999999,1.2378947368421052
2024-02-18,Luton Town,Manchester United,1,2,10.7,7.9,89,11.3,26.4,63,1,0,0,0,0,1,3,-1,loss,1,0,0,0,1,1,0,-2.799999999999999,1,2,2024,2023,winter,1,0,0,0,246,0.6473684210526316,1.0,2.4,2.2,0.2,2.0,2.4,1.6,0.8,1.42,2.12,-0.7000000000000002,1.145842105263158
2024-02-18,Sheffield United,Brighton,0,5,10.9,8.2,87,5.5,22.7,55,0,0,0,0,0,0,5,-5,loss,1,0,0,0,1,1,0,-2.700000000000001,1,2,2024,2023,winter,1,0,0,0,247,0.65,0.8,1.4,2.6,-1.2,1.0,1.0,1.4,-0.4,0.98,1.0,-0.020000000000000018,0.6435
2024-02-19,Everton,Crystal Palace,1,1,8.8,4.8,85,2.9,31.5,61,0,0,0,0,0,0,2,0,draw,1,1,0,1,1,1,0,-4.000000000000001,1,2,2024,2023,winter,1,0,0,0,248,0.6526315789473685,0.6,0.4,1.4,-1.0,1.2,1.6,3.0,-1.4,0.54,1.3199999999999998,-0.7799999999999998,0.6069473684210526
2024-02-20,Manchester City,Brentford,1,0,9.0,6.0,88,2.5,23.3,55,0,0,0,0,0,0,1,1,win,1,1,0,0,1,1,0,-3.0,1,2,2024,2023,winter,1,0,0,0,249,0.6552631578947369,2.6,2.4,1.0,1.4,1.2,1.8,2.4,-0.6,2.54,1.38,1.1600000000000001,1.2843157894736843
2024-02-21,Liverpool,Luton Town,4,1,9.6,5.4,89,5.5,36.9,53,0,0,0,0,0,0,5,3,win,1,1,0,1,1,1,0,-4.199999999999999,1,2,2024,2023,winter,1,0,0,0,250,0.6578947368421053,2.4,3.2,1.2,2.0,1.0,2.2,2.0,0.2,2.6399999999999997,1.3599999999999999,1.2799999999999998,1.3157894736842104
2024-02-24,Arsenal,Newcastle United,4,1,2.9,0.2,90,2.8,9.0,61,0,0,0,0,0,0,5,3,win,1,1,0,0,1,1,0,-2.6999999999999997,1,2,2024,2023,winter,1,0,0,0,251,0.6605263157894737,3.0,4.2,0.4,3.8,1.6,2.8,2.4,0.4,3.3599999999999994,1.96,1.3999999999999995,1.757
2024-02-24,Aston Villa,Nottingham Forest,4,2,2.4,-0.9,87,0.1,10.5,51,0,0,1,0,0,1,6,2,win,1,1,0,0,1,1,0,-3.3,1,2,2024,2023,winter,1,0,0,0,252,0.6631578947368421,1.4,1.8,1.2,0.6,0.8,1.6,1.8,-0.2,1.52,1.04,0.48,0.8488421052631578
2024-02-24,Bournemouth,Manchester City,0,1,4.3,1.1,82,0.6,12.8,51,0,0,0,0,0,0,1,-1,loss,1,1,0,0,0,1,0,-3.1999999999999997,1,2,2024,2023,winter,1,0,0,0,253,0.6657894736842105,0.6,1.0,2.2,-1.2,2.6,2.0,0.6,1.4,0.72,2.42,-1.7,1.0452894736842104
2024-02-24,Brighton,Everton,1,1,3.9,0.7,86,2.7,20.1,53,0,0,0,0,0,0,2,0,draw,1,1,0,0,1,1,0,-3.2,1,2,2024,2023,winter,1,0,0,0,254,0.6684210526315789,1.4,2.0,1.4,0.6,0.8,0.6,1.0,-0.4,1.5799999999999998,0.74,0.8399999999999999,0.7753684210526315
2024-02-24,Crystal Palace,Burnley,3,0,2.9,0.0,89,0.8,9.8,51,0,0,1,0,0,1,3,3,win,1,1,0,0,1,1,0,-2.9,1,2,2024,2023,winter,1,0,0,0,255,0.6710526315789473,0.8,1.2,3.0,-1.8,0.4,1.0,2.8,-1.8,0.9199999999999999,0.58,0.33999999999999997,0.5032894736842105
2024-02-24,Manchester United,Fulham,1,2,2.6,-0.3,87,0.1,9.9,51,0,0,1,0,0,1,3,-1,loss,1,1,0,0,1,1,0,-2.9,1,2,2024,2023,winter,1,0,0,0,256,0.6736842105263158,2.6,2.6,1.4,1.2,1.0,1.2,1.2,0.0,2.5999999999999996,1.06,1.5399999999999996,1.2328421052631577
2024-02-25,Wolverhampton Wanderers,Sheffield United,1,0,3.5,-0.9,85,0.0,24.5,3,0,0,1,0,0,1,1,1,win,0,1,0,0,1,1,0,-4.4,1,2,2024,2023,winter,1,0,0,0,257,0.6763157894736842,1.4,1.8,1.8,0.0,0.8,1.4,3.2,-1.8,1.52,0.98,0.54,0.8453947368421053
2024-02-26,West Ham United,Brentford,4,2,6.2,-0.2,75,0.5,42.1,51,0,0,1,0,0,1,6,2,win,1,1,0,1,0,1,0,-6.4,1,2,2024,2023,winter,1,0,0,0,258,0.6789473684210526,0.4,0.6,2.8,-2.2,0.6,1.2,2.2,-1.0,0.45999999999999996,0.78,-0.32000000000000006,0.4209473684210526
2024-03-02,Brentford,Chelsea,2,2,5.0,0.8,82,4.5,24.6,73,0,0,0,0,0,0,4,0,draw,1,1,0,0,0,1,0,-4.2,1,3,2024,2023,spring,0,1,0,0,259,0.6815789473684211,0.6,1.2,2.4,-1.2,1.4,1.6,2.0,-0.4,0.78,1.46,-0.6799999999999999,0.7633684210526317
2024-03-02,Everton,West Ham United,1,3,2.7,-0.6,92,7.3,16.9,73,0,0,1,0,0,1,4,-2,loss,1,1,0,0,1,1,0,-3.3000000000000003,1,3,2024,2023,spring,0,1,0,0,260,0.6842105263157895,0.8,0.8,1.2,-0.4,0.8,1.0,2.8,-1.8,0.7999999999999999,0.8599999999999999,-0.05999999999999994,0.5678947368421051
2024-03-02,Fulham,Brighton,3,0,5.0,0.8,82,2.2,27.0,53,0,0,0,0,0,0,3,3,win,1,1,0,0,0,1,0,-4.2,1,3,2024,2023,spring,0,1,0,0,261,0.6868421052631579,1.6,1.6,1.2,0.4,1.4,2.2,1.6,0.6,1.5999999999999999,1.64,-0.040000000000000036,1.1126842105263157
2024-03-02,Luton Town,Aston Villa,2,3,3.7,-0.8,86,2.8,28.4,73,0,0,1,0,0,1,5,-1,loss,1,1,0,0,1,1,0,-4.5,1,3,2024,2023,spring,0,1,0,0,262,0.6894736842105263,0.8,2.2,2.6,-0.4,1.8,2.6,1.6,1.0,1.22,2.04,-0.8200000000000001,1.123842105263158
2024-03-02,Newcastle United,Wolverhampton Wanderers,3,0,2.4,-0.9,93,5.2,23.8,73,0,0,1,0,0,1,3,3,win,1,1,0,0,1,1,0,-3.3,1,3,2024,2023,spring,0,1,0,0,263,0.6921052631578948,1.6,2.6,2.6,0.0,1.8,2.0,1.8,0.2,1.9,1.8599999999999999,0.040000000000000036,1.301157894736842
2024-03-02,Nottingham Forest,Liverpool,0,1,3.5,-0.4,89,3.9,22.0,71,0,0,1,0,0,1,1,-1,loss,1,1,0,0,1,1,0,-3.9,1,3,2024,2023,spring,0,1,0,0,264,0.6947368421052632,0.8,1.6,2.0,-0.4,2.4,3.2,1.4,1.8,1.04,2.6399999999999997,-1.5999999999999996,1.2783157894736843
2024-03-02,Tottenham Hotspur,Crystal Palace,3,1,4.8,0.5,85,2.9,26.2,71,0,0,0,0,0,0,4,2,win,1,1,0,0,1,1,0,-4.3,1,3,2024,2023,spring,0,1,0,0,265,0.6973684210526315,1.6,2.0,1.8,0.2,1.4,1.8,2.0,-0.2,1.7199999999999998,1.52,0.19999999999999973,1.129736842105263
2024-03-03,Burnley,Bournemouth,0,2,3.0,-0.1,88,0.0,14.5,3,0,0,1,0,0,1,2,-2,loss,0,1,0,0,1,1,0,-3.1,1,3,2024,2023,spring,0,1,0,0,266,0.7,0.2,0.8,3.2,-2.4,0.6,1.0,1.6,-0.6,0.38,0.72,-0.33999999999999997,0.385
2024-03-03,Manchester City,Manchester United,3,1,3.4,0.3,84,0.2,10.8,51,0,0,0,0,0,0,4,2,win,1,1,0,0,0,1,0,-3.1,1,3,2024,2023,spring,0,1,0,0,267,0.7026315789473684,2.6,1.6,0.4,1.2,2.4,2.4,1.4,1.0,2.3,2.4,-0.10000000000000009,1.6511842105263155
2024-03-04,Sheffield United,Arsenal,0,6,4.0,-0.2,79,2.3,26.2,53,0,0,1,0,0,1,6,-6,loss,1,1,0,0,0,1,0,-4.2,1,3,2024,2023,spring,0,1,0,0,268,0.7052631578947368,0.6,1.0,3.0,-2.0,3.0,4.0,0.6,3.4,0.72,3.3,-2.58,1.4175789473684208
2024-03-09,Arsenal,Brentford,2,1,8.8,5.0,78,0.4,25.6,51,0,0,0,0,0,0,3,1,win,1,1,0,0,0,1,0,-3.8000000000000007,1,3,2024,2023,spring,0,1,0,0,269,0.7078947368421052,3.0,4.8,0.4,4.4,0.8,1.4,2.2,-0.8,3.5399999999999996,0.98,2.5599999999999996,1.5998421052631577
2024-03-09,Bournemouth,Sheffield United,2,2,8.6,4.4,84,5.3,30.6,55,0,0,0,0,0,0,4,0,draw,1,1,0,1,0,1,0,-4.199999999999999,1,3,2024,2023,spring,0,1,0,0,270,0.7105263157894737,1.0,1.2,1.4,-0.2,0.6,0.6,3.6,-3.0,1.06,0.6,0.4600000000000001,0.5897368421052632
2024-03-09,Crystal Palace,Luton Town,1,1,8.9,5.3,77,0.1,23.1,51,0,0,0,0,0,0,2,0,draw,1,1,0,0,0,1,0,-3.6000000000000005,1,3,2024,2023,spring,0,1,0,0,271,0.7131578947368421,0.8,1.4,2.2,-0.8,0.2,1.8,3.2,-1.4,0.98,0.68,0.29999999999999993,0.591921052631579
2024-03-09,Manchester United,Everton,2,0,6.8,1.4,81,0.5,32.4,51,0,0,0,0,0,0,2,2,win,1,1,0,1,0,1,0,-5.4,1,3,2024,2023,spring,0,1,0,0,272,0.7157894736842105,1.8,1.8,1.4,0.4,0.6,1.0,1.8,-0.8,1.8,0.72,1.08,0.9018947368421053
2024-03-09,Wolverhampton Wanderers,Fulham,2,1,6.7,2.2,84,0.6,24.4,51,0,0,0,0,0,0,3,1,win,1,1,0,0,0,1,0,-4.5,1,3,2024,2023,spring,0,1,0,0,273,0.718421052631579,1.8,1.4,1.6,-0.2,2.0,2.2,1.2,1.0,1.68,2.06,-0.3800000000000001,1.3434473684210528
2024-03-10,Aston Villa,Tottenham Hotspur,0,4,6.7,3.5,95,14.1,18.5,61,1,0,0,0,0,1,4,-4,loss,1,1,0,0,1,1,0,-3.2,1,3,2024,2023,spring,0,1,0,0,274,0.7210526315789474,2.4,3.0,1.4,1.6,2.0,2.2,1.6,0.6,2.58,2.06,0.52,1.6728421052631581
2024-03-10,Brighton,Nottingham Forest,1,0,8.0,6.2,92,8.9,13.0,61,0,0,0,0,0,0,1,1,win,1,1,0,0,1,1,0,-1.7999999999999998,1,3,2024,2023,spring,0,1,0,0,275,0.7236842105263158,1.4,2.2,1.4,0.8,0.8,1.4,1.8,-0.4,1.64,0.98,0.6599999999999999,0.9480263157894737
2024-03-10,Liverpool,Manchester City,1,1,7.2,2.9,88,10.1,26.1,61,1,0,0,0,0,1,2,0,draw,1,1,0,0,1,1,0,-4.300000000000001,1,3,2024,2023,spring,0,1,0,0,276,0.7263157894736842,2.4,2.6,1.2,1.4,2.6,1.6,0.4,1.2,2.46,2.3,0.16000000000000014,1.7286315789473685
2024-03-10,West Ham United,Burnley,2,2,8.1,5.8,93,7.2,17.7,53,0,0,0,0,0,0,4,0,draw,1,1,0,0,1,1,0,-2.3,1,3,2024,2023,spring,0,1,0,0,277,0.7289473684210527,1.2,1.4,2.8,-1.4,0.2,0.6,3.0,-2.4,1.26,0.31999999999999995,0.9400000000000001,0.5758684210526317
2024-03-11,Chelsea,Newcastle United,3,2,8.0,5.1,85,1.9,19.8,53,0,0,0,0,0,0,5,1,win,1,1,0,0,1,1,0,-2.9000000000000004,1,3,2024,2023,spring,0,1,0,0,278,0.7315789473684211,1.0,1.8,2.4,-0.6,1.6,2.6,2.4,0.2,1.24,1.9,-0.6599999999999999,1.148578947368421
2024-03-13,Bournemouth,Luton Town,4,3,10.8,7.0,89,0.1,32.2,51,0,0,0,0,0,0,7,1,win,1,0,0,1,1,1,0,-3.8000000000000007,1,3,2024,2023,spring,0,1,0,0,279,0.7342105263157894,1.0,1.4,1.6,-0.2,0.2,1.2,2.6,-1.4,1.1199999999999999,0.5,0.6199999999999999,0.5947105263157894
2024-03-16,Burnley,Brentford,2,1,6.1,2.6,86,4.0,24.2,61,0,0,0,0,0,0,3,1,win,1,1,0,0,1,1,0,-3.4999999999999996,1,3,2024,2023,spring,0,1,0,0,280,0.7368421052631579,0.2,0.6,3.0,-2.4,0.2,1.2,2.6,-1.4,0.31999999999999995,0.5,-0.18000000000000005,0.3021052631578947
2024-03-16,Fulham,Tottenham Hotspur,3,0,9.2,6.4,76,1.3,18.5,53,0,0,0,0,0,0,3,3,win,1,1,0,0,0,1,0,-2.799999999999999,1,3,2024,2023,spring,0,1,0,0,281,0.7394736842105263,1.8,2.0,1.2,0.8,2.0,2.4,1.2,1.2,1.8599999999999999,2.12,-0.26000000000000023,1.4715526315789473
2024-03-16,Luton Town,Nottingham Forest,1,1,8.6,5.5,78,1.2,20.2,53,0,0,0,0,0,0,2,0,draw,1,1,0,0,0,1,0,-3.0999999999999996,1,3,2024,2023,spring,0,1,0,0,282,0.7421052631578947,0.2,1.6,2.8,-1.2,0.6,1.2,1.8,-0.6,0.62,0.78,-0.16000000000000003,0.5194736842105263
2024-03-17,West Ham United,Aston Villa,1,1,11.4,9.2,89,6.9,20.4,61,0,0,0,0,0,0,2,0,draw,1,0,0,0,1,1,0,-2.200000000000001,1,3,2024,2023,spring,0,1,0,0,283,0.7447368421052631,1.4,1.8,2.6,-0.8,1.8,2.0,2.2,-0.2,1.52,1.8599999999999999,-0.33999999999999986,1.2586052631578946
2024-03-30,Aston Villa,Wolverhampton Wanderers,2,0,7.8,4.5,77,0.3,16.9,51,0,0,0,0,0,0,2,2,win,1,1,0,0,0,1,0,-3.3,1,3,2024,2023,spring,0,1,0,0,284,0.7473684210526316,2.0,2.0,2.0,0.0,1.8,1.0,1.4,-0.4,2.0,1.56,0.43999999999999995,1.3303157894736841
2024-03-30,Bournemouth,Everton,2,1,9.4,6.2,81,0.3,23.0,51,0,0,0,0,0,0,3,1,win,1,1,0,0,0,1,0,-3.2,1,3,2024,2023,spring,0,1,0,0,285,0.75,1.6,2.0,1.6,0.4,0.4,0.6,1.8,-1.2,1.7199999999999998,0.45999999999999996,1.2599999999999998,0.8174999999999999
2024-03-30,Brentford,Manchester United,1,1,8.6,6.0,78,0.4,13.1,51,0,0,0,0,0,0,2,0,draw,1,1,0,0,0,1,0,-2.5999999999999996,1,3,2024,2023,spring,0,1,0,0,286,0.7526315789473684,0.2,1.2,2.2,-1.0,1.8,1.6,1.4,0.2,0.5,1.74,-1.24,0.8429473684210527
2024-03-30,Chelsea,Burnley,2,2,8.7,6.0,77,0.0,14.2,3,0,0,0,0,0,0,4,0,draw,0,1,0,0,0,1,0,-2.6999999999999993,1,3,2024,2023,spring,0,1,0,0,287,0.7552631578947369,1.6,2.2,2.0,0.2,0.8,0.8,2.6,-1.8,1.7799999999999998,0.7999999999999999,0.9799999999999999,0.9742894736842104
2024-03-30,Newcastle United,West Ham United,4,3,8.0,4.8,75,0.1,15.8,51,0,0,0,0,0,0,7,1,win,1,1,0,0,0,1,0,-3.2,1,3,2024,2023,spring,0,1,0,0,288,0.7578947368421053,1.4,2.2,2.2,0.0,1.6,2.0,1.6,0.4,1.64,1.7199999999999998,-0.07999999999999985,1.2732631578947367
2024-03-30,Nottingham Forest,Crystal Palace,1,1,8.0,5.0,78,0.2,16.2,51,0,0,0,0,0,0,2,0,draw,1,1,0,0,0,1,0,-3.0,1,3,2024,2023,spring,0,1,0,0,289,0.7605263157894737,0.8,1.0,1.4,-0.4,1.0,1.4,1.6,-0.2,0.8599999999999999,1.1199999999999999,-0.26,0.7529210526315789
2024-03-30,Sheffield United,Fulham,3,3,7.9,4.5,76,0.0,16.3,3,0,0,0,0,0,0,6,0,draw,0,1,0,0,0,1,0,-3.4000000000000004,1,3,2024,2023,spring,0,1,0,0,290,0.7631578947368421,0.8,1.0,3.0,-2.0,1.8,2.0,1.0,1.0,0.8599999999999999,1.8599999999999999,-1.0,1.0378947368421052
2024-03-30,Tottenham Hotspur,Luton Town,2,1,8.6,6.0,78,0.3,11.7,51,0,0,0,0,0,0,3,1,win,1,1,0,0,0,1,0,-2.5999999999999996,1,3,2024,2023,spring,0,1,0,0,291,0.7657894736842106,1.8,2.0,1.4,0.6,0.4,1.6,2.6,-1.0,1.8599999999999999,0.76,1.0999999999999999,1.0031842105263158
2024-03-31,Liverpool,Brighton,2,1,8.6,4.3,74,0.1,29.2,51,0,0,0,0,0,0,3,1,win,1,1,0,0,0,1,0,-4.3,1,3,2024,2023,spring,0,1,0,0,292,0.7684210526315789,2.6,2.6,0.8,1.8,1.4,1.6,1.2,0.4,2.5999999999999996,1.46,1.1399999999999997,1.559894736842105
2024-03-31,Manchester City,Arsenal,0,0,8.8,4.6,72,0.0,30.1,3,0,0,0,0,0,0,0,0,draw,0,1,0,1,0,1,0,-4.200000000000001,1,3,2024,2023,spring,0,1,0,0,293,0.7710526315789473,2.2,1.4,0.6,0.8,3.0,4.6,0.4,4.2,1.96,3.4799999999999995,-1.5199999999999996,2.0972631578947367
2024-04-02,Bournemouth,Crystal Palace,1,0,10.1,5.8,86,9.3,43.1,61,0,0,0,0,0,0,1,1,win,1,0,0,1,1,1,0,-4.3,1,4,2024,2023,spring,0,1,0,0,294,0.7736842105263158,2.0,2.0,1.4,0.6,1.2,1.4,1.2,0.2,2.0,1.26,0.74,1.2611052631578945
2024-04-02,Burnley,Wolverhampton Wanderers,1,1,7.3,4.6,85,0.6,16.9,51,0,0,0,0,0,0,2,0,draw,1,1,0,0,1,1,0,-2.7,1,4,2024,2023,spring,0,1,0,0,295,0.7763157894736842,1.0,1.2,2.0,-0.8,1.8,1.0,1.4,-0.4,1.06,1.56,-0.5,1.0169736842105264
2024-04-02,Newcastle United,Everton,1,1,6.0,4.0,91,1.5,10.0,53,0,0,0,0,0,0,2,0,draw,1,1,0,0,1,1,0,-2.0,1,4,2024,2023,spring,0,1,0,0,296,0.7789473684210526,1.4,2.4,2.4,0.0,0.4,0.8,1.8,-1.0,1.6999999999999997,0.52,1.1799999999999997,0.8646315789473683
2024-04-02,Nottingham Forest,Fulham,3,1,8.5,5.7,83,3.4,16.3,53,0,0,0,0,0,0,4,2,win,1,1,0,0,0,1,0,-2.8,1,4,2024,2023,spring,0,1,0,0,297,0.781578947368421,0.4,0.8,1.6,-0.8,2.0,2.4,1.2,1.2,0.52,2.12,-1.6,1.0316842105263158
2024-04-02,West Ham United,Tottenham Hotspur,1,1,10.4,6.8,80,2.8,25.2,53,0,0,0,0,0,0,2,0,draw,1,0,0,0,0,1,0,-3.6000000000000005,1,4,2024,2023,spring,0,1,0,0,298,0.7842105263157895,1.6,2.6,2.0,0.6,1.8,2.0,1.4,0.6,1.9,1.8599999999999999,0.040000000000000036,1.474315789473684
2024-04-03,Arsenal,Luton Town,2,0,11.2,7.2,80,1.4,35.2,51,0,0,0,0,0,0,2,2,win,1,0,0,1,0,1,0,-3.999999999999999,1,4,2024,2023,spring,0,1,0,0,299,0.7868421052631579,2.6,3.4,0.4,3.0,0.4,1.6,2.2,-0.6,2.84,0.76,2.08,1.416315789473684
2024-04-03,Brentford,Brighton,0,0,11.3,7.5,80,2.1,34.0,53,0,0,0,0,0,0,0,0,draw,1,0,0,1,0,1,0,-3.8000000000000007,1,4,2024,2023,spring,0,1,0,0,300,0.7894736842105263,0.4,1.4,2.2,-0.8,1.4,1.6,1.2,0.4,0.7,1.46,-0.76,0.8526315789473685
2024-04-03,Manchester City,Aston Villa,4,1,9.7,6.5,86,9.8,32.0,63,0,0,0,0,0,0,5,3,win,1,1,0,1,1,1,0,-3.1999999999999993,1,4,2024,2023,spring,0,1,0,0,301,0.7921052631578948,2.2,1.2,0.4,0.8,2.0,2.0,1.8,0.2,1.9,2.0,-0.10000000000000009,1.5446052631578948
2024-04-04,Chelsea,Manchester United,4,3,12.1,8.3,81,3.6,32.8,61,0,0,0,0,0,0,7,1,win,1,0,0,1,0,1,0,-3.799999999999999,1,4,2024,2023,spring,0,1,0,0,302,0.7947368421052632,1.8,2.2,1.6,0.6,1.4,1.4,1.4,0.0,1.92,1.4,0.52,1.319263157894737
2024-04-04,Liverpool,Sheffield United,3,1,9.8,7.6,83,11.0,21.8,63,1,0,0,0,0,1,4,2,win,1,1,0,0,0,1,0,-2.200000000000001,1,4,2024,2023,spring,0,1,0,0,303,0.7973684210526316,2.6,2.4,0.8,1.6,0.4,1.0,3.4,-2.4,2.54,0.58,1.96,1.2438947368421054
2024-04-06,Aston Villa,Brentford,3,3,13.7,9.2,76,3.3,39.6,61,0,0,0,0,0,0,6,0,draw,1,0,0,1,0,1,0,-4.5,1,4,2024,2023,spring,0,1,0,0,304,0.8,1.4,1.4,2.2,-0.8,0.6,1.0,1.4,-0.4,1.4,0.72,0.6799999999999999,0.8480000000000001
2024-04-06,Brighton,Arsenal,0,3,14.2,9.5,74,0.4,40.8,51,0,0,0,0,0,0,3,-3,loss,1,0,0,1,0,1,0,-4.699999999999999,1,4,2024,2023,spring,0,1,0,0,305,0.8026315789473685,1.0,0.6,1.2,-0.6,2.6,2.8,0.4,2.4,0.8799999999999999,2.6599999999999997,-1.7799999999999998,1.420657894736842
2024-04-06,Crystal Palace,Manchester City,2,4,15.8,11.4,67,0.2,34.3,51,0,0,0,0,0,0,6,-2,loss,1,0,0,1,0,0,0,-4.4,1,4,2024,2023,spring,0,1,0,0,306,0.8052631578947368,1.0,1.2,1.2,0.0,2.2,1.8,0.6,1.2,1.06,2.08,-1.02,1.2642631578947368
2024-04-06,Everton,Burnley,1,0,14.1,9.1,72,2.6,41.3,53,0,0,0,0,0,0,1,1,win,1,0,0,1,0,1,0,-5.0,1,4,2024,2023,spring,0,1,0,0,307,0.8078947368421052,0.4,0.8,1.8,-1.0,1.2,1.4,1.6,-0.2,0.52,1.26,-0.74,0.7190263157894736
2024-04-06,Fulham,Newcastle United,0,1,16.0,11.6,67,0.1,36.1,51,0,0,0,0,0,0,1,-1,loss,1,0,0,1,0,0,0,-4.4,1,4,2024,2023,spring,0,1,0,0,308,0.8105263157894737,1.4,2.2,1.6,0.6,1.4,2.2,2.2,0.0,1.64,1.64,0.0,1.3292631578947367
2024-04-06,Luton Town,Bournemouth,2,1,14.8,10.2,71,0.2,36.7,51,0,0,0,0,0,0,3,1,win,1,0,0,1,0,0,0,-4.600000000000001,1,4,2024,2023,spring,0,1,0,0,309,0.8131578947368421,0.4,1.2,2.0,-0.8,2.6,2.2,1.2,1.0,0.6399999999999999,2.48,-1.84,1.2685263157894737
2024-04-06,Wolverhampton Wanderers,West Ham United,1,2,13.6,8.9,77,2.8,40.8,53,0,0,0,0,0,0,3,-1,loss,1,0,0,1,0,1,0,-4.699999999999999,1,4,2024,2023,spring,0,1,0,0,310,0.8157894736842105,1.4,0.8,1.4,-0.6,1.2,2.0,1.8,0.2,1.2199999999999998,1.44,-0.2200000000000002,1.085
2024-04-07,Manchester United,Liverpool,2,2,11.3,6.2,75,5.8,40.0,61,0,0,0,0,0,0,4,0,draw,1,0,0,1,0,1,0,-5.1000000000000005,1,4,2024,2023,spring,0,1,0,0,311,0.8184210526315789,0.8,1.6,2.0,-0.4,2.6,2.2,0.8,1.4,1.04,2.48,-1.44,1.440421052631579
2024-04-07,Sheffield United,Chelsea,2,2,11.5,5.9,73,1.0,40.8,51,0,0,0,0,0,0,4,0,draw,1,0,0,1,0,1,0,-5.6,1,4,2024,2023,spring,0,1,0,0,312,0.8210526315789474,0.4,1.2,3.0,-1.8,1.8,2.4,2.0,0.4,0.6399999999999999,1.98,-1.34,1.0755789473684212
2024-04-07,Tottenham Hotspur,Nottingham Forest,3,1,12.4,7.3,71,0.2,42.6,51,0,0,0,0,0,0,4,2,win,1,0,0,1,0,1,0,-5.1000000000000005,1,4,2024,2023,spring,0,1,0,0,313,0.8236842105263158,2.0,2.0,1.2,0.8,1.0,1.0,1.0,0.0,2.0,1.0,1.0,1.2355263157894738
2024-04-13,Bournemouth,Manchester United,2,2,11.9,9.5,89,0.0,21.9,3,0,0,0,0,0,0,4,0,draw,0,0,0,0,1,1,0,-2.4000000000000004,1,4,2024,2023,spring,0,1,0,0,314,0.8263157894736842,2.0,2.0,1.6,0.4,1.0,1.8,2.0,-0.2,2.0,1.24,0.76,1.3386315789473686
2024-04-13,Brentford,Sheffield United,2,0,13.9,11.3,78,0.0,22.7,3,0,0,0,0,0,0,2,2,win,0,0,0,0,0,0,0,-2.5999999999999996,1,4,2024,2023,spring,0,1,0,0,315,0.8289473684210527,0.6,1.2,1.6,-0.4,0.6,1.6,3.2,-1.6,0.78,0.8999999999999999,-0.11999999999999988,0.6963157894736842
2024-04-13,Burnley,Brighton,1,1,10.5,6.3,84,1.1,33.7,51,0,0,0,0,0,0,2,0,draw,1,0,0,1,0,1,0,-4.2,1,4,2024,2023,spring,0,1,0,0,316,0.8315789473684211,1.2,1.4,1.4,0.0,0.8,0.4,1.6,-1.2,1.26,0.6799999999999999,0.5800000000000001,0.8066315789473685
2024-04-13,Manchester City,Luton Town,5,1,11.4,8.1,79,2.6,30.3,61,0,0,0,0,0,0,6,4,win,1,0,0,1,0,1,0,-3.3000000000000007,1,4,2024,2023,spring,0,1,0,0,317,0.8342105263157895,2.2,2.4,1.0,1.4,0.8,1.4,2.0,-0.6,2.26,0.98,1.2799999999999998,1.3514210526315789
2024-04-13,Newcastle United,Tottenham Hotspur,4,0,11.0,7.1,76,0.2,36.1,51,0,0,0,0,0,0,4,4,win,1,0,0,1,0,1,0,-3.9000000000000004,1,4,2024,2023,spring,0,1,0,0,318,0.8368421052631579,2.0,2.2,1.4,0.8,2.0,2.0,1.2,0.8,2.06,2.0,0.06000000000000005,1.6987894736842108
2024-04-13,Nottingham Forest,Wolverhampton Wanderers,2,2,11.7,7.9,75,0.2,33.6,51,0,0,0,0,0,0,4,0,draw,1,0,0,1,0,1,0,-3.799999999999999,1,4,2024,2023,spring,0,1,0,0,319,0.8394736842105263,1.0,1.2,1.4,-0.2,0.8,0.8,1.8,-1.0,1.06,0.7999999999999999,0.2600000000000001,0.7807105263157894
2024-04-14,Arsenal,Aston Villa,0,2,10.3,7.0,68,0.0,19.9,3,0,0,0,0,0,0,2,-2,loss,0,0,0,0,0,1,0,-3.3000000000000007,1,4,2024,2023,spring,0,1,0,0,320,0.8421052631578947,2.6,2.6,0.2,2.4,1.0,1.4,2.4,-1.0,2.5999999999999996,1.1199999999999999,1.4799999999999998,1.566315789473684
2024-04-14,Liverpool,Crystal Palace,0,1,9.0,4.3,72,1.4,28.4,53,0,0,0,0,0,0,1,-1,loss,1,1,0,0,0,1,0,-4.7,1,4,2024,2023,spring,0,1,0,0,321,0.8447368421052631,2.2,1.8,1.0,0.8,0.4,1.0,2.0,-1.0,2.08,0.58,1.5,1.1235
2024-04-14,West Ham United,Fulham,0,2,10.6,7.3,67,0.0,20.2,3,0,0,0,0,0,0,2,-2,loss,0,0,0,0,0,1,0,-3.3,1,4,2024,2023,spring,0,1,0,0,322,0.8473684210526315,1.2,1.8,1.8,0.0,0.8,1.6,1.8,-0.2,1.38,1.04,0.33999999999999986,1.0253157894736842
2024-04-15,Chelsea,Everton,6,0,8.5,2.5,66,4.6,38.4,61,0,0,0,0,0,0,6,6,win,1,1,0,1,0,1,0,-6.0,1,4,2024,2023,spring,0,1,0,0,323,0.85,1.8,2.6,2.2,0.4,0.8,0.8,1.6,-0.8,2.04,0.7999999999999999,1.2400000000000002,1.2069999999999999
2024-04-20,Luton Town,Brentford,1,5,5.7,1.3,68,0.1,24.1,51,0,0,0,0,0,0,6,-4,loss,1,1,0,0,0,1,0,-4.4,1,4,2024,2023,spring,0,1,0,0,324,0.8526315789473684,0.8,1.0,2.2,-1.2,1.2,1.4,1.2,0.2,0.8599999999999999,1.26,-0.40000000000000013,0.9037894736842106
2024-04-20,Sheffield United,Burnley,1,4,6.5,2.6,68,0.0,22.4,3,0,0,0,0,0,0,5,-3,loss,0,1,0,0,0,1,0,-3.9,1,4,2024,2023,spring,0,1,0,0,325,0.8552631578947368,0.6,1.6,2.4,-0.8,1.2,1.2,1.2,0.0,0.8999999999999999,1.2,-0.30000000000000004,0.8980263157894736
2024-04-20,Wolverhampton Wanderers,Arsenal,0,2,6.1,2.9,72,0.0,15.9,3,0,0,0,0,0,0,2,-2,loss,0,1,0,0,0,1,0,-3.1999999999999997,1,4,2024,2023,spring,0,1,0,0,326,0.8578947368421053,1.0,1.2,1.6,-0.4,2.0,1.4,0.6,0.8,1.06,1.8199999999999998,-0.7599999999999998,1.2353684210526314
2024-04-21,Aston Villa,Bournemouth,3,1,5.9,2.2,71,0.0,18.9,3,0,0,0,0,0,0,4,2,win,0,1,0,0,0,1,0,-3.7,1,4,2024,2023,spring,0,1,0,0,327,0.8605263157894737,1.6,1.8,1.6,0.2,2.0,2.0,1.6,0.4,1.66,2.0,-0.3400000000000001,1.574763157894737
2024-04-21,Crystal Palace,West Ham United,5,2,7.1,2.6,65,0.1,26.1,51,0,0,0,0,0,0,7,3,win,1,1,0,0,0,1,0,-4.5,1,4,2024,2023,spring,0,1,0,0,328,0.8631578947368421,1.0,1.0,1.4,-0.4,1.0,1.4,1.8,-0.4,1.0,1.1199999999999999,-0.11999999999999988,0.9149473684210527
2024-04-21,Everton,Nottingham Forest,2,0,7.7,5.1,78,0.0,12.2,3,0,0,0,0,0,0,2,2,win,0,1,0,0,0,1,0,-2.6000000000000005,1,4,2024,2023,spring,0,1,0,0,329,0.8657894736842106,0.8,0.6,2.2,-1.6,1.2,1.6,1.6,0.0,0.74,1.3199999999999998,-0.5799999999999998,0.8917631578947367
2024-04-21,Fulham,Liverpool,1,3,7.3,2.7,65,0.0,26.9,3,0,0,0,0,0,0,4,-2,loss,0,1,0,0,0,1,0,-4.6,1,4,2024,2023,spring,0,1,0,0,330,0.868421052631579,1.4,1.8,1.4,0.4,1.6,1.6,1.2,0.4,1.52,1.5999999999999999,-0.07999999999999985,1.3547368421052632
2024-04-23,Arsenal,Chelsea,5,0,7.4,4.3,81,1.4,21.6,51,0,0,0,0,0,0,5,5,win,1,1,0,0,0,1,0,-3.1000000000000005,1,4,2024,2023,spring,0,1,0,0,331,0.8710526315789474,2.0,1.4,0.4,1.0,2.2,3.4,1.8,1.6,1.8199999999999998,2.56,-0.7400000000000002,1.9076052631578948
2024-04-24,Crystal Palace,Newcastle United,2,0,6.6,2.7,68,0.1,20.7,51,0,0,0,0,0,0,2,2,win,1,1,0,0,0,1,0,-3.8999999999999995,1,4,2024,2023,spring,0,1,0,0,332,0.8736842105263158,1.4,1.8,1.6,0.2,2.0,2.4,1.4,1.0,1.52,2.12,-0.6000000000000001,1.590105263157895
2024-04-24,Everton,Liverpool,2,0,6.7,3.5,72,0.5,18.2,51,0,0,0,0,0,0,2,2,win,1,1,0,0,0,1,0,-3.2,1,4,2024,2023,spring,0,1,0,0,333,0.8763157894736842,1.4,1.0,1.8,-0.8,2.0,2.0,1.2,0.8,1.2799999999999998,2.0,-0.7200000000000002,1.437157894736842
2024-04-24,Manchester United,Sheffield United,4,2,6.6,3.3,68,0.0,16.1,3,0,0,0,0,0,0,6,2,win,0,1,0,0,0,1,0,-3.3,1,4,2024,2023,spring,0,1,0,0,334,0.8789473684210526,1.2,2.0,1.8,0.2,0.4,1.4,2.8,-1.4,1.44,0.7,0.74,0.9404736842105261
2024-04-24,Wolverhampton Wanderers,Bournemouth,0,1,6.2,3.1,72,1.0,15.1,51,0,0,0,0,0,0,1,-1,loss,1,1,0,0,0,1,0,-3.1,1,4,2024,2023,spring,0,1,0,0,335,0.881578947368421,0.4,0.8,1.8,-1.0,1.4,1.4,1.6,-0.2,0.52,1.4,-0.8799999999999999,0.8463157894736841
2024-04-25,Brighton,Manchester City,0,4,8.2,4.5,76,3.3,27.1,53,0,0,0,0,0,0,4,-4,loss,1,1,0,0,0,1,0,-3.6999999999999993,1,4,2024,2023,spring,0,1,0,0,336,0.8842105263157894,1.0,0.6,1.2,-0.6,2.2,2.8,1.0,1.8,0.8799999999999999,2.38,-1.5,1.4412631578947368
2024-04-27,Aston Villa,Chelsea,2,2,5.6,2.0,87,2.8,18.7,51,0,0,0,0,0,0,4,0,draw,1,1,0,0,1,1,0,-3.5999999999999996,1,4,2024,2023,spring,0,1,0,0,337,0.8868421052631579,2.0,2.2,1.6,0.6,1.6,2.8,2.4,0.4,2.06,1.96,0.10000000000000009,1.782552631578947
2024-04-27,Everton,Brentford,1,0,7.3,3.9,74,0.8,18.4,51,0,0,0,0,0,0,1,1,win,1,1,0,0,0,1,0,-3.4,1,4,2024,2023,spring,0,1,0,0,338,0.8894736842105263,2.0,1.2,1.4,-0.2,1.8,2.2,1.0,1.2,1.7599999999999998,1.92,-0.16000000000000014,1.6366315789473682
2024-04-27,Fulham,Crystal Palace,1,1,9.0,5.4,82,9.2,22.8,61,0,0,0,0,0,0,2,0,draw,1,1,0,0,0,1,0,-3.5999999999999996,1,4,2024,2023,spring,0,1,0,0,339,0.8921052631578947,0.8,1.4,2.0,-0.6,1.8,2.0,1.4,0.6,0.98,1.8599999999999999,-0.8799999999999999,1.2667894736842105
2024-04-27,Manchester United,Burnley,1,1,7.2,3.6,74,0.2,18.8,51,0,0,0,0,0,0,2,0,draw,1,1,0,0,0,1,0,-3.6,1,4,2024,2023,spring,0,1,0,0,340,0.8947368421052632,1.2,2.4,2.2,0.2,1.2,1.6,1.2,0.4,1.56,1.3199999999999998,0.2400000000000002,1.288421052631579
2024-04-27,Newcastle United,Sheffield United,5,1,4.9,1.9,81,1.3,16.2,51,0,0,0,0,0,0,6,4,win,1,1,0,0,0,1,0,-3.0000000000000004,1,4,2024,2023,spring,0,1,0,0,341,0.8973684210526316,2.0,2.0,1.2,0.8,0.2,1.2,3.0,-1.8,2.0,0.5,1.5,1.1217105263157894
2024-04-27,West Ham United,Liverpool,2,2,9.0,5.7,82,7.4,21.7,61,0,0,0,0,0,0,4,0,draw,1,1,0,0,0,1,0,-3.3,1,4,2024,2023,spring,0,1,0,0,342,0.9,0.8,1.6,2.6,-1.0,1.4,1.6,1.4,0.2,1.04,1.46,-0.41999999999999993,1.125
2024-04-27,Wolverhampton Wanderers,Luton Town,2,1,6.0,2.2,84,1.8,19.6,51,0,0,0,0,0,0,3,1,win,1,1,0,0,0,1,0,-3.8,1,4,2024,2023,spring,0,1,0,0,343,0.9026315789473685,0.4,0.8,1.6,-0.8,0.6,1.0,3.0,-2.0,0.52,0.72,-0.19999999999999996,0.5596315789473685
2024-04-28,Bournemouth,Brighton,3,0,8.6,4.7,79,13.4,29.0,63,1,0,0,0,0,1,3,3,win,1,1,0,0,0,1,0,-3.8999999999999995,1,4,2024,2023,spring,0,1,0,0,344,0.9052631578947369,1.4,1.2,1.4,-0.2,0.4,0.4,2.0,-1.6,1.3399999999999999,0.39999999999999997,0.94,0.7875789473684209
2024-04-28,Nottingham Forest,Manchester City,0,2,6.5,2.0,80,26.5,27.5,63,1,0,0,0,0,1,2,-2,loss,1,1,0,0,0,1,0,-4.5,1,4,2024,2023,spring,0,1,0,0,345,0.9078947368421053,1.0,1.4,1.8,-0.4,2.6,3.4,0.8,2.6,1.1199999999999999,2.84,-1.72,1.7976315789473685
2024-04-28,Tottenham Hotspur,Arsenal,2,3,8.0,4.5,85,15.1,25.2,63,1,0,0,0,0,1,5,-1,loss,1,1,0,0,1,1,0,-3.5,1,4,2024,2023,spring,0,1,0,0,346,0.9105263157894737,1.4,1.2,2.0,-0.8,2.4,2.4,0.4,2.0,1.3399999999999999,2.4,-1.06,1.7026842105263158
2024-05-02,Chelsea,Tottenham Hotspur,2,0,13.8,12.1,83,3.3,22.4,55,0,0,0,0,0,0,2,2,win,1,0,0,0,0,0,0,-1.700000000000001,1,5,2024,2023,spring,0,1,0,0,347,0.9131578947368421,1.6,2.8,2.4,0.4,1.4,1.6,2.0,-0.4,1.96,1.46,0.5,1.5614999999999999
2024-05-03,Luton Town,Everton,1,1,9.7,6.5,90,11.2,24.1,63,1,0,0,0,0,1,2,0,draw,1,1,0,0,1,1,0,-3.1999999999999993,1,5,2024,2023,spring,0,1,0,0,348,0.9157894736842105,0.6,1.0,3.0,-2.0,2.4,1.2,1.2,0.0,0.72,2.04,-1.32,1.2637894736842104
2024-05-04,Arsenal,Bournemouth,3,0,11.1,9.3,80,0.9,13.4,51,0,0,0,0,0,0,3,3,win,1,0,0,0,0,1,0,-1.799999999999999,1,5,2024,2023,spring,0,1,0,0,349,0.9184210526315789,2.4,2.6,0.8,1.8,1.4,1.6,1.4,0.2,2.46,1.46,1.0,1.8001052631578947
2024-05-04,Brentford,Fulham,0,0,11.3,9.7,79,1.5,12.0,55,0,0,0,0,0,0,0,0,draw,1,0,0,0,0,1,0,-1.6000000000000014,1,5,2024,2023,spring,0,1,0,0,350,0.9210526315789473,1.6,2.0,1.0,1.0,0.8,1.0,1.6,-0.6,1.7199999999999998,0.8599999999999999,0.8599999999999999,1.1881578947368419
2024-05-04,Burnley,Newcastle United,1,4,10.2,8.4,95,4.3,17.0,53,0,0,0,0,0,0,5,-3,loss,1,0,0,0,1,1,0,-1.799999999999999,1,5,2024,2023,spring,0,1,0,0,351,0.9236842105263158,1.2,1.4,1.0,0.4,2.0,2.2,0.8,1.4,1.26,2.06,-0.8,1.5333157894736844
2024-05-04,Manchester City,Wolverhampton Wanderers,5,1,11.2,9.5,88,3.6,17.8,55,0,0,0,0,0,0,6,4,win,1,0,0,0,1,1,0,-1.6999999999999993,1,5,2024,2023,spring,0,1,0,0,352,0.9263157894736842,3.0,3.8,0.8,3.0,0.8,1.0,1.6,-0.6,3.2399999999999993,0.8599999999999999,2.3799999999999994,1.8989473684210525
2024-05-04,Sheffield United,Nottingham Forest,1,3,11.7,9.5,81,0.7,19.7,51,0,0,0,0,0,0,4,-2,loss,1,0,0,0,0,1,0,-2.1999999999999993,1,5,2024,2023,spring,0,1,0,0,353,0.9289473684210526,0.2,1.2,3.4,-2.2,0.8,1.2,2.0,-0.8,0.5,0.9199999999999999,-0.41999999999999993,0.6595526315789474
2024-05-05,Brighton,Aston Villa,1,0,10.5,8.9,92,0.2,16.3,51,0,0,0,0,0,0,1,1,win,1,0,0,0,1,1,0,-1.5999999999999996,1,5,2024,2023,spring,0,1,0,0,354,0.9315789473684211,0.4,0.2,2.2,-2.0,1.6,2.2,2.0,0.2,0.33999999999999997,1.7799999999999998,-1.44,0.9874736842105262
2024-05-05,Chelsea,West Ham United,5,0,11.5,10.0,82,0.3,17.8,51,0,0,0,0,0,0,5,5,win,1,0,0,0,0,0,0,-1.5,1,5,2024,2023,spring,0,1,0,0,355,0.9342105263157895,1.6,2.4,1.8,0.6,1.0,1.4,2.2,-0.8,1.8399999999999999,1.1199999999999999,0.72,1.3826315789473684
2024-05-05,Liverpool,Tottenham Hotspur,4,2,12.6,11.4,78,0.2,10.1,51,0,0,0,0,0,0,6,2,win,1,0,0,0,0,0,0,-1.1999999999999993,1,5,2024,2023,spring,0,1,0,0,356,0.9368421052631579,1.0,1.4,1.6,-0.2,0.8,1.2,2.2,-1.0,1.1199999999999999,0.9199999999999999,0.19999999999999996,0.9555789473684211
2024-05-06,Crystal Palace,Manchester United,4,0,11.4,10.0,92,11.1,15.0,61,1,0,0,0,0,1,4,4,win,1,0,0,0,1,0,0,-1.4000000000000004,1,5,2024,2023,spring,0,1,0,0,357,0.9394736842105263,2.0,2.2,1.4,0.8,1.2,2.4,2.2,0.2,2.06,1.56,0.5,1.7004473684210528
2024-05-11,Bournemouth,Brentford,1,2,15.6,14.1,74,0.0,18.5,3,0,0,0,0,0,0,3,-1,loss,0,0,0,0,0,0,0,-1.5,1,5,2024,2023,spring,0,1,0,0,358,0.9421052631578948,1.4,1.4,1.6,-0.2,1.6,2.0,1.0,1.0,1.4,1.7199999999999998,-0.31999999999999984,1.4696842105263157
2024-05-11,Everton,Sheffield United,1,0,17.8,16.3,69,0.0,21.7,3,0,0,0,0,0,0,1,1,win,0,0,0,0,0,0,0,-1.5,1,5,2024,2023,spring,0,1,0,0,359,0.9447368421052632,2.0,1.2,1.4,-0.2,0.0,1.0,3.6,-2.6,1.7599999999999998,0.3,1.4599999999999997,0.9730789473684209
2024-05-11,Fulham,Manchester City,0,4,15.2,13.7,78,0.0,20.9,3,0,0,0,0,0,0,4,-4,loss,0,0,0,0,0,0,0,-1.5,1,5,2024,2023,spring,0,1,0,0,360,0.9473684210526315,1.0,0.8,1.0,-0.2,3.0,4.0,0.8,3.2,0.94,3.3,-2.36,2.008421052631579
2024-05-11,Newcastle United,Brighton,1,1,15.7,15.0,82,0.0,16.1,3,0,0,0,0,0,0,2,0,draw,0,0,0,0,0,0,0,-0.6999999999999993,1,5,2024,2023,spring,0,1,0,0,361,0.95,2.4,2.8,0.8,2.0,0.8,0.4,2.2,-1.8,2.52,0.6799999999999999,1.84,1.52
2024-05-11,Nottingham Forest,Chelsea,2,3,15.3,14.1,77,0.0,18.0,3,0,0,0,0,0,0,5,-1,loss,0,0,0,0,0,0,0,-1.200000000000001,1,5,2024,2023,spring,0,1,0,0,362,0.9526315789473684,0.8,1.2,2.0,-0.8,2.0,3.0,1.4,1.6,0.9199999999999999,2.3,-1.38,1.533736842105263
2024-05-11,Tottenham Hotspur,Burnley,2,1,15.1,13.7,77,0.0,18.4,3,0,0,0,0,0,0,3,1,win,0,0,0,0,0,0,0,-1.4000000000000004,1,5,2024,2023,spring,0,1,0,0,363,0.9552631578947368,0.6,1.4,2.8,-1.4,1.0,1.4,1.6,-0.2,0.84,1.1199999999999999,-0.2799999999999999,0.9361578947368421
2024-05-11,West Ham United,Luton Town,3,1,15.1,13.8,78,0.0,19.8,3,0,0,0,0,0,0,4,2,win,0,0,0,0,0,0,0,-1.299999999999999,1,5,2024,2023,spring,0,1,0,0,364,0.9578947368421052,0.8,1.2,3.0,-1.8,0.8,1.2,2.8,-1.6,0.9199999999999999,0.9199999999999999,0.0,0.8812631578947367
2024-05-11,Wolverhampton Wanderers,Crystal Palace,1,3,16.5,15.1,70,0.0,17.7,3,0,0,0,0,0,0,4,-2,loss,0,0,0,0,0,0,0,-1.4000000000000004,1,5,2024,2023,spring,0,1,0,0,365,0.9605263157894737,0.8,1.0,2.2,-1.2,2.6,2.6,0.6,2.0,0.8599999999999999,2.5999999999999996,-1.7399999999999998,1.6617105263157892
2024-05-12,Manchester United,Arsenal,0,1,18.1,17.4,70,0.9,18.2,53,0,0,0,0,0,0,1,-1,loss,1,0,0,0,0,0,0,-0.7000000000000028,1,5,2024,2023,spring,0,1,0,0,366,0.9631578947368421,1.2,1.8,2.2,-0.4,2.4,2.6,0.8,1.8,1.38,2.46,-1.08,1.8492631578947367
2024-05-13,Aston Villa,Liverpool,3,3,14.3,11.5,79,1.6,28.6,53,0,0,0,0,0,0,6,0,draw,1,0,0,0,0,0,0,-2.8000000000000007,1,5,2024,2023,spring,0,1,0,0,367,0.9657894736842105,1.6,2.0,1.4,0.6,1.4,1.8,1.6,0.2,1.7199999999999998,1.52,0.19999999999999973,1.5645789473684208
2024-05-14,Tottenham Hotspur,Manchester City,0,2,14.3,12.8,84,6.5,19.4,61,0,0,0,0,0,0,2,-2,loss,1,0,0,0,0,0,0,-1.5,1,5,2024,2023,spring,0,1,0,0,368,0.968421052631579,0.6,1.2,2.8,-1.6,3.0,4.0,0.4,3.6,0.78,3.3,-2.5199999999999996,1.975578947368421
2024-05-15,Brighton,Chelsea,1,2,13.7,12.4,82,0.5,18.3,53,0,0,0,0,0,0,3,-1,loss,1,0,0,0,0,0,0,-1.299999999999999,1,5,2024,2023,spring,0,1,0,0,369,0.9710526315789474,1.0,0.6,1.8,-1.2,2.0,2.4,1.8,0.6,0.8799999999999999,2.12,-1.2400000000000002,1.456578947368421
2024-05-15,Manchester United,Newcastle United,3,2,15.1,14.1,81,2.6,14.1,61,0,0,0,0,0,0,5,1,win,1,0,0,0,0,0,0,-1.0,1,5,2024,2023,spring,0,1,0,0,370,0.9736842105263158,1.0,1.4,2.0,-0.6,2.0,2.8,1.0,1.8,1.1199999999999999,2.2399999999999998,-1.1199999999999999,1.6357894736842102
2024-05-19,Arsenal,Everton,2,1,15.1,13.3,73,0.0,19.5,3,0,0,0,0,0,0,3,1,win,0,0,0,0,0,0,0,-1.799999999999999,1,5,2024,2023,spring,0,1,0,0,371,0.9763157894736842,3.0,2.8,0.4,2.4,2.6,1.4,0.2,1.2,2.9399999999999995,2.2399999999999998,0.6999999999999997,2.528657894736842
2024-05-19,Brentford,Newcastle United,2,4,15.2,13.5,72,0.2,19.2,51,0,0,0,0,0,0,6,-2,loss,1,0,0,0,0,0,0,-1.6999999999999993,1,5,2024,2023,spring,0,1,0,0,372,0.9789473684210527,2.0,1.8,0.6,1.2,1.4,2.4,1.6,0.8,1.94,1.6999999999999997,0.2400000000000002,1.7816842105263158
2024-05-19,Brighton,Manchester United,0,2,14.1,13.7,85,1.2,16.3,53,0,0,0,0,0,0,2,-2,loss,1,0,0,0,1,0,0,-0.40000000000000036,1,5,2024,2023,spring,0,1,0,0,373,0.9815789473684211,0.8,0.6,2.0,-1.4,1.4,1.6,2.0,-0.4,0.74,1.46,-0.72,1.0797368421052633
2024-05-19,Burnley,Nottingham Forest,1,2,14.4,12.9,71,0.0,14.3,1,0,0,0,0,0,0,3,-1,loss,0,0,0,0,0,0,0,-1.5,1,5,2024,2023,spring,0,1,0,0,374,0.9842105263157894,1.0,1.6,1.8,-0.2,0.8,1.4,2.0,-0.6,1.18,0.98,0.19999999999999996,1.0629473684210526
2024-05-19,Chelsea,Bournemouth,2,1,15.2,13.5,72,0.2,19.3,51,0,0,0,0,0,0,3,1,win,1,0,0,0,0,0,0,-1.6999999999999993,1,5,2024,2023,spring,0,1,0,0,375,0.9868421052631579,2.6,2.8,1.0,1.8,1.2,1.2,1.6,-0.4,2.6599999999999997,1.2,1.4599999999999997,1.9046052631578945
2024-05-19,Crystal Palace,Aston Villa,5,0,15.0,13.4,73,0.1,16.2,51,0,0,0,0,0,0,5,5,win,1,0,0,0,0,0,0,-1.5999999999999996,1,5,2024,2023,spring,0,1,0,0,376,0.9894736842105263,2.6,3.0,0.8,2.2,1.6,2.0,1.4,0.6,2.7199999999999998,1.7199999999999998,1.0,2.1966315789473683
2024-05-19,Liverpool,Wolverhampton Wanderers,2,0,15.9,15.2,72,0.0,17.3,1,0,0,0,0,0,0,2,2,win,0,0,0,0,0,0,0,-0.7000000000000011,1,5,2024,2023,spring,0,1,0,0,377,0.9921052631578947,1.6,2.4,2.0,0.4,0.6,0.8,2.4,-1.6,1.8399999999999999,0.6599999999999999,1.18,1.2401315789473684
2024-05-19,Luton Town,Fulham,2,4,13.7,11.6,77,0.0,18.8,3,0,0,0,0,0,0,6,-2,loss,0,0,0,0,0,0,0,-2.0999999999999996,1,5,2024,2023,spring,0,1,0,0,378,0.9947368421052631,0.2,1.0,3.2,-2.2,1.0,0.8,1.6,-0.8,0.43999999999999995,0.94,-0.5,0.6863684210526315
2024-05-19,Manchester City,West Ham United,3,1,16.0,14.2,63,0.0,16.9,1,0,0,0,0,0,0,4,2,win,0,0,0,0,0,0,0,-1.8000000000000007,1,5,2024,2023,spring,0,1,0,0,379,0.9973684210526316,3.0,3.4,0.2,3.2,0.8,1.4,3.0,-1.6,3.1199999999999997,0.98,2.1399999999999997,2.0446052631578944
2024-05-19,Sheffield United,Tottenham Hotspur,0,3,13.8,12.1,75,0.0,16.5,1,0,0,0,0,0,0,3,-3,loss,0,0,0,0,0,0,0,-1.700000000000001,1,5,2024,2023,spring,0,1,0,0,380,1.0,0.0,1.0,3.4,-2.4,0.6,1.2,2.4,-1.2,0.3,0.78,-0.48000000000000004,0.54
