date,home_team,temperature,apparent_temperature,humidity,rain,wind,weather_code,heavy_rain_flag,strong_wind_flag,freezing_flag,heatwave_flag,storm_flag,extreme_weather_flag
2019-08-09,Liverpool,18.8,17.1,81,13.4,28.7,63,1,0,0,0,0,1
2019-08-10,Bournemouth,17.7,12.4,75,2.3,54.8,51,0,1,0,0,0,1
2019-08-10,Burnley,15.8,13.3,90,20.8,35.2,63,1,0,0,0,0,1
2019-08-10,Crystal Palace,18.1,13.6,72,1.4,47.1,53,0,0,0,0,0,0
2019-08-10,Tottenham Hotspur,18.1,13.9,72,2.4,44.6,55,0,0,0,0,0,0
2019-08-10,Watford,17.7,13.7,73,2.2,44.6,53,0,0,0,0,0,0
2019-08-10,West Ham United,18.4,14.1,70,1.9,45.8,53,0,0,0,0,0,0
2019-08-11,Leicester City,16.0,13.4,79,8.8,35.1,63,0,0,0,0,0,0
2019-08-11,Manchester United,14.9,12.7,81,4.6,24.5,53,0,0,0,0,0,0
2019-08-11,Newcastle United,14.8,14.3,89,18.7,16.3,63,1,0,0,0,0,1
2019-08-17,Arsenal,18.2,16.4,76,0.6,26.4,51,0,0,0,0,0,0
2019-08-17,Aston Villa,15.7,12.9,73,0.8,25.8,53,0,0,0,0,0,0
2019-08-17,Brighton,17.6,15.3,83,1.8,32.0,53,0,0,0,0,0,0
2019-08-17,Everton,16.0,13.0,71,1.5,28.0,53,0,0,0,0,0,0
2019-08-17,Manchester City,15.8,13.0,72,0.8,25.9,51,0,0,0,0,0,0
2019-08-17,Norwich City,18.4,16.1,68,0.3,26.8,51,0,0,0,0,0,0
2019-08-17,Southampton,17.4,15.9,79,0.1,23.8,51,0,0,0,0,0,0
2019-08-18,Chelsea,16.7,14.7,72,1.5,25.9,53,0,0,0,0,0,0
2019-08-18,Sheffield United,15.0,11.9,70,0.2,28.1,51,0,0,0,0,0,0
2019-08-19,Wolverhampton Wanderers,14.4,12.2,74,1.7,20.7,53,0,0,0,0,0,0
2019-08-23,Aston Villa,17.8,17.6,81,0.0,14.6,3,0,0,0,0,0,0
2019-08-24,Brighton,20.0,19.7,67,0.0,13.0,3,0,0,0,0,0,0
2019-08-24,Liverpool,19.0,18.6,74,0.0,17.2,3,0,0,0,0,0,0
2019-08-24,Manchester United,19.4,19.3,71,0.0,13.1,1,0,0,0,0,0,0
2019-08-24,Norwich City,19.1,19.4,75,0.0,13.5,3,0,0,0,0,0,0
2019-08-24,Sheffield United,19.0,19.0,74,0.0,13.4,3,0,0,0,0,0,0
2019-08-24,Watford,19.5,19.5,70,0.0,10.5,3,0,0,0,0,0,0
2019-08-25,Bournemouth,20.8,21.2,71,0.2,14.5,51,0,0,0,0,0,0
2019-08-25,Tottenham Hotspur,22.1,22.9,68,0.0,9.0,3,0,0,0,0,0,0
2019-08-25,Wolverhampton Wanderers,21.0,21.1,66,0.0,12.1,3,0,0,0,0,0,0
2019-08-31,Burnley,13.7,10.5,83,2.9,33.7,53,0,0,0,0,0,0
2019-08-31,Chelsea,17.1,15.6,72,0.3,27.0,51,0,0,0,0,0,0
2019-08-31,Crystal Palace,17.0,15.5,73,0.2,25.4,51,0,0,0,0,0,0
2019-08-31,Leicester City,15.0,12.1,77,0.8,32.4,51,0,0,0,0,0,0
2019-08-31,Manchester City,14.7,11.9,76,1.7,28.0,53,0,0,0,0,0,0
2019-08-31,Newcastle United,15.3,12.1,71,0.1,29.8,51,0,0,0,0,0,0
2019-08-31,Southampton,16.0,14.2,77,0.7,27.8,51,0,0,0,0,0,0
2019-08-31,West Ham United,17.2,15.9,71,0.4,26.5,51,0,0,0,0,0,0
2019-09-01,Arsenal,15.1,12.2,57,0.0,19.7,3,0,0,0,0,0,0
2019-09-01,Everton,13.8,10.1,70,2.2,31.8,51,0,0,0,0,0,0
2019-09-14,Brighton,15.0,14.1,77,0.0,15.0,3,0,0,0,0,0,0
2019-09-14,Liverpool,13.3,11.5,78,0.0,14.7,3,0,0,0,0,0,0
2019-09-14,Manchester United,12.6,10.9,76,0.0,15.8,3,0,0,0,0,0,0
2019-09-14,Norwich City,14.2,12.8,72,0.0,15.6,3,0,0,0,0,0,0
2019-09-14,Sheffield United,13.4,10.9,72,0.0,22.1,3,0,0,0,0,0,0
2019-09-14,Tottenham Hotspur,14.9,14.0,70,0.0,10.3,3,0,0,0,0,0,0
2019-09-14,Wolverhampton Wanderers,12.7,10.8,77,0.0,14.7,3,0,0,0,0,0,0
2019-09-15,Bournemouth,16.2,15.8,80,0.0,13.2,3,0,0,0,0,0,0
2019-09-15,Watford,16.9,16.2,72,0.0,15.0,3,0,0,0,0,0,0
2019-09-16,Aston Villa,13.8,13.2,89,1.8,13.5,61,0,0,0,0,0,0
2019-09-20,Southampton,15.6,12.2,60,0.0,23.9,0,0,0,0,0,0,0
2019-09-21,Burnley,14.6,11.6,75,0.0,25.4,3,0,0,0,0,0,0
2019-09-21,Everton,16.4,12.8,64,0.0,28.6,3,0,0,0,0,0,0
2019-09-21,Leicester City,16.1,13.1,64,0.0,22.1,3,0,0,0,0,0,0
2019-09-21,Manchester City,16.5,14.0,64,0.0,20.3,3,0,0,0,0,0,0
2019-09-21,Newcastle United,13.6,11.7,82,0.0,22.9,1,0,0,0,0,0,0
2019-09-22,Arsenal,17.7,17.0,80,5.7,22.0,61,0,0,0,0,0,0
2019-09-22,Chelsea,17.9,17.2,79,4.0,21.3,55,0,0,0,0,0,0
2019-09-22,Crystal Palace,18.0,17.0,79,5.8,21.2,61,0,0,0,0,0,0
2019-09-22,West Ham United,17.8,17.2,80,4.7,22.3,55,0,0,0,0,0,0
2019-09-28,Aston Villa,13.6,10.5,81,20.4,30.3,63,1,0,0,0,0,1
2019-09-28,Bournemouth,15.6,12.1,81,10.4,39.3,63,1,0,0,0,0,1
2019-09-28,Chelsea,15.1,12.0,78,6.1,33.0,63,0,0,0,0,0,0
2019-09-28,Crystal Palace,15.0,11.9,78,5.3,32.8,63,0,0,0,0,0,0
2019-09-28,Everton,13.8,11.0,85,15.8,36.8,63,1,0,0,0,0,1
2019-09-28,Sheffield United,13.5,10.9,84,9.4,26.6,61,0,0,0,0,0,0
2019-09-28,Tottenham Hotspur,14.8,11.8,79,6.7,33.0,63,0,0,0,0,0,0
2019-09-28,Wolverhampton Wanderers,13.7,10.9,82,18.2,25.5,63,1,0,0,0,0,1
2019-09-29,Leicester City,14.6,12.2,90,13.6,31.4,63,1,0,0,0,0,1
2019-09-30,Manchester United,12.3,11.0,88,16.4,19.8,63,1,0,0,0,0,1
2019-10-05,Brighton,12.4,11.1,86,0.9,14.8,51,0,0,0,0,0,0
2019-10-05,Burnley,10.8,8.4,86,6.3,24.6,61,0,0,0,0,0,0
2019-10-05,Liverpool,12.1,9.5,85,6.1,25.3,61,0,0,0,0,0,0
2019-10-05,Norwich City,12.6,10.4,76,0.0,17.3,3,0,0,0,0,0,0
2019-10-05,Watford,12.0,10.6,88,2.6,13.0,61,0,0,0,0,0,0
2019-10-05,West Ham United,12.2,10.9,87,1.2,12.6,53,0,0,0,0,0,0
2019-10-06,Arsenal,13.5,10.6,80,11.9,28.4,61,1,0,0,0,0,1
2019-10-06,Manchester City,11.9,9.6,91,11.6,24.3,63,1,0,0,0,0,1
2019-10-06,Newcastle United,11.1,8.0,89,21.9,30.5,63,1,0,0,0,0,1
2019-10-06,Southampton,13.9,11.0,78,5.6,26.1,61,0,0,0,0,0,0
2019-10-19,Aston Villa,8.7,6.0,88,0.2,21.3,51,0,0,0,0,0,0
2019-10-19,Bournemouth,11.2,8.6,80,0.5,25.8,51,0,0,0,0,0,0
2019-10-19,Chelsea,10.7,8.0,83,0.2,20.8,51,0,0,0,0,0,0
2019-10-19,Crystal Palace,10.8,8.1,82,0.5,20.0,51,0,0,0,0,0,0
2019-10-19,Everton,9.6,7.6,88,0.8,19.1,51,0,0,0,0,0,0
2019-10-19,Leicester City,9.3,6.5,87,0.6,24.5,51,0,0,0,0,0,0
2019-10-19,Tottenham Hotspur,10.7,8.1,82,0.3,19.3,51,0,0,0,0,0,0
2019-10-19,Wolverhampton Wanderers,8.7,6.1,87,0.4,16.5,51,0,0,0,0,0,0
2019-10-20,Manchester United,8.4,5.7,81,0.7,20.4,51,0,0,0,0,0,0
2019-10-21,Sheffield United,9.0,6.0,88,0.1,22.7,51,0,0,0,0,0,0
2019-10-25,Southampton,13.5,10.3,87,5.0,39.8,55,0,0,0,0,0,0
2019-10-26,Brighton,14.7,10.1,82,11.0,42.4,61,1,0,0,0,0,1
2019-10-26,Burnley,5.9,3.2,88,17.2,21.7,61,1,0,0,0,0,1
2019-10-26,Manchester City,6.8,4.3,87,24.9,18.8,63,1,0,0,0,0,1
2019-10-26,Watford,12.9,9.3,86,8.0,34.0,61,0,0,0,0,0,0
2019-10-26,West Ham United,14.0,10.4,82,5.5,35.3,61,0,0,0,0,0,0
2019-10-27,Arsenal,6.9,4.0,79,0.0,12.3,3,0,0,0,0,0,0
2019-10-27,Liverpool,9.3,4.6,68,0.0,28.2,3,0,0,0,0,0,0
2019-10-27,Newcastle United,7.1,2.1,77,0.0,37.4,0,0,0,0,0,0,0
2019-10-27,Norwich City,7.4,3.4,75,0.0,20.9,3,0,0,0,0,0,0
2019-11-02,Arsenal,11.3,6.6,83,5.7,47.1,63,0,0,0,0,0,0
2019-11-02,Aston Villa,9.2,5.5,88,13.0,26.8,63,1,0,0,0,0,1
2019-11-02,Bournemouth,11.6,5.6,80,10.6,66.6,63,1,1,0,0,0,1
2019-11-02,Brighton,11.9,5.4,84,16.9,60.2,63,1,1,0,0,0,1
2019-11-02,Manchester City,8.9,6.4,88,2.1,23.1,53,0,0,0,0,0,0
2019-11-02,Sheffield United,8.6,5.7,90,6.5,21.6,61,0,0,0,0,0,0
2019-11-02,Watford,10.7,6.4,86,6.7,41.3,63,0,0,0,0,0,0
2019-11-02,West Ham United,11.5,7.0,82,4.1,46.5,61,0,0,0,0,0,0
2019-11-03,Crystal Palace,9.0,6.7,89,1.5,18.0,53,0,0,0,0,0,0
2019-11-03,Everton,7.9,5.7,91,0.5,16.8,51,0,0,0,0,0,0
2019-11-08,Norwich City,5.5,2.1,89,0.8,23.3,51,0,0,0,0,0,0
2019-11-09,Burnley,2.6,-1.4,91,2.8,21.3,71,0,0,1,0,0,1
2019-11-09,Chelsea,5.0,1.9,92,5.0,21.0,55,0,0,0,0,0,0
2019-11-09,Leicester City,2.6,-1.1,92,10.3,26.2,61,1,0,1,0,0,1
2019-11-09,Newcastle United,3.5,0.1,78,0.2,14.7,51,0,0,0,0,0,0
2019-11-09,Southampton,3.8,0.8,95,10.3,18.3,63,1,0,0,0,0,1
2019-11-09,Tottenham Hotspur,4.8,1.6,92,5.2,19.4,55,0,0,0,0,0,0
2019-11-10,Liverpool,4.2,0.6,82,3.1,25.1,61,0,0,0,0,0,0
2019-11-10,Manchester United,5.1,1.8,78,2.0,20.2,55,0,0,0,0,0,0
2019-11-10,Wolverhampton Wanderers,5.1,1.5,84,3.5,22.5,55,0,0,0,0,0,0
2019-11-23,Arsenal,8.4,5.4,91,2.5,20.5,51,0,0,0,0,0,0
2019-11-23,Bournemouth,10.6,8.1,92,9.5,29.5,55,0,0,0,0,0,0
2019-11-23,Brighton,10.2,7.1,89,7.2,27.7,61,0,0,0,0,0,0
2019-11-23,Crystal Palace,8.6,5.8,91,2.5,19.1,51,0,0,0,0,0,0
2019-11-23,Everton,7.9,4.8,91,2.3,23.2,53,0,0,0,0,0,0
2019-11-23,Manchester City,8.4,5.2,88,2.6,24.4,53,0,0,0,0,0,0
2019-11-23,Watford,8.1,5.1,92,3.3,20.2,51,0,0,0,0,0,0
2019-11-23,West Ham United,8.6,5.7,91,2.5,19.8,51,0,0,0,0,0,0
2019-11-24,Sheffield United,7.8,6.0,95,0.1,10.7,51,0,0,0,0,0,0
2019-11-25,Aston Villa,9.1,6.5,97,2.5,19.8,51,0,0,0,0,0,0
2019-11-30,Burnley,1.3,-2.6,97,0.0,16.1,3,0,0,1,0,0,1
2019-11-30,Chelsea,2.9,-0.6,92,0.0,14.8,3,0,0,1,0,0,1
2019-11-30,Liverpool,1.3,-2.7,92,0.0,18.0,3,0,0,1,0,0,1
2019-11-30,Newcastle United,-0.8,-4.1,94,0.0,8.1,3,0,0,1,0,0,1
2019-11-30,Southampton,5.3,1.0,81,0.0,22.3,3,0,0,0,0,0,0
2019-11-30,Tottenham Hotspur,3.1,-0.2,92,0.0,13.8,3,0,0,1,0,0,1
2019-12-01,Leicester City,1.4,-2.6,92,0.0,18.6,3,0,0,1,0,0,1
2019-12-01,Manchester United,1.1,-2.2,89,0.0,12.9,3,0,0,1,0,0,1
2019-12-01,Norwich City,5.4,1.7,81,0.8,17.3,51,0,0,0,0,0,0
2019-12-01,Wolverhampton Wanderers,1.6,-2.2,90,0.0,16.4,3,0,0,1,0,0,1
2019-12-03,Burnley,4.8,1.2,95,0.0,18.0,3,0,0,0,0,0,0
2019-12-03,Crystal Palace,4.0,1.0,89,0.0,10.4,3,0,0,0,0,0,0
2019-12-04,Chelsea,3.4,0.5,90,0.0,12.1,3,0,0,0,0,0,0
2019-12-04,Leicester City,2.5,-1.0,94,0.0,14.0,3,0,0,1,0,0,1
2019-12-04,Liverpool,4.8,1.3,91,0.2,17.9,51,0,0,0,0,0,0
2019-12-04,Manchester United,3.8,0.5,90,0.1,15.3,51,0,0,0,0,0,0
2019-12-04,Southampton,4.2,1.5,90,0.0,11.7,3,0,0,0,0,0,0
2019-12-04,Wolverhampton Wanderers,2.0,-1.5,97,0.0,12.9,3,0,0,1,0,0,1
2019-12-05,Arsenal,3.9,-0.3,92,0.0,29.3,3,0,0,1,0,0,1
2019-12-05,Sheffield United,6.8,2.2,88,2.0,39.3,55,0,0,0,0,0,0
2019-12-07,Bournemouth,9.1,5.6,87,0.0,37.8,3,0,0,0,0,0,0
2019-12-07,Everton,9.4,5.3,86,2.8,34.2,55,0,0,0,0,0,0
2019-12-07,Manchester City,9.0,5.3,88,2.3,34.9,53,0,0,0,0,0,0
2019-12-07,Tottenham Hotspur,7.4,3.8,89,0.0,28.7,3,0,0,0,0,0,0
2019-12-07,Watford,7.2,3.7,90,0.0,27.5,3,0,0,0,0,0,0
2019-12-08,Aston Villa,7.3,1.8,79,1.5,37.8,53,0,0,0,0,0,0
2019-12-08,Brighton,9.6,3.3,79,5.9,45.1,61,0,0,0,0,0,0
2019-12-08,Newcastle United,7.4,1.0,75,3.5,41.8,61,0,0,0,0,0,0
2019-12-08,Norwich City,8.7,2.7,77,2.9,39.4,61,0,0,0,0,0,0
2019-12-09,West Ham United,5.7,1.1,77,1.0,30.0,51,0,0,0,0,0,0
2019-12-14,Burnley,3.0,-2.9,87,9.7,33.9,73,0,0,1,0,0,1
2019-12-14,Chelsea,5.9,0.4,77,6.9,35.0,73,0,0,0,0,0,0
2019-12-14,Leicester City,4.4,-1.7,75,2.0,36.2,53,0,0,1,0,0,1
2019-12-14,Liverpool,4.8,-1.7,75,5.3,41.8,71,0,0,1,0,0,1
2019-12-14,Sheffield United,3.7,-2.1,79,4.1,33.0,73,0,0,1,0,0,1
2019-12-14,Southampton,7.0,1.6,76,4.2,37.3,61,0,0,0,0,0,0
2019-12-15,Arsenal,6.8,1.5,78,3.4,31.5,55,0,0,0,0,0,0
2019-12-15,Manchester United,4.4,-0.4,82,6.4,27.2,73,0,0,1,0,0,1
2019-12-15,Wolverhampton Wanderers,4.5,-0.7,80,2.0,32.2,71,0,0,1,0,0,1
2019-12-16,Crystal Palace,7.2,4.4,92,2.6,23.7,53,0,0,0,0,0,0
2019-12-21,Aston Villa,5.7,2.2,94,3.0,21.8,55,0,0,0,0,0,0
2019-12-21,Bournemouth,9.3,4.8,85,12.5,33.1,63,1,0,0,0,0,1
2019-12-21,Brighton,9.1,3.7,87,14.3,37.2,63,1,0,0,0,0,1
2019-12-21,Everton,5.2,1.8,94,0.9,18.6,51,0,0,0,0,0,0
2019-12-21,Manchester City,5.9,2.8,91,0.8,16.2,51,0,0,0,0,0,0
2019-12-21,Newcastle United,4.2,1.5,95,0.9,13.5,53,0,0,0,0,0,0
2019-12-21,Norwich City,7.3,3.4,90,2.0,24.1,53,0,0,0,0,0,0
2019-12-22,Tottenham Hotspur,7.2,3.7,90,4.1,24.8,55,0,0,0,0,0,0
2019-12-22,Watford,6.8,3.4,91,4.1,24.7,55,0,0,0,0,0,0
2019-12-26,Aston Villa,4.1,0.6,95,2.5,26.9,53,0,0,0,0,0,0
2019-12-26,Bournemouth,9.8,5.2,86,13.8,39.4,61,1,0,0,0,0,1
2019-12-26,Chelsea,6.6,2.9,90,7.1,31.6,63,0,0,0,0,0,0
2019-12-26,Crystal Palace,7.0,3.0,90,6.0,32.2,61,0,0,0,0,0,0
2019-12-26,Everton,5.1,0.9,91,7.4,31.1,63,0,0,0,0,0,0
2019-12-26,Leicester City,4.4,0.7,95,3.8,28.1,53,0,0,0,0,0,0
2019-12-26,Manchester United,5.3,2.0,89,2.1,24.5,53,0,0,0,0,0,0
2019-12-26,Sheffield United,4.5,1.3,96,2.7,22.6,55,0,0,0,0,0,0
2019-12-26,Tottenham Hotspur,6.2,2.2,92,6.3,29.3,61,0,0,0,0,0,0
2019-12-27,Wolverhampton Wanderers,4.2,1.3,98,0.2,14.7,51,0,0,0,0,0,0
2019-12-28,Brighton,8.3,5.7,86,0.0,15.5,3,0,0,0,0,0,0
2019-12-28,Burnley,7.6,3.7,96,0.0,25.5,3,0,0,0,0,0,0
2019-12-28,Newcastle United,7.8,5.1,87,0.1,18.7,51,0,0,0,0,0,0
2019-12-28,Norwich City,7.2,4.2,91,0.0,17.1,3,0,0,0,0,0,0
2019-12-28,Southampton,8.8,6.7,93,0.0,12.2,3,0,0,0,0,0,0
2019-12-28,Watford,7.4,5.0,94,0.0,13.0,3,0,0,0,0,0,0
2019-12-28,West Ham United,7.7,5.6,90,0.0,11.9,3,0,0,0,0,0,0
2019-12-29,Arsenal,6.1,3.1,91,0.0,17.3,3,0,0,0,0,0,0
2019-12-29,Liverpool,7.6,4.0,89,0.0,21.9,3,0,0,0,0,0,0
2019-12-29,Manchester City,7.4,4.5,90,0.0,15.9,3,0,0,0,0,0,0
2020-01-01,Arsenal,5.1,2.8,93,0.0,10.6,3,0,0,0,0,0,0
2020-01-01,Brighton,6.5,4.3,90,0.1,10.2,51,0,0,0,0,0,0
2020-01-01,Burnley,4.8,1.7,96,0.0,19.0,3,0,0,0,0,0,0
2020-01-01,Manchester City,5.6,2.8,91,0.0,15.2,3,0,0,0,0,0,0
2020-01-01,Newcastle United,4.0,1.1,92,0.0,13.0,3,0,0,0,0,0,0
2020-01-01,Norwich City,5.1,2.1,92,0.0,13.8,3,0,0,0,0,0,0
2020-01-01,Southampton,6.1,3.8,92,0.0,10.9,3,0,0,0,0,0,0
2020-01-01,Watford,4.8,2.4,95,0.0,10.2,3,0,0,0,0,0,0
2020-01-01,West Ham United,5.1,2.9,93,0.0,9.1,3,0,0,0,0,0,0
2020-01-02,Liverpool,7.8,3.9,88,2.5,26.0,53,0,0,0,0,0,0
2020-01-10,Sheffield United,4.8,0.7,81,0.1,27.3,51,0,0,0,0,0,0
2020-01-11,Chelsea,8.9,3.8,80,0.0,33.1,3,0,0,0,0,0,0
2020-01-11,Crystal Palace,8.8,3.6,80,0.0,33.4,3,0,0,0,0,0,0
2020-01-11,Everton,10.3,6.2,81,6.0,31.1,61,0,0,0,0,0,0
2020-01-11,Leicester City,8.9,3.0,80,0.7,38.6,51,0,0,0,0,0,0
2020-01-11,Manchester United,10.1,5.5,80,8.1,34.3,61,0,0,0,0,0,0
2020-01-11,Tottenham Hotspur,8.7,3.8,80,0.0,31.1,3,0,0,0,0,0,0
2020-01-11,Wolverhampton Wanderers,9.0,4.0,82,2.5,32.4,55,0,0,0,0,0,0
2020-01-12,Aston Villa,7.2,3.1,89,4.3,30.7,61,0,0,0,0,0,0
2020-01-12,Bournemouth,9.6,4.8,83,2.1,42.4,53,0,0,0,0,0,0
2020-01-18,Arsenal,3.2,-0.5,85,0.0,15.1,2,0,0,1,0,0,1
2020-01-18,Brighton,3.4,-0.3,84,0.0,18.1,3,0,0,1,0,0,1
2020-01-18,Manchester City,3.7,0.2,84,0.1,16.5,51,0,0,0,0,0,0
2020-01-18,Newcastle United,3.4,-1.7,82,0.0,26.3,3,0,0,1,0,0,1
2020-01-18,Norwich City,3.7,-0.8,83,0.0,20.5,3,0,0,1,0,0,1
2020-01-18,Southampton,2.6,-0.6,90,0.0,13.8,3,0,0,1,0,0,1
2020-01-18,Watford,2.9,-0.8,86,0.0,14.9,2,0,0,1,0,0,1
2020-01-18,West Ham United,3.3,-0.3,85,0.0,15.0,2,0,0,1,0,0,1
2020-01-19,Burnley,2.0,-1.2,92,0.0,15.0,3,0,0,1,0,0,1
2020-01-19,Liverpool,2.0,-0.9,96,0.0,11.0,3,0,0,1,0,0,1
2020-01-21,Aston Villa,3.8,0.8,93,0.0,10.8,3,0,0,0,0,0,0
2020-01-21,Bournemouth,1.9,-1.2,90,0.0,8.3,1,0,0,1,0,0,1
2020-01-21,Chelsea,0.2,-3.0,96,0.0,10.9,3,0,0,1,0,0,1
2020-01-21,Crystal Palace,0.4,-2.5,95,0.0,6.6,3,0,0,1,0,0,1
2020-01-21,Everton,6.7,3.7,93,0.0,17.2,3,0,0,0,0,0,0
2020-01-21,Sheffield United,4.5,1.7,92,0.0,10.5,3,0,0,0,0,0,0
2020-01-22,Leicester City,6.4,4.5,97,0.0,10.5,3,0,0,0,0,0,0
2020-01-22,Manchester United,6.9,5.7,98,0.5,5.1,51,0,0,0,0,0,0
2020-01-22,Tottenham Hotspur,5.6,3.8,97,0.0,6.8,3,0,0,0,0,0,0
2020-01-23,Wolverhampton Wanderers,5.5,3.7,99,0.0,6.6,3,0,0,0,0,0,0
2020-01-29,West Ham United,5.2,0.4,76,0.0,24.7,3,0,0,0,0,0,0
2020-02-01,Bournemouth,9.4,5.1,83,0.5,30.9,51,0,0,0,0,0,0
2020-02-01,Crystal Palace,9.4,4.7,78,0.0,33.1,3,0,0,0,0,0,0
2020-02-01,Leicester City,8.7,3.2,75,0.0,39.7,3,0,0,0,0,0,0
2020-02-01,Liverpool,8.5,2.9,76,1.1,37.8,53,0,0,0,0,0,0
2020-02-01,Manchester United,8.5,3.8,77,1.1,32.2,51,0,0,0,0,0,0
2020-02-01,Newcastle United,8.1,2.6,74,0.6,36.1,51,0,0,0,0,0,0
2020-02-01,Watford,8.9,4.2,79,0.0,32.9,3,0,0,0,0,0,0
2020-02-01,West Ham United,9.6,4.8,76,0.0,34.0,3,0,0,0,0,0,0
2020-02-02,Burnley,6.6,3.0,92,10.4,27.1,61,1,0,0,0,0,1
2020-02-02,Tottenham Hotspur,9.7,5.7,82,4.7,30.2,61,0,0,0,0,0,0
2020-02-08,Brighton,9.0,4.8,85,3.8,34.9,61,0,0,0,0,0,0
2020-02-08,Everton,7.8,2.4,74,3.2,37.5,61,0,0,0,0,0,0
2020-02-09,Sheffield United,9.4,2.3,82,20.4,54.8,63,1,1,0,0,0,1
2020-02-14,Wolverhampton Wanderers,5.5,1.7,92,0.3,31.4,51,0,0,0,0,0,0
2020-02-15,Norwich City,11.0,5.5,88,3.7,50.5,53,0,1,0,0,0,1
2020-02-15,Southampton,11.2,5.9,91,19.0,46.4,63,1,0,0,0,0,1
2020-02-16,Arsenal,9.6,3.5,84,16.0,49.8,63,1,0,0,0,0,1
2020-02-16,Aston Villa,7.6,1.5,82,20.8,43.1,63,1,0,0,0,0,1
2020-02-17,Chelsea,7.3,1.4,68,1.0,35.4,53,0,0,0,0,0,0
2020-02-19,Manchester City,5.9,1.3,85,7.3,26.4,61,0,0,0,0,0,0
2020-02-22,Burnley,6.3,-0.4,88,19.2,45.0,71,1,0,1,0,0,1
2020-02-22,Chelsea,10.6,4.7,73,0.0,38.5,3,0,0,0,0,0,0
2020-02-22,Crystal Palace,10.4,4.8,74,0.1,38.5,51,0,0,0,0,0,0
2020-02-22,Leicester City,9.2,2.7,72,0.4,42.6,51,0,0,0,0,0,0
2020-02-22,Sheffield United,8.3,1.9,74,5.1,40.8,61,0,0,0,0,0,0
2020-02-22,Southampton,10.6,5.6,77,0.9,36.8,51,0,0,0,0,0,0
2020-02-23,Arsenal,9.9,5.2,77,1.3,43.5,51,0,0,0,0,0,0
2020-02-23,Manchester United,5.7,1.6,81,15.8,32.3,63,1,0,0,0,0,1
2020-02-23,Wolverhampton Wanderers,7.1,2.5,79,11.8,39.7,61,1,0,0,0,0,1
2020-02-24,Liverpool,7.1,1.2,83,16.8,47.9,71,1,0,0,0,0,1
2020-02-28,Norwich City,4.7,-0.3,86,8.6,36.8,61,0,0,1,0,0,1
2020-02-29,Bournemouth,7.5,0.1,72,6.1,59.0,61,0,1,0,0,0,1
2020-02-29,Brighton,7.6,0.0,72,7.1,46.9,63,0,0,1,0,0,1
2020-02-29,Newcastle United,6.0,0.7,77,6.9,36.4,73,0,0,0,0,0,0
2020-02-29,Watford,6.6,0.5,75,5.7,38.2,55,0,0,0,0,0,0
2020-02-29,West Ham United,7.3,1.0,73,4.7,38.3,55,0,0,0,0,0,0
2020-03-01,Everton,5.2,-1.1,67,0.7,40.8,51,0,0,1,0,0,1
2020-03-01,Tottenham Hotspur,6.0,0.3,65,0.5,30.2,51,0,0,0,0,0,0
2020-03-07,Arsenal,7.0,2.9,83,0.0,31.8,3,0,0,0,0,0,0
2020-03-07,Burnley,7.2,2.4,87,2.1,37.5,53,0,0,0,0,0,0
2020-03-07,Crystal Palace,7.1,3.0,84,0.0,32.1,3,0,0,0,0,0,0
2020-03-07,Liverpool,8.8,4.5,79,1.0,32.5,51,0,0,0,0,0,0
2020-03-07,Sheffield United,7.9,3.3,79,0.1,35.1,51,0,0,0,0,0,0
2020-03-07,Southampton,7.6,3.9,87,1.0,32.9,51,0,0,0,0,0,0
2020-03-07,Wolverhampton Wanderers,7.4,3.0,82,0.2,34.1,51,0,0,0,0,0,0
2020-03-08,Chelsea,9.2,4.3,78,3.3,38.0,55,0,0,0,0,0,0
2020-03-08,Manchester United,8.2,3.6,80,6.6,34.2,61,0,0,0,0,0,0
2020-03-09,Leicester City,6.7,1.5,79,6.1,34.8,61,0,0,0,0,0,0
2020-06-17,Aston Villa,15.8,16.0,88,4.1,11.5,55,0,0,0,0,0,0
2020-06-17,Manchester City,16.9,17.4,84,4.6,11.3,55,0,0,0,0,0,0
2020-06-19,Norwich City,15.8,13.9,77,0.8,25.3,51,0,0,0,0,0,0
2020-06-19,Tottenham Hotspur,15.4,13.5,79,1.6,23.6,51,0,0,0,0,0,0
2020-06-20,Bournemouth,15.5,14.1,85,2.2,21.5,53,0,0,0,0,0,0
2020-06-20,Brighton,15.7,14.4,80,0.5,20.6,51,0,0,0,0,0,0
2020-06-20,Watford,15.8,14.2,77,0.2,20.2,51,0,0,0,0,0,0
2020-06-20,West Ham United,16.5,15.1,75,0.3,18.4,51,0,0,0,0,0,0
2020-06-21,Aston Villa,14.9,11.8,73,5.7,25.7,63,0,0,0,0,0,0
2020-06-21,Everton,15.3,12.2,73,10.0,29.1,63,1,0,0,0,0,1
2020-06-21,Newcastle United,15.3,12.6,72,1.6,27.1,51,0,0,0,0,0,0
2020-06-22,Manchester City,15.8,13.6,72,0.0,23.8,3,0,0,0,0,0,0
2020-06-23,Leicester City,18.8,18.0,69,0.0,18.7,3,0,0,0,0,0,0
2020-06-23,Tottenham Hotspur,19.4,19.1,65,0.0,12.8,3,0,0,0,0,0,0
2020-06-24,Liverpool,20.1,21.7,78,0.0,12.7,3,0,0,0,0,0,0
2020-06-24,Manchester United,22.2,23.2,68,0.0,16.2,3,0,0,0,0,0,0
2020-06-24,Newcastle United,20.5,21.2,76,0.0,15.8,3,0,0,0,0,0,0
2020-06-24,Norwich City,20.6,20.1,64,0.0,16.8,3,0,0,0,0,0,0
2020-06-24,Wolverhampton Wanderers,21.7,22.1,65,0.0,15.0,1,0,0,0,0,0,0
2020-06-25,Burnley,20.7,20.5,74,0.0,20.1,3,0,0,0,0,0,0
2020-06-25,Chelsea,23.2,23.0,60,0.0,20.2,0,0,0,0,0,0,0
2020-06-25,Southampton,23.8,23.3,54,0.0,21.3,3,0,0,0,0,0,0
2020-06-27,Aston Villa,15.3,12.7,79,6.5,33.4,61,0,0,0,0,0,0
2020-06-28,Watford,14.9,10.8,65,0.7,30.9,51,0,0,0,0,0,0
2020-06-29,Crystal Palace,15.1,10.6,61,0.1,35.0,51,0,0,0,0,0,0
2020-06-30,Brighton,15.4,12.9,90,5.7,33.1,55,0,0,0,0,0,0
2020-07-01,Arsenal,16.9,14.7,75,1.7,24.3,53,0,0,0,0,0,0
2020-07-01,Bournemouth,16.1,13.8,81,0.6,31.7,51,0,0,0,0,0,0
2020-07-01,Everton,14.6,14.1,86,3.7,13.4,53,0,0,0,0,0,0
2020-07-01,West Ham United,17.2,15.1,74,1.8,24.9,53,0,0,0,0,0,0
2020-07-02,Manchester City,14.1,13.6,85,2.5,13.6,53,0,0,0,0,0,0
2020-07-02,Sheffield United,13.7,12.9,86,5.7,16.3,61,0,0,0,0,0,0
2020-07-04,Chelsea,18.1,15.5,81,1.0,33.0,51,0,0,0,0,0,0
2020-07-04,Leicester City,17.0,14.5,83,4.2,31.9,61,0,0,0,0,0,0
2020-07-04,Manchester United,16.6,15.6,87,4.9,27.2,53,0,0,0,0,0,0
2020-07-04,Norwich City,18.2,15.9,79,1.0,30.9,51,0,0,0,0,0,0
2020-07-04,Wolverhampton Wanderers,16.6,14.8,85,2.2,27.8,53,0,0,0,0,0,0
2020-07-05,Burnley,13.1,8.3,83,12.4,39.8,61,1,0,0,0,0,1
2020-07-05,Liverpool,15.0,9.2,69,1.9,46.4,51,0,0,0,0,0,0
2020-07-05,Newcastle United,14.8,9.8,69,0.4,41.1,51,0,0,0,0,0,0
2020-07-05,Southampton,16.6,13.0,68,0.4,31.2,51,0,0,0,0,0,0
2020-07-06,Tottenham Hotspur,15.3,11.9,60,0.1,26.2,51,0,0,0,0,0,0
2020-07-07,Arsenal,15.2,13.2,69,2.2,23.5,53,0,0,0,0,0,0
2020-07-07,Crystal Palace,15.4,13.6,68,1.3,23.4,51,0,0,0,0,0,0
2020-07-07,Watford,14.7,12.7,71,3.4,21.9,53,0,0,0,0,0,0
2020-07-08,Brighton,16.1,14.5,92,6.4,26.3,53,0,0,0,0,0,0
2020-07-08,Manchester City,13.6,12.0,84,7.8,16.9,61,0,0,0,0,0,0
2020-07-08,Sheffield United,12.6,11.1,88,8.0,14.3,61,0,0,0,0,0,0
2020-07-08,West Ham United,16.5,16.1,90,11.8,17.4,63,1,0,0,0,0,1
2020-07-09,Aston Villa,14.1,12.8,93,6.6,21.2,53,0,0,0,0,0,0
2020-07-09,Bournemouth,16.6,14.4,87,1.4,30.9,53,0,0,0,0,0,0
2020-07-09,Everton,13.7,11.8,84,8.5,23.7,63,0,0,0,0,0,0
2020-07-11,Brighton,15.1,13.1,61,0.0,14.1,3,0,0,0,0,0,0
2020-07-11,Liverpool,13.1,10.4,74,1.0,23.2,51,0,0,0,0,0,0
2020-07-11,Norwich City,13.9,12.1,75,0.0,16.5,3,0,0,0,0,0,0
2020-07-11,Sheffield United,13.2,10.5,70,0.0,18.5,3,0,0,0,0,0,0
2020-07-11,Watford,14.3,12.1,65,0.0,15.9,3,0,0,0,0,0,0
2020-07-12,Aston Villa,14.2,12.9,69,0.0,10.8,3,0,0,0,0,0,0
2020-07-12,Bournemouth,16.2,14.7,65,0.0,16.2,3,0,0,0,0,0,0
2020-07-12,Tottenham Hotspur,16.1,15.2,65,0.0,11.9,3,0,0,0,0,0,0
2020-07-12,Wolverhampton Wanderers,14.0,12.8,70,0.0,11.0,3,0,0,0,0,0,0
2020-07-13,Manchester United,15.2,14.1,81,4.3,18.8,53,0,0,0,0,0,0
2020-07-14,Chelsea,17.3,16.6,73,1.4,12.1,53,0,0,0,0,0,0
2020-07-15,Arsenal,15.8,14.4,72,0.6,14.9,51,0,0,0,0,0,0
2020-07-15,Burnley,13.1,11.1,93,4.4,24.6,53,0,0,0,0,0,0
2020-07-15,Manchester City,14.1,12.6,87,3.9,20.4,53,0,0,0,0,0,0
2020-07-15,Newcastle United,14.7,13.1,79,0.5,20.5,51,0,0,0,0,0,0
2020-07-16,Crystal Palace,18.1,17.4,72,0.0,16.1,3,0,0,0,0,0,0
2020-07-16,Everton,16.3,14.6,84,0.4,24.1,51,0,0,0,0,0,0
2020-07-16,Leicester City,17.1,15.8,78,0.0,21.6,3,0,0,0,0,0,0
2020-07-16,Southampton,19.0,18.1,70,0.0,15.3,3,0,0,0,0,0,0
2020-07-17,West Ham United,21.0,21.1,66,0.1,17.4,51,0,0,0,0,0,0
2020-07-18,Norwich City,18.8,18.7,77,0.2,16.0,51,0,0,0,0,0,0
2020-07-19,Bournemouth,16.6,15.8,77,4.3,21.7,61,0,0,0,0,0,0
2020-07-19,Tottenham Hotspur,16.4,15.8,76,2.8,13.9,53,0,0,0,0,0,0
2020-07-20,Brighton,16.0,14.9,69,0.1,14.8,51,0,0,0,0,0,0
2020-07-20,Sheffield United,13.5,10.6,67,0.0,19.0,3,0,0,0,0,0,0
2020-07-20,Wolverhampton Wanderers,12.7,10.4,72,0.0,16.0,3,0,0,0,0,0,0
2020-07-21,Aston Villa,13.8,12.3,69,0.0,11.8,3,0,0,0,0,0,0
2020-07-21,Watford,15.1,13.4,63,0.0,9.7,3,0,0,0,0,0,0
2020-07-22,Liverpool,15.4,14.0,76,0.5,19.6,51,0,0,0,0,0,0
2020-07-22,Manchester United,15.5,14.2,74,1.0,17.7,51,0,0,0,0,0,0
2020-07-26,Arsenal,17.1,14.9,73,0.3,23.9,51,0,0,0,0,0,0
2020-07-26,Burnley,14.6,12.3,85,3.4,24.3,51,0,0,0,0,0,0
2020-07-26,Chelsea,17.2,15.1,74,0.0,24.0,3,0,0,0,0,0,0
2020-07-26,Crystal Palace,16.9,14.9,74,0.2,23.2,51,0,0,0,0,0,0
2020-07-26,Everton,15.8,13.5,76,1.8,22.4,51,0,0,0,0,0,0
2020-07-26,Leicester City,16.3,13.6,72,0.1,25.5,51,0,0,0,0,0,0
2020-07-26,Manchester City,15.9,13.9,75,3.1,24.2,55,0,0,0,0,0,0
2020-07-26,Newcastle United,16.0,14.0,73,0.6,23.5,51,0,0,0,0,0,0
2020-07-26,Southampton,16.5,14.8,79,0.7,25.9,51,0,0,0,0,0,0
2020-07-26,West Ham United,17.3,15.2,73,0.7,23.5,51,0,0,0,0,0,0
2020-09-12,Crystal Palace,15.6,13.7,75,0.0,20.4,3,0,0,0,0,0,0
2020-09-12,Fulham,15.7,13.9,74,0.0,20.4,3,0,0,0,0,0,0
2020-09-12,Liverpool,14.5,11.6,72,0.4,26.1,51,0,0,0,0,0,0
2020-09-12,West Ham United,15.8,13.9,73,0.0,19.7,3,0,0,0,0,0,0
2020-09-13,Tottenham Hotspur,16.9,16.0,79,0.0,18.2,3,0,0,0,0,0,0
2020-09-13,West Bromwich Albion,16.3,14.7,81,0.0,22.0,3,0,0,0,0,0,0
2020-09-14,Brighton,19.4,18.8,68,0.0,15.3,0,0,0,0,0,0,0
2020-09-14,Sheffield United,17.6,17.3,77,0.0,12.7,3,0,0,0,0,0,0
2020-09-19,Arsenal,17.4,14.6,66,0.0,26.0,3,0,0,0,0,0,0
2020-09-19,Everton,13.5,10.8,77,0.0,25.4,3,0,0,0,0,0,0
2020-09-19,Leeds United,13.2,10.3,79,0.0,24.3,3,0,0,0,0,0,0
2020-09-19,Manchester United,13.6,11.1,78,0.0,22.9,3,0,0,0,0,0,0
2020-09-20,Chelsea,17.9,15.9,68,0.0,20.4,3,0,0,0,0,0,0
2020-09-20,Leicester City,14.2,12.0,82,0.0,24.0,3,0,0,0,0,0,0
2020-09-20,Newcastle United,13.4,12.5,88,0.4,11.8,51,0,0,0,0,0,0
2020-09-20,Southampton,18.0,16.2,68,0.0,21.6,3,0,0,0,0,0,0
2020-09-21,Aston Villa,15.0,14.9,83,0.0,8.1,3,0,0,0,0,0,0
2020-09-21,Wolverhampton Wanderers,14.9,14.9,84,0.0,8.7,3,0,0,0,0,0,0
2020-09-26,Brighton,9.8,4.3,67,0.0,35.6,3,0,0,0,0,0,0
2020-09-26,Burnley,7.6,3.7,73,0.0,24.3,3,0,0,0,0,0,0
2020-09-26,Crystal Palace,9.9,4.8,65,0.0,31.8,3,0,0,0,0,0,0
2020-09-26,West Bromwich Albion,8.3,3.4,69,0.2,28.8,51,0,0,0,0,0,0
2020-09-27,Manchester City,8.2,5.5,78,0.0,14.6,3,0,0,0,0,0,0
2020-09-27,Sheffield United,9.7,5.7,76,0.0,29.9,3,0,0,0,0,0,0
2020-09-27,Tottenham Hotspur,11.8,7.2,71,0.4,32.8,51,0,0,0,0,0,0
2020-09-27,West Ham United,12.0,7.6,70,0.4,33.3,51,0,0,0,0,0,0
2020-09-28,Fulham,13.1,10.9,72,0.2,16.5,51,0,0,0,0,0,0
2020-09-28,Liverpool,10.4,8.8,89,1.0,14.8,51,0,0,0,0,0,0
2020-10-03,Chelsea,13.2,11.2,89,34.6,30.3,63,1,0,0,0,0,1
2020-10-03,Everton,11.5,7.9,90,21.9,34.4,61,1,0,0,0,0,1
2020-10-03,Leeds United,12.2,10.5,97,23.4,25.1,63,1,0,0,0,0,1
2020-10-03,Newcastle United,12.1,10.3,97,33.3,17.9,63,1,0,0,0,0,1
2020-10-04,Arsenal,9.7,6.2,90,26.7,28.9,63,1,0,0,0,0,1
2020-10-04,Aston Villa,9.9,7.0,88,18.2,24.4,63,1,0,0,0,0,1
2020-10-04,Leicester City,10.1,8.0,89,8.1,17.3,61,0,0,0,0,0,0
2020-10-04,Manchester United,11.4,9.1,84,10.5,27.1,63,1,0,0,0,0,1
2020-10-04,Southampton,9.9,6.5,89,11.3,30.2,61,1,0,0,0,0,1
2020-10-04,Wolverhampton Wanderers,10.2,7.4,87,18.8,24.6,63,1,0,0,0,0,1
2020-10-17,Chelsea,10.0,8.3,85,1.6,10.8,51,0,0,0,0,0,0
2020-10-17,Everton,8.1,6.2,89,0.0,10.1,3,0,0,0,0,0,0
2020-10-17,Manchester City,8.8,6.9,87,0.1,11.6,51,0,0,0,0,0,0
2020-10-17,Newcastle United,10.0,7.7,90,1.7,19.7,53,0,0,0,0,0,0
2020-10-18,Crystal Palace,9.0,7.4,86,0.0,8.2,3,0,0,0,0,0,0
2020-10-18,Leicester City,8.6,6.9,89,0.0,11.6,3,0,0,0,0,0,0
2020-10-18,Sheffield United,8.6,6.8,90,0.0,12.3,3,0,0,0,0,0,0
2020-10-18,Tottenham Hotspur,9.4,7.9,85,0.1,9.0,51,0,0,0,0,0,0
2020-10-19,Leeds United,10.2,7.4,80,2.1,23.0,53,0,0,0,0,0,0
2020-10-19,West Bromwich Albion,10.0,6.5,80,0.1,28.4,51,0,0,0,0,0,0
2020-10-23,Aston Villa,8.8,6.0,84,2.8,22.7,53,0,0,0,0,0,0
2020-10-24,Fulham,12.9,9.1,83,6.1,43.1,61,0,0,0,0,0,0
2020-10-24,Liverpool,10.1,6.8,85,9.4,33.7,61,0,0,0,0,0,0
2020-10-24,Manchester United,10.3,6.8,85,16.1,33.8,63,1,0,0,0,0,1
2020-10-24,West Ham United,13.0,9.3,82,6.1,41.8,61,0,0,0,0,0,0
2020-10-25,Arsenal,10.1,6.6,81,0.6,25.6,51,0,0,0,0,0,0
2020-10-25,Southampton,10.1,6.9,83,6.8,28.2,63,0,0,0,0,0,0
2020-10-25,Wolverhampton Wanderers,7.9,4.1,87,0.9,23.7,51,0,0,0,0,0,0
2020-10-26,Brighton,10.5,6.9,78,2.2,27.4,53,0,0,0,0,0,0
2020-10-26,Burnley,7.6,3.4,91,10.3,29.2,61,1,0,0,0,0,1
2020-10-30,Wolverhampton Wanderers,13.2,11.1,91,3.9,29.6,53,0,0,0,0,0,0
2020-10-31,Burnley,11.2,6.4,83,4.8,44.8,55,0,0,0,0,0,0
2020-10-31,Liverpool,12.3,7.9,79,2.7,45.0,55,0,0,0,0,0,0
2020-10-31,Sheffield United,11.9,7.9,84,3.8,45.1,53,0,0,0,0,0,0
2020-11-01,Aston Villa,12.7,8.2,83,1.0,42.1,51,0,0,0,0,0,0
2020-11-01,Manchester United,12.6,8.4,80,11.7,38.8,63,1,0,0,0,0,1
2020-11-01,Newcastle United,11.0,6.2,77,6.8,38.8,61,0,0,0,0,0,0
2020-11-01,Tottenham Hotspur,14.4,10.7,83,1.5,39.0,51,0,0,0,0,0,0
2020-11-02,Fulham,13.7,8.9,73,1.2,45.1,51,0,0,0,0,0,0
2020-11-02,Leeds United,11.1,6.4,81,7.9,38.2,61,0,0,0,0,0,0
2020-11-06,Brighton,8.4,4.6,81,0.0,22.7,3,0,0,0,0,0,0
2020-11-06,Southampton,7.4,4.0,84,0.0,20.2,2,0,0,0,0,0,0
2020-11-07,Chelsea,8.8,6.9,92,0.0,11.4,3,0,0,0,0,0,0
2020-11-07,Crystal Palace,9.7,8.0,91,0.0,13.1,3,0,0,0,0,0,0
2020-11-07,Everton,7.5,4.3,89,0.0,17.7,3,0,0,0,0,0,0
2020-11-07,West Ham United,8.9,7.1,92,0.0,11.7,3,0,0,0,0,0,0
2020-11-08,Arsenal,11.5,10.7,96,0.1,12.0,51,0,0,0,0,0,0
2020-11-08,Leicester City,10.4,9.0,97,1.4,14.9,51,0,0,0,0,0,0
2020-11-08,Manchester City,11.0,9.9,91,3.4,11.5,53,0,0,0,0,0,0
2020-11-08,West Bromwich Albion,10.4,8.9,96,0.8,14.2,51,0,0,0,0,0,0
2020-11-21,Aston Villa,10.5,6.7,87,1.0,28.6,51,0,0,0,0,0,0
2020-11-21,Manchester United,10.4,7.2,88,3.3,23.5,55,0,0,0,0,0,0
2020-11-21,Newcastle United,10.3,6.3,78,0.2,29.0,51,0,0,0,0,0,0
2020-11-21,Tottenham Hotspur,10.5,6.9,85,0.0,29.8,3,0,0,0,0,0,0
2020-11-22,Fulham,8.9,6.7,87,0.1,17.6,51,0,0,0,0,0,0
2020-11-22,Leeds United,6.7,3.1,80,0.2,24.9,51,0,0,0,0,0,0
2020-11-22,Liverpool,8.3,3.8,72,0.7,24.9,51,0,0,0,0,0,0
2020-11-22,Sheffield United,6.4,3.2,83,0.0,17.3,3,0,0,0,0,0,0
2020-11-23,Burnley,6.2,2.0,91,0.0,27.7,3,0,0,0,0,0,0
2020-11-23,Wolverhampton Wanderers,5.1,1.6,93,0.0,24.6,3,0,0,0,0,0,0
2020-11-27,Crystal Palace,4.7,1.9,94,0.0,11.5,3,0,0,0,0,0,0
2020-11-28,Brighton,9.2,6.6,92,0.0,16.2,3,0,0,0,0,0,0
2020-11-28,Everton,5.6,2.4,89,1.1,17.2,53,0,0,0,0,0,0
2020-11-28,Manchester City,6.6,3.9,86,3.4,12.6,55,0,0,0,0,0,0
2020-11-28,West Bromwich Albion,6.1,3.3,97,4.7,16.1,61,0,0,0,0,0,0
2020-11-29,Arsenal,7.2,5.3,96,0.0,12.9,3,0,0,0,0,0,0
2020-11-29,Chelsea,7.4,5.5,95,0.0,13.7,3,0,0,0,0,0,0
2020-11-29,Southampton,7.0,5.0,95,0.0,11.3,3,0,0,0,0,0,0
2020-11-30,Leicester City,7.3,3.5,92,1.0,28.7,51,0,0,0,0,0,0
2020-11-30,West Ham United,7.5,4.3,92,2.1,25.0,53,0,0,0,0,0,0
2020-12-05,Burnley,2.4,-1.5,95,1.9,24.2,73,0,0,1,0,0,1
2020-12-05,Chelsea,3.8,-0.0,85,0.0,18.0,3,0,0,1,0,0,1
2020-12-05,Manchester City,3.1,-0.6,90,1.8,19.3,53,0,0,1,0,0,1
2020-12-05,West Ham United,3.8,0.0,86,0.1,16.6,51,0,0,1,0,0,1
2020-12-06,Liverpool,2.9,0.2,95,1.9,11.1,53,0,0,0,0,0,0
2020-12-06,Sheffield United,3.3,0.7,95,10.5,10.2,73,1,0,0,0,0,1
2020-12-06,Tottenham Hotspur,2.5,-1.0,95,0.5,15.4,51,0,0,1,0,0,1
2020-12-06,West Bromwich Albion,2.1,-0.7,98,2.6,10.8,73,0,0,1,0,0,1
2020-12-07,Brighton,2.8,-0.2,94,1.4,12.1,51,0,0,1,0,0,1
2020-12-11,Leeds United,6.3,3.9,98,4.5,20.6,53,0,0,0,0,0,0
2020-12-12,Everton,7.3,3.8,90,5.1,26.6,53,0,0,0,0,0,0
2020-12-12,Manchester United,6.8,4.3,94,4.2,19.9,53,0,0,0,0,0,0
2020-12-12,Newcastle United,6.4,4.5,97,4.3,10.9,53,0,0,0,0,0,0
2020-12-12,Wolverhampton Wanderers,5.7,2.4,91,0.8,21.2,51,0,0,0,0,0,0
2020-12-13,Arsenal,6.7,3.0,93,5.9,29.0,61,0,0,0,0,0,0
2020-12-13,Crystal Palace,7.0,3.2,92,6.0,29.8,61,0,0,0,0,0,0
2020-12-13,Fulham,6.8,3.2,92,5.4,28.9,55,0,0,0,0,0,0
2020-12-13,Leicester City,6.0,1.7,93,7.7,32.3,71,0,0,0,0,0,0
2020-12-13,Southampton,8.3,4.7,93,11.7,29.3,61,1,0,0,0,0,1
2020-12-15,Manchester City,6.9,3.1,86,0.0,19.1,3,0,0,0,0,0,0
2020-12-15,Wolverhampton Wanderers,6.2,2.3,91,0.0,20.3,3,0,0,0,0,0,0
2020-12-16,Arsenal,8.8,5.0,88,3.4,28.6,61,0,0,0,0,0,0
2020-12-16,Fulham,8.9,5.2,88,3.1,28.4,55,0,0,0,0,0,0
2020-12-16,Leeds United,7.6,3.7,89,4.9,30.8,53,0,0,0,0,0,0
2020-12-16,Leicester City,7.8,3.3,90,4.4,32.4,53,0,0,0,0,0,0
2020-12-16,Liverpool,7.9,3.3,88,4.0,37.5,61,0,0,0,0,0,0
2020-12-16,West Ham United,8.9,5.2,88,2.9,27.8,55,0,0,0,0,0,0
2020-12-17,Aston Villa,7.0,2.8,92,0.6,31.5,51,0,0,0,0,0,0
2020-12-17,Sheffield United,7.0,2.7,89,1.5,30.6,55,0,0,0,0,0,0
2020-12-19,Crystal Palace,9.8,5.5,87,4.7,28.8,61,0,0,0,0,0,0
2020-12-19,Everton,8.9,5.0,84,2.0,25.7,55,0,0,0,0,0,0
2020-12-19,Newcastle United,9.2,5.4,83,3.5,30.6,55,0,0,0,0,0,0
2020-12-19,Southampton,10.0,5.7,86,10.6,33.8,63,1,0,0,0,0,1
2020-12-20,Brighton,8.8,4.1,85,3.6,32.8,53,0,0,0,0,0,0
2020-12-20,Manchester United,6.4,2.3,85,0.0,23.7,3,0,0,0,0,0,0
2020-12-20,Tottenham Hotspur,7.5,3.8,87,0.2,22.8,51,0,0,0,0,0,0
2020-12-20,West Bromwich Albion,5.6,1.4,91,0.3,23.1,51,0,0,0,0,0,0
2020-12-21,Burnley,6.3,3.2,95,5.9,20.9,61,0,0,0,0,0,0
2020-12-21,Chelsea,11.0,7.8,91,7.4,30.4,61,0,0,0,0,0,0
2020-12-26,Arsenal,5.8,0.8,87,0.2,44.3,51,0,0,0,0,0,0
2020-12-26,Aston Villa,6.5,1.2,86,3.4,44.0,61,0,0,0,0,0,0
2020-12-26,Fulham,6.0,1.1,87,0.2,44.3,51,0,0,0,0,0,0
2020-12-26,Leicester City,6.4,0.7,86,2.1,49.9,61,0,0,0,0,0,0
2020-12-26,Manchester City,7.2,2.5,84,9.5,37.8,63,0,0,0,0,0,0
2020-12-26,Sheffield United,7.1,1.5,81,7.0,47.6,63,0,0,0,0,0,0
2020-12-27,Leeds United,3.8,-1.2,86,9.9,36.2,61,0,0,1,0,0,1
2020-12-27,Liverpool,4.7,-0.5,84,9.4,41.4,61,0,0,1,0,0,1
2020-12-27,West Ham United,5.6,0.7,85,14.0,48.4,61,1,0,0,0,0,1
2020-12-27,Wolverhampton Wanderers,3.9,-0.9,85,10.3,39.7,63,1,0,1,0,0,1
2020-12-28,Chelsea,1.4,-2.1,94,0.3,16.5,51,0,0,1,0,0,1
2020-12-28,Crystal Palace,1.8,-1.7,93,0.2,15.8,51,0,0,1,0,0,1
2020-12-29,Brighton,1.3,-2.3,92,1.1,14.7,73,0,0,1,0,0,1
2020-12-29,Burnley,-0.2,-3.6,96,2.4,13.8,73,0,0,1,0,0,1
2020-12-29,Manchester United,-0.0,-3.1,94,2.5,13.6,75,0,0,1,0,1,1
2020-12-29,Southampton,1.3,-2.2,93,2.2,18.4,73,0,0,1,0,0,1
2020-12-29,West Bromwich Albion,-0.5,-4.6,96,2.8,19.4,75,0,0,1,0,1,1
2020-12-30,Newcastle United,-0.8,-5.0,90,0.0,13.3,2,0,0,1,0,0,1
2021-01-01,Everton,2.2,-1.6,90,1.6,16.2,51,0,0,1,0,0,1
2021-01-01,Manchester United,0.5,-2.5,93,0.9,10.5,71,0,0,1,0,0,1
2021-01-02,Brighton,2.7,-1.1,91,0.1,14.8,51,0,0,1,0,0,1
2021-01-02,Crystal Palace,2.2,-1.0,91,0.0,13.2,3,0,0,1,0,0,1
2021-01-02,Tottenham Hotspur,2.3,-1.3,90,0.0,15.2,3,0,0,1,0,0,1
2021-01-02,West Bromwich Albion,-0.2,-4.0,95,1.4,13.5,73,0,0,1,0,0,1
2021-01-03,Chelsea,1.8,-2.1,92,0.6,19.7,51,0,0,1,0,0,1
2021-01-03,Newcastle United,3.8,-0.2,90,3.6,19.8,71,0,0,1,0,0,1
2021-01-04,Southampton,2.9,-2.3,85,0.1,27.5,51,0,0,1,0,0,1
2021-01-12,Burnley,2.2,-1.1,89,4.3,20.6,61,0,0,1,0,0,1
2021-01-12,Sheffield United,3.1,-0.7,84,3.8,21.1,55,0,0,1,0,0,1
2021-01-12,Wolverhampton Wanderers,4.7,1.3,90,3.9,27.7,53,0,0,0,0,0,0
2021-01-13,Manchester City,2.7,0.2,92,9.8,14.9,61,0,0,0,0,0,0
2021-01-13,Tottenham Hotspur,3.9,1.4,95,2.9,10.8,53,0,0,0,0,0,0
2021-01-14,Arsenal,4.1,0.5,95,28.4,22.3,63,1,0,0,0,0,1
2021-01-16,Fulham,4.1,0.0,87,6.3,24.1,73,0,0,1,0,0,1
2021-01-16,Leeds United,3.9,-0.4,89,6.1,23.3,73,0,0,1,0,0,1
2021-01-16,Leicester City,4.2,-0.5,90,5.5,32.5,73,0,0,1,0,0,1
2021-01-16,West Ham United,4.1,0.1,87,7.0,22.2,73,0,0,0,0,0,0
2021-01-16,Wolverhampton Wanderers,4.8,0.0,89,4.8,34.7,73,0,0,1,0,0,1
2021-01-17,Liverpool,6.0,0.8,84,2.0,31.2,51,0,0,0,0,0,0
2021-01-17,Manchester City,5.4,1.4,86,2.2,21.9,53,0,0,0,0,0,0
2021-01-17,Sheffield United,4.7,0.2,85,0.3,25.9,51,0,0,0,0,0,0
2021-01-18,Arsenal,4.5,0.5,91,3.9,25.5,61,0,0,0,0,0,0
2021-01-19,Leicester City,9.5,4.5,90,8.1,36.4,61,0,0,0,0,0,0
2021-01-19,West Ham United,10.1,5.2,87,3.2,33.5,55,0,0,0,0,0,0
2021-01-20,Fulham,9.9,4.2,87,7.6,38.5,55,0,0,0,0,0,0
2021-01-20,Manchester City,8.5,4.9,93,41.5,32.4,75,1,0,0,0,1,1
2021-01-21,Liverpool,4.3,-2.1,82,2.9,38.6,71,0,0,1,0,0,1
2021-01-23,Aston Villa,-0.3,-4.3,92,0.2,14.9,51,0,0,1,0,0,1
2021-01-26,Crystal Palace,2.6,-1.5,89,4.0,23.8,53,0,0,1,0,0,1
2021-01-26,Newcastle United,2.0,-1.3,91,2.4,13.7,71,0,0,1,0,0,1
2021-01-26,Southampton,4.0,0.4,92,5.7,22.3,55,0,0,0,0,0,0
2021-01-26,West Bromwich Albion,1.4,-2.8,93,1.3,21.6,51,0,0,1,0,0,1
2021-01-27,Brighton,8.2,5.8,99,4.8,23.3,55,0,0,0,0,0,0
2021-01-27,Burnley,6.5,3.9,99,1.1,17.9,53,0,0,0,0,0,0
2021-01-27,Chelsea,7.6,5.5,97,3.1,13.3,53,0,0,0,0,0,0
2021-01-27,Everton,7.4,4.5,95,3.8,20.7,61,0,0,0,0,0,0
2021-01-27,Manchester United,7.2,5.0,96,2.0,14.8,55,0,0,0,0,0,0
2021-01-28,Tottenham Hotspur,10.0,7.1,91,15.9,26.3,63,1,0,0,0,0,1
2021-01-30,Arsenal,4.1,-0.7,92,16.1,29.2,73,1,0,1,0,0,1
2021-01-30,Crystal Palace,4.7,0.1,91,14.0,28.7,61,1,0,0,0,0,1
2021-01-30,Everton,3.3,-2.8,75,1.1,33.5,51,0,0,1,0,0,1
2021-01-30,Manchester City,3.4,-2.6,74,0.5,35.7,51,0,0,1,0,0,1
2021-01-30,Southampton,6.2,1.9,91,10.3,27.4,61,1,0,0,0,0,1
2021-01-30,West Bromwich Albion,2.0,-3.6,92,13.1,29.1,75,1,0,1,0,1,1
2021-01-31,Brighton,3.1,-1.6,88,2.9,25.9,55,0,0,1,0,0,1
2021-01-31,Chelsea,2.3,-2.2,85,2.0,21.6,71,0,0,1,0,0,1
2021-01-31,Leicester City,0.6,-4.2,83,0.2,19.6,71,0,0,1,0,0,1
2021-01-31,West Ham United,2.5,-2.0,84,2.2,20.8,53,0,0,1,0,0,1
2021-02-02,Manchester United,4.2,-0.1,90,24.6,31.1,75,1,0,1,0,1,1
2021-02-02,Newcastle United,2.6,-2.0,90,16.2,25.6,73,1,0,1,0,0,1
2021-02-02,Sheffield United,1.6,-1.9,97,24.7,19.1,75,1,0,1,0,1,1
2021-02-02,Wolverhampton Wanderers,6.9,3.2,92,14.7,23.9,73,1,0,0,0,0,1
2021-02-03,Aston Villa,6.2,2.8,90,0.3,22.9,51,0,0,0,0,0,0
2021-02-03,Burnley,4.1,1.5,97,7.8,12.1,61,0,0,0,0,0,0
2021-02-03,Fulham,7.4,4.3,90,2.5,24.4,55,0,0,0,0,0,0
2021-02-03,Leeds United,3.7,0.9,97,1.4,11.5,53,0,0,0,0,0,0
2021-02-03,Liverpool,6.3,3.8,91,1.1,14.8,51,0,0,0,0,0,0
2021-02-04,Tottenham Hotspur,5.8,2.9,94,6.6,16.9,61,0,0,0,0,0,0
2021-02-06,Aston Villa,2.4,-0.8,95,2.8,25.2,73,0,0,1,0,0,1
2021-02-06,Burnley,3.3,-1.6,97,20.6,31.7,75,1,0,1,0,1,1
2021-02-06,Fulham,4.6,1.7,94,8.8,25.5,61,0,0,0,0,0,0
2021-02-06,Manchester United,4.2,0.3,90,11.0,25.8,61,1,0,0,0,0,1
2021-02-06,Newcastle United,3.8,-1.5,93,11.8,30.1,71,1,0,1,0,0,1
2021-02-07,Liverpool,2.0,-3.8,69,0.0,26.5,3,0,0,1,0,0,1
2021-02-07,Sheffield United,1.4,-5.1,71,1.5,30.7,71,0,0,1,0,0,1
2021-02-07,Tottenham Hotspur,0.9,-5.5,81,4.8,32.4,73,0,0,1,0,0,1
2021-02-07,Wolverhampton Wanderers,1.1,-4.9,75,1.5,25.4,73,0,0,1,0,0,1
2021-02-08,Leeds United,0.1,-5.9,73,0.6,29.8,71,0,0,1,0,0,1
2021-02-13,Brighton,-0.3,-7.3,57,0.0,30.9,3,0,0,1,0,0,1
2021-02-13,Crystal Palace,-2.5,-8.4,66,0.0,23.6,3,0,0,1,0,0,1
2021-02-13,Leicester City,-2.2,-9.0,62,0.1,29.3,71,0,0,1,0,0,1
2021-02-13,Manchester City,-1.2,-7.5,56,0.1,25.7,71,0,0,1,0,0,1
2021-02-14,Arsenal,2.3,-3.3,66,1.0,25.6,51,0,0,1,0,0,1
2021-02-14,Everton,4.1,-2.8,79,3.0,40.8,53,0,0,1,0,0,1
2021-02-14,Southampton,4.3,-0.9,78,6.7,25.6,53,0,0,1,0,0,1
2021-02-14,West Bromwich Albion,2.9,-3.4,80,5.8,33.6,61,0,0,1,0,0,1
2021-02-15,Chelsea,8.9,5.4,88,2.1,26.1,53,0,0,0,0,0,0
2021-02-15,West Ham United,8.8,5.5,88,1.6,23.4,53,0,0,0,0,0,0
2021-02-17,Burnley,7.4,2.8,87,3.6,30.3,53,0,0,0,0,0,0
2021-02-17,Everton,8.4,4.1,81,1.7,29.2,51,0,0,0,0,0,0
2021-02-19,Wolverhampton Wanderers,7.8,2.3,85,2.6,37.2,51,0,0,0,0,0,0
2021-02-20,Burnley,10.2,5.4,89,8.8,36.6,61,0,0,0,0,0,0
2021-02-20,Fulham,12.3,8.1,70,0.5,27.8,53,0,0,0,0,0,0
2021-02-20,Liverpool,10.6,5.9,86,7.0,41.4,61,0,0,0,0,0,0
2021-02-20,Southampton,11.9,7.4,71,1.1,32.6,51,0,0,0,0,0,0
2021-02-21,Arsenal,10.9,8.5,82,0.5,22.2,51,0,0,0,0,0,0
2021-02-21,Aston Villa,9.1,6.6,92,1.1,21.3,51,0,0,0,0,0,0
2021-02-21,Manchester United,9.2,6.7,86,2.0,21.9,53,0,0,0,0,0,0
2021-02-21,West Ham United,11.0,8.6,81,0.4,21.2,51,0,0,0,0,0,0
2021-02-22,Brighton,8.7,5.9,91,0.4,20.7,51,0,0,0,0,0,0
2021-02-23,Leeds United,9.7,5.0,72,0.3,32.0,51,0,0,0,0,0,0
2021-02-27,Leeds United,4.9,2.0,87,0.0,12.0,3,0,0,0,0,0,0
2021-02-27,Manchester City,3.9,1.4,89,0.0,9.7,3,0,0,0,0,0,0
2021-02-27,Newcastle United,6.2,3.4,86,0.0,15.1,3,0,0,0,0,0,0
2021-02-27,West Bromwich Albion,4.0,1.2,87,0.0,11.7,3,0,0,0,0,0,0
2021-02-28,Chelsea,4.7,1.5,90,0.0,16.8,3,0,0,0,0,0,0
2021-02-28,Crystal Palace,4.8,1.5,91,0.0,16.9,3,0,0,0,0,0,0
2021-02-28,Leicester City,4.0,1.1,88,0.0,10.5,3,0,0,0,0,0,0
2021-02-28,Sheffield United,5.3,2.8,84,0.0,9.7,3,0,0,0,0,0,0
2021-02-28,Tottenham Hotspur,4.9,1.8,89,0.0,14.2,3,0,0,0,0,0,0
2021-03-01,Everton,3.9,0.6,88,0.0,15.3,2,0,0,0,0,0,0
2021-03-02,Manchester City,3.2,0.1,85,0.0,9.1,3,0,0,0,0,0,0
2021-03-03,Burnley,2.3,-0.8,93,0.5,12.0,51,0,0,1,0,0,1
2021-03-03,Crystal Palace,6.2,4.0,94,4.4,10.5,55,0,0,0,0,0,0
2021-03-03,Sheffield United,3.0,0.4,92,0.1,10.3,51,0,0,0,0,0,0
2021-03-04,Fulham,5.1,1.5,85,1.4,17.8,51,0,0,0,0,0,0
2021-03-04,Liverpool,4.4,1.0,78,0.1,16.9,51,0,0,0,0,0,0
2021-03-04,West Bromwich Albion,3.5,-0.5,84,0.7,17.8,53,0,0,1,0,0,1
2021-03-06,Aston Villa,1.1,-2.4,77,0.0,9.4,3,0,0,1,0,0,1
2021-03-06,Brighton,2.9,-1.3,74,0.0,16.0,3,0,0,1,0,0,1
2021-03-06,Burnley,2.2,-1.0,77,0.0,7.6,3,0,0,1,0,0,1
2021-03-06,Sheffield United,2.4,-0.7,70,0.0,6.7,3,0,0,1,0,0,1
2021-03-07,Liverpool,3.1,-0.2,85,0.0,14.0,3,0,0,1,0,0,1
2021-03-07,Manchester City,2.1,-1.0,82,0.0,11.2,3,0,0,1,0,0,1
2021-03-07,Tottenham Hotspur,2.4,-0.8,76,0.0,8.6,3,0,0,1,0,0,1
2021-03-07,West Bromwich Albion,1.3,-2.2,77,0.0,8.9,3,0,0,1,0,0,1
2021-03-08,Chelsea,3.6,0.6,83,0.1,9.8,51,0,0,0,0,0,0
2021-03-08,West Ham United,4.0,0.9,81,0.2,10.9,51,0,0,0,0,0,0
2021-03-10,Manchester City,8.5,3.3,87,14.8,36.0,61,1,0,0,0,0,1
2021-03-12,Newcastle United,5.3,-0.4,72,0.2,37.0,51,0,0,1,0,0,1
2021-03-13,Crystal Palace,6.3,-0.0,70,4.8,39.6,61,0,0,1,0,0,1
2021-03-13,Everton,5.4,-1.6,80,10.0,44.8,71,1,0,1,0,0,1
2021-03-13,Fulham,6.5,0.1,69,5.3,41.4,63,0,0,0,0,0,0
2021-03-13,Leeds United,4.9,-1.2,81,4.3,42.6,61,0,0,1,0,0,1
2021-03-14,Arsenal,7.1,2.0,74,1.1,29.0,51,0,0,0,0,0,0
2021-03-14,Leicester City,6.4,1.1,82,2.1,31.2,53,0,0,0,0,0,0
2021-03-14,Manchester United,6.6,1.9,86,8.8,31.0,63,0,0,0,0,0,0
2021-03-14,Southampton,7.4,2.5,73,0.7,26.9,51,0,0,0,0,0,0
2021-03-15,Wolverhampton Wanderers,7.4,3.2,81,0.4,28.3,51,0,0,0,0,0,0
2021-03-19,Fulham,7.1,3.4,78,0.2,20.9,51,0,0,0,0,0,0
2021-03-20,Brighton,5.3,2.4,87,0.0,11.7,3,0,0,0,0,0,0
2021-03-21,Aston Villa,6.9,4.3,83,0.0,18.1,3,0,0,0,0,0,0
2021-03-21,West Ham United,8.1,5.0,76,0.1,17.7,51,0,0,0,0,0,0
2021-04-03,Arsenal,6.6,2.3,69,0.0,22.2,3,0,0,0,0,0,0
2021-04-03,Chelsea,6.8,2.5,69,0.0,22.9,3,0,0,0,0,0,0
2021-04-03,Leeds United,6.1,2.6,73,0.0,17.8,3,0,0,0,0,0,0
2021-04-03,Leicester City,5.6,1.6,74,0.0,22.1,3,0,0,0,0,0,0
2021-04-04,Aston Villa,6.8,3.3,76,0.0,22.7,3,0,0,0,0,0,0
2021-04-04,Manchester United,6.3,2.7,83,0.0,25.7,3,0,0,0,0,0,0
2021-04-04,Newcastle United,7.9,2.5,73,0.1,37.6,51,0,0,0,0,0,0
2021-04-04,Southampton,7.0,4.1,75,0.0,14.6,3,0,0,0,0,0,0
2021-04-05,Everton,4.7,-2.1,55,0.5,39.2,51,0,0,1,0,0,1
2021-04-05,Wolverhampton Wanderers,4.1,-1.8,59,0.6,29.9,51,0,0,1,0,0,1
2021-04-09,Fulham,7.9,4.7,76,0.7,16.7,51,0,0,0,0,0,0
2021-04-10,Crystal Palace,5.8,1.7,76,0.1,21.9,51,0,0,0,0,0,0
2021-04-10,Liverpool,3.6,-0.1,68,0.3,17.7,51,0,0,1,0,0,1
2021-04-10,Manchester City,2.9,-0.1,81,3.1,10.6,55,0,0,1,0,0,1
2021-04-11,Burnley,1.5,-2.2,76,0.2,15.9,71,0,0,1,0,0,1
2021-04-11,Sheffield United,2.4,-1.7,75,2.9,20.8,75,0,0,1,0,1,1
2021-04-11,Tottenham Hotspur,3.6,-0.6,72,0.4,19.4,51,0,0,1,0,0,1
2021-04-11,West Ham United,3.9,-0.3,71,0.2,18.5,51,0,0,1,0,0,1
2021-04-12,Brighton,3.2,-0.1,75,1.1,13.3,71,0,0,1,0,0,1
2021-04-12,West Bromwich Albion,3.2,-0.5,70,2.3,13.0,73,0,0,1,0,0,1
2021-04-16,Everton,6.7,3.9,70,0.0,12.3,3,0,0,0,0,0,0
2021-04-17,Newcastle United,6.7,3.8,74,0.0,14.0,3,0,0,0,0,0,0
2021-04-17,Wolverhampton Wanderers,6.5,3.8,65,0.0,9.3,3,0,0,0,0,0,0
2021-04-18,Arsenal,7.4,4.7,63,0.0,10.5,3,0,0,0,0,0,0
2021-04-18,Manchester United,8.7,6.2,64,0.0,10.3,3,0,0,0,0,0,0
2021-04-19,Leeds United,8.1,5.6,69,0.0,12.3,3,0,0,0,0,0,0
2021-04-20,Chelsea,9.3,7.1,77,0.0,11.6,3,0,0,0,0,0,0
2021-04-21,Aston Villa,8.2,4.5,74,0.1,23.2,51,0,0,0,0,0,0
2021-04-21,Tottenham Hotspur,8.9,5.5,73,0.3,21.8,51,0,0,0,0,0,0
2021-04-22,Leicester City,6.6,3.4,64,0.0,11.4,2,0,0,0,0,0,0
2021-04-23,Arsenal,7.8,4.0,67,0.0,19.1,3,0,0,0,0,0,0
2021-04-24,Liverpool,10.9,7.1,53,0.0,20.3,3,0,0,0,0,0,0
2021-04-24,Sheffield United,9.2,6.0,61,0.0,19.6,3,0,0,0,0,0,0
2021-04-24,West Ham United,9.1,5.5,66,0.0,20.2,3,0,0,0,0,0,0
2021-04-25,Aston Villa,7.4,3.2,69,0.0,21.2,3,0,0,0,0,0,0
2021-04-25,Leeds United,8.0,4.7,68,0.0,15.6,3,0,0,0,0,0,0
2021-04-25,Wolverhampton Wanderers,7.8,3.8,68,0.0,19.2,3,0,0,0,0,0,0
2021-04-26,Leicester City,6.9,3.4,65,0.0,14.3,3,0,0,0,0,0,0
2021-04-30,Southampton,6.2,3.4,77,4.1,11.7,61,0,0,0,0,0,0
2021-05-01,Brighton,6.3,4.0,81,5.7,11.2,61,0,0,0,0,0,0
2021-05-01,Chelsea,7.0,3.8,71,0.6,16.4,51,0,0,0,0,0,0
2021-05-01,Crystal Palace,6.8,3.8,72,0.5,17.2,51,0,0,0,0,0,0
2021-05-01,Everton,6.2,3.2,73,0.5,15.0,51,0,0,0,0,0,0
2021-05-02,Newcastle United,6.7,3.6,76,1.7,17.8,53,0,0,0,0,0,0
2021-05-02,Tottenham Hotspur,7.6,5.0,71,0.2,14.9,51,0,0,0,0,0,0
2021-05-03,Burnley,6.3,2.1,91,26.8,39.3,63,1,0,0,0,0,1
2021-05-03,West Bromwich Albion,7.0,2.0,87,13.4,42.3,63,1,0,0,0,0,1
2021-05-07,Leicester City,7.2,3.4,68,0.1,17.9,51,0,0,0,0,0,0
2021-05-08,Leeds United,8.5,5.6,87,16.0,22.9,63,1,0,0,0,0,1
2021-05-08,Liverpool,9.9,6.1,81,15.7,31.2,63,1,0,0,0,0,1
2021-05-08,Manchester City,9.8,6.4,83,17.2,29.3,63,1,0,0,0,0,1
2021-05-08,Sheffield United,9.2,6.0,87,17.9,26.0,63,1,0,0,0,0,1
2021-05-09,Arsenal,15.2,12.4,75,2.7,27.8,53,0,0,0,0,0,0
2021-05-09,Aston Villa,13.1,9.8,79,3.5,27.4,55,0,0,0,0,0,0
2021-05-09,West Ham United,15.5,12.9,74,2.3,27.7,53,0,0,0,0,0,0
2021-05-09,Wolverhampton Wanderers,12.7,9.3,78,2.3,27.7,53,0,0,0,0,0,0
2021-05-10,Fulham,12.4,8.8,76,1.9,33.4,53,0,0,0,0,0,0
2021-05-11,Manchester United,9.9,7.2,78,6.0,18.3,61,0,0,0,0,0,0
2021-05-11,Southampton,10.6,7.3,77,3.3,31.4,61,0,0,0,0,0,0
2021-05-12,Chelsea,11.9,9.0,67,1.3,19.2,53,0,0,0,0,0,0
2021-05-13,Aston Villa,10.2,7.8,83,7.4,18.9,61,0,0,0,0,0,0
2021-05-13,Manchester United,11.5,9.4,77,1.0,13.0,51,0,0,0,0,0,0
2021-05-14,Newcastle United,8.4,6.0,80,0.6,13.0,51,0,0,0,0,0,0
2021-05-15,Brighton,10.4,7.1,87,4.9,27.1,53,0,0,0,0,0,0
2021-05-15,Burnley,8.9,6.4,87,4.1,16.2,53,0,0,0,0,0,0
2021-05-15,Southampton,10.6,8.5,85,7.2,21.3,63,0,0,0,0,0,0
2021-05-16,Crystal Palace,10.5,8.1,87,6.3,19.8,55,0,0,0,0,0,0
2021-05-16,Everton,10.6,8.8,82,5.0,12.6,63,0,0,0,0,0,0
2021-05-16,Tottenham Hotspur,10.4,8.3,86,8.7,18.8,61,0,0,0,0,0,0
2021-05-16,West Bromwich Albion,9.6,7.6,84,2.4,13.4,53,0,0,0,0,0,0
2021-05-18,Brighton,10.7,7.8,83,0.9,27.4,51,0,0,0,0,0,0
2021-05-18,Chelsea,11.2,8.8,79,3.5,28.1,61,0,0,0,0,0,0
2021-05-18,Manchester United,10.2,8.1,77,1.3,12.5,51,0,0,0,0,0,0
2021-05-18,Southampton,10.8,8.3,82,9.4,25.4,63,0,0,0,0,0,0
2021-05-19,Burnley,8.9,6.5,84,1.0,19.3,51,0,0,0,0,0,0
2021-05-19,Crystal Palace,11.1,8.6,76,5.6,22.0,61,0,0,0,0,0,0
2021-05-19,Everton,10.2,7.6,79,0.6,21.5,51,0,0,0,0,0,0
2021-05-19,Newcastle United,9.9,7.9,82,3.8,13.6,61,0,0,0,0,0,0
2021-05-19,Tottenham Hotspur,11.1,8.8,76,4.1,18.2,53,0,0,0,0,0,0
2021-05-19,West Bromwich Albion,9.7,7.1,78,1.6,23.0,55,0,0,0,0,0,0
2021-05-23,Arsenal,9.7,5.2,75,7.3,33.9,61,0,0,0,0,0,0
2021-05-23,Aston Villa,7.9,3.6,81,11.1,35.3,63,1,0,0,0,0,1
2021-05-23,Fulham,9.9,5.4,74,7.6,34.2,61,0,0,0,0,0,0
2021-05-23,Leeds United,8.8,4.8,77,5.0,28.1,61,0,0,0,0,0,0
2021-05-23,Leicester City,8.5,3.8,78,8.6,37.0,63,0,0,0,0,0,0
2021-05-23,Liverpool,9.2,5.2,78,5.4,34.6,55,0,0,0,0,0,0
2021-05-23,Manchester City,8.8,4.9,78,7.4,31.0,61,0,0,0,0,0,0
2021-05-23,Sheffield United,8.6,4.3,78,7.0,35.6,61,0,0,0,0,0,0
2021-05-23,West Ham United,9.9,5.6,75,6.9,35.4,61,0,0,0,0,0,0
2021-05-23,Wolverhampton Wanderers,7.9,3.6,81,9.3,34.3,61,0,0,0,0,0,0
2021-08-13,Brentford,17.5,16.3,78,0.2,22.8,51,0,0,0,0,0,0
2021-08-14,Burnley,14.3,12.8,87,2.1,24.4,51,0,0,0,0,0,0
2021-08-14,Chelsea,18.4,17.7,77,0.0,19.4,3,0,0,0,0,0,0
2021-08-14,Everton,15.4,14.5,85,3.1,18.8,53,0,0,0,0,0,0
2021-08-14,Leicester City,17.3,16.7,82,3.1,19.4,53,0,0,0,0,0,0
2021-08-14,Manchester United,15.2,14.6,85,2.1,17.9,53,0,0,0,0,0,0
2021-08-14,Norwich City,18.5,17.6,76,0.4,22.7,51,0,0,0,0,0,0
2021-08-14,Watford,17.9,17.2,78,0.0,18.3,3,0,0,0,0,0,0
2021-08-15,Newcastle United,14.3,13.5,83,3.9,19.9,55,0,0,0,0,0,0
2021-08-15,Tottenham Hotspur,17.9,16.9,78,1.3,20.6,53,0,0,0,0,0,0
2021-08-21,Aston Villa,16.2,16.4,90,6.8,16.8,55,0,0,0,0,0,0
2021-08-21,Brighton,16.7,16.7,89,2.5,16.0,55,0,0,0,0,0,0
2021-08-21,Crystal Palace,17.1,17.4,87,5.4,13.3,61,0,0,0,0,0,0
2021-08-21,Leeds United,16.9,17.8,92,10.3,14.2,61,1,0,0,0,0,1
2021-08-21,Liverpool,16.8,17.0,91,10.1,16.4,61,1,0,0,0,0,1
2021-08-21,Manchester City,17.0,17.7,90,8.9,10.9,55,0,0,0,0,0,0
2021-08-22,Arsenal,17.6,17.2,83,9.9,19.0,63,0,0,0,0,0,0
2021-08-22,Southampton,17.4,16.6,81,0.2,17.8,51,0,0,0,0,0,0
2021-08-22,Wolverhampton Wanderers,16.3,15.5,85,5.5,17.6,63,0,0,0,0,0,0
2021-08-23,West Ham United,17.0,16.0,78,0.0,16.9,3,0,0,0,0,0,0
2021-08-28,Aston Villa,14.6,13.1,76,0.0,15.0,3,0,0,0,0,0,0
2021-08-28,Brighton,15.7,13.7,76,0.1,22.6,51,0,0,0,0,0,0
2021-08-28,Liverpool,14.1,13.5,82,0.0,15.2,3,0,0,0,0,0,0
2021-08-28,Manchester City,14.7,14.0,79,0.0,10.4,3,0,0,0,0,0,0
2021-08-28,Newcastle United,13.8,13.3,83,0.0,13.3,3,0,0,0,0,0,0
2021-08-28,Norwich City,15.7,13.8,81,1.4,25.6,53,0,0,0,0,0,0
2021-08-28,West Ham United,15.7,13.9,78,0.0,23.4,3,0,0,0,0,0,0
2021-08-29,Burnley,13.4,11.9,86,0.0,16.8,3,0,0,0,0,0,0
2021-08-29,Tottenham Hotspur,14.8,12.8,74,0.1,20.5,51,0,0,0,0,0,0
2021-08-29,Wolverhampton Wanderers,14.0,12.4,78,0.0,14.4,3,0,0,0,0,0,0
2021-09-11,Arsenal,17.8,16.9,77,0.1,19.0,51,0,0,0,0,0,0
2021-09-11,Brentford,17.8,17.0,77,0.1,18.3,51,0,0,0,0,0,0
2021-09-11,Chelsea,17.8,17.0,77,0.1,19.8,51,0,0,0,0,0,0
2021-09-11,Crystal Palace,17.7,16.7,77,0.1,18.7,51,0,0,0,0,0,0
2021-09-11,Leicester City,17.7,16.9,77,0.3,19.2,51,0,0,0,0,0,0
2021-09-11,Manchester United,16.5,15.8,87,0.6,21.4,51,0,0,0,0,0,0
2021-09-11,Southampton,17.1,16.3,77,0.1,15.6,51,0,0,0,0,0,0
2021-09-11,Watford,17.4,16.6,79,0.4,17.1,51,0,0,0,0,0,0
2021-09-12,Leeds United,14.6,13.5,78,0.5,12.3,51,0,0,0,0,0,0
2021-09-13,Everton,14.7,13.1,84,1.5,20.1,51,0,0,0,0,0,0
2021-09-17,Newcastle United,15.7,14.8,78,0.0,18.3,3,0,0,0,0,0,0
2021-09-18,Aston Villa,15.7,15.5,83,0.7,10.3,51,0,0,0,0,0,0
2021-09-18,Burnley,16.4,15.9,80,0.0,13.1,3,0,0,0,0,0,0
2021-09-18,Liverpool,17.1,17.0,81,1.0,14.8,53,0,0,0,0,0,0
2021-09-18,Manchester City,17.2,16.9,75,0.0,10.4,3,0,0,0,0,0,0
2021-09-18,Norwich City,17.5,17.1,80,0.3,16.9,51,0,0,0,0,0,0
2021-09-18,Wolverhampton Wanderers,16.1,15.8,81,0.4,10.5,51,0,0,0,0,0,0
2021-09-19,Brighton,16.3,16.5,86,1.7,15.1,53,0,0,0,0,0,0
2021-09-19,Tottenham Hotspur,16.5,16.8,85,2.2,12.6,51,0,0,0,0,0,0
2021-09-19,West Ham United,16.4,16.7,86,2.7,11.2,53,0,0,0,0,0,0
2021-09-25,Brentford,16.7,17.4,90,0.1,10.5,51,0,0,0,0,0,0
2021-09-25,Chelsea,16.7,17.3,91,0.1,9.4,51,0,0,0,0,0,0
2021-09-25,Everton,17.8,18.3,87,0.3,15.9,51,0,0,0,0,0,0
2021-09-25,Leeds United,17.2,18.1,88,0.4,9.7,51,0,0,0,0,0,0
2021-09-25,Leicester City,17.9,18.2,83,0.2,13.4,51,0,0,0,0,0,0
2021-09-25,Manchester United,17.4,18.2,90,0.4,10.9,51,0,0,0,0,0,0
2021-09-25,Watford,16.5,17.2,91,0.0,11.3,3,0,0,0,0,0,0
2021-09-26,Arsenal,16.7,16.1,85,0.4,19.9,51,0,0,0,0,0,0
2021-09-26,Southampton,17.1,16.6,86,0.0,22.0,3,0,0,0,0,0,0
2021-09-27,Crystal Palace,15.5,12.3,73,4.7,39.0,61,0,0,0,0,0,0
2021-10-02,Brighton,14.0,10.0,81,29.0,54.9,63,1,1,0,0,0,1
2021-10-02,Burnley,9.5,6.0,90,11.5,30.0,61,1,0,0,0,0,1
2021-10-02,Chelsea,12.2,9.4,86,21.9,37.1,63,1,0,0,0,0,1
2021-10-02,Leeds United,10.0,7.0,87,9.0,27.7,61,0,0,0,0,0,0
2021-10-02,Manchester United,10.5,7.4,86,10.5,30.3,61,1,0,0,0,0,1
2021-10-02,Wolverhampton Wanderers,10.4,7.2,87,5.0,29.5,53,0,0,0,0,0,0
2021-10-03,Crystal Palace,12.3,9.3,80,0.8,31.0,51,0,0,0,0,0,0
2021-10-03,Liverpool,11.0,7.2,78,1.1,30.7,51,0,0,0,0,0,0
2021-10-03,Tottenham Hotspur,12.3,9.4,80,1.1,29.1,53,0,0,0,0,0,0
2021-10-03,West Ham United,12.6,9.6,79,1.2,28.8,51,0,0,0,0,0,0
2021-10-16,Aston Villa,10.1,8.4,89,0.3,14.1,51,0,0,0,0,0,0
2021-10-16,Brentford,11.8,10.7,87,1.5,11.6,51,0,0,0,0,0,0
2021-10-16,Leicester City,10.4,8.4,85,0.0,15.9,3,0,0,0,0,0,0
2021-10-16,Manchester City,10.2,8.3,83,0.4,16.7,51,0,0,0,0,0,0
2021-10-16,Norwich City,10.5,8.0,77,0.2,19.6,51,0,0,0,0,0,0
2021-10-16,Southampton,12.6,11.8,90,0.4,12.0,51,0,0,0,0,0,0
2021-10-16,Watford,11.6,10.3,86,0.1,11.3,51,0,0,0,0,0,0
2021-10-17,Everton,13.7,12.0,89,4.3,22.0,61,0,0,0,0,0,0
2021-10-17,Newcastle United,13.5,12.3,88,4.6,18.1,61,0,0,0,0,0,0
2021-10-18,Arsenal,13.6,12.2,92,8.1,21.9,63,0,0,0,0,0,0
2021-10-22,Arsenal,8.3,4.9,79,0.0,24.5,3,0,0,0,0,0,0
2021-10-23,Brighton,10.5,8.0,78,0.4,21.5,51,0,0,0,0,0,0
2021-10-23,Chelsea,9.3,6.9,84,0.0,19.0,3,0,0,0,0,0,0
2021-10-23,Crystal Palace,9.6,7.2,82,0.0,18.4,3,0,0,0,0,0,0
2021-10-23,Everton,10.8,7.3,79,0.0,24.3,3,0,0,0,0,0,0
2021-10-23,Leeds United,10.1,7.1,79,0.0,21.9,3,0,0,0,0,0,0
2021-10-23,Southampton,10.3,7.7,79,0.1,20.8,51,0,0,0,0,0,0
2021-10-24,Brentford,12.2,9.7,79,0.0,21.3,3,0,0,0,0,0,0
2021-10-24,Manchester United,11.6,8.0,81,2.3,28.7,55,0,0,0,0,0,0
2021-10-24,West Ham United,12.3,9.7,78,0.0,21.0,3,0,0,0,0,0,0
2021-10-30,Burnley,8.7,5.1,88,10.3,24.5,63,1,0,0,0,0,1
2021-10-30,Leicester City,10.0,6.3,81,3.2,25.3,61,0,0,0,0,0,0
2021-10-30,Liverpool,9.8,6.4,83,7.0,26.2,61,0,0,0,0,0,0
2021-10-30,Manchester City,9.8,6.7,83,9.3,23.4,63,0,0,0,0,0,0
2021-10-30,Newcastle United,8.7,5.5,86,4.9,23.9,61,0,0,0,0,0,0
2021-10-30,Tottenham Hotspur,11.2,8.4,83,3.6,20.5,61,0,0,0,0,0,0
2021-10-30,Watford,10.6,7.7,83,5.4,22.1,61,0,0,0,0,0,0
2021-10-31,Aston Villa,9.6,4.5,82,14.4,39.7,63,1,0,0,0,0,1
2021-10-31,Norwich City,10.6,6.1,82,4.4,43.3,61,0,0,0,0,0,0
2021-11-01,Wolverhampton Wanderers,7.9,3.6,82,1.4,28.9,53,0,0,0,0,0,0
2021-11-05,Southampton,5.7,3.2,88,0.0,13.0,3,0,0,0,0,0,0
2021-11-06,Brentford,10.3,7.0,84,0.4,28.4,51,0,0,0,0,0,0
2021-11-06,Brighton,11.1,7.5,84,0.2,31.9,51,0,0,0,0,0,0
2021-11-06,Chelsea,10.2,6.6,84,0.1,32.1,51,0,0,0,0,0,0
2021-11-06,Crystal Palace,10.2,6.5,84,0.2,31.1,51,0,0,0,0,0,0
2021-11-06,Manchester United,10.7,7.0,84,2.9,35.7,55,0,0,0,0,0,0
2021-11-07,Arsenal,9.6,6.0,75,0.0,23.1,3,0,0,0,0,0,0
2021-11-07,Everton,11.1,5.1,65,0.0,38.4,3,0,0,0,0,0,0
2021-11-07,Leeds United,9.3,4.5,72,0.0,34.5,3,0,0,0,0,0,0
2021-11-07,West Ham United,9.7,6.2,75,0.1,23.1,51,0,0,0,0,0,0
2021-11-20,Aston Villa,9.1,6.1,83,0.1,18.9,51,0,0,0,0,0,0
2021-11-20,Burnley,9.1,5.5,91,2.6,29.3,53,0,0,0,0,0,0
2021-11-20,Leicester City,9.2,6.0,83,0.0,19.1,3,0,0,0,0,0,0
2021-11-20,Liverpool,10.1,6.6,81,1.4,26.4,55,0,0,0,0,0,0
2021-11-20,Newcastle United,9.8,6.5,81,0.0,22.3,3,0,0,0,0,0,0
2021-11-20,Norwich City,9.1,6.2,88,0.0,19.3,3,0,0,0,0,0,0
2021-11-20,Watford,9.5,7.6,88,0.0,13.5,3,0,0,0,0,0,0
2021-11-20,Wolverhampton Wanderers,9.6,6.7,82,0.0,18.8,3,0,0,0,0,0,0
2021-11-21,Manchester City,4.2,0.8,83,0.0,16.5,2,0,0,0,0,0,0
2021-11-21,Tottenham Hotspur,6.3,1.9,79,0.3,25.2,51,0,0,0,0,0,0
2021-11-27,Arsenal,3.0,-3.7,81,5.6,39.8,73,0,0,1,0,0,1
2021-11-27,Brighton,3.7,-3.7,75,1.2,42.0,71,0,0,1,0,0,1
2021-11-27,Crystal Palace,3.0,-3.4,81,4.9,36.2,73,0,0,1,0,0,1
2021-11-27,Liverpool,3.4,-4.9,61,2.0,57.4,53,0,1,1,0,0,1
2021-11-27,Norwich City,3.9,-1.1,85,6.7,35.7,73,0,0,1,0,0,1
2021-11-28,Brentford,1.3,-3.7,71,0.2,28.6,71,0,0,1,0,0,1
2021-11-28,Chelsea,1.2,-3.8,71,0.0,27.9,3,0,0,1,0,0,1
2021-11-28,Leicester City,-0.3,-5.2,77,1.4,24.8,73,0,0,1,0,0,1
2021-11-28,Manchester City,-1.0,-4.6,80,2.4,13.5,75,0,0,1,0,1,1
2021-11-30,Leeds United,9.5,5.2,89,3.6,31.4,61,0,0,0,0,0,0
2021-11-30,Newcastle United,9.7,6.4,89,5.2,25.9,61,0,0,0,0,0,0
2021-12-01,Aston Villa,5.8,1.0,84,2.3,30.5,53,0,0,0,0,0,0
2021-12-01,Everton,6.6,0.8,80,6.6,47.8,73,0,0,0,0,0,0
2021-12-01,Southampton,7.7,3.2,82,2.3,28.8,61,0,0,0,0,0,0
2021-12-01,Watford,6.9,2.2,82,2.2,29.0,55,0,0,0,0,0,0
2021-12-01,West Ham United,7.5,2.9,81,2.1,32.2,53,0,0,0,0,0,0
2021-12-01,Wolverhampton Wanderers,5.9,1.0,85,3.1,30.2,53,0,0,0,0,0,0
2021-12-02,Manchester United,1.4,-2.6,75,1.1,17.4,73,0,0,1,0,0,1
2021-12-02,Tottenham Hotspur,1.7,-3.4,74,0.4,25.8,71,0,0,1,0,0,1
2021-12-04,Newcastle United,3.9,-0.2,90,11.0,27.5,73,1,0,1,0,0,1
2021-12-04,Southampton,5.9,1.7,82,3.6,25.3,61,0,0,0,0,0,0
2021-12-04,Watford,5.1,0.8,82,4.6,25.2,61,0,0,0,0,0,0
2021-12-04,West Ham United,5.4,1.0,82,4.7,25.8,61,0,0,0,0,0,0
2021-12-04,Wolverhampton Wanderers,4.8,-0.5,81,0.7,33.3,51,0,0,1,0,0,1
2021-12-05,Aston Villa,4.0,-1.2,84,0.9,32.6,51,0,0,1,0,0,1
2021-12-05,Leeds United,4.7,0.1,86,1.0,30.9,51,0,0,0,0,0,0
2021-12-05,Manchester United,5.1,1.0,81,2.0,24.2,61,0,0,0,0,0,0
2021-12-05,Tottenham Hotspur,5.0,0.0,88,4.4,29.1,71,0,0,1,0,0,1
2021-12-06,Everton,4.6,-0.3,84,16.5,32.4,75,1,0,1,0,1,1
2021-12-10,Brentford,5.4,0.6,82,2.7,29.6,55,0,0,0,0,0,0
2021-12-11,Arsenal,4.8,1.4,91,3.4,20.0,61,0,0,0,0,0,0
2021-12-11,Chelsea,4.8,1.6,91,3.5,20.7,61,0,0,0,0,0,0
2021-12-11,Liverpool,7.5,4.4,90,6.9,20.2,61,0,0,0,0,0,0
2021-12-11,Manchester City,5.7,2.8,93,4.7,17.7,61,0,0,0,0,0,0
2021-12-11,Norwich City,3.9,0.1,91,2.8,23.3,61,0,0,0,0,0,0
2021-12-12,Burnley,10.5,7.6,96,4.1,30.9,53,0,0,0,0,0,0
2021-12-12,Crystal Palace,11.4,8.5,91,2.4,22.2,61,0,0,0,0,0,0
2021-12-12,Leicester City,10.9,7.7,92,1.3,27.0,53,0,0,0,0,0,0
2021-12-14,Manchester City,6.7,4.7,96,0.6,14.8,51,0,0,0,0,0,0
2021-12-14,Norwich City,10.4,7.7,91,0.3,18.6,51,0,0,0,0,0,0
2021-12-15,Arsenal,10.3,8.3,93,0.8,18.6,51,0,0,0,0,0,0
2021-12-15,Brighton,10.6,8.3,95,0.6,24.0,51,0,0,0,0,0,0
2021-12-15,Crystal Palace,10.8,8.8,92,0.5,18.9,51,0,0,0,0,0,0
2021-12-16,Chelsea,8.8,7.3,91,0.1,9.2,51,0,0,0,0,0,0
2021-12-16,Liverpool,7.7,6.0,93,0.0,9.2,3,0,0,0,0,0,0
2021-12-18,Leeds United,4.7,2.8,98,0.0,5.1,3,0,0,0,0,0,0
2021-12-19,Newcastle United,3.7,1.1,97,0.0,8.5,3,0,0,0,0,0,0
2021-12-19,Tottenham Hotspur,6.1,3.8,95,0.0,11.0,3,0,0,0,0,0,0
2021-12-19,Wolverhampton Wanderers,3.5,1.2,99,0.0,9.7,3,0,0,0,0,0,0
2021-12-26,Aston Villa,5.2,2.4,99,6.4,23.3,61,0,0,0,0,0,0
2021-12-26,Brighton,8.8,6.5,95,5.9,20.0,55,0,0,0,0,0,0
2021-12-26,Manchester City,4.6,0.9,89,11.4,24.9,71,1,0,0,0,0,1
2021-12-26,Norwich City,5.0,1.4,93,7.0,19.7,61,0,0,0,0,0,0
2021-12-26,Tottenham Hotspur,6.6,4.2,98,5.5,19.6,61,0,0,0,0,0,0
2021-12-26,West Ham United,6.8,4.5,97,8.1,19.2,61,0,0,0,0,0,0
2021-12-27,Newcastle United,5.2,2.7,98,0.4,13.4,51,0,0,0,0,0,0
2021-12-28,Crystal Palace,9.6,5.7,86,0.7,36.0,51,0,0,0,0,0,0
2021-12-28,Leicester City,8.5,5.3,94,9.6,27.7,63,0,0,0,0,0,0
2021-12-28,Southampton,9.6,5.7,87,1.0,33.4,53,0,0,0,0,0,0
2021-12-28,Watford,9.2,5.5,88,1.2,32.9,53,0,0,0,0,0,0
2021-12-29,Brentford,10.5,7.9,92,2.8,28.9,61,0,0,0,0,0,0
2021-12-29,Chelsea,10.5,7.7,91,2.9,30.7,61,0,0,0,0,0,0
2021-12-30,Manchester United,13.1,10.4,89,11.6,28.0,61,1,0,0,0,0,1
2022-01-01,Arsenal,12.9,9.9,86,0.2,25.4,51,0,0,0,0,0,0
2022-01-01,Crystal Palace,12.9,9.8,86,0.1,26.6,51,0,0,0,0,0,0
2022-01-01,Watford,12.4,9.7,89,0.1,22.7,51,0,0,0,0,0,0
2022-01-02,Brentford,10.9,7.3,88,2.6,28.2,55,0,0,0,0,0,0
2022-01-02,Chelsea,10.9,7.1,87,2.0,29.5,55,0,0,0,0,0,0
2022-01-02,Everton,9.5,6.1,85,4.0,25.9,55,0,0,0,0,0,0
2022-01-02,Leeds United,9.4,5.4,83,8.1,31.1,63,0,0,0,0,0,0
2022-01-03,Manchester United,7.7,3.8,83,3.8,25.5,55,0,0,0,0,0,0
2022-01-11,Southampton,9.0,7.7,97,3.0,14.1,53,0,0,0,0,0,0
2022-01-12,West Ham United,3.6,1.1,96,0.0,9.4,3,0,0,0,0,0,0
2022-01-14,Brighton,3.6,0.6,83,0.0,14.1,3,0,0,0,0,0,0
2022-01-15,Aston Villa,1.1,-2.3,93,0.0,16.1,3,0,0,1,0,0,1
2022-01-15,Manchester City,2.0,-0.7,88,0.2,9.9,51,0,0,1,0,0,1
2022-01-15,Newcastle United,1.5,-1.3,96,0.0,11.3,3,0,0,1,0,0,1
2022-01-15,Norwich City,3.8,0.7,95,0.0,16.7,3,0,0,0,0,0,0
2022-01-15,Wolverhampton Wanderers,0.7,-2.6,95,0.3,13.9,51,0,0,1,0,0,1
2022-01-16,Liverpool,6.2,2.4,86,0.1,20.2,51,0,0,0,0,0,0
2022-01-16,West Ham United,4.0,1.3,95,0.0,10.8,3,0,0,0,0,0,0
2022-01-18,Brighton,4.1,1.2,92,0.0,15.1,3,0,0,0,0,0,0
2022-01-19,Brentford,5.2,1.9,90,0.0,18.2,3,0,0,0,0,0,0
2022-01-19,Leicester City,4.8,0.4,90,0.0,25.7,3,0,0,0,0,0,0
2022-01-21,Watford,0.9,-3.0,86,0.0,14.1,3,0,0,1,0,0,1
2022-01-22,Brentford,2.4,-0.7,91,0.0,12.1,3,0,0,1,0,0,1
2022-01-22,Everton,6.6,3.0,87,0.0,20.3,3,0,0,0,0,0,0
2022-01-22,Leeds United,5.0,1.7,89,0.0,19.4,3,0,0,0,0,0,0
2022-01-22,Manchester United,5.7,3.0,89,0.2,14.9,51,0,0,0,0,0,0
2022-01-22,Southampton,2.1,-0.9,91,0.0,11.0,3,0,0,1,0,0,1
2022-01-23,Arsenal,4.4,1.9,88,0.0,6.5,3,0,0,0,0,0,0
2022-01-23,Chelsea,4.4,2.1,88,0.0,5.8,3,0,0,0,0,0,0
2022-01-23,Crystal Palace,4.4,2.0,88,0.0,5.8,3,0,0,0,0,0,0
2022-01-23,Leicester City,3.7,0.8,87,0.0,11.4,3,0,0,0,0,0,0
2022-02-05,Burnley,5.6,-0.5,89,15.1,43.6,63,1,0,1,0,0,1
2022-02-08,Burnley,9.5,5.0,94,15.6,36.3,63,1,0,0,0,0,1
2022-02-08,Newcastle United,9.7,6.0,78,0.5,35.2,51,0,0,0,0,0,0
2022-02-08,West Ham United,10.3,6.2,80,0.0,29.8,3,0,0,0,0,0,0
2022-02-09,Aston Villa,8.1,4.6,81,0.1,23.4,51,0,0,0,0,0,0
2022-02-09,Manchester City,7.7,4.1,80,6.1,21.8,61,0,0,0,0,0,0
2022-02-09,Norwich City,9.1,6.0,83,0.7,23.6,51,0,0,0,0,0,0
2022-02-09,Tottenham Hotspur,9.3,6.3,86,1.3,21.3,53,0,0,0,0,0,0
2022-02-10,Liverpool,5.5,-0.6,71,2.5,35.7,71,0,0,1,0,0,1
2022-02-10,Wolverhampton Wanderers,4.2,-0.5,75,0.2,24.5,51,0,0,1,0,0,1
2022-02-12,Brentford,5.2,0.5,77,0.0,28.7,3,0,0,0,0,0,0
2022-02-12,Everton,7.2,2.1,79,2.8,33.1,61,0,0,0,0,0,0
2022-02-12,Manchester United,6.1,0.6,81,11.5,34.6,73,1,0,0,0,0,1
2022-02-12,Norwich City,4.7,-1.1,75,0.2,36.2,51,0,0,1,0,0,1
2022-02-12,Watford,4.7,-0.3,79,0.0,30.8,3,0,0,1,0,0,1
2022-02-13,Burnley,7.5,3.1,96,10.1,35.3,61,1,0,0,0,0,1
2022-02-13,Leicester City,8.0,3.0,91,11.4,35.1,61,1,0,0,0,0,1
2022-02-13,Newcastle United,7.6,4.4,89,6.8,22.4,61,0,0,0,0,0,0
2022-02-13,Tottenham Hotspur,7.8,2.8,87,10.5,34.3,61,1,0,0,0,0,1
2022-02-15,Manchester United,6.2,2.0,83,4.8,28.1,61,0,0,0,0,0,0
2022-02-19,Arsenal,5.3,-0.4,71,2.4,40.1,61,0,0,1,0,0,1
2022-02-19,Aston Villa,3.3,-1.9,81,3.5,35.5,73,0,0,1,0,0,1
2022-02-19,Brighton,6.5,0.1,73,4.9,51.7,61,0,1,0,0,0,1
2022-02-19,Crystal Palace,5.5,-0.3,72,7.6,41.5,63,0,0,1,0,0,1
2022-02-19,Liverpool,3.9,-1.2,82,6.7,38.4,73,0,0,1,0,0,1
2022-02-19,Manchester City,2.9,-1.5,87,7.3,31.3,73,0,0,1,0,0,1
2022-02-19,Southampton,6.3,1.1,74,6.9,41.0,63,0,0,0,0,0,0
2022-02-19,West Ham United,5.5,-0.2,71,4.3,38.6,61,0,0,1,0,0,1
2022-02-20,Leeds United,7.9,1.8,84,32.6,41.3,63,1,0,0,0,0,1
2022-02-20,Wolverhampton Wanderers,8.3,2.8,85,13.9,40.5,63,1,0,0,0,0,1
2022-02-23,Burnley,6.4,0.6,84,9.6,34.4,63,0,0,0,0,0,0
2022-02-23,Liverpool,7.5,2.5,78,3.3,32.6,61,0,0,0,0,0,0
2022-02-23,Watford,6.2,1.9,84,0.3,31.1,51,0,0,0,0,0,0
2022-02-24,Arsenal,5.9,0.2,72,3.7,32.4,63,0,0,0,0,0,0
2022-02-25,Southampton,5.7,1.6,73,0.0,23.0,1,0,0,0,0,0,0
2022-02-26,Brentford,4.6,0.7,78,0.0,22.3,3,0,0,0,0,0,0
2022-02-26,Brighton,6.4,2.2,76,0.0,26.2,3,0,0,0,0,0,0
2022-02-26,Crystal Palace,5.1,1.0,76,0.0,21.6,3,0,0,0,0,0,0
2022-02-26,Everton,6.1,0.8,75,0.0,33.4,3,0,0,0,0,0,0
2022-02-26,Leeds United,5.7,1.5,76,0.0,25.6,3,0,0,0,0,0,0
2022-02-26,Manchester United,5.9,1.5,74,0.0,29.3,3,0,0,0,0,0,0
2022-02-27,West Ham United,5.2,0.6,70,0.0,20.1,2,0,0,0,0,0,0
2022-03-01,Burnley,3.8,0.0,86,0.0,20.6,3,0,0,1,0,0,1
2022-03-05,Aston Villa,4.2,-0.8,77,0.2,27.8,51,0,0,1,0,0,1
2022-03-05,Burnley,3.2,-1.0,80,0.0,25.8,2,0,0,1,0,0,1
2022-03-05,Leicester City,4.6,-0.6,81,1.0,32.8,51,0,0,1,0,0,1
2022-03-05,Liverpool,4.3,0.3,77,0.8,20.0,51,0,0,0,0,0,0
2022-03-05,Newcastle United,4.0,-0.3,81,1.0,28.4,51,0,0,1,0,0,1
2022-03-05,Norwich City,5.0,1.0,88,6.9,18.7,55,0,0,0,0,0,0
2022-03-05,Wolverhampton Wanderers,3.9,-0.6,77,0.3,24.4,51,0,0,1,0,0,1
2022-03-06,Manchester City,4.0,0.4,76,0.0,19.5,2,0,0,0,0,0,0
2022-03-06,Watford,3.9,-1.0,74,0.0,26.7,3,0,0,1,0,0,1
2022-03-07,Tottenham Hotspur,4.2,-0.7,71,0.0,23.1,3,0,0,1,0,0,1
2022-03-10,Leeds United,10.3,6.5,78,0.1,30.8,51,0,0,0,0,0,0
2022-03-10,Norwich City,9.3,5.6,76,0.0,20.7,3,0,0,0,0,0,0
2022-03-10,Southampton,10.6,7.3,80,0.4,24.1,51,0,0,0,0,0,0
2022-03-10,Wolverhampton Wanderers,10.0,5.8,78,1.2,31.8,51,0,0,0,0,0,0
2022-03-12,Brentford,9.0,4.6,78,1.6,28.3,61,0,0,0,0,0,0
2022-03-12,Brighton,8.8,3.7,82,8.0,32.7,61,0,0,0,0,0,0
2022-03-12,Manchester United,9.0,4.2,72,4.6,29.0,61,0,0,0,0,0,0
2022-03-13,Arsenal,8.3,4.8,84,1.8,24.6,51,0,0,0,0,0,0
2022-03-13,Chelsea,8.3,4.8,84,1.7,23.9,51,0,0,0,0,0,0
2022-03-13,Everton,8.9,3.8,75,1.6,38.2,53,0,0,0,0,0,0
2022-03-13,Leeds United,8.6,4.3,76,2.3,30.1,53,0,0,0,0,0,0
2022-03-13,Southampton,8.7,5.0,83,6.8,26.3,61,0,0,0,0,0,0
2022-03-13,West Ham United,8.4,5.1,84,1.7,22.7,53,0,0,0,0,0,0
2022-03-14,Crystal Palace,7.5,4.9,86,1.4,15.3,55,0,0,0,0,0,0
2022-03-16,Arsenal,9.3,6.8,90,11.9,22.3,63,1,0,0,0,0,1
2022-03-16,Brighton,9.4,6.6,93,7.7,22.2,61,0,0,0,0,0,0
2022-03-17,Everton,7.9,4.3,81,0.0,30.2,3,0,0,0,0,0,0
2022-03-18,Wolverhampton Wanderers,9.1,6.6,81,0.0,16.7,3,0,0,0,0,0,0
2022-03-19,Aston Villa,8.1,3.6,70,0.0,24.3,0,0,0,0,0,0,0
2022-03-20,Leicester City,5.6,1.9,72,0.0,19.6,3,0,0,0,0,0,0
2022-03-20,Tottenham Hotspur,6.7,3.1,64,0.0,22.0,2,0,0,0,0,0,0
2022-04-02,Brighton,3.5,-1.0,66,0.8,18.4,51,0,0,1,0,0,1
2022-04-02,Burnley,2.8,-0.6,76,0.6,12.0,51,0,0,1,0,0,1
2022-04-02,Chelsea,3.2,-0.6,76,0.8,15.0,71,0,0,1,0,0,1
2022-04-02,Leeds United,3.0,-0.4,77,1.4,13.8,53,0,0,1,0,0,1
2022-04-02,Liverpool,4.1,0.9,77,0.5,10.4,51,0,0,0,0,0,0
2022-04-02,Manchester United,3.3,0.2,76,0.3,11.7,51,0,0,0,0,0,0
2022-04-02,Wolverhampton Wanderers,2.4,-0.9,78,0.4,10.9,51,0,0,1,0,0,1
2022-04-03,Tottenham Hotspur,4.1,0.3,68,0.1,15.9,51,0,0,0,0,0,0
2022-04-03,West Ham United,4.2,0.4,68,0.1,16.3,51,0,0,0,0,0,0
2022-04-04,Crystal Palace,8.9,4.7,82,4.1,29.2,71,0,0,0,0,0,0
2022-04-06,Burnley,7.6,2.3,87,15.5,34.7,71,1,0,0,0,0,1
2022-04-08,Newcastle United,4.1,-0.2,69,0.7,20.7,71,0,0,1,0,0,1
2022-04-09,Arsenal,5.9,2.2,70,1.2,17.8,71,0,0,0,0,0,0
2022-04-09,Aston Villa,4.5,0.1,71,0.9,21.3,51,0,0,0,0,0,0
2022-04-09,Everton,5.9,1.3,69,0.5,24.3,51,0,0,0,0,0,0
2022-04-09,Southampton,5.7,1.9,70,0.0,16.1,3,0,0,0,0,0,0
2022-04-09,Watford,5.2,1.5,72,0.9,17.7,53,0,0,0,0,0,0
2022-04-10,Brentford,7.2,4.0,67,0.0,16.4,3,0,0,0,0,0,0
2022-04-10,Leicester City,5.6,2.2,72,0.1,14.1,51,0,0,0,0,0,0
2022-04-10,Manchester City,5.6,2.4,70,0.1,12.2,51,0,0,0,0,0,0
2022-04-10,Norwich City,6.2,2.8,72,0.0,16.0,3,0,0,0,0,0,0
2022-04-16,Manchester United,13.8,12.0,77,0.0,20.8,3,0,0,0,0,0,0
2022-04-16,Southampton,11.7,9.9,78,0.0,15.3,3,0,0,0,0,0,0
2022-04-16,Tottenham Hotspur,11.6,9.5,77,0.0,14.2,3,0,0,0,0,0,0
2022-04-16,Watford,11.9,10.0,77,0.0,13.2,3,0,0,0,0,0,0
2022-04-17,Newcastle United,13.2,10.7,74,0.0,18.7,3,0,0,0,0,0,0
2022-04-17,West Ham United,11.9,9.1,64,0.0,16.9,3,0,0,0,0,0,0
2022-04-19,Liverpool,8.2,5.8,81,0.6,15.8,51,0,0,0,0,0,0
2022-04-20,Chelsea,11.3,7.7,64,0.0,23.2,3,0,0,0,0,0,0
2022-04-20,Everton,10.6,7.7,69,0.0,18.5,3,0,0,0,0,0,0
2022-04-20,Manchester City,10.9,7.6,64,0.0,18.9,3,0,0,0,0,0,0
2022-04-20,Newcastle United,7.8,5.6,84,0.0,15.1,3,0,0,0,0,0,0
2022-04-21,Burnley,9.5,5.2,71,0.0,25.0,3,0,0,0,0,0,0
2022-04-23,Arsenal,12.5,8.2,70,0.3,30.8,51,0,0,0,0,0,0
2022-04-23,Brentford,12.6,8.5,69,0.0,30.6,3,0,0,0,0,0,0
2022-04-23,Leicester City,10.3,5.6,78,0.8,33.8,51,0,0,0,0,0,0
2022-04-23,Manchester City,10.8,5.8,71,0.4,34.9,51,0,0,0,0,0,0
2022-04-23,Norwich City,11.3,7.2,75,0.0,29.7,3,0,0,0,0,0,0
2022-04-24,Brighton,12.2,8.3,65,1.3,24.5,61,0,0,0,0,0,0
2022-04-24,Burnley,8.8,4.3,78,0.0,31.6,3,0,0,0,0,0,0
2022-04-24,Chelsea,12.5,8.6,61,0.0,23.9,3,0,0,0,0,0,0
2022-04-24,Liverpool,10.5,6.6,67,0.0,25.5,3,0,0,0,0,0,0
2022-04-25,Crystal Palace,9.3,6.0,74,0.6,22.4,51,0,0,0,0,0,0
2022-04-28,Manchester United,7.8,4.8,69,0.4,12.1,51,0,0,0,0,0,0
2022-04-30,Aston Villa,9.7,7.2,65,0.3,13.0,51,0,0,0,0,0,0
2022-04-30,Leeds United,9.5,6.9,73,2.4,17.5,53,0,0,0,0,0,0
2022-04-30,Newcastle United,9.8,7.1,74,5.1,19.5,61,0,0,0,0,0,0
2022-04-30,Southampton,9.4,7.1,74,0.0,11.6,3,0,0,0,0,0,0
2022-04-30,Watford,9.9,7.7,67,0.0,10.2,3,0,0,0,0,0,0
2022-04-30,Wolverhampton Wanderers,9.1,6.5,67,0.0,13.1,3,0,0,0,0,0,0
2022-05-01,Everton,11.1,9.3,84,4.8,11.4,53,0,0,0,0,0,0
2022-05-01,Tottenham Hotspur,11.1,8.9,74,1.0,14.2,51,0,0,0,0,0,0
2022-05-01,West Ham United,11.3,8.9,72,0.9,14.1,51,0,0,0,0,0,0
2022-05-02,Manchester United,12.1,10.9,80,0.9,13.4,51,0,0,0,0,0,0
2022-05-07,Brentford,14.1,12.8,80,1.4,15.6,51,0,0,0,0,0,0
2022-05-07,Brighton,13.6,12.7,83,5.4,15.0,61,0,0,0,0,0,0
2022-05-07,Burnley,10.9,9.0,84,0.3,16.5,51,0,0,0,0,0,0
2022-05-07,Chelsea,14.0,12.6,80,2.3,15.7,55,0,0,0,0,0,0
2022-05-07,Crystal Palace,13.9,12.4,81,2.3,16.0,53,0,0,0,0,0,0
2022-05-07,Liverpool,11.9,10.0,85,0.0,18.8,3,0,0,0,0,0,0
2022-05-08,Arsenal,12.0,9.7,74,0.0,15.5,3,0,0,0,0,0,0
2022-05-08,Leicester City,11.7,9.9,77,0.0,12.8,3,0,0,0,0,0,0
2022-05-08,Manchester City,13.1,11.3,74,0.0,14.1,3,0,0,0,0,0,0
2022-05-08,Norwich City,9.8,7.4,76,0.0,14.3,3,0,0,0,0,0,0
2022-05-10,Aston Villa,14.3,10.3,64,0.5,27.7,51,0,0,0,0,0,0
2022-05-11,Leeds United,11.6,7.9,74,6.4,27.4,55,0,0,0,0,0,0
2022-05-11,Leicester City,11.5,8.2,81,12.4,25.2,63,1,0,0,0,0,1
2022-05-11,Watford,12.3,9.7,83,8.3,29.6,63,0,0,0,0,0,0
2022-05-11,Wolverhampton Wanderers,11.7,8.7,78,15.2,23.8,63,1,0,0,0,0,1
2022-05-12,Tottenham Hotspur,12.5,9.6,69,0.0,22.3,3,0,0,0,0,0,0
2022-05-15,Aston Villa,14.9,13.1,78,3.6,23.5,53,0,0,0,0,0,0
2022-05-15,Everton,16.2,13.7,73,1.4,31.2,53,0,0,0,0,0,0
2022-05-15,Leeds United,13.4,11.1,78,2.1,24.1,53,0,0,0,0,0,0
2022-05-15,Tottenham Hotspur,15.0,13.6,81,13.1,20.5,63,1,0,0,0,0,1
2022-05-15,Watford,14.5,13.2,82,17.5,20.8,63,1,0,0,0,0,1
2022-05-15,West Ham United,15.0,13.8,81,21.3,21.1,63,1,0,0,0,0,1
2022-05-15,Wolverhampton Wanderers,15.2,13.3,77,3.3,21.6,55,0,0,0,0,0,0
2022-05-16,Newcastle United,11.8,10.3,92,6.4,18.9,61,0,0,0,0,0,0
2022-05-17,Southampton,16.2,15.4,80,0.6,22.7,51,0,0,0,0,0,0
2022-05-19,Aston Villa,13.9,12.2,73,0.0,15.9,3,0,0,0,0,0,0
2022-05-19,Chelsea,16.6,15.5,71,11.2,18.0,65,1,0,0,0,0,1
2022-05-19,Everton,13.5,12.0,71,0.0,12.3,3,0,0,0,0,0,0
2022-05-22,Arsenal,15.5,14.3,70,0.0,13.8,3,0,0,0,0,0,0
2022-05-22,Brentford,15.6,14.6,71,0.0,14.0,3,0,0,0,0,0,0
2022-05-22,Brighton,13.8,13.4,82,1.0,12.6,55,0,0,0,0,0,0
2022-05-22,Burnley,13.4,11.2,84,2.5,20.6,53,0,0,0,0,0,0
2022-05-22,Chelsea,15.5,14.5,70,0.0,13.8,3,0,0,0,0,0,0
2022-05-22,Crystal Palace,15.5,14.3,69,0.0,13.4,3,0,0,0,0,0,0
2022-05-22,Leicester City,14.7,12.7,74,1.3,19.2,53,0,0,0,0,0,0
2022-05-22,Liverpool,14.7,12.6,77,1.9,21.2,51,0,0,0,0,0,0
2022-05-22,Manchester City,14.7,12.8,77,1.6,21.3,51,0,0,0,0,0,0
2022-05-22,Norwich City,14.4,12.5,70,0.0,21.3,3,0,0,0,0,0,0
2022-08-05,Crystal Palace,17.7,14.6,46,0.0,17.8,3,0,0,0,0,0,0
2022-08-06,Bournemouth,18.3,16.0,47,0.0,17.4,3,0,0,0,0,0,0
2022-08-06,Everton,15.1,13.6,73,0.4,18.4,51,0,0,0,0,0,0
2022-08-06,Fulham,17.5,15.9,54,0.0,13.2,3,0,0,0,0,0,0
2022-08-06,Leeds United,14.4,12.3,71,0.0,16.7,3,0,0,0,0,0,0
2022-08-06,Newcastle United,14.5,12.0,72,0.0,22.6,3,0,0,0,0,0,0
2022-08-06,Tottenham Hotspur,17.5,15.7,53,0.0,14.6,3,0,0,0,0,0,0
2022-08-07,Leicester City,17.1,15.7,64,0.0,15.1,3,0,0,0,0,0,0
2022-08-07,Manchester United,15.7,14.7,77,0.0,18.2,3,0,0,0,0,0,0
2022-08-07,West Ham United,20.0,19.4,55,0.0,10.8,2,0,0,0,0,0,0
2022-08-13,Arsenal,25.3,24.1,46,0.0,17.7,3,0,0,0,0,0,0
2022-08-13,Aston Villa,23.8,23.1,53,0.0,17.6,3,0,0,0,0,0,0
2022-08-13,Brentford,25.3,24.3,45,0.0,14.5,3,0,0,0,0,0,0
2022-08-13,Brighton,24.4,23.2,49,0.0,18.1,3,0,0,0,0,0,0
2022-08-13,Manchester City,23.2,22.8,55,0.0,17.7,3,0,0,0,0,0,0
2022-08-13,Southampton,24.6,23.9,47,0.0,18.1,3,0,0,0,0,0,0
2022-08-13,Wolverhampton Wanderers,23.7,23.0,54,0.0,16.3,3,0,0,0,0,0,0
2022-08-14,Chelsea,25.2,24.2,46,0.0,17.5,3,0,0,0,0,0,0
2022-08-14,Nottingham Forest,24.1,23.1,45,0.0,11.9,3,0,0,0,0,0,0
2022-08-15,Liverpool,18.5,19.2,85,2.1,15.5,53,0,0,0,0,0,0
2022-08-20,Bournemouth,17.7,16.0,73,0.1,27.9,51,0,0,0,0,0,0
2022-08-20,Crystal Palace,18.0,16.3,69,0.0,20.9,3,0,0,0,0,0,0
2022-08-20,Everton,17.6,15.1,70,3.1,31.5,61,0,0,0,0,0,0
2022-08-20,Fulham,18.2,16.6,69,0.0,22.5,3,0,0,0,0,0,0
2022-08-20,Leicester City,17.6,15.0,67,0.2,26.6,51,0,0,0,0,0,0
2022-08-20,Tottenham Hotspur,18.1,16.5,69,0.0,20.4,3,0,0,0,0,0,0
2022-08-21,Leeds United,16.5,15.1,68,0.4,18.4,51,0,0,0,0,0,0
2022-08-21,Newcastle United,14.9,12.8,69,0.0,22.0,3,0,0,0,0,0,0
2022-08-21,West Ham United,18.5,18.0,70,0.0,17.3,3,0,0,0,0,0,0
2022-08-22,Manchester United,17.7,18.0,81,15.6,16.6,63,1,0,0,0,0,1
2022-08-27,Arsenal,17.7,17.3,74,0.1,18.8,51,0,0,0,0,0,0
2022-08-27,Brentford,17.9,17.4,73,0.4,18.8,51,0,0,0,0,0,0
2022-08-27,Brighton,17.2,17.5,81,2.5,15.2,55,0,0,0,0,0,0
2022-08-27,Chelsea,17.8,17.6,75,0.3,16.6,51,0,0,0,0,0,0
2022-08-27,Liverpool,16.0,15.5,78,1.3,14.8,51,0,0,0,0,0,0
2022-08-27,Manchester City,17.2,17.2,74,1.0,9.2,53,0,0,0,0,0,0
2022-08-27,Southampton,18.2,18.5,78,1.1,13.0,53,0,0,0,0,0,0
2022-08-28,Aston Villa,16.9,16.1,70,0.1,10.4,51,0,0,0,0,0,0
2022-08-28,Nottingham Forest,16.9,16.5,72,0.1,13.0,51,0,0,0,0,0,0
2022-08-28,Wolverhampton Wanderers,17.0,16.3,71,0.1,10.4,51,0,0,0,0,0,0
2022-08-30,Crystal Palace,18.0,16.2,69,0.0,21.9,3,0,0,0,0,0,0
2022-08-30,Fulham,18.3,16.5,68,0.0,23.3,3,0,0,0,0,0,0
2022-08-30,Leeds United,15.1,13.0,68,0.0,18.4,3,0,0,0,0,0,0
2022-08-30,Southampton,18.0,16.1,69,0.1,21.9,51,0,0,0,0,0,0
2022-08-31,Arsenal,17.9,15.2,63,0.1,23.8,51,0,0,0,0,0,0
2022-08-31,Bournemouth,18.6,16.2,64,0.2,23.2,51,0,0,0,0,0,0
2022-08-31,Liverpool,16.3,14.5,69,0.0,19.1,3,0,0,0,0,0,0
2022-08-31,Manchester City,16.4,14.4,70,0.0,20.3,3,0,0,0,0,0,0
2022-08-31,West Ham United,18.0,15.5,63,0.1,23.7,51,0,0,0,0,0,0
2022-09-01,Leicester City,17.1,15.0,71,0.0,25.0,3,0,0,0,0,0,0
2022-09-03,Aston Villa,17.4,16.6,77,1.3,19.4,51,0,0,0,0,0,0
2022-09-03,Brentford,18.6,18.6,79,0.2,19.7,51,0,0,0,0,0,0
2022-09-03,Chelsea,18.8,18.8,77,1.4,20.0,53,0,0,0,0,0,0
2022-09-03,Everton,18.6,16.9,71,0.3,22.9,51,0,0,0,0,0,0
2022-09-03,Newcastle United,17.7,16.9,85,2.0,27.2,55,0,0,0,0,0,0
2022-09-03,Nottingham Forest,18.8,18.2,71,0.2,17.6,51,0,0,0,0,0,0
2022-09-03,Tottenham Hotspur,19.0,19.2,78,0.1,16.3,51,0,0,0,0,0,0
2022-09-03,Wolverhampton Wanderers,17.5,16.5,76,1.1,19.1,51,0,0,0,0,0,0
2022-09-04,Brighton,19.2,18.4,78,0.0,27.8,3,0,0,0,0,0,0
2022-09-04,Manchester United,19.4,18.1,71,4.0,22.4,61,0,0,0,0,0,0
2022-09-16,Aston Villa,11.3,7.8,67,0.6,23.5,51,0,0,0,0,0,0
2022-09-16,Nottingham Forest,11.2,7.7,64,0.0,23.6,2,0,0,0,0,0,0
2022-09-17,Newcastle United,11.1,7.4,66,0.1,22.7,51,0,0,0,0,0,0
2022-09-17,Tottenham Hotspur,11.6,7.9,59,0.0,19.7,2,0,0,0,0,0,0
2022-09-17,Wolverhampton Wanderers,10.3,7.3,72,0.0,19.3,3,0,0,0,0,0,0
2022-09-18,Brentford,12.8,10.1,70,0.0,21.8,3,0,0,0,0,0,0
2022-09-18,Everton,13.5,10.6,77,2.8,27.0,53,0,0,0,0,0,0
2022-10-01,Arsenal,14.7,12.0,74,0.0,24.4,3,0,0,0,0,0,0
2022-10-01,Bournemouth,15.6,12.9,77,1.5,27.8,53,0,0,0,0,0,0
2022-10-01,Crystal Palace,14.9,12.1,74,0.3,26.0,51,0,0,0,0,0,0
2022-10-01,Fulham,14.9,12.2,74,0.1,25.6,51,0,0,0,0,0,0
2022-10-01,Liverpool,14.2,9.8,73,1.3,36.1,51,0,0,0,0,0,0
2022-10-01,Southampton,15.2,12.9,77,0.2,26.3,51,0,0,0,0,0,0
2022-10-01,West Ham United,14.9,12.2,74,0.2,23.3,51,0,0,0,0,0,0
2022-10-02,Leeds United,12.4,9.9,76,0.1,19.0,51,0,0,0,0,0,0
2022-10-02,Manchester City,12.7,10.7,78,0.2,18.3,51,0,0,0,0,0,0
2022-10-03,Leicester City,11.7,9.5,81,0.0,19.7,3,0,0,0,0,0,0
2022-10-08,Bournemouth,11.8,9.8,76,0.0,15.3,3,0,0,0,0,0,0
2022-10-08,Brighton,11.5,9.2,78,0.0,17.0,3,0,0,0,0,0,0
2022-10-08,Chelsea,10.9,8.6,77,0.0,13.1,3,0,0,0,0,0,0
2022-10-08,Manchester City,10.6,8.1,76,0.0,19.1,3,0,0,0,0,0,0
2022-10-08,Newcastle United,10.4,6.9,78,0.0,24.9,3,0,0,0,0,0,0
2022-10-09,Arsenal,11.6,9.0,75,0.0,19.9,3,0,0,0,0,0,0
2022-10-09,Crystal Palace,11.9,9.3,74,0.0,19.1,3,0,0,0,0,0,0
2022-10-09,Everton,11.4,8.0,82,5.1,29.2,61,0,0,0,0,0,0
2022-10-09,West Ham United,11.7,9.3,75,0.0,18.1,3,0,0,0,0,0,0
2022-10-10,Nottingham Forest,10.8,7.6,76,2.8,24.6,61,0,0,0,0,0,0
2022-10-14,Brentford,11.7,10.7,93,0.8,12.5,51,0,0,0,0,0,0
2022-10-15,Fulham,12.4,9.4,81,0.2,30.0,51,0,0,0,0,0,0
2022-10-15,Leicester City,11.8,7.7,78,1.6,30.8,53,0,0,0,0,0,0
2022-10-15,Tottenham Hotspur,12.2,9.2,82,0.2,29.7,51,0,0,0,0,0,0
2022-10-15,Wolverhampton Wanderers,11.6,7.7,78,4.5,26.6,61,0,0,0,0,0,0
2022-10-16,Aston Villa,11.5,8.2,77,4.8,29.0,61,0,0,0,0,0,0
2022-10-16,Leeds United,10.8,6.6,71,7.1,32.9,63,0,0,0,0,0,0
2022-10-16,Liverpool,11.7,7.6,69,2.9,33.1,61,0,0,0,0,0,0
2022-10-16,Manchester United,11.1,7.6,71,8.4,28.6,63,0,0,0,0,0,0
2022-10-16,Southampton,14.0,11.7,78,11.6,22.9,63,1,0,0,0,0,1
2022-10-18,Brighton,13.3,11.4,83,0.0,24.1,3,0,0,0,0,0,0
2022-10-18,Crystal Palace,11.7,9.9,86,0.0,17.3,3,0,0,0,0,0,0
2022-10-19,Bournemouth,16.5,13.7,86,3.5,36.2,61,0,0,0,0,0,0
2022-10-19,Brentford,14.1,11.3,84,1.0,28.6,53,0,0,0,0,0,0
2022-10-19,Liverpool,11.4,6.9,79,1.5,32.7,61,0,0,0,0,0,0
2022-10-19,Manchester United,11.7,7.5,78,11.4,35.4,65,1,0,0,0,0,1
2022-10-19,Newcastle United,11.0,7.7,77,0.2,24.5,51,0,0,0,0,0,0
2022-10-20,Fulham,13.7,13.3,93,9.9,14.1,63,0,0,0,0,0,0
2022-10-20,Leicester City,12.5,11.5,95,10.1,16.9,63,1,0,0,0,0,1
2022-10-22,Chelsea,14.7,13.2,85,0.0,24.0,3,0,0,0,0,0,0
2022-10-22,Everton,14.1,12.0,82,0.1,21.1,51,0,0,0,0,0,0
2022-10-22,Manchester City,13.8,11.7,83,2.1,22.7,61,0,0,0,0,0,0
2022-10-22,Nottingham Forest,13.7,11.3,84,0.3,26.6,51,0,0,0,0,0,0
2022-10-23,Aston Villa,13.5,12.1,93,13.4,22.0,63,1,0,0,0,0,1
2022-10-23,Leeds United,12.5,11.6,96,8.2,20.5,61,0,0,0,0,0,0
2022-10-23,Southampton,15.3,13.9,88,16.9,23.6,65,1,0,0,0,0,1
2022-10-23,Tottenham Hotspur,15.0,13.5,88,10.4,24.9,61,1,0,0,0,0,1
2022-10-23,Wolverhampton Wanderers,13.7,12.4,91,9.5,23.3,61,0,0,0,0,0,0
2022-10-24,West Ham United,13.6,10.8,83,0.9,31.9,51,0,0,0,0,0,0
2022-10-29,Bournemouth,16.9,15.0,86,6.6,36.5,63,0,0,0,0,0,0
2022-10-29,Brentford,16.4,15.9,86,3.2,18.2,61,0,0,0,0,0,0
2022-10-29,Brighton,17.1,16.1,86,0.1,24.0,51,0,0,0,0,0,0
2022-10-29,Crystal Palace,16.6,15.8,86,1.2,19.0,55,0,0,0,0,0,0
2022-10-29,Fulham,16.5,16.0,86,3.0,17.3,61,0,0,0,0,0,0
2022-10-29,Leicester City,14.6,13.0,90,3.2,22.8,61,0,0,0,0,0,0
2022-10-29,Liverpool,13.5,11.5,91,7.9,26.3,61,0,0,0,0,0,0
2022-10-29,Newcastle United,12.0,10.3,92,3.8,19.5,61,0,0,0,0,0,0
2022-10-30,Arsenal,14.1,12.2,86,1.2,24.1,53,0,0,0,0,0,0
2022-10-30,Manchester United,12.9,10.2,85,4.6,25.4,63,0,0,0,0,0,0
2022-11-05,Everton,9.8,7.1,90,3.1,24.0,55,0,0,0,0,0,0
2022-11-05,Leeds United,9.6,7.1,88,0.5,19.9,51,0,0,0,0,0,0
2022-11-05,Manchester City,9.3,6.7,91,2.7,23.8,53,0,0,0,0,0,0
2022-11-05,Nottingham Forest,9.3,6.2,89,0.6,28.5,51,0,0,0,0,0,0
2022-11-05,Wolverhampton Wanderers,9.0,6.0,91,2.5,24.1,53,0,0,0,0,0,0
2022-11-06,Aston Villa,8.6,5.5,94,1.7,26.0,53,0,0,0,0,0,0
2022-11-06,Chelsea,12.6,10.1,89,20.0,24.1,63,1,0,0,0,0,1
2022-11-06,Southampton,12.6,10.1,88,17.2,27.4,63,1,0,0,0,0,1
2022-11-06,Tottenham Hotspur,12.4,9.9,90,25.0,25.7,63,1,0,0,0,0,1
2022-11-06,West Ham United,12.6,10.1,89,17.6,24.7,63,1,0,0,0,0,1
2022-11-12,Bournemouth,14.3,12.7,88,0.0,21.4,3,0,0,0,0,0,0
2022-11-12,Liverpool,12.2,9.5,88,0.0,22.8,3,0,0,0,0,0,0
2022-11-12,Manchester City,12.3,10.4,86,0.0,16.4,3,0,0,0,0,0,0
2022-11-12,Newcastle United,11.7,10.1,89,0.0,17.8,3,0,0,0,0,0,0
2022-11-12,Nottingham Forest,12.0,10.1,90,0.0,18.1,3,0,0,0,0,0,0
2022-11-12,Tottenham Hotspur,11.8,10.7,93,0.0,12.3,3,0,0,0,0,0,0
2022-11-12,West Ham United,11.9,11.0,93,0.0,11.8,3,0,0,0,0,0,0
2022-11-12,Wolverhampton Wanderers,11.8,9.5,89,0.0,19.5,3,0,0,0,0,0,0
2022-11-13,Brighton,12.5,11.0,95,0.0,16.6,3,0,0,0,0,0,0
2022-11-13,Fulham,10.6,9.2,96,0.0,12.8,3,0,0,0,0,0,0
2022-12-26,Arsenal,5.8,1.5,84,0.0,27.3,3,0,0,0,0,0,0
2022-12-26,Aston Villa,4.1,-0.6,83,0.2,31.4,51,0,0,1,0,0,1
2022-12-26,Brentford,6.0,2.1,85,0.0,24.2,3,0,0,0,0,0,0
2022-12-26,Crystal Palace,6.0,1.8,84,0.0,25.9,3,0,0,0,0,0,0
2022-12-26,Everton,5.6,-0.2,75,6.6,39.8,73,0,0,1,0,0,1
2022-12-26,Leicester City,4.3,-0.7,83,0.1,32.8,51,0,0,1,0,0,1
2022-12-26,Southampton,6.3,2.5,85,0.0,28.0,3,0,0,0,0,0,0
2022-12-27,Chelsea,6.2,1.9,88,3.8,36.1,53,0,0,0,0,0,0
2022-12-27,Manchester United,5.9,1.6,89,7.5,34.1,61,0,0,0,0,0,0
2022-12-28,Leeds United,7.7,3.6,87,5.2,35.9,61,0,0,0,0,0,0
2022-12-30,Liverpool,8.6,2.9,78,0.1,40.1,51,0,0,0,0,0,0
2022-12-30,West Ham United,9.6,5.2,87,4.9,32.7,61,0,0,0,0,0,0
2022-12-31,Bournemouth,12.1,6.8,90,13.1,44.9,61,1,0,0,0,0,1
2022-12-31,Brighton,12.1,6.3,90,21.1,49.5,63,1,0,0,0,0,1
2022-12-31,Fulham,12.2,7.9,88,10.2,35.8,61,1,0,0,0,0,1
2022-12-31,Manchester City,9.2,6.8,91,16.9,19.7,61,1,0,0,0,0,1
2022-12-31,Newcastle United,5.9,3.2,91,14.5,19.3,63,1,0,0,0,0,1
2022-12-31,Wolverhampton Wanderers,9.6,6.2,91,4.7,25.0,53,0,0,0,0,0,0
2023-01-01,Nottingham Forest,8.5,4.0,83,0.6,30.3,51,0,0,0,0,0,0
2023-01-01,Tottenham Hotspur,10.0,6.4,84,7.0,30.3,61,0,0,0,0,0,0
2023-01-02,Brentford,5.5,2.8,91,0.3,14.5,51,0,0,0,0,0,0
2023-01-03,Arsenal,8.2,3.9,91,2.7,36.7,53,0,0,0,0,0,0
2023-01-03,Everton,7.2,2.7,90,6.4,29.7,61,0,0,0,0,0,0
2023-01-03,Leicester City,7.2,2.4,92,4.0,36.6,55,0,0,0,0,0,0
2023-01-03,Manchester United,7.5,3.3,89,7.3,29.5,61,0,0,0,0,0,0
2023-01-04,Aston Villa,10.7,6.5,85,2.0,33.1,53,0,0,0,0,0,0
2023-01-04,Crystal Palace,11.8,7.1,85,1.2,35.9,55,0,0,0,0,0,0
2023-01-04,Leeds United,10.6,5.3,83,1.5,37.6,51,0,0,0,0,0,0
2023-01-04,Southampton,11.8,8.0,87,1.8,33.1,55,0,0,0,0,0,0
2023-01-05,Chelsea,10.5,7.1,87,0.1,31.5,51,0,0,0,0,0,0
2023-01-12,Fulham,10.3,5.1,86,5.4,40.7,53,0,0,0,0,0,0
2023-01-13,Aston Villa,6.2,0.7,77,0.5,30.9,51,0,0,0,0,0,0
2023-01-14,Brentford,8.9,4.0,82,11.3,38.5,61,1,0,0,0,0,1
2023-01-14,Brighton,9.3,3.6,85,18.4,50.7,63,1,1,0,0,0,1
2023-01-14,Everton,6.9,0.6,80,6.2,42.3,61,0,0,0,0,0,0
2023-01-14,Manchester United,6.7,1.5,80,7.7,31.0,61,0,0,0,0,0,0
2023-01-14,Nottingham Forest,6.9,1.4,82,9.2,33.8,63,0,0,0,0,0,0
2023-01-14,Wolverhampton Wanderers,6.8,1.5,82,7.8,32.8,61,0,0,0,0,0,0
2023-01-15,Chelsea,4.6,-0.6,76,0.0,29.6,3,0,0,1,0,0,1
2023-01-15,Newcastle United,3.2,-2.1,83,1.7,46.1,53,0,0,1,0,0,1
2023-01-15,Tottenham Hotspur,4.6,-0.6,76,0.0,29.8,3,0,0,1,0,0,1
2023-01-18,Crystal Palace,-0.3,-4.6,87,0.0,15.4,3,0,0,1,0,0,1
2023-01-19,Manchester City,0.5,-3.3,86,0.5,17.7,51,0,0,1,0,0,1
2023-01-21,Bournemouth,1.9,-1.7,87,0.0,13.3,2,0,0,1,0,0,1
2023-01-21,Crystal Palace,1.3,-1.8,91,0.0,11.0,3,0,0,1,0,0,1
2023-01-21,Leicester City,-0.7,-4.3,90,0.0,10.7,3,0,0,1,0,0,1
2023-01-21,Liverpool,0.1,-4.5,91,0.0,23.2,3,0,0,1,0,0,1
2023-01-21,Southampton,0.4,-3.2,89,0.0,11.4,3,0,0,1,0,0,1
2023-01-21,West Ham United,1.3,-1.9,90,0.0,11.5,3,0,0,1,0,0,1
2023-01-22,Arsenal,-1.9,-4.9,96,0.0,6.3,3,0,0,1,0,0,1
2023-01-22,Leeds United,0.6,-2.7,87,0.3,8.9,51,0,0,1,0,0,1
2023-01-22,Manchester City,1.8,-1.6,84,0.0,11.4,3,0,0,1,0,0,1
2023-01-23,Fulham,-1.0,-4.1,86,0.0,6.6,3,0,0,1,0,0,1
2023-02-03,Chelsea,9.3,6.0,86,0.0,22.7,3,0,0,0,0,0,0
2023-02-04,Aston Villa,7.7,4.7,87,0.1,20.8,51,0,0,0,0,0,0
2023-02-04,Brentford,7.5,5.2,87,0.5,11.9,51,0,0,0,0,0,0
2023-02-04,Brighton,8.0,5.5,85,0.0,12.8,3,0,0,0,0,0,0
2023-02-04,Everton,8.5,5.2,84,1.6,32.7,53,0,0,0,0,0,0
2023-02-04,Manchester United,8.3,5.6,85,0.9,23.4,53,0,0,0,0,0,0
2023-02-04,Newcastle United,7.9,4.7,82,0.4,25.3,51,0,0,0,0,0,0
2023-02-04,Wolverhampton Wanderers,8.0,5.1,86,0.2,20.2,51,0,0,0,0,0,0
2023-02-05,Nottingham Forest,3.4,-0.0,79,0.0,14.4,3,0,0,1,0,0,1
2023-02-05,Tottenham Hotspur,4.9,1.3,81,0.0,19.4,3,0,0,0,0,0,0
2023-02-08,Manchester United,2.4,-1.4,81,0.0,15.9,3,0,0,1,0,0,1
2023-02-11,Arsenal,8.0,5.8,87,0.0,12.1,3,0,0,0,0,0,0
2023-02-11,Bournemouth,6.8,4.7,91,0.0,13.1,3,0,0,0,0,0,0
2023-02-11,Crystal Palace,7.8,5.5,87,0.0,12.6,3,0,0,0,0,0,0
2023-02-11,Fulham,7.9,5.7,87,0.0,12.7,3,0,0,0,0,0,0
2023-02-11,Leicester City,7.4,4.6,86,0.0,17.7,3,0,0,0,0,0,0
2023-02-11,Southampton,7.0,4.8,90,0.0,12.2,3,0,0,0,0,0,0
2023-02-11,West Ham United,8.0,5.8,87,0.0,11.6,3,0,0,0,0,0,0
2023-02-12,Leeds United,5.3,2.5,84,0.0,11.4,3,0,0,0,0,0,0
2023-02-12,Manchester City,6.6,4.0,81,0.0,12.8,3,0,0,0,0,0,0
2023-02-13,Liverpool,5.6,1.7,87,0.0,22.6,3,0,0,0,0,0,0
2023-02-15,Arsenal,6.6,3.2,84,0.0,18.8,3,0,0,0,0,0,0
2023-02-18,Aston Villa,10.5,6.4,85,1.0,31.4,51,0,0,0,0,0,0
2023-02-18,Brentford,10.9,7.3,85,0.8,25.1,51,0,0,0,0,0,0
2023-02-18,Brighton,9.5,4.9,92,0.1,33.1,51,0,0,0,0,0,0
2023-02-18,Chelsea,10.9,7.1,85,0.7,27.3,51,0,0,0,0,0,0
2023-02-18,Everton,10.6,5.6,83,1.3,38.1,51,0,0,0,0,0,0
2023-02-18,Newcastle United,8.7,5.5,88,8.3,35.7,61,0,0,0,0,0,0
2023-02-18,Nottingham Forest,11.2,6.9,80,0.8,37.5,51,0,0,0,0,0,0
2023-02-18,Wolverhampton Wanderers,10.6,6.7,84,1.4,30.7,51,0,0,0,0,0,0
2023-02-19,Manchester United,7.8,4.5,83,0.6,27.1,51,0,0,0,0,0,0
2023-02-19,Tottenham Hotspur,8.7,5.1,78,0.0,19.2,3,0,0,0,0,0,0
2023-02-24,Fulham,4.0,0.5,83,0.0,15.2,3,0,0,0,0,0,0
2023-02-25,Bournemouth,4.5,-0.5,74,0.0,26.4,3,0,0,1,0,0,1
2023-02-25,Crystal Palace,4.0,-0.7,77,0.0,26.4,3,0,0,1,0,0,1
2023-02-25,Everton,3.4,-0.9,76,0.0,20.1,3,0,0,1,0,0,1
2023-02-25,Leeds United,4.1,-0.8,75,0.1,25.8,51,0,0,1,0,0,1
2023-02-25,Leicester City,3.4,-1.5,80,0.0,27.3,3,0,0,1,0,0,1
2023-02-25,West Ham United,4.3,-0.4,76,0.0,25.3,3,0,0,1,0,0,1
2023-02-26,Tottenham Hotspur,4.0,-0.9,65,0.0,25.5,3,0,0,1,0,0,1
2023-03-01,Arsenal,5.3,1.6,85,1.2,19.7,51,0,0,0,0,0,0
2023-03-01,Liverpool,6.2,2.4,78,0.2,19.2,51,0,0,0,0,0,0
2023-03-04,Arsenal,5.0,1.4,74,0.0,15.1,3,0,0,0,0,0,0
2023-03-04,Aston Villa,3.2,-0.4,75,0.0,12.6,3,0,0,1,0,0,1
2023-03-04,Brighton,4.8,1.1,76,0.4,17.3,51,0,0,0,0,0,0
2023-03-04,Chelsea,5.0,1.6,76,0.0,15.5,3,0,0,0,0,0,0
2023-03-04,Manchester City,3.8,0.8,75,0.0,12.1,3,0,0,0,0,0,0
2023-03-04,Southampton,4.6,0.9,73,0.0,14.2,3,0,0,0,0,0,0
2023-03-04,Wolverhampton Wanderers,3.1,-0.4,77,0.0,13.0,3,0,0,1,0,0,1
2023-03-05,Liverpool,4.0,0.7,84,0.9,19.5,51,0,0,0,0,0,0
2023-03-05,Nottingham Forest,2.4,-1.2,76,0.0,14.3,3,0,0,1,0,0,1
2023-03-06,Brentford,4.1,0.4,87,1.5,21.0,51,0,0,0,0,0,0
2023-03-11,Bournemouth,5.6,1.3,84,0.8,25.9,51,0,0,0,0,0,0
2023-03-11,Crystal Palace,2.8,-1.2,75,0.6,16.3,53,0,0,1,0,0,1
2023-03-11,Everton,1.4,-3.1,86,7.6,27.5,71,0,0,1,0,0,1
2023-03-11,Leeds United,-0.8,-4.9,83,2.6,20.6,73,0,0,1,0,0,1
2023-03-11,Leicester City,0.9,-3.3,79,1.8,21.3,51,0,0,1,0,0,1
2023-03-11,Tottenham Hotspur,2.5,-1.2,77,1.4,15.0,71,0,0,1,0,0,1
2023-03-12,Fulham,10.1,6.0,85,1.3,32.6,53,0,0,0,0,0,0
2023-03-12,Manchester United,9.2,5.2,84,10.5,30.5,61,1,0,0,0,0,1
2023-03-12,Newcastle United,8.0,3.9,81,4.1,29.3,75,0,0,0,0,1,1
2023-03-12,West Ham United,10.0,5.9,85,1.7,31.1,53,0,0,0,0,0,0
2023-03-15,Brighton,4.9,1.4,88,4.9,26.8,61,0,0,0,0,0,0
2023-03-15,Southampton,5.2,2.0,90,8.0,24.5,61,0,0,0,0,0,0
2023-03-17,Nottingham Forest,10.9,8.1,83,1.0,21.7,53,0,0,0,0,0,0
2023-03-18,Aston Villa,9.6,7.4,89,4.2,20.1,61,0,0,0,0,0,0
2023-03-18,Brentford,10.1,8.0,87,3.4,13.7,61,0,0,0,0,0,0
2023-03-18,Chelsea,10.0,7.9,86,4.0,14.0,61,0,0,0,0,0,0
2023-03-18,Southampton,10.2,8.3,89,5.6,15.8,61,0,0,0,0,0,0
2023-03-18,Wolverhampton Wanderers,9.6,7.5,90,3.3,22.2,61,0,0,0,0,0,0
2023-03-19,Arsenal,8.2,4.9,76,1.1,20.4,51,0,0,0,0,0,0
2023-04-01,Arsenal,9.3,6.0,81,1.0,21.2,51,0,0,0,0,0,0
2023-04-01,Bournemouth,9.7,6.3,83,5.5,24.6,53,0,0,0,0,0,0
2023-04-01,Brighton,9.7,6.5,84,6.9,25.1,61,0,0,0,0,0,0
2023-04-01,Chelsea,9.6,6.3,81,1.0,21.2,51,0,0,0,0,0,0
2023-04-01,Crystal Palace,9.4,6.3,82,1.2,20.2,51,0,0,0,0,0,0
2023-04-01,Manchester City,8.1,4.9,77,0.4,14.7,51,0,0,0,0,0,0
2023-04-01,Nottingham Forest,7.8,3.9,81,0.4,22.3,51,0,0,0,0,0,0
2023-04-02,Newcastle United,5.2,2.2,79,0.2,12.0,51,0,0,0,0,0,0
2023-04-02,West Ham United,7.8,3.7,71,0.0,22.1,3,0,0,0,0,0,0
2023-04-03,Everton,5.6,1.6,76,0.0,23.1,3,0,0,0,0,0,0
2023-04-04,Bournemouth,6.2,3.0,76,0.0,15.8,3,0,0,0,0,0,0
2023-04-04,Chelsea,5.7,2.9,75,0.0,13.3,3,0,0,0,0,0,0
2023-04-04,Leeds United,5.7,2.5,73,0.0,13.3,3,0,0,0,0,0,0
2023-04-04,Leicester City,5.2,2.1,74,0.0,10.7,3,0,0,0,0,0,0
2023-04-05,Manchester United,8.6,5.9,85,4.9,16.9,53,0,0,0,0,0,0
2023-04-05,West Ham United,7.0,4.1,77,1.6,11.2,51,0,0,0,0,0,0
2023-04-08,Aston Villa,7.6,4.7,74,0.0,13.4,3,0,0,0,0,0,0
2023-04-08,Brentford,7.9,5.7,80,0.0,11.9,3,0,0,0,0,0,0
2023-04-08,Fulham,7.9,5.5,81,0.0,11.0,3,0,0,0,0,0,0
2023-04-08,Leicester City,7.8,5.1,78,0.0,16.3,3,0,0,0,0,0,0
2023-04-08,Manchester United,8.9,6.0,70,0.0,15.5,3,0,0,0,0,0,0
2023-04-08,Southampton,8.2,5.9,83,0.0,10.7,3,0,0,0,0,0,0
2023-04-08,Tottenham Hotspur,7.9,5.6,82,0.0,11.4,3,0,0,0,0,0,0
2023-04-08,Wolverhampton Wanderers,7.7,4.8,74,0.0,15.0,3,0,0,0,0,0,0
2023-04-09,Leeds United,8.3,5.0,80,0.3,20.4,51,0,0,0,0,0,0
2023-04-09,Liverpool,10.1,5.8,73,0.0,27.8,3,0,0,0,0,0,0
2023-04-15,Aston Villa,7.6,5.0,81,0.7,13.6,51,0,0,0,0,0,0
2023-04-15,Chelsea,9.6,6.9,80,1.1,18.0,51,0,0,0,0,0,0
2023-04-15,Everton,8.0,5.7,78,0.0,11.4,3,0,0,0,0,0,0
2023-04-15,Manchester City,7.6,5.5,81,0.4,9.1,51,0,0,0,0,0,0
2023-04-15,Southampton,8.3,5.0,79,0.1,21.1,51,0,0,0,0,0,0
2023-04-15,Tottenham Hotspur,9.1,6.5,82,2.3,18.5,51,0,0,0,0,0,0
2023-04-15,Wolverhampton Wanderers,7.4,4.8,81,0.3,11.8,51,0,0,0,0,0,0
2023-04-16,Nottingham Forest,9.3,7.3,82,0.1,13.6,51,0,0,0,0,0,0
2023-04-16,West Ham United,9.9,8.1,78,0.0,10.4,3,0,0,0,0,0,0
2023-04-17,Leeds United,10.6,8.8,85,0.3,16.6,51,0,0,0,0,0,0
2023-04-21,Arsenal,7.3,4.4,85,5.7,17.6,61,0,0,0,0,0,0
2023-04-22,Brentford,8.1,5.6,79,0.3,17.3,51,0,0,0,0,0,0
2023-04-22,Crystal Palace,8.1,5.5,78,0.0,20.0,3,0,0,0,0,0,0
2023-04-22,Fulham,8.2,5.6,79,1.5,17.7,53,0,0,0,0,0,0
2023-04-22,Leicester City,8.7,6.0,78,1.2,15.8,55,0,0,0,0,0,0
2023-04-22,Liverpool,8.6,6.6,85,6.4,12.2,61,0,0,0,0,0,0
2023-04-23,Bournemouth,9.9,6.9,82,3.2,27.2,61,0,0,0,0,0,0
2023-04-23,Newcastle United,7.6,4.5,83,1.9,25.0,53,0,0,0,0,0,0
2023-04-25,Aston Villa,5.1,2.0,66,0.0,9.8,3,0,0,0,0,0,0
2023-04-25,Leeds United,5.4,1.7,63,0.0,15.7,3,0,0,0,0,0,0
2023-04-25,Wolverhampton Wanderers,5.2,2.1,66,0.0,9.1,3,0,0,0,0,0,0
2023-04-26,Chelsea,7.9,4.7,69,0.0,15.1,3,0,0,0,0,0,0
2023-04-26,Manchester City,7.3,4.6,67,0.4,9.0,51,0,0,0,0,0,0
2023-04-26,Nottingham Forest,7.6,4.7,70,0.3,12.3,51,0,0,0,0,0,0
2023-04-26,West Ham United,7.8,4.5,69,0.0,15.4,3,0,0,0,0,0,0
2023-04-27,Everton,9.2,5.5,78,0.8,23.9,51,0,0,0,0,0,0
2023-04-27,Southampton,10.4,7.4,84,15.8,22.9,65,1,0,0,0,0,1
2023-04-27,Tottenham Hotspur,9.0,5.6,77,14.8,21.7,63,1,0,0,0,0,1
2023-04-29,Brentford,11.2,9.9,80,0.0,11.5,3,0,0,0,0,0,0
2023-04-29,Brighton,10.0,8.3,84,0.0,15.1,3,0,0,0,0,0,0
2023-04-29,Crystal Palace,11.1,9.8,80,0.1,10.8,51,0,0,0,0,0,0
2023-04-30,Bournemouth,10.5,8.7,90,1.1,16.2,51,0,0,0,0,0,0
2023-04-30,Fulham,11.4,9.2,77,0.0,15.9,3,0,0,0,0,0,0
2023-04-30,Liverpool,11.8,10.1,90,14.6,21.4,63,1,0,0,0,0,1
2023-04-30,Manchester United,11.8,9.9,87,6.3,22.9,55,0,0,0,0,0,0
2023-04-30,Newcastle United,10.8,9.0,88,6.5,17.1,61,0,0,0,0,0,0
2023-05-01,Leicester City,12.0,9.6,81,2.0,20.6,53,0,0,0,0,0,0
2023-05-02,Arsenal,10.3,7.7,81,0.1,18.4,51,0,0,0,0,0,0
2023-05-03,Liverpool,11.2,7.4,70,0.0,24.5,3,0,0,0,0,0,0
2023-05-03,Manchester City,11.1,8.1,68,0.0,17.9,3,0,0,0,0,0,0
2023-05-04,Brighton,12.6,9.6,79,0.1,24.6,51,0,0,0,0,0,0
2023-05-06,Bournemouth,12.3,10.3,94,17.5,26.3,63,1,0,0,0,0,1
2023-05-06,Liverpool,12.6,11.4,88,1.5,17.4,51,0,0,0,0,0,0
2023-05-06,Manchester City,12.9,12.1,87,1.6,11.6,53,0,0,0,0,0,0
2023-05-06,Tottenham Hotspur,12.5,11.2,90,6.5,18.4,61,0,0,0,0,0,0
2023-05-06,Wolverhampton Wanderers,12.1,10.7,91,3.1,17.3,55,0,0,0,0,0,0
2023-05-07,Newcastle United,12.1,11.4,93,1.4,9.2,53,0,0,0,0,0,0
2023-05-07,West Ham United,15.1,14.4,82,0.7,10.9,51,0,0,0,0,0,0
2023-05-08,Brighton,11.7,9.5,93,7.4,24.4,63,0,0,0,0,0,0
2023-05-08,Fulham,12.6,10.4,86,5.0,23.4,61,0,0,0,0,0,0
2023-05-08,Nottingham Forest,13.1,11.0,86,12.2,23.8,63,1,0,0,0,0,1
2023-05-13,Aston Villa,10.6,8.5,82,0.0,15.8,3,0,0,0,0,0,0
2023-05-13,Chelsea,11.6,9.0,84,0.0,20.2,3,0,0,0,0,0,0
2023-05-13,Crystal Palace,11.6,8.9,84,0.0,20.0,3,0,0,0,0,0,0
2023-05-13,Leeds United,10.9,9.3,80,0.0,13.2,3,0,0,0,0,0,0
2023-05-13,Manchester United,12.0,11.1,78,0.0,9.8,3,0,0,0,0,0,0
2023-05-13,Southampton,12.2,9.8,82,0.0,23.7,3,0,0,0,0,0,0
2023-05-14,Arsenal,12.8,12.0,81,0.8,11.6,51,0,0,0,0,0,0
2023-05-14,Brentford,12.8,12.0,82,0.3,13.7,51,0,0,0,0,0,0
2023-05-14,Everton,12.0,10.0,82,0.4,24.6,51,0,0,0,0,0,0
2023-05-15,Leicester City,10.7,6.8,67,0.9,21.9,53,0,0,0,0,0,0
2023-05-18,Newcastle United,13.2,11.7,73,0.1,13.0,51,0,0,0,0,0,0
2023-05-20,Bournemouth,13.9,11.1,69,0.0,20.7,3,0,0,0,0,0,0
2023-05-20,Fulham,12.9,10.0,70,0.1,22.9,51,0,0,0,0,0,0
2023-05-20,Liverpool,13.6,12.4,75,0.2,12.2,51,0,0,0,0,0,0
2023-05-20,Nottingham Forest,11.7,9.4,77,0.0,18.4,2,0,0,0,0,0,0
2023-05-20,Tottenham Hotspur,12.8,9.7,70,0.0,20.9,2,0,0,0,0,0,0
2023-05-20,Wolverhampton Wanderers,12.2,10.0,73,0.0,17.1,2,0,0,0,0,0,0
2023-05-21,Brighton,13.3,10.2,71,0.1,21.4,51,0,0,0,0,0,0
2023-05-21,Manchester City,13.8,12.4,67,0.0,13.5,3,0,0,0,0,0,0
2023-05-21,West Ham United,13.1,10.1,70,0.0,23.7,3,0,0,0,0,0,0
2023-05-22,Newcastle United,11.0,9.0,77,0.0,17.8,3,0,0,0,0,0,0
2023-05-24,Brighton,13.7,13.2,82,0.0,15.1,3,0,0,0,0,0,0
2023-05-25,Manchester United,14.8,14.4,77,0.4,10.6,51,0,0,0,0,0,0
2023-05-28,Arsenal,14.1,11.4,64,0.0,24.8,3,0,0,0,0,0,0
2023-05-28,Aston Villa,14.2,11.9,73,0.5,21.8,51,0,0,0,0,0,0
2023-05-28,Brentford,14.2,11.6,65,0.0,22.7,3,0,0,0,0,0,0
2023-05-28,Chelsea,14.1,11.4,66,0.0,25.3,3,0,0,0,0,0,0
2023-05-28,Crystal Palace,13.8,11.2,66,0.0,24.0,3,0,0,0,0,0,0
2023-05-28,Everton,14.0,12.2,76,0.0,23.4,3,0,0,0,0,0,0
2023-05-28,Leeds United,13.0,10.7,75,1.0,17.8,51,0,0,0,0,0,0
2023-05-28,Leicester City,13.9,11.6,75,0.0,23.2,3,0,0,0,0,0,0
2023-05-28,Manchester United,14.2,12.3,73,0.4,21.7,51,0,0,0,0,0,0
2023-05-28,Southampton,15.4,13.1,63,0.0,20.2,3,0,0,0,0,0,0
2023-08-11,Burnley,18.2,16.6,77,1.2,27.2,51,0,0,0,0,0,0
2023-08-12,Arsenal,17.5,15.4,78,1.0,31.9,51,0,0,0,0,0,0
2023-08-12,Bournemouth,17.4,14.9,83,1.1,34.6,51,0,0,0,0,0,0
2023-08-12,Brighton,17.0,14.7,86,2.4,36.1,53,0,0,0,0,0,0
2023-08-12,Everton,17.4,15.3,76,5.7,28.6,61,0,0,0,0,0,0
2023-08-12,Newcastle United,17.3,15.8,75,3.4,24.2,61,0,0,0,0,0,0
2023-08-12,Sheffield United,17.1,14.8,77,1.1,29.2,53,0,0,0,0,0,0
2023-08-13,Brentford,18.0,16.3,75,0.2,24.3,51,0,0,0,0,0,0
2023-08-13,Chelsea,18.0,16.1,75,0.3,25.8,51,0,0,0,0,0,0
2023-08-14,Manchester United,16.8,16.1,88,30.6,24.7,63,1,0,0,0,0,1
2023-08-18,Nottingham Forest,17.6,16.2,85,2.4,25.6,55,0,0,0,0,0,0
2023-08-19,Fulham,19.9,18.8,76,0.2,27.8,51,0,0,0,0,0,0
2023-08-19,Liverpool,19.1,16.8,73,2.2,32.8,55,0,0,0,0,0,0
2023-08-19,Manchester City,19.1,17.4,75,7.3,29.5,63,0,0,0,0,0,0
2023-08-19,Tottenham Hotspur,19.8,18.7,77,0.4,25.5,51,0,0,0,0,0,0
2023-08-19,Wolverhampton Wanderers,18.4,16.4,76,1.4,28.6,53,0,0,0,0,0,0
2023-08-20,Aston Villa,17.2,16.0,77,0.7,21.4,51,0,0,0,0,0,0
2023-08-20,West Ham United,18.9,18.5,76,0.5,17.4,51,0,0,0,0,0,0
2023-08-21,Crystal Palace,18.3,17.6,77,0.0,19.1,3,0,0,0,0,0,0
2023-08-25,Chelsea,16.7,15.0,65,0.1,18.5,51,0,0,0,0,0,0
2023-08-26,Arsenal,14.8,13.4,80,1.8,17.1,55,0,0,0,0,0,0
2023-08-26,Bournemouth,15.1,13.8,79,8.2,18.4,63,0,0,0,0,0,0
2023-08-26,Brentford,15.0,13.8,79,0.4,15.6,51,0,0,0,0,0,0
2023-08-26,Brighton,15.4,13.8,80,10.1,24.3,63,1,0,0,0,0,1
2023-08-26,Everton,14.5,12.8,79,2.5,22.0,51,0,0,0,0,0,0
2023-08-26,Manchester United,13.9,12.8,81,5.1,12.7,63,0,0,0,0,0,0
2023-08-27,Burnley,12.5,10.8,90,11.9,24.9,63,1,0,0,0,0,1
2023-08-27,Newcastle United,13.1,12.5,88,11.6,10.2,63,1,0,0,0,0,1
2023-08-27,Sheffield United,13.5,11.7,82,2.2,24.4,55,0,0,0,0,0,0
2023-09-01,Luton Town,16.6,17.1,85,3.9,9.8,53,0,0,0,0,0,0
2023-09-02,Brentford,18.7,18.8,82,0.8,14.9,51,0,0,0,0,0,0
2023-09-02,Brighton,17.7,18.3,85,0.1,15.4,51,0,0,0,0,0,0
2023-09-02,Burnley,16.6,16.6,83,0.1,12.3,51,0,0,0,0,0,0
2023-09-02,Chelsea,18.6,18.7,83,0.4,15.6,51,0,0,0,0,0,0
2023-09-02,Manchester City,17.5,17.8,79,0.0,10.2,3,0,0,0,0,0,0
2023-09-02,Sheffield United,16.8,16.8,79,0.0,8.7,3,0,0,0,0,0,0
2023-09-03,Arsenal,18.4,19.0,81,0.0,12.3,3,0,0,0,0,0,0
2023-09-03,Crystal Palace,18.6,19.4,81,0.0,12.7,3,0,0,0,0,0,0
2023-09-03,Liverpool,16.4,16.8,85,0.0,9.9,3,0,0,0,0,0,0
2023-09-16,Aston Villa,15.9,14.5,82,0.0,19.6,3,0,0,0,0,0,0
2023-09-16,Fulham,18.7,18.6,77,0.0,17.1,3,0,0,0,0,0,0
2023-09-16,Manchester United,15.5,13.6,84,0.0,23.6,3,0,0,0,0,0,0
2023-09-16,Newcastle United,13.5,10.5,83,1.5,29.4,51,0,0,0,0,0,0
2023-09-16,Tottenham Hotspur,18.6,18.7,79,0.0,18.1,3,0,0,0,0,0,0
2023-09-16,West Ham United,18.7,18.8,78,0.0,17.1,3,0,0,0,0,0,0
2023-09-16,Wolverhampton Wanderers,16.0,14.9,83,0.0,18.9,3,0,0,0,0,0,0
2023-09-17,Bournemouth,18.0,17.2,86,11.5,25.5,63,1,0,0,0,0,1
2023-09-17,Everton,16.3,15.3,85,7.9,18.8,63,0,0,0,0,0,0
2023-09-18,Nottingham Forest,14.9,12.6,82,20.9,29.2,65,1,0,0,0,0,1
2023-09-23,Brentford,12.7,10.3,72,0.0,15.1,3,0,0,0,0,0,0
2023-09-23,Burnley,11.4,8.9,80,0.4,28.2,51,0,0,0,0,0,0
2023-09-23,Crystal Palace,12.7,10.1,72,0.0,15.6,3,0,0,0,0,0,0
2023-09-23,Luton Town,11.9,9.0,73,0.0,17.3,3,0,0,0,0,0,0
2023-09-23,Manchester City,12.1,9.8,77,0.7,21.2,51,0,0,0,0,0,0
2023-09-24,Arsenal,16.8,13.9,72,0.1,30.8,51,0,0,0,0,0,0
2023-09-24,Brighton,17.0,13.7,75,0.0,30.8,3,0,0,0,0,0,0
2023-09-24,Chelsea,17.0,14.2,71,0.0,30.6,3,0,0,0,0,0,0
2023-09-24,Liverpool,17.2,14.4,80,4.9,35.8,61,0,0,0,0,0,0
2023-09-24,Sheffield United,16.4,13.1,80,1.7,36.6,53,0,0,0,0,0,0
2023-09-30,Aston Villa,13.2,11.6,88,2.8,24.6,55,0,0,0,0,0,0
2023-09-30,Bournemouth,15.4,14.3,82,0.0,22.0,3,0,0,0,0,0,0
2023-09-30,Everton,13.3,11.7,90,9.9,23.4,61,0,0,0,0,0,0
2023-09-30,Manchester United,12.8,11.5,90,7.4,21.6,61,0,0,0,0,0,0
2023-09-30,Newcastle United,12.3,10.8,86,3.0,15.8,55,0,0,0,0,0,0
2023-09-30,Tottenham Hotspur,14.5,13.2,80,0.0,18.2,3,0,0,0,0,0,0
2023-09-30,West Ham United,14.7,13.4,79,0.0,18.5,3,0,0,0,0,0,0
2023-09-30,Wolverhampton Wanderers,12.6,11.1,91,6.9,25.0,63,0,0,0,0,0,0
2023-10-01,Nottingham Forest,17.9,17.4,89,1.5,25.6,53,0,0,0,0,0,0
2023-10-02,Fulham,17.7,18.4,89,4.1,25.9,63,0,0,0,0,0,0
2023-10-03,Luton Town,13.3,10.3,78,1.3,26.7,55,0,0,0,0,0,0
2023-10-07,Burnley,15.8,14.4,89,2.0,26.2,53,0,0,0,0,0,0
2023-10-07,Crystal Palace,17.6,16.2,77,0.0,19.7,3,0,0,0,0,0,0
2023-10-07,Everton,16.8,16.7,84,0.0,24.1,3,0,0,0,0,0,0
2023-10-07,Fulham,17.6,16.2,78,0.0,21.9,3,0,0,0,0,0,0
2023-10-07,Luton Town,17.2,15.2,75,0.1,22.1,51,0,0,0,0,0,0
2023-10-07,Manchester United,16.8,16.8,84,0.2,14.9,51,0,0,0,0,0,0
2023-10-08,Arsenal,16.6,16.1,79,0.0,12.1,3,0,0,0,0,0,0
2023-10-08,Brighton,15.9,15.5,81,0.0,10.1,3,0,0,0,0,0,0
2023-10-08,West Ham United,16.8,16.3,78,0.0,12.6,3,0,0,0,0,0,0
2023-10-08,Wolverhampton Wanderers,15.3,14.5,78,0.0,12.6,3,0,0,0,0,0,0
2023-10-21,Bournemouth,12.6,10.7,86,3.2,23.7,61,0,0,0,0,0,0
2023-10-21,Brentford,12.5,11.0,89,4.5,19.5,61,0,0,0,0,0,0
2023-10-21,Chelsea,12.7,10.9,88,3.4,21.8,61,0,0,0,0,0,0
2023-10-21,Liverpool,10.0,6.9,80,1.6,24.0,53,0,0,0,0,0,0
2023-10-21,Manchester City,9.4,7.0,86,3.7,27.6,55,0,0,0,0,0,0
2023-10-21,Newcastle United,8.7,5.0,84,2.8,30.9,53,0,0,0,0,0,0
2023-10-21,Nottingham Forest,9.4,7.4,90,2.6,13.4,51,0,0,0,0,0,0
2023-10-21,Sheffield United,9.3,7.1,88,4.8,20.2,53,0,0,0,0,0,0
2023-10-22,Aston Villa,8.6,6.1,87,0.2,14.5,51,0,0,0,0,0,0
2023-10-23,Tottenham Hotspur,10.8,8.9,89,1.3,15.5,51,0,0,0,0,0,0
2023-10-27,Crystal Palace,10.3,8.3,89,3.2,17.3,61,0,0,0,0,0,0
2023-10-28,Arsenal,11.6,9.0,86,8.1,25.6,63,0,0,0,0,0,0
2023-10-28,Bournemouth,12.8,9.4,83,9.5,28.8,63,0,0,0,0,0,0
2023-10-28,Chelsea,11.8,9.3,86,10.6,26.1,63,1,0,0,0,0,1
2023-10-28,Wolverhampton Wanderers,9.8,7.2,90,14.6,19.2,65,1,0,0,0,0,1
2023-10-29,Aston Villa,9.6,6.5,87,0.2,21.1,51,0,0,0,0,0,0
2023-10-29,Brighton,11.8,7.1,81,12.0,34.4,61,1,0,0,0,0,1
2023-10-29,Liverpool,10.1,7.6,86,1.0,19.6,51,0,0,0,0,0,0
2023-10-29,Manchester United,10.3,8.3,86,2.3,16.6,61,0,0,0,0,0,0
2023-10-29,West Ham United,10.7,7.7,86,6.1,25.3,63,0,0,0,0,0,0
2023-11-04,Brentford,8.6,5.7,89,8.4,24.8,61,0,0,0,0,0,0
2023-11-04,Burnley,7.1,3.8,93,6.0,23.5,61,0,0,0,0,0,0
2023-11-04,Everton,7.4,4.0,90,5.2,20.7,53,0,0,0,0,0,0
2023-11-04,Fulham,8.6,5.5,88,5.5,26.5,61,0,0,0,0,0,0
2023-11-04,Manchester City,7.7,4.4,88,2.1,21.8,51,0,0,0,0,0,0
2023-11-04,Newcastle United,6.6,4.2,92,2.9,15.3,53,0,0,0,0,0,0
2023-11-04,Sheffield United,7.0,3.8,93,8.0,21.0,61,0,0,0,0,0,0
2023-11-05,Luton Town,8.0,4.1,86,0.0,28.9,3,0,0,0,0,0,0
2023-11-05,Nottingham Forest,8.3,4.6,85,0.9,24.9,53,0,0,0,0,0,0
2023-11-06,Tottenham Hotspur,8.6,5.1,84,0.0,24.2,3,0,0,0,0,0,0
2023-11-11,Arsenal,5.3,2.4,89,0.0,14.3,3,0,0,0,0,0,0
2023-11-11,Bournemouth,8.4,5.7,81,0.0,21.3,3,0,0,0,0,0,0
2023-11-11,Crystal Palace,5.3,2.4,89,0.0,14.3,3,0,0,0,0,0,0
2023-11-11,Manchester United,4.5,1.8,89,0.0,11.4,3,0,0,0,0,0,0
2023-11-11,Wolverhampton Wanderers,5.2,2.3,89,0.0,12.8,3,0,0,0,0,0,0
2023-11-12,Aston Villa,5.4,2.2,96,1.9,18.0,53,0,0,0,0,0,0
2023-11-12,Brighton,9.8,6.9,84,5.6,21.6,61,0,0,0,0,0,0
2023-11-12,Chelsea,7.0,4.6,93,2.0,12.4,53,0,0,0,0,0,0
2023-11-12,Liverpool,5.8,1.9,93,6.5,27.7,61,0,0,0,0,0,0
2023-11-12,West Ham United,7.0,4.6,93,2.7,12.3,53,0,0,0,0,0,0
2023-11-25,Brentford,1.6,-2.2,82,0.0,14.3,3,0,0,1,0,0,1
2023-11-25,Burnley,0.3,-2.8,82,0.0,7.1,3,0,0,1,0,0,1
2023-11-25,Luton Town,0.7,-3.4,85,0.0,15.5,3,0,0,1,0,0,1
2023-11-25,Manchester City,0.3,-2.7,85,0.0,6.3,3,0,0,1,0,0,1
2023-11-25,Newcastle United,2.0,-2.1,82,0.0,17.4,3,0,0,1,0,0,1
2023-11-25,Nottingham Forest,1.5,-2.3,80,0.0,15.6,3,0,0,1,0,0,1
2023-11-25,Sheffield United,1.9,-2.2,77,0.0,15.5,3,0,0,1,0,0,1
2023-11-26,Everton,3.6,-0.0,88,1.4,15.0,53,0,0,1,0,0,1
2023-11-26,Tottenham Hotspur,3.4,0.6,92,7.8,14.4,63,0,0,0,0,0,0
2023-11-27,Fulham,7.7,4.1,91,5.1,22.4,61,0,0,0,0,0,0
2023-12-02,Arsenal,-2.3,-6.0,95,0.0,10.9,3,0,0,1,0,0,1
2023-12-02,Brentford,-2.3,-5.8,94,0.0,12.9,3,0,0,1,0,0,1
2023-12-02,Burnley,-1.5,-5.7,91,3.9,20.6,75,0,0,1,0,1,1
2023-12-02,Newcastle United,-2.7,-6.6,91,0.7,11.3,73,0,0,1,0,0,1
2023-12-02,Nottingham Forest,-2.6,-6.5,94,0.0,13.2,3,0,0,1,0,0,1
2023-12-03,Bournemouth,7.9,3.6,87,19.8,38.5,71,1,0,0,0,0,1
2023-12-03,Chelsea,4.6,1.2,90,7.0,21.1,73,0,0,0,0,0,0
2023-12-03,Liverpool,0.9,-3.1,93,4.0,16.5,71,0,0,1,0,0,1
2023-12-03,Manchester City,1.7,-1.6,90,4.9,19.3,73,0,0,1,0,0,1
2023-12-03,West Ham United,4.3,0.9,90,6.0,20.1,73,0,0,0,0,0,0
2023-12-05,Luton Town,4.2,0.7,97,6.6,17.3,53,0,0,0,0,0,0
2023-12-05,Wolverhampton Wanderers,3.0,-0.3,94,5.5,15.6,53,0,0,1,0,0,1
2023-12-06,Aston Villa,0.8,-3.0,94,0.5,20.9,51,0,0,1,0,0,1
2023-12-06,Brighton,4.3,1.2,90,0.0,23.1,3,0,0,0,0,0,0
2023-12-06,Crystal Palace,2.8,0.0,95,0.0,14.6,3,0,0,1,0,0,1
2023-12-06,Fulham,2.5,-0.3,95,0.0,12.7,3,0,0,1,0,0,1
2023-12-06,Manchester United,0.9,-3.0,84,0.1,21.9,51,0,0,1,0,0,1
2023-12-06,Sheffield United,0.4,-3.1,88,0.0,15.8,3,0,0,1,0,0,1
2023-12-07,Everton,6.2,0.7,91,10.4,34.6,63,1,0,0,0,0,1
2023-12-07,Tottenham Hotspur,5.9,1.5,90,6.9,26.7,61,0,0,0,0,0,0
2023-12-09,Aston Villa,8.3,3.0,83,11.7,38.5,63,1,0,0,0,0,1
2023-12-09,Brighton,10.3,5.0,86,14.9,40.9,63,1,0,0,0,0,1
2023-12-09,Crystal Palace,9.6,5.0,84,9.4,33.2,63,0,0,0,0,0,0
2023-12-09,Manchester United,8.5,3.3,86,14.8,47.7,61,1,0,0,0,0,1
2023-12-09,Sheffield United,7.8,2.3,88,13.8,49.0,63,1,0,0,0,0,1
2023-12-09,Wolverhampton Wanderers,8.3,3.2,83,7.9,37.2,63,0,0,0,0,0,0
2023-12-10,Everton,8.3,3.3,84,11.0,51.0,61,1,1,0,0,0,1
2023-12-10,Fulham,9.3,4.5,80,2.1,35.0,61,0,0,0,0,0,0
2023-12-10,Luton Town,8.0,3.0,83,4.0,41.3,63,0,0,0,0,0,0
2023-12-10,Tottenham Hotspur,8.9,4.2,80,2.6,34.7,61,0,0,0,0,0,0
2023-12-15,Nottingham Forest,5.7,2.1,89,0.0,21.2,3,0,0,0,0,0,0
2023-12-16,Burnley,9.8,5.8,94,0.0,28.9,3,0,0,0,0,0,0
2023-12-16,Chelsea,8.8,5.9,94,0.0,21.2,3,0,0,0,0,0,0
2023-12-16,Manchester City,10.3,7.9,89,0.5,17.7,51,0,0,0,0,0,0
2023-12-16,Newcastle United,11.4,6.7,80,0.0,32.9,3,0,0,0,0,0,0
2023-12-17,Arsenal,8.8,4.8,89,0.0,30.8,3,0,0,0,0,0,0
2023-12-17,Brentford,9.0,5.5,88,0.0,28.8,3,0,0,0,0,0,0
2023-12-17,Liverpool,10.2,7.1,83,2.2,26.2,61,0,0,0,0,0,0
2023-12-17,West Ham United,8.9,5.1,88,0.0,28.5,3,0,0,0,0,0,0
2023-12-21,Crystal Palace,10.8,6.1,76,0.5,34.2,51,0,0,0,0,0,0
2023-12-22,Aston Villa,8.8,4.1,82,2.3,30.6,53,0,0,0,0,0,0
2023-12-23,Fulham,9.5,5.0,80,0.0,30.3,3,0,0,0,0,0,0
2023-12-23,Liverpool,10.3,4.4,82,3.1,45.7,61,0,0,0,0,0,0
2023-12-23,Luton Town,8.9,3.7,81,0.0,34.6,3,0,0,0,0,0,0
2023-12-23,Nottingham Forest,9.7,4.1,79,2.3,38.6,55,0,0,0,0,0,0
2023-12-23,Tottenham Hotspur,9.4,5.0,79,0.0,29.8,3,0,0,0,0,0,0
2023-12-23,West Ham United,9.5,5.0,79,0.0,30.4,3,0,0,0,0,0,0
2023-12-24,Wolverhampton Wanderers,11.5,8.0,90,2.9,28.5,55,0,0,0,0,0,0
2023-12-26,Bournemouth,8.5,5.6,85,3.4,22.8,61,0,0,0,0,0,0
2023-12-26,Burnley,4.9,1.1,91,1.0,33.4,51,0,0,0,0,0,0
2023-12-26,Manchester United,6.2,2.7,83,0.7,29.6,51,0,0,0,0,0,0
2023-12-26,Newcastle United,3.8,-0.3,85,0.3,35.5,51,0,0,1,0,0,1
2023-12-26,Sheffield United,6.0,1.8,80,0.0,36.4,3,0,0,0,0,0,0
2023-12-27,Brentford,10.2,5.7,87,9.0,38.6,61,0,0,0,0,0,0
2023-12-27,Chelsea,10.1,5.5,87,6.3,40.2,61,0,0,0,0,0,0
2023-12-27,Everton,8.7,3.1,85,15.9,40.3,63,1,0,0,0,0,1
2023-12-28,Arsenal,10.4,4.7,78,0.8,40.0,51,0,0,0,0,0,0
2023-12-28,Brighton,10.7,3.9,83,3.3,49.9,53,0,0,0,0,0,0
2023-12-30,Aston Villa,7.1,2.6,89,14.3,36.9,63,1,0,0,0,0,1
2023-12-30,Crystal Palace,9.1,4.5,85,2.1,38.5,53,0,0,0,0,0,0
2023-12-30,Luton Town,7.8,3.1,89,2.9,39.6,53,0,0,0,0,0,0
2023-12-30,Manchester City,6.9,2.8,86,7.1,38.7,55,0,0,0,0,0,0
2023-12-30,Nottingham Forest,7.0,2.4,88,6.3,39.2,61,0,0,0,0,0,0
2023-12-30,Wolverhampton Wanderers,6.9,2.5,89,8.6,36.7,61,0,0,0,0,0,0
2023-12-31,Fulham,8.2,2.8,81,7.6,40.7,61,0,0,0,0,0,0
2023-12-31,Tottenham Hotspur,8.0,2.7,83,7.9,35.0,61,0,0,0,0,0,0
2024-01-01,Liverpool,6.8,1.4,83,15.7,38.9,63,1,0,0,0,0,1
2024-01-02,West Ham United,10.9,6.4,87,7.7,52.1,61,0,1,0,0,0,1
2024-01-12,Burnley,3.1,0.2,92,0.0,15.1,3,0,0,0,0,0,0
2024-01-13,Chelsea,3.2,0.0,86,0.0,10.7,3,0,0,1,0,0,1
2024-01-13,Newcastle United,4.0,-0.0,88,0.0,23.5,3,0,0,1,0,0,1
2024-01-14,Everton,3.5,-0.3,84,0.1,23.0,51,0,0,1,0,0,1
2024-01-14,Manchester United,1.5,-1.6,90,0.1,12.7,51,0,0,1,0,0,1
2024-01-20,Arsenal,2.4,-3.0,74,0.0,27.2,3,0,0,1,0,0,1
2024-01-20,Brentford,2.6,-2.6,74,0.0,26.1,3,0,0,1,0,0,1
2024-01-21,Bournemouth,10.3,3.6,86,9.6,57.5,63,0,1,0,0,0,1
2024-01-21,Sheffield United,8.8,2.0,83,6.4,51.5,55,0,1,0,0,0,1
2024-01-22,Brighton,9.3,2.8,81,7.4,58.9,63,0,1,0,0,0,1
2024-01-30,Aston Villa,5.5,1.7,87,0.4,22.7,51,0,0,0,0,0,0
2024-01-30,Crystal Palace,8.2,4.6,82,0.0,27.7,3,0,0,0,0,0,0
2024-01-30,Fulham,8.3,4.7,82,0.0,27.9,3,0,0,0,0,0,0
2024-01-30,Luton Town,7.1,3.5,85,0.3,29.2,51,0,0,0,0,0,0
2024-01-30,Nottingham Forest,6.3,2.9,87,0.4,21.3,51,0,0,0,0,0,0
2024-01-31,Liverpool,5.9,1.0,83,3.7,41.5,55,0,0,0,0,0,0
2024-01-31,Manchester City,5.3,0.8,84,5.9,32.2,63,0,0,0,0,0,0
2024-01-31,Tottenham Hotspur,7.4,3.5,83,0.3,28.5,51,0,0,0,0,0,0
2024-02-01,West Ham United,6.0,2.8,83,0.0,19.5,3,0,0,0,0,0,0
2024-02-01,Wolverhampton Wanderers,4.1,0.7,88,0.0,14.3,3,0,0,0,0,0,0
2024-02-03,Brighton,9.9,6.1,92,0.0,26.0,3,0,0,0,0,0,0
2024-02-03,Burnley,8.0,3.3,91,1.7,32.7,53,0,0,0,0,0,0
2024-02-03,Everton,9.4,5.1,87,2.0,33.6,51,0,0,0,0,0,0
2024-02-03,Newcastle United,8.9,3.8,76,0.1,42.5,51,0,0,0,0,0,0
2024-02-03,Sheffield United,9.9,7.3,83,2.1,20.5,53,0,0,0,0,0,0
2024-02-04,Arsenal,11.2,6.9,85,0.2,36.2,51,0,0,0,0,0,0
2024-02-04,Bournemouth,10.7,7.0,88,0.0,27.1,3,0,0,0,0,0,0
2024-02-04,Chelsea,11.4,7.1,84,0.1,35.4,51,0,0,0,0,0,0
2024-02-04,Manchester United,10.1,5.6,83,5.3,34.7,53,0,0,0,0,0,0
2024-02-05,Brentford,9.6,5.0,80,0.1,33.8,51,0,0,0,0,0,0
2024-02-10,Fulham,9.2,7.4,90,2.1,12.5,53,0,0,0,0,0,0
2024-02-10,Liverpool,5.8,2.8,91,0.0,16.1,3,0,0,0,0,0,0
2024-02-10,Luton Town,8.3,6.3,93,1.9,12.4,53,0,0,0,0,0,0
2024-02-10,Manchester City,6.0,3.9,92,0.1,7.7,51,0,0,0,0,0,0
2024-02-10,Nottingham Forest,6.3,4.4,96,1.5,9.3,53,0,0,0,0,0,0
2024-02-10,Tottenham Hotspur,9.0,7.3,93,4.9,13.0,61,0,0,0,0,0,0
2024-02-10,Wolverhampton Wanderers,6.2,3.8,94,0.1,11.1,51,0,0,0,0,0,0
2024-02-11,Aston Villa,4.5,1.1,92,0.1,17.8,51,0,0,0,0,0,0
2024-02-11,West Ham United,7.2,4.7,88,4.8,19.9,61,0,0,0,0,0,0
2024-02-12,Crystal Palace,4.9,1.3,81,0.0,17.0,3,0,0,0,0,0,0
2024-02-17,Brentford,10.0,7.5,91,1.9,25.9,55,0,0,0,0,0,0
2024-02-17,Burnley,10.1,7.5,95,6.5,27.9,61,0,0,0,0,0,0
2024-02-17,Fulham,10.0,7.3,90,1.7,27.2,55,0,0,0,0,0,0
2024-02-17,Manchester City,10.8,8.5,91,13.0,24.6,63,1,0,0,0,0,1
2024-02-17,Newcastle United,9.1,6.8,92,2.9,20.4,55,0,0,0,0,0,0
2024-02-17,Nottingham Forest,10.3,7.7,91,8.6,25.2,61,0,0,0,0,0,0
2024-02-17,Tottenham Hotspur,9.7,7.0,91,2.0,25.8,53,0,0,0,0,0,0
2024-02-18,Luton Town,10.7,7.9,89,11.3,26.4,63,1,0,0,0,0,1
2024-02-18,Sheffield United,10.9,8.2,87,5.5,22.7,55,0,0,0,0,0,0
2024-02-19,Everton,8.8,4.8,85,2.9,31.5,61,0,0,0,0,0,0
2024-02-20,Manchester City,9.0,6.0,88,2.5,23.3,55,0,0,0,0,0,0
2024-02-21,Liverpool,9.6,5.4,89,5.5,36.9,53,0,0,0,0,0,0
2024-02-24,Arsenal,2.9,0.2,90,2.8,9.0,61,0,0,0,0,0,0
2024-02-24,Aston Villa,2.4,-0.9,87,0.1,10.5,51,0,0,1,0,0,1
2024-02-24,Bournemouth,4.3,1.1,82,0.6,12.8,51,0,0,0,0,0,0
2024-02-24,Brighton,3.9,0.7,86,2.7,20.1,53,0,0,0,0,0,0
2024-02-24,Crystal Palace,2.9,0.0,89,0.8,9.8,51,0,0,1,0,0,1
2024-02-24,Manchester United,2.6,-0.3,87,0.1,9.9,51,0,0,1,0,0,1
2024-02-25,Wolverhampton Wanderers,3.5,-0.9,85,0.0,24.5,3,0,0,1,0,0,1
2024-02-26,West Ham United,6.2,-0.2,75,0.5,42.1,51,0,0,1,0,0,1
2024-03-02,Brentford,5.0,0.8,82,4.5,24.6,73,0,0,0,0,0,0
2024-03-02,Everton,2.7,-0.6,92,7.3,16.9,73,0,0,1,0,0,1
2024-03-02,Fulham,5.0,0.8,82,2.2,27.0,53,0,0,0,0,0,0
2024-03-02,Luton Town,3.7,-0.8,86,2.8,28.4,73,0,0,1,0,0,1
2024-03-02,Newcastle United,2.4,-0.9,93,5.2,23.8,73,0,0,1,0,0,1
2024-03-02,Nottingham Forest,3.5,-0.4,89,3.9,22.0,71,0,0,1,0,0,1
2024-03-02,Tottenham Hotspur,4.8,0.5,85,2.9,26.2,71,0,0,0,0,0,0
2024-03-03,Burnley,3.0,-0.1,88,0.0,14.5,3,0,0,1,0,0,1
2024-03-03,Manchester City,3.4,0.3,84,0.2,10.8,51,0,0,0,0,0,0
2024-03-04,Sheffield United,4.0,-0.2,79,2.3,26.2,53,0,0,1,0,0,1
2024-03-09,Arsenal,8.8,5.0,78,0.4,25.6,51,0,0,0,0,0,0
2024-03-09,Bournemouth,8.6,4.4,84,5.3,30.6,55,0,0,0,0,0,0
2024-03-09,Crystal Palace,8.9,5.3,77,0.1,23.1,51,0,0,0,0,0,0
2024-03-09,Manchester United,6.8,1.4,81,0.5,32.4,51,0,0,0,0,0,0
2024-03-09,Wolverhampton Wanderers,6.7,2.2,84,0.6,24.4,51,0,0,0,0,0,0
2024-03-10,Aston Villa,6.7,3.5,95,14.1,18.5,61,1,0,0,0,0,1
2024-03-10,Brighton,8.0,6.2,92,8.9,13.0,61,0,0,0,0,0,0
2024-03-10,Liverpool,7.2,2.9,88,10.1,26.1,61,1,0,0,0,0,1
2024-03-10,West Ham United,8.1,5.8,93,7.2,17.7,53,0,0,0,0,0,0
2024-03-11,Chelsea,8.0,5.1,85,1.9,19.8,53,0,0,0,0,0,0
2024-03-13,Bournemouth,10.8,7.0,89,0.1,32.2,51,0,0,0,0,0,0
2024-03-16,Burnley,6.1,2.6,86,4.0,24.2,61,0,0,0,0,0,0
2024-03-16,Fulham,9.2,6.4,76,1.3,18.5,53,0,0,0,0,0,0
2024-03-16,Luton Town,8.6,5.5,78,1.2,20.2,53,0,0,0,0,0,0
2024-03-17,West Ham United,11.4,9.2,89,6.9,20.4,61,0,0,0,0,0,0
2024-03-30,Aston Villa,7.8,4.5,77,0.3,16.9,51,0,0,0,0,0,0
2024-03-30,Bournemouth,9.4,6.2,81,0.3,23.0,51,0,0,0,0,0,0
2024-03-30,Brentford,8.6,6.0,78,0.4,13.1,51,0,0,0,0,0,0
2024-03-30,Chelsea,8.7,6.0,77,0.0,14.2,3,0,0,0,0,0,0
2024-03-30,Newcastle United,8.0,4.8,75,0.1,15.8,51,0,0,0,0,0,0
2024-03-30,Nottingham Forest,8.0,5.0,78,0.2,16.2,51,0,0,0,0,0,0
2024-03-30,Sheffield United,7.9,4.5,76,0.0,16.3,3,0,0,0,0,0,0
2024-03-30,Tottenham Hotspur,8.6,6.0,78,0.3,11.7,51,0,0,0,0,0,0
2024-03-31,Liverpool,8.6,4.3,74,0.1,29.2,51,0,0,0,0,0,0
2024-03-31,Manchester City,8.8,4.6,72,0.0,30.1,3,0,0,0,0,0,0
2024-04-02,Bournemouth,10.1,5.8,86,9.3,43.1,61,0,0,0,0,0,0
2024-04-02,Burnley,7.3,4.6,85,0.6,16.9,51,0,0,0,0,0,0
2024-04-02,Newcastle United,6.0,4.0,91,1.5,10.0,53,0,0,0,0,0,0
2024-04-02,Nottingham Forest,8.5,5.7,83,3.4,16.3,53,0,0,0,0,0,0
2024-04-02,West Ham United,10.4,6.8,80,2.8,25.2,53,0,0,0,0,0,0
2024-04-03,Arsenal,11.2,7.2,80,1.4,35.2,51,0,0,0,0,0,0
2024-04-03,Brentford,11.3,7.5,80,2.1,34.0,53,0,0,0,0,0,0
2024-04-03,Manchester City,9.7,6.5,86,9.8,32.0,63,0,0,0,0,0,0
2024-04-04,Chelsea,12.1,8.3,81,3.6,32.8,61,0,0,0,0,0,0
2024-04-04,Liverpool,9.8,7.6,83,11.0,21.8,63,1,0,0,0,0,1
2024-04-06,Aston Villa,13.7,9.2,76,3.3,39.6,61,0,0,0,0,0,0
2024-04-06,Brighton,14.2,9.5,74,0.4,40.8,51,0,0,0,0,0,0
2024-04-06,Crystal Palace,15.8,11.4,67,0.2,34.3,51,0,0,0,0,0,0
2024-04-06,Everton,14.1,9.1,72,2.6,41.3,53,0,0,0,0,0,0
2024-04-06,Fulham,16.0,11.6,67,0.1,36.1,51,0,0,0,0,0,0
2024-04-06,Luton Town,14.8,10.2,71,0.2,36.7,51,0,0,0,0,0,0
2024-04-06,Wolverhampton Wanderers,13.6,8.9,77,2.8,40.8,53,0,0,0,0,0,0
2024-04-07,Manchester United,11.3,6.2,75,5.8,40.0,61,0,0,0,0,0,0
2024-04-07,Sheffield United,11.5,5.9,73,1.0,40.8,51,0,0,0,0,0,0
2024-04-07,Tottenham Hotspur,12.4,7.3,71,0.2,42.6,51,0,0,0,0,0,0
2024-04-13,Bournemouth,11.9,9.5,89,0.0,21.9,3,0,0,0,0,0,0
2024-04-13,Brentford,13.9,11.3,78,0.0,22.7,3,0,0,0,0,0,0
2024-04-13,Burnley,10.5,6.3,84,1.1,33.7,51,0,0,0,0,0,0
2024-04-13,Manchester City,11.4,8.1,79,2.6,30.3,61,0,0,0,0,0,0
2024-04-13,Newcastle United,11.0,7.1,76,0.2,36.1,51,0,0,0,0,0,0
2024-04-13,Nottingham Forest,11.7,7.9,75,0.2,33.6,51,0,0,0,0,0,0
2024-04-14,Arsenal,10.3,7.0,68,0.0,19.9,3,0,0,0,0,0,0
2024-04-14,Liverpool,9.0,4.3,72,1.4,28.4,53,0,0,0,0,0,0
2024-04-14,West Ham United,10.6,7.3,67,0.0,20.2,3,0,0,0,0,0,0
2024-04-15,Chelsea,8.5,2.5,66,4.6,38.4,61,0,0,0,0,0,0
2024-04-20,Luton Town,5.7,1.3,68,0.1,24.1,51,0,0,0,0,0,0
2024-04-20,Sheffield United,6.5,2.6,68,0.0,22.4,3,0,0,0,0,0,0
2024-04-20,Wolverhampton Wanderers,6.1,2.9,72,0.0,15.9,3,0,0,0,0,0,0
2024-04-21,Aston Villa,5.9,2.2,71,0.0,18.9,3,0,0,0,0,0,0
2024-04-21,Crystal Palace,7.1,2.6,65,0.1,26.1,51,0,0,0,0,0,0
2024-04-21,Everton,7.7,5.1,78,0.0,12.2,3,0,0,0,0,0,0
2024-04-21,Fulham,7.3,2.7,65,0.0,26.9,3,0,0,0,0,0,0
2024-04-23,Arsenal,7.4,4.3,81,1.4,21.6,51,0,0,0,0,0,0
2024-04-24,Crystal Palace,6.6,2.7,68,0.1,20.7,51,0,0,0,0,0,0
2024-04-24,Everton,6.7,3.5,72,0.5,18.2,51,0,0,0,0,0,0
2024-04-24,Manchester United,6.6,3.3,68,0.0,16.1,3,0,0,0,0,0,0
2024-04-24,Wolverhampton Wanderers,6.2,3.1,72,1.0,15.1,51,0,0,0,0,0,0
2024-04-25,Brighton,8.2,4.5,76,3.3,27.1,53,0,0,0,0,0,0
2024-04-27,Aston Villa,5.6,2.0,87,2.8,18.7,51,0,0,0,0,0,0
2024-04-27,Everton,7.3,3.9,74,0.8,18.4,51,0,0,0,0,0,0
2024-04-27,Fulham,9.0,5.4,82,9.2,22.8,61,0,0,0,0,0,0
2024-04-27,Manchester United,7.2,3.6,74,0.2,18.8,51,0,0,0,0,0,0
2024-04-27,Newcastle United,4.9,1.9,81,1.3,16.2,51,0,0,0,0,0,0
2024-04-27,West Ham United,9.0,5.7,82,7.4,21.7,61,0,0,0,0,0,0
2024-04-27,Wolverhampton Wanderers,6.0,2.2,84,1.8,19.6,51,0,0,0,0,0,0
2024-04-28,Bournemouth,8.6,4.7,79,13.4,29.0,63,1,0,0,0,0,1
2024-04-28,Nottingham Forest,6.5,2.0,80,26.5,27.5,63,1,0,0,0,0,1
2024-04-28,Tottenham Hotspur,8.0,4.5,85,15.1,25.2,63,1,0,0,0,0,1
2024-05-02,Chelsea,13.8,12.1,83,3.3,22.4,55,0,0,0,0,0,0
2024-05-03,Luton Town,9.7,6.5,90,11.2,24.1,63,1,0,0,0,0,1
2024-05-04,Arsenal,11.1,9.3,80,0.9,13.4,51,0,0,0,0,0,0
2024-05-04,Brentford,11.3,9.7,79,1.5,12.0,55,0,0,0,0,0,0
2024-05-04,Burnley,10.2,8.4,95,4.3,17.0,53,0,0,0,0,0,0
2024-05-04,Manchester City,11.2,9.5,88,3.6,17.8,55,0,0,0,0,0,0
2024-05-04,Sheffield United,11.7,9.5,81,0.7,19.7,51,0,0,0,0,0,0
2024-05-05,Brighton,10.5,8.9,92,0.2,16.3,51,0,0,0,0,0,0
2024-05-05,Chelsea,11.5,10.0,82,0.3,17.8,51,0,0,0,0,0,0
2024-05-05,Liverpool,12.6,11.4,78,0.2,10.1,51,0,0,0,0,0,0
2024-05-06,Crystal Palace,11.4,10.0,92,11.1,15.0,61,1,0,0,0,0,1
2024-05-11,Bournemouth,15.6,14.1,74,0.0,18.5,3,0,0,0,0,0,0
2024-05-11,Everton,17.8,16.3,69,0.0,21.7,3,0,0,0,0,0,0
2024-05-11,Fulham,15.2,13.7,78,0.0,20.9,3,0,0,0,0,0,0
2024-05-11,Newcastle United,15.7,15.0,82,0.0,16.1,3,0,0,0,0,0,0
2024-05-11,Nottingham Forest,15.3,14.1,77,0.0,18.0,3,0,0,0,0,0,0
2024-05-11,Tottenham Hotspur,15.1,13.7,77,0.0,18.4,3,0,0,0,0,0,0
2024-05-11,West Ham United,15.1,13.8,78,0.0,19.8,3,0,0,0,0,0,0
2024-05-11,Wolverhampton Wanderers,16.5,15.1,70,0.0,17.7,3,0,0,0,0,0,0
2024-05-12,Manchester United,18.1,17.4,70,0.9,18.2,53,0,0,0,0,0,0
2024-05-13,Aston Villa,14.3,11.5,79,1.6,28.6,53,0,0,0,0,0,0
2024-05-14,Tottenham Hotspur,14.3,12.8,84,6.5,19.4,61,0,0,0,0,0,0
2024-05-15,Brighton,13.7,12.4,82,0.5,18.3,53,0,0,0,0,0,0
2024-05-15,Manchester United,15.1,14.1,81,2.6,14.1,61,0,0,0,0,0,0
2024-05-19,Arsenal,15.1,13.3,73,0.0,19.5,3,0,0,0,0,0,0
2024-05-19,Brentford,15.2,13.5,72,0.2,19.2,51,0,0,0,0,0,0
2024-05-19,Brighton,14.1,13.7,85,1.2,16.3,53,0,0,0,0,0,0
2024-05-19,Burnley,14.4,12.9,71,0.0,14.3,1,0,0,0,0,0,0
2024-05-19,Chelsea,15.2,13.5,72,0.2,19.3,51,0,0,0,0,0,0
2024-05-19,Crystal Palace,15.0,13.4,73,0.1,16.2,51,0,0,0,0,0,0
2024-05-19,Liverpool,15.9,15.2,72,0.0,17.3,1,0,0,0,0,0,0
2024-05-19,Luton Town,13.7,11.6,77,0.0,18.8,3,0,0,0,0,0,0
2024-05-19,Manchester City,16.0,14.2,63,0.0,16.9,1,0,0,0,0,0,0
2024-05-19,Sheffield United,13.8,12.1,75,0.0,16.5,1,0,0,0,0,0,0
